

Microchip MPLAB XC8 Assembler V2.41 build 20230208172133 
                                                                                               Wed Aug 26 23:32:50 2026

Microchip MPLAB XC8 C Compiler v2.41 (Free license) build 20230208172133 Og1 
     1                           	processor	16F18076
     2                           	pagewidth 120
     3                           	opt	flic
     4                           	psect	idataBANK1,global,class=CODE,delta=2,noexec
     5                           	psect	idataBANK2,global,class=CODE,delta=2,noexec
     6                           	psect	stringtext1,global,class=STRCODE,delta=2,noexec
     7                           	psect	stringtext2,global,class=STRCODE,delta=2,noexec
     8                           	psect	stringtext3,global,class=STRCODE,delta=2,noexec
     9                           	psect	stringtext4,global,class=STRCODE,delta=2,noexec
    10                           	psect	stringtext5,global,class=STRCODE,delta=2,noexec
    11                           	psect	stringtext6,global,class=STRCODE,delta=2,noexec
    12                           	psect	cinit,global,class=CODE,merge=1,delta=2
    13                           	psect	bssCOMMON,global,class=COMMON,space=1,delta=1,noexec
    14                           	psect	bssBANK0,global,class=BANK0,space=1,delta=1,noexec
    15                           	psect	bssBANK1,global,class=BANK1,space=1,delta=1,noexec
    16                           	psect	dataBANK1,global,class=BANK1,space=1,delta=1,noexec
    17                           	psect	bssBANK2,global,class=BANK2,space=1,delta=1,noexec
    18                           	psect	dataBANK2,global,class=BANK2,space=1,delta=1,noexec
    19                           	psect	bssBANK3,global,class=BANK3,space=1,delta=1,noexec
    20                           	psect	inittext,global,class=CODE,delta=2
    21                           	psect	clrtext,global,class=CODE,delta=2
    22                           	psect	cstackBANK2,global,class=BANK2,space=1,delta=1,noexec
    23                           	psect	cstackBANK1,global,class=BANK1,space=1,delta=1,noexec
    24                           	psect	cstackCOMMON,global,class=COMMON,space=1,delta=1,noexec
    25                           	psect	cstackBANK0,global,class=BANK0,space=1,delta=1,noexec
    26                           	psect	maintext,global,class=CODE,merge=1,split=1,delta=2
    27                           	psect	text1,local,class=CODE,merge=1,delta=2
    28                           	psect	text2,local,class=CODE,merge=1,delta=2,group=2
    29                           	psect	text3,local,class=CODE,merge=1,delta=2,group=2
    30                           	psect	text4,local,class=CODE,merge=1,delta=2,group=2
    31                           	psect	text5,local,class=CODE,merge=1,delta=2,group=2
    32                           	psect	text6,local,class=CODE,merge=1,delta=2,group=2
    33                           	psect	text7,local,class=CODE,merge=1,delta=2,group=2
    34                           	psect	text8,local,class=CODE,merge=1,delta=2,group=2
    35                           	psect	text9,local,class=CODE,merge=1,delta=2,group=1
    36                           	psect	text10,local,class=CODE,merge=1,delta=2
    37                           	psect	text11,local,class=CODE,merge=1,delta=2
    38                           	psect	text12,local,class=CODE,merge=1,delta=2
    39                           	psect	text13,local,class=CODE,merge=1,delta=2
    40                           	psect	text14,local,class=CODE,merge=1,delta=2
    41                           	psect	text15,local,class=CODE,merge=1,inline,delta=2
    42                           	psect	text16,local,class=CODE,merge=1,delta=2
    43                           	psect	text17,local,class=CODE,merge=1,delta=2
    44                           	psect	text18,local,class=CODE,merge=1,delta=2
    45                           	psect	text19,local,class=CODE,merge=1,delta=2
    46                           	psect	text20,local,class=CODE,merge=1,delta=2
    47                           	psect	text21,local,class=CODE,merge=1,delta=2
    48                           	psect	text22,local,class=CODE,merge=1,delta=2
    49                           	psect	text23,local,class=CODE,merge=1,delta=2
    50                           	psect	text24,local,class=CODE,merge=1,delta=2
    51                           	psect	text25,local,class=CODE,merge=1,delta=2
    52                           	psect	text26,local,class=CODE,merge=1,delta=2
    53                           	psect	text27,local,class=CODE,merge=1,delta=2
    54                           	psect	text28,local,class=CODE,merge=1,delta=2,group=2
    55                           	psect	text29,local,class=CODE,merge=1,delta=2
    56                           	psect	text30,local,class=CODE,merge=1,delta=2
    57                           	psect	text31,local,class=CODE,merge=1,delta=2
    58                           	psect	text32,local,class=CODE,merge=1,delta=2
    59                           	psect	text33,local,class=CODE,merge=1,delta=2
    60                           	psect	text34,local,class=CODE,merge=1,delta=2
    61                           	psect	text35,local,class=CODE,merge=1,delta=2
    62                           	psect	text36,local,class=CODE,merge=1,delta=2
    63                           	psect	text37,local,class=CODE,merge=1,delta=2
    64                           	psect	text38,local,class=CODE,merge=1,delta=2
    65                           	psect	text39,local,class=CODE,merge=1,delta=2
    66                           	psect	text40,local,class=CODE,merge=1,delta=2
    67                           	psect	text41,local,class=CODE,merge=1,delta=2,group=2
    68                           	psect	text42,local,class=CODE,merge=1,delta=2
    69                           	psect	text43,local,class=CODE,merge=1,delta=2
    70                           	psect	text44,local,class=CODE,merge=1,delta=2
    71                           	psect	text45,local,class=CODE,merge=1,delta=2
    72                           	psect	text46,local,class=CODE,merge=1,delta=2
    73                           	psect	text47,local,class=CODE,merge=1,delta=2
    74                           	psect	text48,local,class=CODE,merge=1,delta=2
    75                           	psect	text49,local,class=CODE,merge=1,delta=2
    76                           	psect	intentry,global,class=CODE,delta=2
    77                           	psect	text51,local,class=CODE,merge=1,delta=2
    78                           	psect	text52,local,class=CODE,merge=1,delta=2
    79                           	psect	text53,local,class=CODE,merge=1,delta=2
    80                           	psect	text54,local,class=CODE,merge=1,delta=2
    81                           	psect	text55,local,class=CODE,merge=1,delta=2
    82                           	psect	text56,local,class=CODE,merge=1,delta=2
    83                           	psect	text57,local,class=CODE,merge=1,delta=2
    84                           	psect	text58,local,class=CODE,merge=1,delta=2
    85                           	psect	text59,local,class=CODE,merge=1,delta=2
    86                           	psect	text60,local,class=CODE,merge=1,delta=2
    87                           	psect	text61,local,class=CODE,merge=1,delta=2
    88                           	psect	text62,local,class=CODE,merge=1,delta=2
    89                           	psect	text63,local,class=CODE,merge=1,delta=2
    90                           	psect	text64,local,class=CODE,merge=1,delta=2
    91                           	psect	text65,local,class=CODE,merge=1,delta=2
    92                           	psect	text66,local,class=CODE,merge=1,delta=2
    93                           	psect	text67,local,class=CODE,merge=1,delta=2
    94                           	psect	text68,local,class=CODE,merge=1,inline,delta=2
    95                           	psect	text69,local,class=CODE,merge=1,delta=2
    96                           	psect	text70,local,class=CODE,merge=1,inline,delta=2
    97                           	psect	text71,local,class=CODE,merge=1,inline,delta=2
    98                           	psect	text72,local,class=CODE,merge=1,inline,delta=2
    99                           	psect	text73,local,class=CODE,merge=1,delta=2
   100                           	psect	text74,local,class=CODE,merge=1,delta=2
   101                           	psect	text75,local,class=CODE,merge=1,inline,delta=2
   102                           	psect	text76,local,class=CODE,merge=1,inline,delta=2
   103                           	psect	text77,local,class=CODE,merge=1,delta=2
   104                           	psect	text78,local,class=CODE,merge=1,inline,delta=2
   105                           	psect	text79,local,class=CODE,merge=1,inline,delta=2
   106                           	psect	text80,local,class=CODE,merge=1,inline,delta=2
   107                           	psect	text81,local,class=CODE,merge=1,inline,delta=2
   108                           	psect	text82,local,class=CODE,merge=1,delta=2
   109                           	psect	config,global,abs,ovrld,class=CONFIG,space=4,delta=2,noexec
   110                           	dabs	1,0x7E,2
   111     0000                     
   112                           ; Generated 22/03/2023 GMT
   113                           ; 
   114                           ; Copyright © 2023, Microchip Technology Inc. and its subsidiaries ("Microchip")
   115                           ; All rights reserved.
   116                           ; 
   117                           ; This software is developed by Microchip Technology Inc. and its subsidiaries ("Microch
      +                          ip").
   118                           ; 
   119                           ; Redistribution and use in source and binary forms, with or without modification, are
   120                           ; permitted provided that the following conditions are met:
   121                           ; 
   122                           ;     1. Redistributions of source code must retain the above copyright notice, this lis
      +                          t of
   123                           ;        conditions and the following disclaimer.
   124                           ; 
   125                           ;     2. Redistributions in binary form must reproduce the above copyright notice, this 
      +                          list
   126                           ;        of conditions and the following disclaimer in the documentation and/or other
   127                           ;        materials provided with the distribution. Publication is not required when
   128                           ;        this file is used in an embedded application.
   129                           ; 
   130                           ;     3. Microchip's name may not be used to endorse or promote products derived from th
      +                          is
   131                           ;        software without specific prior written permission.
   132                           ; 
   133                           ; THIS SOFTWARE IS PROVIDED BY MICROCHIP "AS IS" AND ANY EXPRESS OR IMPLIED WARRANTIES,
   134                           ; INCLUDING, BUT NOT LIMITED TO, THE IMPLIED WARRANTIES OF MERCHANTABILITY AND FITNESS F
      +                          OR
   135                           ; PURPOSE ARE DISCLAIMED.  IN NO EVENT SHALL MICROCHIP BE LIABLE FOR ANY DIRECT, INDIREC
      +                          T,
   136                           ; INCIDENTAL, SPECIAL, EXEMPLARY, OR CONSEQUENTIAL DAMAGES (INCLUDING BUT NOT LIMITED TO
   137                           ; PROCUREMENT OF SUBSTITUTE GOODS OR SERVICES; LOSS OF USE, DATA OR PROFITS; OR BUSINESS
   138                           ; INTERRUPTION) HOWSOEVER CAUSED AND ON ANY THEORY OF LIABILITY, WHETHER IN CONTRACT, ST
      +                          RICT
   139                           ; LIABILITY, OR TORT (INCLUDING NEGLIGENCE OR OTHERWISE) ARISING IN ANY WAY OUT OF THE U
      +                          SE OF
   140                           ; THIS SOFTWARE, EVEN IF ADVISED OF THE POSSIBILITY OF SUCH DAMAGE.
   141                           ; 
   142                           ; 
   143                           ; Code-generator required, PIC16F18076 Definitions
   144                           ; 
   145                           ; SFR Addresses
   146     0000                     	;# 
   147     0001                     	;# 
   148     0002                     	;# 
   149     0003                     	;# 
   150     0004                     	;# 
   151     0005                     	;# 
   152     0006                     	;# 
   153     0007                     	;# 
   154     0008                     	;# 
   155     0009                     	;# 
   156     000A                     	;# 
   157     000B                     	;# 
   158     000C                     	;# 
   159     000D                     	;# 
   160     000E                     	;# 
   161     000F                     	;# 
   162     0010                     	;# 
   163     0012                     	;# 
   164     0013                     	;# 
   165     0014                     	;# 
   166     0015                     	;# 
   167     0016                     	;# 
   168     0018                     	;# 
   169     0019                     	;# 
   170     001A                     	;# 
   171     001B                     	;# 
   172     001C                     	;# 
   173     008C                     	;# 
   174     008D                     	;# 
   175     008E                     	;# 
   176     008F                     	;# 
   177     0090                     	;# 
   178     0096                     	;# 
   179     0097                     	;# 
   180     0098                     	;# 
   181     0099                     	;# 
   182     009A                     	;# 
   183     018C                     	;# 
   184     018D                     	;# 
   185     018E                     	;# 
   186     018F                     	;# 
   187     019C                     	;# 
   188     019C                     	;# 
   189     019D                     	;# 
   190     019D                     	;# 
   191     019E                     	;# 
   192     019F                     	;# 
   193     020E                     	;# 
   194     020F                     	;# 
   195     0210                     	;# 
   196     0211                     	;# 
   197     0212                     	;# 
   198     0213                     	;# 
   199     0214                     	;# 
   200     028C                     	;# 
   201     028C                     	;# 
   202     028D                     	;# 
   203     028E                     	;# 
   204     028F                     	;# 
   205     028F                     	;# 
   206     0290                     	;# 
   207     0290                     	;# 
   208     0291                     	;# 
   209     0291                     	;# 
   210     0292                     	;# 
   211     0292                     	;# 
   212     0293                     	;# 
   213     0294                     	;# 
   214     0295                     	;# 
   215     0295                     	;# 
   216     0296                     	;# 
   217     0296                     	;# 
   218     0297                     	;# 
   219     0297                     	;# 
   220     030C                     	;# 
   221     030C                     	;# 
   222     030D                     	;# 
   223     030D                     	;# 
   224     030E                     	;# 
   225     030F                     	;# 
   226     0310                     	;# 
   227     0310                     	;# 
   228     0311                     	;# 
   229     0312                     	;# 
   230     0312                     	;# 
   231     0313                     	;# 
   232     0313                     	;# 
   233     0314                     	;# 
   234     0315                     	;# 
   235     0316                     	;# 
   236     0316                     	;# 
   237     0317                     	;# 
   238     0318                     	;# 
   239     0318                     	;# 
   240     0319                     	;# 
   241     0319                     	;# 
   242     031A                     	;# 
   243     031B                     	;# 
   244     031C                     	;# 
   245     031C                     	;# 
   246     031D                     	;# 
   247     038C                     	;# 
   248     038C                     	;# 
   249     038D                     	;# 
   250     038E                     	;# 
   251     038F                     	;# 
   252     0390                     	;# 
   253     0390                     	;# 
   254     0391                     	;# 
   255     0392                     	;# 
   256     0393                     	;# 
   257     039F                     	;# 
   258     040C                     	;# 
   259     040C                     	;# 
   260     040D                     	;# 
   261     040E                     	;# 
   262     040F                     	;# 
   263     040F                     	;# 
   264     0410                     	;# 
   265     0411                     	;# 
   266     0412                     	;# 
   267     0412                     	;# 
   268     0413                     	;# 
   269     0414                     	;# 
   270     041F                     	;# 
   271     048C                     	;# 
   272     048C                     	;# 
   273     048D                     	;# 
   274     048E                     	;# 
   275     048F                     	;# 
   276     048F                     	;# 
   277     0490                     	;# 
   278     0491                     	;# 
   279     0492                     	;# 
   280     0493                     	;# 
   281     050C                     	;# 
   282     050C                     	;# 
   283     050D                     	;# 
   284     050D                     	;# 
   285     050E                     	;# 
   286     050F                     	;# 
   287     0510                     	;# 
   288     0511                     	;# 
   289     0512                     	;# 
   290     0513                     	;# 
   291     0514                     	;# 
   292     058C                     	;# 
   293     058D                     	;# 
   294     058E                     	;# 
   295     058F                     	;# 
   296     0590                     	;# 
   297     0591                     	;# 
   298     0592                     	;# 
   299     0593                     	;# 
   300     0594                     	;# 
   301     0595                     	;# 
   302     0596                     	;# 
   303     0597                     	;# 
   304     060C                     	;# 
   305     060D                     	;# 
   306     060E                     	;# 
   307     060E                     	;# 
   308     060F                     	;# 
   309     0610                     	;# 
   310     0611                     	;# 
   311     0612                     	;# 
   312     0616                     	;# 
   313     0617                     	;# 
   314     0618                     	;# 
   315     0618                     	;# 
   316     0619                     	;# 
   317     061A                     	;# 
   318     061B                     	;# 
   319     061C                     	;# 
   320     068C                     	;# 
   321     068D                     	;# 
   322     068E                     	;# 
   323     068F                     	;# 
   324     0690                     	;# 
   325     0691                     	;# 
   326     0692                     	;# 
   327     0696                     	;# 
   328     0697                     	;# 
   329     0698                     	;# 
   330     0699                     	;# 
   331     069A                     	;# 
   332     069B                     	;# 
   333     069C                     	;# 
   334     100C                     	;# 
   335     100D                     	;# 
   336     101F                     	;# 
   337     108C                     	;# 
   338     108D                     	;# 
   339     108E                     	;# 
   340     108F                     	;# 
   341     109F                     	;# 
   342     109F                     	;# 
   343     110C                     	;# 
   344     110D                     	;# 
   345     1C8C                     	;# 
   346     1C8C                     	;# 
   347     1C8D                     	;# 
   348     1C8E                     	;# 
   349     1C8E                     	;# 
   350     1C8F                     	;# 
   351     1C90                     	;# 
   352     1C91                     	;# 
   353     1D0C                     	;# 
   354     1D0C                     	;# 
   355     1D0D                     	;# 
   356     1D0E                     	;# 
   357     1D0E                     	;# 
   358     1D0F                     	;# 
   359     1D10                     	;# 
   360     1D10                     	;# 
   361     1D11                     	;# 
   362     1D12                     	;# 
   363     1D12                     	;# 
   364     1D13                     	;# 
   365     1D14                     	;# 
   366     1D14                     	;# 
   367     1D15                     	;# 
   368     1D16                     	;# 
   369     1D16                     	;# 
   370     1D17                     	;# 
   371     1D18                     	;# 
   372     1D19                     	;# 
   373     1D1A                     	;# 
   374     1D1B                     	;# 
   375     1D1B                     	;# 
   376     1D1C                     	;# 
   377     1D1D                     	;# 
   378     1D1D                     	;# 
   379     1D1E                     	;# 
   380     1D1F                     	;# 
   381     1D21                     	;# 
   382     1D21                     	;# 
   383     1D22                     	;# 
   384     1D23                     	;# 
   385     1D24                     	;# 
   386     1D24                     	;# 
   387     1D25                     	;# 
   388     1D26                     	;# 
   389     1D27                     	;# 
   390     1D28                     	;# 
   391     1D29                     	;# 
   392     1D2A                     	;# 
   393     1D2B                     	;# 
   394     1D2C                     	;# 
   395     1D2D                     	;# 
   396     1D2E                     	;# 
   397     1D2F                     	;# 
   398     1D30                     	;# 
   399     1D31                     	;# 
   400     1D32                     	;# 
   401     1D8C                     	;# 
   402     1D8D                     	;# 
   403     1D8E                     	;# 
   404     1D8F                     	;# 
   405     1D90                     	;# 
   406     1D91                     	;# 
   407     1D92                     	;# 
   408     1D93                     	;# 
   409     1D94                     	;# 
   410     1D95                     	;# 
   411     1D96                     	;# 
   412     1D97                     	;# 
   413     1D98                     	;# 
   414     1D99                     	;# 
   415     1D9A                     	;# 
   416     1D9B                     	;# 
   417     1D9C                     	;# 
   418     1D9D                     	;# 
   419     1D9E                     	;# 
   420     1D9F                     	;# 
   421     1DA0                     	;# 
   422     1DA1                     	;# 
   423     1DA2                     	;# 
   424     1DA3                     	;# 
   425     1DA4                     	;# 
   426     1DA5                     	;# 
   427     1DA6                     	;# 
   428     1DA7                     	;# 
   429     1DA8                     	;# 
   430     1DA9                     	;# 
   431     1DAA                     	;# 
   432     1DAB                     	;# 
   433     1DAC                     	;# 
   434     1DAD                     	;# 
   435     1DAE                     	;# 
   436     1E0C                     	;# 
   437     1E0D                     	;# 
   438     1E0E                     	;# 
   439     1E0F                     	;# 
   440     1E10                     	;# 
   441     1E11                     	;# 
   442     1E12                     	;# 
   443     1E19                     	;# 
   444     1E1A                     	;# 
   445     1E1B                     	;# 
   446     1E1E                     	;# 
   447     1E1F                     	;# 
   448     1E39                     	;# 
   449     1E3D                     	;# 
   450     1E3E                     	;# 
   451     1E3F                     	;# 
   452     1E40                     	;# 
   453     1E41                     	;# 
   454     1E41                     	;# 
   455     1E42                     	;# 
   456     1E42                     	;# 
   457     1E43                     	;# 
   458     1E43                     	;# 
   459     1E44                     	;# 
   460     1E44                     	;# 
   461     1E47                     	;# 
   462     1E48                     	;# 
   463     1E49                     	;# 
   464     1E4A                     	;# 
   465     1E4B                     	;# 
   466     1E4C                     	;# 
   467     1E50                     	;# 
   468     1E8C                     	;# 
   469     1E8D                     	;# 
   470     1E8E                     	;# 
   471     1E8F                     	;# 
   472     1E90                     	;# 
   473     1E91                     	;# 
   474     1E92                     	;# 
   475     1E93                     	;# 
   476     1E96                     	;# 
   477     1E97                     	;# 
   478     1E98                     	;# 
   479     1E99                     	;# 
   480     1E9A                     	;# 
   481     1E9B                     	;# 
   482     1E9C                     	;# 
   483     1E9D                     	;# 
   484     1EA0                     	;# 
   485     1EA1                     	;# 
   486     1EA2                     	;# 
   487     1EA3                     	;# 
   488     1EA4                     	;# 
   489     1EA5                     	;# 
   490     1EA6                     	;# 
   491     1EA7                     	;# 
   492     1EAA                     	;# 
   493     1EAB                     	;# 
   494     1EAC                     	;# 
   495     1EAD                     	;# 
   496     1EAE                     	;# 
   497     1EB4                     	;# 
   498     1EB5                     	;# 
   499     1EB6                     	;# 
   500     1EB7                     	;# 
   501     1EB8                     	;# 
   502     1EB9                     	;# 
   503     1EBA                     	;# 
   504     1EBB                     	;# 
   505     1EE3                     	;# 
   506     1EE4                     	;# 
   507     1EEB                     	;# 
   508     1EEC                     	;# 
   509     1EEE                     	;# 
   510     1EEF                     	;# 
   511     1F0C                     	;# 
   512     1F0D                     	;# 
   513     1F0E                     	;# 
   514     1FE4                     	;# 
   515     1FE5                     	;# 
   516     1FE6                     	;# 
   517     1FE7                     	;# 
   518     1FE8                     	;# 
   519     1FE8                     	;# 
   520     1FE9                     	;# 
   521     1FEA                     	;# 
   522     1FEA                     	;# 
   523     1FEB                     	;# 
   524     1FED                     	;# 
   525     1FEE                     	;# 
   526     1FEF                     	;# 
   527     0000                     	;# 
   528     0001                     	;# 
   529     0002                     	;# 
   530     0003                     	;# 
   531     0004                     	;# 
   532     0005                     	;# 
   533     0006                     	;# 
   534     0007                     	;# 
   535     0008                     	;# 
   536     0009                     	;# 
   537     000A                     	;# 
   538     000B                     	;# 
   539     000C                     	;# 
   540     000D                     	;# 
   541     000E                     	;# 
   542     000F                     	;# 
   543     0010                     	;# 
   544     0012                     	;# 
   545     0013                     	;# 
   546     0014                     	;# 
   547     0015                     	;# 
   548     0016                     	;# 
   549     0018                     	;# 
   550     0019                     	;# 
   551     001A                     	;# 
   552     001B                     	;# 
   553     001C                     	;# 
   554     008C                     	;# 
   555     008D                     	;# 
   556     008E                     	;# 
   557     008F                     	;# 
   558     0090                     	;# 
   559     0096                     	;# 
   560     0097                     	;# 
   561     0098                     	;# 
   562     0099                     	;# 
   563     009A                     	;# 
   564     018C                     	;# 
   565     018D                     	;# 
   566     018E                     	;# 
   567     018F                     	;# 
   568     019C                     	;# 
   569     019C                     	;# 
   570     019D                     	;# 
   571     019D                     	;# 
   572     019E                     	;# 
   573     019F                     	;# 
   574     020E                     	;# 
   575     020F                     	;# 
   576     0210                     	;# 
   577     0211                     	;# 
   578     0212                     	;# 
   579     0213                     	;# 
   580     0214                     	;# 
   581     028C                     	;# 
   582     028C                     	;# 
   583     028D                     	;# 
   584     028E                     	;# 
   585     028F                     	;# 
   586     028F                     	;# 
   587     0290                     	;# 
   588     0290                     	;# 
   589     0291                     	;# 
   590     0291                     	;# 
   591     0292                     	;# 
   592     0292                     	;# 
   593     0293                     	;# 
   594     0294                     	;# 
   595     0295                     	;# 
   596     0295                     	;# 
   597     0296                     	;# 
   598     0296                     	;# 
   599     0297                     	;# 
   600     0297                     	;# 
   601     030C                     	;# 
   602     030C                     	;# 
   603     030D                     	;# 
   604     030D                     	;# 
   605     030E                     	;# 
   606     030F                     	;# 
   607     0310                     	;# 
   608     0310                     	;# 
   609     0311                     	;# 
   610     0312                     	;# 
   611     0312                     	;# 
   612     0313                     	;# 
   613     0313                     	;# 
   614     0314                     	;# 
   615     0315                     	;# 
   616     0316                     	;# 
   617     0316                     	;# 
   618     0317                     	;# 
   619     0318                     	;# 
   620     0318                     	;# 
   621     0319                     	;# 
   622     0319                     	;# 
   623     031A                     	;# 
   624     031B                     	;# 
   625     031C                     	;# 
   626     031C                     	;# 
   627     031D                     	;# 
   628     038C                     	;# 
   629     038C                     	;# 
   630     038D                     	;# 
   631     038E                     	;# 
   632     038F                     	;# 
   633     0390                     	;# 
   634     0390                     	;# 
   635     0391                     	;# 
   636     0392                     	;# 
   637     0393                     	;# 
   638     039F                     	;# 
   639     040C                     	;# 
   640     040C                     	;# 
   641     040D                     	;# 
   642     040E                     	;# 
   643     040F                     	;# 
   644     040F                     	;# 
   645     0410                     	;# 
   646     0411                     	;# 
   647     0412                     	;# 
   648     0412                     	;# 
   649     0413                     	;# 
   650     0414                     	;# 
   651     041F                     	;# 
   652     048C                     	;# 
   653     048C                     	;# 
   654     048D                     	;# 
   655     048E                     	;# 
   656     048F                     	;# 
   657     048F                     	;# 
   658     0490                     	;# 
   659     0491                     	;# 
   660     0492                     	;# 
   661     0493                     	;# 
   662     050C                     	;# 
   663     050C                     	;# 
   664     050D                     	;# 
   665     050D                     	;# 
   666     050E                     	;# 
   667     050F                     	;# 
   668     0510                     	;# 
   669     0511                     	;# 
   670     0512                     	;# 
   671     0513                     	;# 
   672     0514                     	;# 
   673     058C                     	;# 
   674     058D                     	;# 
   675     058E                     	;# 
   676     058F                     	;# 
   677     0590                     	;# 
   678     0591                     	;# 
   679     0592                     	;# 
   680     0593                     	;# 
   681     0594                     	;# 
   682     0595                     	;# 
   683     0596                     	;# 
   684     0597                     	;# 
   685     060C                     	;# 
   686     060D                     	;# 
   687     060E                     	;# 
   688     060E                     	;# 
   689     060F                     	;# 
   690     0610                     	;# 
   691     0611                     	;# 
   692     0612                     	;# 
   693     0616                     	;# 
   694     0617                     	;# 
   695     0618                     	;# 
   696     0618                     	;# 
   697     0619                     	;# 
   698     061A                     	;# 
   699     061B                     	;# 
   700     061C                     	;# 
   701     068C                     	;# 
   702     068D                     	;# 
   703     068E                     	;# 
   704     068F                     	;# 
   705     0690                     	;# 
   706     0691                     	;# 
   707     0692                     	;# 
   708     0696                     	;# 
   709     0697                     	;# 
   710     0698                     	;# 
   711     0699                     	;# 
   712     069A                     	;# 
   713     069B                     	;# 
   714     069C                     	;# 
   715     100C                     	;# 
   716     100D                     	;# 
   717     101F                     	;# 
   718     108C                     	;# 
   719     108D                     	;# 
   720     108E                     	;# 
   721     108F                     	;# 
   722     109F                     	;# 
   723     109F                     	;# 
   724     110C                     	;# 
   725     110D                     	;# 
   726     1C8C                     	;# 
   727     1C8C                     	;# 
   728     1C8D                     	;# 
   729     1C8E                     	;# 
   730     1C8E                     	;# 
   731     1C8F                     	;# 
   732     1C90                     	;# 
   733     1C91                     	;# 
   734     1D0C                     	;# 
   735     1D0C                     	;# 
   736     1D0D                     	;# 
   737     1D0E                     	;# 
   738     1D0E                     	;# 
   739     1D0F                     	;# 
   740     1D10                     	;# 
   741     1D10                     	;# 
   742     1D11                     	;# 
   743     1D12                     	;# 
   744     1D12                     	;# 
   745     1D13                     	;# 
   746     1D14                     	;# 
   747     1D14                     	;# 
   748     1D15                     	;# 
   749     1D16                     	;# 
   750     1D16                     	;# 
   751     1D17                     	;# 
   752     1D18                     	;# 
   753     1D19                     	;# 
   754     1D1A                     	;# 
   755     1D1B                     	;# 
   756     1D1B                     	;# 
   757     1D1C                     	;# 
   758     1D1D                     	;# 
   759     1D1D                     	;# 
   760     1D1E                     	;# 
   761     1D1F                     	;# 
   762     1D21                     	;# 
   763     1D21                     	;# 
   764     1D22                     	;# 
   765     1D23                     	;# 
   766     1D24                     	;# 
   767     1D24                     	;# 
   768     1D25                     	;# 
   769     1D26                     	;# 
   770     1D27                     	;# 
   771     1D28                     	;# 
   772     1D29                     	;# 
   773     1D2A                     	;# 
   774     1D2B                     	;# 
   775     1D2C                     	;# 
   776     1D2D                     	;# 
   777     1D2E                     	;# 
   778     1D2F                     	;# 
   779     1D30                     	;# 
   780     1D31                     	;# 
   781     1D32                     	;# 
   782     1D8C                     	;# 
   783     1D8D                     	;# 
   784     1D8E                     	;# 
   785     1D8F                     	;# 
   786     1D90                     	;# 
   787     1D91                     	;# 
   788     1D92                     	;# 
   789     1D93                     	;# 
   790     1D94                     	;# 
   791     1D95                     	;# 
   792     1D96                     	;# 
   793     1D97                     	;# 
   794     1D98                     	;# 
   795     1D99                     	;# 
   796     1D9A                     	;# 
   797     1D9B                     	;# 
   798     1D9C                     	;# 
   799     1D9D                     	;# 
   800     1D9E                     	;# 
   801     1D9F                     	;# 
   802     1DA0                     	;# 
   803     1DA1                     	;# 
   804     1DA2                     	;# 
   805     1DA3                     	;# 
   806     1DA4                     	;# 
   807     1DA5                     	;# 
   808     1DA6                     	;# 
   809     1DA7                     	;# 
   810     1DA8                     	;# 
   811     1DA9                     	;# 
   812     1DAA                     	;# 
   813     1DAB                     	;# 
   814     1DAC                     	;# 
   815     1DAD                     	;# 
   816     1DAE                     	;# 
   817     1E0C                     	;# 
   818     1E0D                     	;# 
   819     1E0E                     	;# 
   820     1E0F                     	;# 
   821     1E10                     	;# 
   822     1E11                     	;# 
   823     1E12                     	;# 
   824     1E19                     	;# 
   825     1E1A                     	;# 
   826     1E1B                     	;# 
   827     1E1E                     	;# 
   828     1E1F                     	;# 
   829     1E39                     	;# 
   830     1E3D                     	;# 
   831     1E3E                     	;# 
   832     1E3F                     	;# 
   833     1E40                     	;# 
   834     1E41                     	;# 
   835     1E41                     	;# 
   836     1E42                     	;# 
   837     1E42                     	;# 
   838     1E43                     	;# 
   839     1E43                     	;# 
   840     1E44                     	;# 
   841     1E44                     	;# 
   842     1E47                     	;# 
   843     1E48                     	;# 
   844     1E49                     	;# 
   845     1E4A                     	;# 
   846     1E4B                     	;# 
   847     1E4C                     	;# 
   848     1E50                     	;# 
   849     1E8C                     	;# 
   850     1E8D                     	;# 
   851     1E8E                     	;# 
   852     1E8F                     	;# 
   853     1E90                     	;# 
   854     1E91                     	;# 
   855     1E92                     	;# 
   856     1E93                     	;# 
   857     1E96                     	;# 
   858     1E97                     	;# 
   859     1E98                     	;# 
   860     1E99                     	;# 
   861     1E9A                     	;# 
   862     1E9B                     	;# 
   863     1E9C                     	;# 
   864     1E9D                     	;# 
   865     1EA0                     	;# 
   866     1EA1                     	;# 
   867     1EA2                     	;# 
   868     1EA3                     	;# 
   869     1EA4                     	;# 
   870     1EA5                     	;# 
   871     1EA6                     	;# 
   872     1EA7                     	;# 
   873     1EAA                     	;# 
   874     1EAB                     	;# 
   875     1EAC                     	;# 
   876     1EAD                     	;# 
   877     1EAE                     	;# 
   878     1EB4                     	;# 
   879     1EB5                     	;# 
   880     1EB6                     	;# 
   881     1EB7                     	;# 
   882     1EB8                     	;# 
   883     1EB9                     	;# 
   884     1EBA                     	;# 
   885     1EBB                     	;# 
   886     1EE3                     	;# 
   887     1EE4                     	;# 
   888     1EEB                     	;# 
   889     1EEC                     	;# 
   890     1EEE                     	;# 
   891     1EEF                     	;# 
   892     1F0C                     	;# 
   893     1F0D                     	;# 
   894     1F0E                     	;# 
   895     1FE4                     	;# 
   896     1FE5                     	;# 
   897     1FE6                     	;# 
   898     1FE7                     	;# 
   899     1FE8                     	;# 
   900     1FE8                     	;# 
   901     1FE9                     	;# 
   902     1FEA                     	;# 
   903     1FEA                     	;# 
   904     1FEB                     	;# 
   905     1FED                     	;# 
   906     1FEE                     	;# 
   907     1FEF                     	;# 
   908     0000                     	;# 
   909     0001                     	;# 
   910     0002                     	;# 
   911     0003                     	;# 
   912     0004                     	;# 
   913     0005                     	;# 
   914     0006                     	;# 
   915     0007                     	;# 
   916     0008                     	;# 
   917     0009                     	;# 
   918     000A                     	;# 
   919     000B                     	;# 
   920     000C                     	;# 
   921     000D                     	;# 
   922     000E                     	;# 
   923     000F                     	;# 
   924     0010                     	;# 
   925     0012                     	;# 
   926     0013                     	;# 
   927     0014                     	;# 
   928     0015                     	;# 
   929     0016                     	;# 
   930     0018                     	;# 
   931     0019                     	;# 
   932     001A                     	;# 
   933     001B                     	;# 
   934     001C                     	;# 
   935     008C                     	;# 
   936     008D                     	;# 
   937     008E                     	;# 
   938     008F                     	;# 
   939     0090                     	;# 
   940     0096                     	;# 
   941     0097                     	;# 
   942     0098                     	;# 
   943     0099                     	;# 
   944     009A                     	;# 
   945     018C                     	;# 
   946     018D                     	;# 
   947     018E                     	;# 
   948     018F                     	;# 
   949     019C                     	;# 
   950     019C                     	;# 
   951     019D                     	;# 
   952     019D                     	;# 
   953     019E                     	;# 
   954     019F                     	;# 
   955     020E                     	;# 
   956     020F                     	;# 
   957     0210                     	;# 
   958     0211                     	;# 
   959     0212                     	;# 
   960     0213                     	;# 
   961     0214                     	;# 
   962     028C                     	;# 
   963     028C                     	;# 
   964     028D                     	;# 
   965     028E                     	;# 
   966     028F                     	;# 
   967     028F                     	;# 
   968     0290                     	;# 
   969     0290                     	;# 
   970     0291                     	;# 
   971     0291                     	;# 
   972     0292                     	;# 
   973     0292                     	;# 
   974     0293                     	;# 
   975     0294                     	;# 
   976     0295                     	;# 
   977     0295                     	;# 
   978     0296                     	;# 
   979     0296                     	;# 
   980     0297                     	;# 
   981     0297                     	;# 
   982     030C                     	;# 
   983     030C                     	;# 
   984     030D                     	;# 
   985     030D                     	;# 
   986     030E                     	;# 
   987     030F                     	;# 
   988     0310                     	;# 
   989     0310                     	;# 
   990     0311                     	;# 
   991     0312                     	;# 
   992     0312                     	;# 
   993     0313                     	;# 
   994     0313                     	;# 
   995     0314                     	;# 
   996     0315                     	;# 
   997     0316                     	;# 
   998     0316                     	;# 
   999     0317                     	;# 
  1000     0318                     	;# 
  1001     0318                     	;# 
  1002     0319                     	;# 
  1003     0319                     	;# 
  1004     031A                     	;# 
  1005     031B                     	;# 
  1006     031C                     	;# 
  1007     031C                     	;# 
  1008     031D                     	;# 
  1009     038C                     	;# 
  1010     038C                     	;# 
  1011     038D                     	;# 
  1012     038E                     	;# 
  1013     038F                     	;# 
  1014     0390                     	;# 
  1015     0390                     	;# 
  1016     0391                     	;# 
  1017     0392                     	;# 
  1018     0393                     	;# 
  1019     039F                     	;# 
  1020     040C                     	;# 
  1021     040C                     	;# 
  1022     040D                     	;# 
  1023     040E                     	;# 
  1024     040F                     	;# 
  1025     040F                     	;# 
  1026     0410                     	;# 
  1027     0411                     	;# 
  1028     0412                     	;# 
  1029     0412                     	;# 
  1030     0413                     	;# 
  1031     0414                     	;# 
  1032     041F                     	;# 
  1033     048C                     	;# 
  1034     048C                     	;# 
  1035     048D                     	;# 
  1036     048E                     	;# 
  1037     048F                     	;# 
  1038     048F                     	;# 
  1039     0490                     	;# 
  1040     0491                     	;# 
  1041     0492                     	;# 
  1042     0493                     	;# 
  1043     050C                     	;# 
  1044     050C                     	;# 
  1045     050D                     	;# 
  1046     050D                     	;# 
  1047     050E                     	;# 
  1048     050F                     	;# 
  1049     0510                     	;# 
  1050     0511                     	;# 
  1051     0512                     	;# 
  1052     0513                     	;# 
  1053     0514                     	;# 
  1054     058C                     	;# 
  1055     058D                     	;# 
  1056     058E                     	;# 
  1057     058F                     	;# 
  1058     0590                     	;# 
  1059     0591                     	;# 
  1060     0592                     	;# 
  1061     0593                     	;# 
  1062     0594                     	;# 
  1063     0595                     	;# 
  1064     0596                     	;# 
  1065     0597                     	;# 
  1066     060C                     	;# 
  1067     060D                     	;# 
  1068     060E                     	;# 
  1069     060E                     	;# 
  1070     060F                     	;# 
  1071     0610                     	;# 
  1072     0611                     	;# 
  1073     0612                     	;# 
  1074     0616                     	;# 
  1075     0617                     	;# 
  1076     0618                     	;# 
  1077     0618                     	;# 
  1078     0619                     	;# 
  1079     061A                     	;# 
  1080     061B                     	;# 
  1081     061C                     	;# 
  1082     068C                     	;# 
  1083     068D                     	;# 
  1084     068E                     	;# 
  1085     068F                     	;# 
  1086     0690                     	;# 
  1087     0691                     	;# 
  1088     0692                     	;# 
  1089     0696                     	;# 
  1090     0697                     	;# 
  1091     0698                     	;# 
  1092     0699                     	;# 
  1093     069A                     	;# 
  1094     069B                     	;# 
  1095     069C                     	;# 
  1096     100C                     	;# 
  1097     100D                     	;# 
  1098     101F                     	;# 
  1099     108C                     	;# 
  1100     108D                     	;# 
  1101     108E                     	;# 
  1102     108F                     	;# 
  1103     109F                     	;# 
  1104     109F                     	;# 
  1105     110C                     	;# 
  1106     110D                     	;# 
  1107     1C8C                     	;# 
  1108     1C8C                     	;# 
  1109     1C8D                     	;# 
  1110     1C8E                     	;# 
  1111     1C8E                     	;# 
  1112     1C8F                     	;# 
  1113     1C90                     	;# 
  1114     1C91                     	;# 
  1115     1D0C                     	;# 
  1116     1D0C                     	;# 
  1117     1D0D                     	;# 
  1118     1D0E                     	;# 
  1119     1D0E                     	;# 
  1120     1D0F                     	;# 
  1121     1D10                     	;# 
  1122     1D10                     	;# 
  1123     1D11                     	;# 
  1124     1D12                     	;# 
  1125     1D12                     	;# 
  1126     1D13                     	;# 
  1127     1D14                     	;# 
  1128     1D14                     	;# 
  1129     1D15                     	;# 
  1130     1D16                     	;# 
  1131     1D16                     	;# 
  1132     1D17                     	;# 
  1133     1D18                     	;# 
  1134     1D19                     	;# 
  1135     1D1A                     	;# 
  1136     1D1B                     	;# 
  1137     1D1B                     	;# 
  1138     1D1C                     	;# 
  1139     1D1D                     	;# 
  1140     1D1D                     	;# 
  1141     1D1E                     	;# 
  1142     1D1F                     	;# 
  1143     1D21                     	;# 
  1144     1D21                     	;# 
  1145     1D22                     	;# 
  1146     1D23                     	;# 
  1147     1D24                     	;# 
  1148     1D24                     	;# 
  1149     1D25                     	;# 
  1150     1D26                     	;# 
  1151     1D27                     	;# 
  1152     1D28                     	;# 
  1153     1D29                     	;# 
  1154     1D2A                     	;# 
  1155     1D2B                     	;# 
  1156     1D2C                     	;# 
  1157     1D2D                     	;# 
  1158     1D2E                     	;# 
  1159     1D2F                     	;# 
  1160     1D30                     	;# 
  1161     1D31                     	;# 
  1162     1D32                     	;# 
  1163     1D8C                     	;# 
  1164     1D8D                     	;# 
  1165     1D8E                     	;# 
  1166     1D8F                     	;# 
  1167     1D90                     	;# 
  1168     1D91                     	;# 
  1169     1D92                     	;# 
  1170     1D93                     	;# 
  1171     1D94                     	;# 
  1172     1D95                     	;# 
  1173     1D96                     	;# 
  1174     1D97                     	;# 
  1175     1D98                     	;# 
  1176     1D99                     	;# 
  1177     1D9A                     	;# 
  1178     1D9B                     	;# 
  1179     1D9C                     	;# 
  1180     1D9D                     	;# 
  1181     1D9E                     	;# 
  1182     1D9F                     	;# 
  1183     1DA0                     	;# 
  1184     1DA1                     	;# 
  1185     1DA2                     	;# 
  1186     1DA3                     	;# 
  1187     1DA4                     	;# 
  1188     1DA5                     	;# 
  1189     1DA6                     	;# 
  1190     1DA7                     	;# 
  1191     1DA8                     	;# 
  1192     1DA9                     	;# 
  1193     1DAA                     	;# 
  1194     1DAB                     	;# 
  1195     1DAC                     	;# 
  1196     1DAD                     	;# 
  1197     1DAE                     	;# 
  1198     1E0C                     	;# 
  1199     1E0D                     	;# 
  1200     1E0E                     	;# 
  1201     1E0F                     	;# 
  1202     1E10                     	;# 
  1203     1E11                     	;# 
  1204     1E12                     	;# 
  1205     1E19                     	;# 
  1206     1E1A                     	;# 
  1207     1E1B                     	;# 
  1208     1E1E                     	;# 
  1209     1E1F                     	;# 
  1210     1E39                     	;# 
  1211     1E3D                     	;# 
  1212     1E3E                     	;# 
  1213     1E3F                     	;# 
  1214     1E40                     	;# 
  1215     1E41                     	;# 
  1216     1E41                     	;# 
  1217     1E42                     	;# 
  1218     1E42                     	;# 
  1219     1E43                     	;# 
  1220     1E43                     	;# 
  1221     1E44                     	;# 
  1222     1E44                     	;# 
  1223     1E47                     	;# 
  1224     1E48                     	;# 
  1225     1E49                     	;# 
  1226     1E4A                     	;# 
  1227     1E4B                     	;# 
  1228     1E4C                     	;# 
  1229     1E50                     	;# 
  1230     1E8C                     	;# 
  1231     1E8D                     	;# 
  1232     1E8E                     	;# 
  1233     1E8F                     	;# 
  1234     1E90                     	;# 
  1235     1E91                     	;# 
  1236     1E92                     	;# 
  1237     1E93                     	;# 
  1238     1E96                     	;# 
  1239     1E97                     	;# 
  1240     1E98                     	;# 
  1241     1E99                     	;# 
  1242     1E9A                     	;# 
  1243     1E9B                     	;# 
  1244     1E9C                     	;# 
  1245     1E9D                     	;# 
  1246     1EA0                     	;# 
  1247     1EA1                     	;# 
  1248     1EA2                     	;# 
  1249     1EA3                     	;# 
  1250     1EA4                     	;# 
  1251     1EA5                     	;# 
  1252     1EA6                     	;# 
  1253     1EA7                     	;# 
  1254     1EAA                     	;# 
  1255     1EAB                     	;# 
  1256     1EAC                     	;# 
  1257     1EAD                     	;# 
  1258     1EAE                     	;# 
  1259     1EB4                     	;# 
  1260     1EB5                     	;# 
  1261     1EB6                     	;# 
  1262     1EB7                     	;# 
  1263     1EB8                     	;# 
  1264     1EB9                     	;# 
  1265     1EBA                     	;# 
  1266     1EBB                     	;# 
  1267     1EE3                     	;# 
  1268     1EE4                     	;# 
  1269     1EEB                     	;# 
  1270     1EEC                     	;# 
  1271     1EEE                     	;# 
  1272     1EEF                     	;# 
  1273     1F0C                     	;# 
  1274     1F0D                     	;# 
  1275     1F0E                     	;# 
  1276     1FE4                     	;# 
  1277     1FE5                     	;# 
  1278     1FE6                     	;# 
  1279     1FE7                     	;# 
  1280     1FE8                     	;# 
  1281     1FE8                     	;# 
  1282     1FE9                     	;# 
  1283     1FEA                     	;# 
  1284     1FEA                     	;# 
  1285     1FEB                     	;# 
  1286     1FED                     	;# 
  1287     1FEE                     	;# 
  1288     1FEF                     	;# 
  1289     0000                     	;# 
  1290     0001                     	;# 
  1291     0002                     	;# 
  1292     0003                     	;# 
  1293     0004                     	;# 
  1294     0005                     	;# 
  1295     0006                     	;# 
  1296     0007                     	;# 
  1297     0008                     	;# 
  1298     0009                     	;# 
  1299     000A                     	;# 
  1300     000B                     	;# 
  1301     000C                     	;# 
  1302     000D                     	;# 
  1303     000E                     	;# 
  1304     000F                     	;# 
  1305     0010                     	;# 
  1306     0012                     	;# 
  1307     0013                     	;# 
  1308     0014                     	;# 
  1309     0015                     	;# 
  1310     0016                     	;# 
  1311     0018                     	;# 
  1312     0019                     	;# 
  1313     001A                     	;# 
  1314     001B                     	;# 
  1315     001C                     	;# 
  1316     008C                     	;# 
  1317     008D                     	;# 
  1318     008E                     	;# 
  1319     008F                     	;# 
  1320     0090                     	;# 
  1321     0096                     	;# 
  1322     0097                     	;# 
  1323     0098                     	;# 
  1324     0099                     	;# 
  1325     009A                     	;# 
  1326     018C                     	;# 
  1327     018D                     	;# 
  1328     018E                     	;# 
  1329     018F                     	;# 
  1330     019C                     	;# 
  1331     019C                     	;# 
  1332     019D                     	;# 
  1333     019D                     	;# 
  1334     019E                     	;# 
  1335     019F                     	;# 
  1336     020E                     	;# 
  1337     020F                     	;# 
  1338     0210                     	;# 
  1339     0211                     	;# 
  1340     0212                     	;# 
  1341     0213                     	;# 
  1342     0214                     	;# 
  1343     028C                     	;# 
  1344     028C                     	;# 
  1345     028D                     	;# 
  1346     028E                     	;# 
  1347     028F                     	;# 
  1348     028F                     	;# 
  1349     0290                     	;# 
  1350     0290                     	;# 
  1351     0291                     	;# 
  1352     0291                     	;# 
  1353     0292                     	;# 
  1354     0292                     	;# 
  1355     0293                     	;# 
  1356     0294                     	;# 
  1357     0295                     	;# 
  1358     0295                     	;# 
  1359     0296                     	;# 
  1360     0296                     	;# 
  1361     0297                     	;# 
  1362     0297                     	;# 
  1363     030C                     	;# 
  1364     030C                     	;# 
  1365     030D                     	;# 
  1366     030D                     	;# 
  1367     030E                     	;# 
  1368     030F                     	;# 
  1369     0310                     	;# 
  1370     0310                     	;# 
  1371     0311                     	;# 
  1372     0312                     	;# 
  1373     0312                     	;# 
  1374     0313                     	;# 
  1375     0313                     	;# 
  1376     0314                     	;# 
  1377     0315                     	;# 
  1378     0316                     	;# 
  1379     0316                     	;# 
  1380     0317                     	;# 
  1381     0318                     	;# 
  1382     0318                     	;# 
  1383     0319                     	;# 
  1384     0319                     	;# 
  1385     031A                     	;# 
  1386     031B                     	;# 
  1387     031C                     	;# 
  1388     031C                     	;# 
  1389     031D                     	;# 
  1390     038C                     	;# 
  1391     038C                     	;# 
  1392     038D                     	;# 
  1393     038E                     	;# 
  1394     038F                     	;# 
  1395     0390                     	;# 
  1396     0390                     	;# 
  1397     0391                     	;# 
  1398     0392                     	;# 
  1399     0393                     	;# 
  1400     039F                     	;# 
  1401     040C                     	;# 
  1402     040C                     	;# 
  1403     040D                     	;# 
  1404     040E                     	;# 
  1405     040F                     	;# 
  1406     040F                     	;# 
  1407     0410                     	;# 
  1408     0411                     	;# 
  1409     0412                     	;# 
  1410     0412                     	;# 
  1411     0413                     	;# 
  1412     0414                     	;# 
  1413     041F                     	;# 
  1414     048C                     	;# 
  1415     048C                     	;# 
  1416     048D                     	;# 
  1417     048E                     	;# 
  1418     048F                     	;# 
  1419     048F                     	;# 
  1420     0490                     	;# 
  1421     0491                     	;# 
  1422     0492                     	;# 
  1423     0493                     	;# 
  1424     050C                     	;# 
  1425     050C                     	;# 
  1426     050D                     	;# 
  1427     050D                     	;# 
  1428     050E                     	;# 
  1429     050F                     	;# 
  1430     0510                     	;# 
  1431     0511                     	;# 
  1432     0512                     	;# 
  1433     0513                     	;# 
  1434     0514                     	;# 
  1435     058C                     	;# 
  1436     058D                     	;# 
  1437     058E                     	;# 
  1438     058F                     	;# 
  1439     0590                     	;# 
  1440     0591                     	;# 
  1441     0592                     	;# 
  1442     0593                     	;# 
  1443     0594                     	;# 
  1444     0595                     	;# 
  1445     0596                     	;# 
  1446     0597                     	;# 
  1447     060C                     	;# 
  1448     060D                     	;# 
  1449     060E                     	;# 
  1450     060E                     	;# 
  1451     060F                     	;# 
  1452     0610                     	;# 
  1453     0611                     	;# 
  1454     0612                     	;# 
  1455     0616                     	;# 
  1456     0617                     	;# 
  1457     0618                     	;# 
  1458     0618                     	;# 
  1459     0619                     	;# 
  1460     061A                     	;# 
  1461     061B                     	;# 
  1462     061C                     	;# 
  1463     068C                     	;# 
  1464     068D                     	;# 
  1465     068E                     	;# 
  1466     068F                     	;# 
  1467     0690                     	;# 
  1468     0691                     	;# 
  1469     0692                     	;# 
  1470     0696                     	;# 
  1471     0697                     	;# 
  1472     0698                     	;# 
  1473     0699                     	;# 
  1474     069A                     	;# 
  1475     069B                     	;# 
  1476     069C                     	;# 
  1477     100C                     	;# 
  1478     100D                     	;# 
  1479     101F                     	;# 
  1480     108C                     	;# 
  1481     108D                     	;# 
  1482     108E                     	;# 
  1483     108F                     	;# 
  1484     109F                     	;# 
  1485     109F                     	;# 
  1486     110C                     	;# 
  1487     110D                     	;# 
  1488     1C8C                     	;# 
  1489     1C8C                     	;# 
  1490     1C8D                     	;# 
  1491     1C8E                     	;# 
  1492     1C8E                     	;# 
  1493     1C8F                     	;# 
  1494     1C90                     	;# 
  1495     1C91                     	;# 
  1496     1D0C                     	;# 
  1497     1D0C                     	;# 
  1498     1D0D                     	;# 
  1499     1D0E                     	;# 
  1500     1D0E                     	;# 
  1501     1D0F                     	;# 
  1502     1D10                     	;# 
  1503     1D10                     	;# 
  1504     1D11                     	;# 
  1505     1D12                     	;# 
  1506     1D12                     	;# 
  1507     1D13                     	;# 
  1508     1D14                     	;# 
  1509     1D14                     	;# 
  1510     1D15                     	;# 
  1511     1D16                     	;# 
  1512     1D16                     	;# 
  1513     1D17                     	;# 
  1514     1D18                     	;# 
  1515     1D19                     	;# 
  1516     1D1A                     	;# 
  1517     1D1B                     	;# 
  1518     1D1B                     	;# 
  1519     1D1C                     	;# 
  1520     1D1D                     	;# 
  1521     1D1D                     	;# 
  1522     1D1E                     	;# 
  1523     1D1F                     	;# 
  1524     1D21                     	;# 
  1525     1D21                     	;# 
  1526     1D22                     	;# 
  1527     1D23                     	;# 
  1528     1D24                     	;# 
  1529     1D24                     	;# 
  1530     1D25                     	;# 
  1531     1D26                     	;# 
  1532     1D27                     	;# 
  1533     1D28                     	;# 
  1534     1D29                     	;# 
  1535     1D2A                     	;# 
  1536     1D2B                     	;# 
  1537     1D2C                     	;# 
  1538     1D2D                     	;# 
  1539     1D2E                     	;# 
  1540     1D2F                     	;# 
  1541     1D30                     	;# 
  1542     1D31                     	;# 
  1543     1D32                     	;# 
  1544     1D8C                     	;# 
  1545     1D8D                     	;# 
  1546     1D8E                     	;# 
  1547     1D8F                     	;# 
  1548     1D90                     	;# 
  1549     1D91                     	;# 
  1550     1D92                     	;# 
  1551     1D93                     	;# 
  1552     1D94                     	;# 
  1553     1D95                     	;# 
  1554     1D96                     	;# 
  1555     1D97                     	;# 
  1556     1D98                     	;# 
  1557     1D99                     	;# 
  1558     1D9A                     	;# 
  1559     1D9B                     	;# 
  1560     1D9C                     	;# 
  1561     1D9D                     	;# 
  1562     1D9E                     	;# 
  1563     1D9F                     	;# 
  1564     1DA0                     	;# 
  1565     1DA1                     	;# 
  1566     1DA2                     	;# 
  1567     1DA3                     	;# 
  1568     1DA4                     	;# 
  1569     1DA5                     	;# 
  1570     1DA6                     	;# 
  1571     1DA7                     	;# 
  1572     1DA8                     	;# 
  1573     1DA9                     	;# 
  1574     1DAA                     	;# 
  1575     1DAB                     	;# 
  1576     1DAC                     	;# 
  1577     1DAD                     	;# 
  1578     1DAE                     	;# 
  1579     1E0C                     	;# 
  1580     1E0D                     	;# 
  1581     1E0E                     	;# 
  1582     1E0F                     	;# 
  1583     1E10                     	;# 
  1584     1E11                     	;# 
  1585     1E12                     	;# 
  1586     1E19                     	;# 
  1587     1E1A                     	;# 
  1588     1E1B                     	;# 
  1589     1E1E                     	;# 
  1590     1E1F                     	;# 
  1591     1E39                     	;# 
  1592     1E3D                     	;# 
  1593     1E3E                     	;# 
  1594     1E3F                     	;# 
  1595     1E40                     	;# 
  1596     1E41                     	;# 
  1597     1E41                     	;# 
  1598     1E42                     	;# 
  1599     1E42                     	;# 
  1600     1E43                     	;# 
  1601     1E43                     	;# 
  1602     1E44                     	;# 
  1603     1E44                     	;# 
  1604     1E47                     	;# 
  1605     1E48                     	;# 
  1606     1E49                     	;# 
  1607     1E4A                     	;# 
  1608     1E4B                     	;# 
  1609     1E4C                     	;# 
  1610     1E50                     	;# 
  1611     1E8C                     	;# 
  1612     1E8D                     	;# 
  1613     1E8E                     	;# 
  1614     1E8F                     	;# 
  1615     1E90                     	;# 
  1616     1E91                     	;# 
  1617     1E92                     	;# 
  1618     1E93                     	;# 
  1619     1E96                     	;# 
  1620     1E97                     	;# 
  1621     1E98                     	;# 
  1622     1E99                     	;# 
  1623     1E9A                     	;# 
  1624     1E9B                     	;# 
  1625     1E9C                     	;# 
  1626     1E9D                     	;# 
  1627     1EA0                     	;# 
  1628     1EA1                     	;# 
  1629     1EA2                     	;# 
  1630     1EA3                     	;# 
  1631     1EA4                     	;# 
  1632     1EA5                     	;# 
  1633     1EA6                     	;# 
  1634     1EA7                     	;# 
  1635     1EAA                     	;# 
  1636     1EAB                     	;# 
  1637     1EAC                     	;# 
  1638     1EAD                     	;# 
  1639     1EAE                     	;# 
  1640     1EB4                     	;# 
  1641     1EB5                     	;# 
  1642     1EB6                     	;# 
  1643     1EB7                     	;# 
  1644     1EB8                     	;# 
  1645     1EB9                     	;# 
  1646     1EBA                     	;# 
  1647     1EBB                     	;# 
  1648     1EE3                     	;# 
  1649     1EE4                     	;# 
  1650     1EEB                     	;# 
  1651     1EEC                     	;# 
  1652     1EEE                     	;# 
  1653     1EEF                     	;# 
  1654     1F0C                     	;# 
  1655     1F0D                     	;# 
  1656     1F0E                     	;# 
  1657     1FE4                     	;# 
  1658     1FE5                     	;# 
  1659     1FE6                     	;# 
  1660     1FE7                     	;# 
  1661     1FE8                     	;# 
  1662     1FE8                     	;# 
  1663     1FE9                     	;# 
  1664     1FEA                     	;# 
  1665     1FEA                     	;# 
  1666     1FEB                     	;# 
  1667     1FED                     	;# 
  1668     1FEE                     	;# 
  1669     1FEF                     	;# 
  1670     0000                     	;# 
  1671     0001                     	;# 
  1672     0002                     	;# 
  1673     0003                     	;# 
  1674     0004                     	;# 
  1675     0005                     	;# 
  1676     0006                     	;# 
  1677     0007                     	;# 
  1678     0008                     	;# 
  1679     0009                     	;# 
  1680     000A                     	;# 
  1681     000B                     	;# 
  1682     000C                     	;# 
  1683     000D                     	;# 
  1684     000E                     	;# 
  1685     000F                     	;# 
  1686     0010                     	;# 
  1687     0012                     	;# 
  1688     0013                     	;# 
  1689     0014                     	;# 
  1690     0015                     	;# 
  1691     0016                     	;# 
  1692     0018                     	;# 
  1693     0019                     	;# 
  1694     001A                     	;# 
  1695     001B                     	;# 
  1696     001C                     	;# 
  1697     008C                     	;# 
  1698     008D                     	;# 
  1699     008E                     	;# 
  1700     008F                     	;# 
  1701     0090                     	;# 
  1702     0096                     	;# 
  1703     0097                     	;# 
  1704     0098                     	;# 
  1705     0099                     	;# 
  1706     009A                     	;# 
  1707     018C                     	;# 
  1708     018D                     	;# 
  1709     018E                     	;# 
  1710     018F                     	;# 
  1711     019C                     	;# 
  1712     019C                     	;# 
  1713     019D                     	;# 
  1714     019D                     	;# 
  1715     019E                     	;# 
  1716     019F                     	;# 
  1717     020E                     	;# 
  1718     020F                     	;# 
  1719     0210                     	;# 
  1720     0211                     	;# 
  1721     0212                     	;# 
  1722     0213                     	;# 
  1723     0214                     	;# 
  1724     028C                     	;# 
  1725     028C                     	;# 
  1726     028D                     	;# 
  1727     028E                     	;# 
  1728     028F                     	;# 
  1729     028F                     	;# 
  1730     0290                     	;# 
  1731     0290                     	;# 
  1732     0291                     	;# 
  1733     0291                     	;# 
  1734     0292                     	;# 
  1735     0292                     	;# 
  1736     0293                     	;# 
  1737     0294                     	;# 
  1738     0295                     	;# 
  1739     0295                     	;# 
  1740     0296                     	;# 
  1741     0296                     	;# 
  1742     0297                     	;# 
  1743     0297                     	;# 
  1744     030C                     	;# 
  1745     030C                     	;# 
  1746     030D                     	;# 
  1747     030D                     	;# 
  1748     030E                     	;# 
  1749     030F                     	;# 
  1750     0310                     	;# 
  1751     0310                     	;# 
  1752     0311                     	;# 
  1753     0312                     	;# 
  1754     0312                     	;# 
  1755     0313                     	;# 
  1756     0313                     	;# 
  1757     0314                     	;# 
  1758     0315                     	;# 
  1759     0316                     	;# 
  1760     0316                     	;# 
  1761     0317                     	;# 
  1762     0318                     	;# 
  1763     0318                     	;# 
  1764     0319                     	;# 
  1765     0319                     	;# 
  1766     031A                     	;# 
  1767     031B                     	;# 
  1768     031C                     	;# 
  1769     031C                     	;# 
  1770     031D                     	;# 
  1771     038C                     	;# 
  1772     038C                     	;# 
  1773     038D                     	;# 
  1774     038E                     	;# 
  1775     038F                     	;# 
  1776     0390                     	;# 
  1777     0390                     	;# 
  1778     0391                     	;# 
  1779     0392                     	;# 
  1780     0393                     	;# 
  1781     039F                     	;# 
  1782     040C                     	;# 
  1783     040C                     	;# 
  1784     040D                     	;# 
  1785     040E                     	;# 
  1786     040F                     	;# 
  1787     040F                     	;# 
  1788     0410                     	;# 
  1789     0411                     	;# 
  1790     0412                     	;# 
  1791     0412                     	;# 
  1792     0413                     	;# 
  1793     0414                     	;# 
  1794     041F                     	;# 
  1795     048C                     	;# 
  1796     048C                     	;# 
  1797     048D                     	;# 
  1798     048E                     	;# 
  1799     048F                     	;# 
  1800     048F                     	;# 
  1801     0490                     	;# 
  1802     0491                     	;# 
  1803     0492                     	;# 
  1804     0493                     	;# 
  1805     050C                     	;# 
  1806     050C                     	;# 
  1807     050D                     	;# 
  1808     050D                     	;# 
  1809     050E                     	;# 
  1810     050F                     	;# 
  1811     0510                     	;# 
  1812     0511                     	;# 
  1813     0512                     	;# 
  1814     0513                     	;# 
  1815     0514                     	;# 
  1816     058C                     	;# 
  1817     058D                     	;# 
  1818     058E                     	;# 
  1819     058F                     	;# 
  1820     0590                     	;# 
  1821     0591                     	;# 
  1822     0592                     	;# 
  1823     0593                     	;# 
  1824     0594                     	;# 
  1825     0595                     	;# 
  1826     0596                     	;# 
  1827     0597                     	;# 
  1828     060C                     	;# 
  1829     060D                     	;# 
  1830     060E                     	;# 
  1831     060E                     	;# 
  1832     060F                     	;# 
  1833     0610                     	;# 
  1834     0611                     	;# 
  1835     0612                     	;# 
  1836     0616                     	;# 
  1837     0617                     	;# 
  1838     0618                     	;# 
  1839     0618                     	;# 
  1840     0619                     	;# 
  1841     061A                     	;# 
  1842     061B                     	;# 
  1843     061C                     	;# 
  1844     068C                     	;# 
  1845     068D                     	;# 
  1846     068E                     	;# 
  1847     068F                     	;# 
  1848     0690                     	;# 
  1849     0691                     	;# 
  1850     0692                     	;# 
  1851     0696                     	;# 
  1852     0697                     	;# 
  1853     0698                     	;# 
  1854     0699                     	;# 
  1855     069A                     	;# 
  1856     069B                     	;# 
  1857     069C                     	;# 
  1858     100C                     	;# 
  1859     100D                     	;# 
  1860     101F                     	;# 
  1861     108C                     	;# 
  1862     108D                     	;# 
  1863     108E                     	;# 
  1864     108F                     	;# 
  1865     109F                     	;# 
  1866     109F                     	;# 
  1867     110C                     	;# 
  1868     110D                     	;# 
  1869     1C8C                     	;# 
  1870     1C8C                     	;# 
  1871     1C8D                     	;# 
  1872     1C8E                     	;# 
  1873     1C8E                     	;# 
  1874     1C8F                     	;# 
  1875     1C90                     	;# 
  1876     1C91                     	;# 
  1877     1D0C                     	;# 
  1878     1D0C                     	;# 
  1879     1D0D                     	;# 
  1880     1D0E                     	;# 
  1881     1D0E                     	;# 
  1882     1D0F                     	;# 
  1883     1D10                     	;# 
  1884     1D10                     	;# 
  1885     1D11                     	;# 
  1886     1D12                     	;# 
  1887     1D12                     	;# 
  1888     1D13                     	;# 
  1889     1D14                     	;# 
  1890     1D14                     	;# 
  1891     1D15                     	;# 
  1892     1D16                     	;# 
  1893     1D16                     	;# 
  1894     1D17                     	;# 
  1895     1D18                     	;# 
  1896     1D19                     	;# 
  1897     1D1A                     	;# 
  1898     1D1B                     	;# 
  1899     1D1B                     	;# 
  1900     1D1C                     	;# 
  1901     1D1D                     	;# 
  1902     1D1D                     	;# 
  1903     1D1E                     	;# 
  1904     1D1F                     	;# 
  1905     1D21                     	;# 
  1906     1D21                     	;# 
  1907     1D22                     	;# 
  1908     1D23                     	;# 
  1909     1D24                     	;# 
  1910     1D24                     	;# 
  1911     1D25                     	;# 
  1912     1D26                     	;# 
  1913     1D27                     	;# 
  1914     1D28                     	;# 
  1915     1D29                     	;# 
  1916     1D2A                     	;# 
  1917     1D2B                     	;# 
  1918     1D2C                     	;# 
  1919     1D2D                     	;# 
  1920     1D2E                     	;# 
  1921     1D2F                     	;# 
  1922     1D30                     	;# 
  1923     1D31                     	;# 
  1924     1D32                     	;# 
  1925     1D8C                     	;# 
  1926     1D8D                     	;# 
  1927     1D8E                     	;# 
  1928     1D8F                     	;# 
  1929     1D90                     	;# 
  1930     1D91                     	;# 
  1931     1D92                     	;# 
  1932     1D93                     	;# 
  1933     1D94                     	;# 
  1934     1D95                     	;# 
  1935     1D96                     	;# 
  1936     1D97                     	;# 
  1937     1D98                     	;# 
  1938     1D99                     	;# 
  1939     1D9A                     	;# 
  1940     1D9B                     	;# 
  1941     1D9C                     	;# 
  1942     1D9D                     	;# 
  1943     1D9E                     	;# 
  1944     1D9F                     	;# 
  1945     1DA0                     	;# 
  1946     1DA1                     	;# 
  1947     1DA2                     	;# 
  1948     1DA3                     	;# 
  1949     1DA4                     	;# 
  1950     1DA5                     	;# 
  1951     1DA6                     	;# 
  1952     1DA7                     	;# 
  1953     1DA8                     	;# 
  1954     1DA9                     	;# 
  1955     1DAA                     	;# 
  1956     1DAB                     	;# 
  1957     1DAC                     	;# 
  1958     1DAD                     	;# 
  1959     1DAE                     	;# 
  1960     1E0C                     	;# 
  1961     1E0D                     	;# 
  1962     1E0E                     	;# 
  1963     1E0F                     	;# 
  1964     1E10                     	;# 
  1965     1E11                     	;# 
  1966     1E12                     	;# 
  1967     1E19                     	;# 
  1968     1E1A                     	;# 
  1969     1E1B                     	;# 
  1970     1E1E                     	;# 
  1971     1E1F                     	;# 
  1972     1E39                     	;# 
  1973     1E3D                     	;# 
  1974     1E3E                     	;# 
  1975     1E3F                     	;# 
  1976     1E40                     	;# 
  1977     1E41                     	;# 
  1978     1E41                     	;# 
  1979     1E42                     	;# 
  1980     1E42                     	;# 
  1981     1E43                     	;# 
  1982     1E43                     	;# 
  1983     1E44                     	;# 
  1984     1E44                     	;# 
  1985     1E47                     	;# 
  1986     1E48                     	;# 
  1987     1E49                     	;# 
  1988     1E4A                     	;# 
  1989     1E4B                     	;# 
  1990     1E4C                     	;# 
  1991     1E50                     	;# 
  1992     1E8C                     	;# 
  1993     1E8D                     	;# 
  1994     1E8E                     	;# 
  1995     1E8F                     	;# 
  1996     1E90                     	;# 
  1997     1E91                     	;# 
  1998     1E92                     	;# 
  1999     1E93                     	;# 
  2000     1E96                     	;# 
  2001     1E97                     	;# 
  2002     1E98                     	;# 
  2003     1E99                     	;# 
  2004     1E9A                     	;# 
  2005     1E9B                     	;# 
  2006     1E9C                     	;# 
  2007     1E9D                     	;# 
  2008     1EA0                     	;# 
  2009     1EA1                     	;# 
  2010     1EA2                     	;# 
  2011     1EA3                     	;# 
  2012     1EA4                     	;# 
  2013     1EA5                     	;# 
  2014     1EA6                     	;# 
  2015     1EA7                     	;# 
  2016     1EAA                     	;# 
  2017     1EAB                     	;# 
  2018     1EAC                     	;# 
  2019     1EAD                     	;# 
  2020     1EAE                     	;# 
  2021     1EB4                     	;# 
  2022     1EB5                     	;# 
  2023     1EB6                     	;# 
  2024     1EB7                     	;# 
  2025     1EB8                     	;# 
  2026     1EB9                     	;# 
  2027     1EBA                     	;# 
  2028     1EBB                     	;# 
  2029     1EE3                     	;# 
  2030     1EE4                     	;# 
  2031     1EEB                     	;# 
  2032     1EEC                     	;# 
  2033     1EEE                     	;# 
  2034     1EEF                     	;# 
  2035     1F0C                     	;# 
  2036     1F0D                     	;# 
  2037     1F0E                     	;# 
  2038     1FE4                     	;# 
  2039     1FE5                     	;# 
  2040     1FE6                     	;# 
  2041     1FE7                     	;# 
  2042     1FE8                     	;# 
  2043     1FE8                     	;# 
  2044     1FE9                     	;# 
  2045     1FEA                     	;# 
  2046     1FEA                     	;# 
  2047     1FEB                     	;# 
  2048     1FED                     	;# 
  2049     1FEE                     	;# 
  2050     1FEF                     	;# 
  2051     0000                     	;# 
  2052     0001                     	;# 
  2053     0002                     	;# 
  2054     0003                     	;# 
  2055     0004                     	;# 
  2056     0005                     	;# 
  2057     0006                     	;# 
  2058     0007                     	;# 
  2059     0008                     	;# 
  2060     0009                     	;# 
  2061     000A                     	;# 
  2062     000B                     	;# 
  2063     000C                     	;# 
  2064     000D                     	;# 
  2065     000E                     	;# 
  2066     000F                     	;# 
  2067     0010                     	;# 
  2068     0012                     	;# 
  2069     0013                     	;# 
  2070     0014                     	;# 
  2071     0015                     	;# 
  2072     0016                     	;# 
  2073     0018                     	;# 
  2074     0019                     	;# 
  2075     001A                     	;# 
  2076     001B                     	;# 
  2077     001C                     	;# 
  2078     008C                     	;# 
  2079     008D                     	;# 
  2080     008E                     	;# 
  2081     008F                     	;# 
  2082     0090                     	;# 
  2083     0096                     	;# 
  2084     0097                     	;# 
  2085     0098                     	;# 
  2086     0099                     	;# 
  2087     009A                     	;# 
  2088     018C                     	;# 
  2089     018D                     	;# 
  2090     018E                     	;# 
  2091     018F                     	;# 
  2092     019C                     	;# 
  2093     019C                     	;# 
  2094     019D                     	;# 
  2095     019D                     	;# 
  2096     019E                     	;# 
  2097     019F                     	;# 
  2098     020E                     	;# 
  2099     020F                     	;# 
  2100     0210                     	;# 
  2101     0211                     	;# 
  2102     0212                     	;# 
  2103     0213                     	;# 
  2104     0214                     	;# 
  2105     028C                     	;# 
  2106     028C                     	;# 
  2107     028D                     	;# 
  2108     028E                     	;# 
  2109     028F                     	;# 
  2110     028F                     	;# 
  2111     0290                     	;# 
  2112     0290                     	;# 
  2113     0291                     	;# 
  2114     0291                     	;# 
  2115     0292                     	;# 
  2116     0292                     	;# 
  2117     0293                     	;# 
  2118     0294                     	;# 
  2119     0295                     	;# 
  2120     0295                     	;# 
  2121     0296                     	;# 
  2122     0296                     	;# 
  2123     0297                     	;# 
  2124     0297                     	;# 
  2125     030C                     	;# 
  2126     030C                     	;# 
  2127     030D                     	;# 
  2128     030D                     	;# 
  2129     030E                     	;# 
  2130     030F                     	;# 
  2131     0310                     	;# 
  2132     0310                     	;# 
  2133     0311                     	;# 
  2134     0312                     	;# 
  2135     0312                     	;# 
  2136     0313                     	;# 
  2137     0313                     	;# 
  2138     0314                     	;# 
  2139     0315                     	;# 
  2140     0316                     	;# 
  2141     0316                     	;# 
  2142     0317                     	;# 
  2143     0318                     	;# 
  2144     0318                     	;# 
  2145     0319                     	;# 
  2146     0319                     	;# 
  2147     031A                     	;# 
  2148     031B                     	;# 
  2149     031C                     	;# 
  2150     031C                     	;# 
  2151     031D                     	;# 
  2152     038C                     	;# 
  2153     038C                     	;# 
  2154     038D                     	;# 
  2155     038E                     	;# 
  2156     038F                     	;# 
  2157     0390                     	;# 
  2158     0390                     	;# 
  2159     0391                     	;# 
  2160     0392                     	;# 
  2161     0393                     	;# 
  2162     039F                     	;# 
  2163     040C                     	;# 
  2164     040C                     	;# 
  2165     040D                     	;# 
  2166     040E                     	;# 
  2167     040F                     	;# 
  2168     040F                     	;# 
  2169     0410                     	;# 
  2170     0411                     	;# 
  2171     0412                     	;# 
  2172     0412                     	;# 
  2173     0413                     	;# 
  2174     0414                     	;# 
  2175     041F                     	;# 
  2176     048C                     	;# 
  2177     048C                     	;# 
  2178     048D                     	;# 
  2179     048E                     	;# 
  2180     048F                     	;# 
  2181     048F                     	;# 
  2182     0490                     	;# 
  2183     0491                     	;# 
  2184     0492                     	;# 
  2185     0493                     	;# 
  2186     050C                     	;# 
  2187     050C                     	;# 
  2188     050D                     	;# 
  2189     050D                     	;# 
  2190     050E                     	;# 
  2191     050F                     	;# 
  2192     0510                     	;# 
  2193     0511                     	;# 
  2194     0512                     	;# 
  2195     0513                     	;# 
  2196     0514                     	;# 
  2197     058C                     	;# 
  2198     058D                     	;# 
  2199     058E                     	;# 
  2200     058F                     	;# 
  2201     0590                     	;# 
  2202     0591                     	;# 
  2203     0592                     	;# 
  2204     0593                     	;# 
  2205     0594                     	;# 
  2206     0595                     	;# 
  2207     0596                     	;# 
  2208     0597                     	;# 
  2209     060C                     	;# 
  2210     060D                     	;# 
  2211     060E                     	;# 
  2212     060E                     	;# 
  2213     060F                     	;# 
  2214     0610                     	;# 
  2215     0611                     	;# 
  2216     0612                     	;# 
  2217     0616                     	;# 
  2218     0617                     	;# 
  2219     0618                     	;# 
  2220     0618                     	;# 
  2221     0619                     	;# 
  2222     061A                     	;# 
  2223     061B                     	;# 
  2224     061C                     	;# 
  2225     068C                     	;# 
  2226     068D                     	;# 
  2227     068E                     	;# 
  2228     068F                     	;# 
  2229     0690                     	;# 
  2230     0691                     	;# 
  2231     0692                     	;# 
  2232     0696                     	;# 
  2233     0697                     	;# 
  2234     0698                     	;# 
  2235     0699                     	;# 
  2236     069A                     	;# 
  2237     069B                     	;# 
  2238     069C                     	;# 
  2239     100C                     	;# 
  2240     100D                     	;# 
  2241     101F                     	;# 
  2242     108C                     	;# 
  2243     108D                     	;# 
  2244     108E                     	;# 
  2245     108F                     	;# 
  2246     109F                     	;# 
  2247     109F                     	;# 
  2248     110C                     	;# 
  2249     110D                     	;# 
  2250     1C8C                     	;# 
  2251     1C8C                     	;# 
  2252     1C8D                     	;# 
  2253     1C8E                     	;# 
  2254     1C8E                     	;# 
  2255     1C8F                     	;# 
  2256     1C90                     	;# 
  2257     1C91                     	;# 
  2258     1D0C                     	;# 
  2259     1D0C                     	;# 
  2260     1D0D                     	;# 
  2261     1D0E                     	;# 
  2262     1D0E                     	;# 
  2263     1D0F                     	;# 
  2264     1D10                     	;# 
  2265     1D10                     	;# 
  2266     1D11                     	;# 
  2267     1D12                     	;# 
  2268     1D12                     	;# 
  2269     1D13                     	;# 
  2270     1D14                     	;# 
  2271     1D14                     	;# 
  2272     1D15                     	;# 
  2273     1D16                     	;# 
  2274     1D16                     	;# 
  2275     1D17                     	;# 
  2276     1D18                     	;# 
  2277     1D19                     	;# 
  2278     1D1A                     	;# 
  2279     1D1B                     	;# 
  2280     1D1B                     	;# 
  2281     1D1C                     	;# 
  2282     1D1D                     	;# 
  2283     1D1D                     	;# 
  2284     1D1E                     	;# 
  2285     1D1F                     	;# 
  2286     1D21                     	;# 
  2287     1D21                     	;# 
  2288     1D22                     	;# 
  2289     1D23                     	;# 
  2290     1D24                     	;# 
  2291     1D24                     	;# 
  2292     1D25                     	;# 
  2293     1D26                     	;# 
  2294     1D27                     	;# 
  2295     1D28                     	;# 
  2296     1D29                     	;# 
  2297     1D2A                     	;# 
  2298     1D2B                     	;# 
  2299     1D2C                     	;# 
  2300     1D2D                     	;# 
  2301     1D2E                     	;# 
  2302     1D2F                     	;# 
  2303     1D30                     	;# 
  2304     1D31                     	;# 
  2305     1D32                     	;# 
  2306     1D8C                     	;# 
  2307     1D8D                     	;# 
  2308     1D8E                     	;# 
  2309     1D8F                     	;# 
  2310     1D90                     	;# 
  2311     1D91                     	;# 
  2312     1D92                     	;# 
  2313     1D93                     	;# 
  2314     1D94                     	;# 
  2315     1D95                     	;# 
  2316     1D96                     	;# 
  2317     1D97                     	;# 
  2318     1D98                     	;# 
  2319     1D99                     	;# 
  2320     1D9A                     	;# 
  2321     1D9B                     	;# 
  2322     1D9C                     	;# 
  2323     1D9D                     	;# 
  2324     1D9E                     	;# 
  2325     1D9F                     	;# 
  2326     1DA0                     	;# 
  2327     1DA1                     	;# 
  2328     1DA2                     	;# 
  2329     1DA3                     	;# 
  2330     1DA4                     	;# 
  2331     1DA5                     	;# 
  2332     1DA6                     	;# 
  2333     1DA7                     	;# 
  2334     1DA8                     	;# 
  2335     1DA9                     	;# 
  2336     1DAA                     	;# 
  2337     1DAB                     	;# 
  2338     1DAC                     	;# 
  2339     1DAD                     	;# 
  2340     1DAE                     	;# 
  2341     1E0C                     	;# 
  2342     1E0D                     	;# 
  2343     1E0E                     	;# 
  2344     1E0F                     	;# 
  2345     1E10                     	;# 
  2346     1E11                     	;# 
  2347     1E12                     	;# 
  2348     1E19                     	;# 
  2349     1E1A                     	;# 
  2350     1E1B                     	;# 
  2351     1E1E                     	;# 
  2352     1E1F                     	;# 
  2353     1E39                     	;# 
  2354     1E3D                     	;# 
  2355     1E3E                     	;# 
  2356     1E3F                     	;# 
  2357     1E40                     	;# 
  2358     1E41                     	;# 
  2359     1E41                     	;# 
  2360     1E42                     	;# 
  2361     1E42                     	;# 
  2362     1E43                     	;# 
  2363     1E43                     	;# 
  2364     1E44                     	;# 
  2365     1E44                     	;# 
  2366     1E47                     	;# 
  2367     1E48                     	;# 
  2368     1E49                     	;# 
  2369     1E4A                     	;# 
  2370     1E4B                     	;# 
  2371     1E4C                     	;# 
  2372     1E50                     	;# 
  2373     1E8C                     	;# 
  2374     1E8D                     	;# 
  2375     1E8E                     	;# 
  2376     1E8F                     	;# 
  2377     1E90                     	;# 
  2378     1E91                     	;# 
  2379     1E92                     	;# 
  2380     1E93                     	;# 
  2381     1E96                     	;# 
  2382     1E97                     	;# 
  2383     1E98                     	;# 
  2384     1E99                     	;# 
  2385     1E9A                     	;# 
  2386     1E9B                     	;# 
  2387     1E9C                     	;# 
  2388     1E9D                     	;# 
  2389     1EA0                     	;# 
  2390     1EA1                     	;# 
  2391     1EA2                     	;# 
  2392     1EA3                     	;# 
  2393     1EA4                     	;# 
  2394     1EA5                     	;# 
  2395     1EA6                     	;# 
  2396     1EA7                     	;# 
  2397     1EAA                     	;# 
  2398     1EAB                     	;# 
  2399     1EAC                     	;# 
  2400     1EAD                     	;# 
  2401     1EAE                     	;# 
  2402     1EB4                     	;# 
  2403     1EB5                     	;# 
  2404     1EB6                     	;# 
  2405     1EB7                     	;# 
  2406     1EB8                     	;# 
  2407     1EB9                     	;# 
  2408     1EBA                     	;# 
  2409     1EBB                     	;# 
  2410     1EE3                     	;# 
  2411     1EE4                     	;# 
  2412     1EEB                     	;# 
  2413     1EEC                     	;# 
  2414     1EEE                     	;# 
  2415     1EEF                     	;# 
  2416     1F0C                     	;# 
  2417     1F0D                     	;# 
  2418     1F0E                     	;# 
  2419     1FE4                     	;# 
  2420     1FE5                     	;# 
  2421     1FE6                     	;# 
  2422     1FE7                     	;# 
  2423     1FE8                     	;# 
  2424     1FE8                     	;# 
  2425     1FE9                     	;# 
  2426     1FEA                     	;# 
  2427     1FEA                     	;# 
  2428     1FEB                     	;# 
  2429     1FED                     	;# 
  2430     1FEE                     	;# 
  2431     1FEF                     	;# 
  2432     0000                     	;# 
  2433     0001                     	;# 
  2434     0002                     	;# 
  2435     0003                     	;# 
  2436     0004                     	;# 
  2437     0005                     	;# 
  2438     0006                     	;# 
  2439     0007                     	;# 
  2440     0008                     	;# 
  2441     0009                     	;# 
  2442     000A                     	;# 
  2443     000B                     	;# 
  2444     000C                     	;# 
  2445     000D                     	;# 
  2446     000E                     	;# 
  2447     000F                     	;# 
  2448     0010                     	;# 
  2449     0012                     	;# 
  2450     0013                     	;# 
  2451     0014                     	;# 
  2452     0015                     	;# 
  2453     0016                     	;# 
  2454     0018                     	;# 
  2455     0019                     	;# 
  2456     001A                     	;# 
  2457     001B                     	;# 
  2458     001C                     	;# 
  2459     008C                     	;# 
  2460     008D                     	;# 
  2461     008E                     	;# 
  2462     008F                     	;# 
  2463     0090                     	;# 
  2464     0096                     	;# 
  2465     0097                     	;# 
  2466     0098                     	;# 
  2467     0099                     	;# 
  2468     009A                     	;# 
  2469     018C                     	;# 
  2470     018D                     	;# 
  2471     018E                     	;# 
  2472     018F                     	;# 
  2473     019C                     	;# 
  2474     019C                     	;# 
  2475     019D                     	;# 
  2476     019D                     	;# 
  2477     019E                     	;# 
  2478     019F                     	;# 
  2479     020E                     	;# 
  2480     020F                     	;# 
  2481     0210                     	;# 
  2482     0211                     	;# 
  2483     0212                     	;# 
  2484     0213                     	;# 
  2485     0214                     	;# 
  2486     028C                     	;# 
  2487     028C                     	;# 
  2488     028D                     	;# 
  2489     028E                     	;# 
  2490     028F                     	;# 
  2491     028F                     	;# 
  2492     0290                     	;# 
  2493     0290                     	;# 
  2494     0291                     	;# 
  2495     0291                     	;# 
  2496     0292                     	;# 
  2497     0292                     	;# 
  2498     0293                     	;# 
  2499     0294                     	;# 
  2500     0295                     	;# 
  2501     0295                     	;# 
  2502     0296                     	;# 
  2503     0296                     	;# 
  2504     0297                     	;# 
  2505     0297                     	;# 
  2506     030C                     	;# 
  2507     030C                     	;# 
  2508     030D                     	;# 
  2509     030D                     	;# 
  2510     030E                     	;# 
  2511     030F                     	;# 
  2512     0310                     	;# 
  2513     0310                     	;# 
  2514     0311                     	;# 
  2515     0312                     	;# 
  2516     0312                     	;# 
  2517     0313                     	;# 
  2518     0313                     	;# 
  2519     0314                     	;# 
  2520     0315                     	;# 
  2521     0316                     	;# 
  2522     0316                     	;# 
  2523     0317                     	;# 
  2524     0318                     	;# 
  2525     0318                     	;# 
  2526     0319                     	;# 
  2527     0319                     	;# 
  2528     031A                     	;# 
  2529     031B                     	;# 
  2530     031C                     	;# 
  2531     031C                     	;# 
  2532     031D                     	;# 
  2533     038C                     	;# 
  2534     038C                     	;# 
  2535     038D                     	;# 
  2536     038E                     	;# 
  2537     038F                     	;# 
  2538     0390                     	;# 
  2539     0390                     	;# 
  2540     0391                     	;# 
  2541     0392                     	;# 
  2542     0393                     	;# 
  2543     039F                     	;# 
  2544     040C                     	;# 
  2545     040C                     	;# 
  2546     040D                     	;# 
  2547     040E                     	;# 
  2548     040F                     	;# 
  2549     040F                     	;# 
  2550     0410                     	;# 
  2551     0411                     	;# 
  2552     0412                     	;# 
  2553     0412                     	;# 
  2554     0413                     	;# 
  2555     0414                     	;# 
  2556     041F                     	;# 
  2557     048C                     	;# 
  2558     048C                     	;# 
  2559     048D                     	;# 
  2560     048E                     	;# 
  2561     048F                     	;# 
  2562     048F                     	;# 
  2563     0490                     	;# 
  2564     0491                     	;# 
  2565     0492                     	;# 
  2566     0493                     	;# 
  2567     050C                     	;# 
  2568     050C                     	;# 
  2569     050D                     	;# 
  2570     050D                     	;# 
  2571     050E                     	;# 
  2572     050F                     	;# 
  2573     0510                     	;# 
  2574     0511                     	;# 
  2575     0512                     	;# 
  2576     0513                     	;# 
  2577     0514                     	;# 
  2578     058C                     	;# 
  2579     058D                     	;# 
  2580     058E                     	;# 
  2581     058F                     	;# 
  2582     0590                     	;# 
  2583     0591                     	;# 
  2584     0592                     	;# 
  2585     0593                     	;# 
  2586     0594                     	;# 
  2587     0595                     	;# 
  2588     0596                     	;# 
  2589     0597                     	;# 
  2590     060C                     	;# 
  2591     060D                     	;# 
  2592     060E                     	;# 
  2593     060E                     	;# 
  2594     060F                     	;# 
  2595     0610                     	;# 
  2596     0611                     	;# 
  2597     0612                     	;# 
  2598     0616                     	;# 
  2599     0617                     	;# 
  2600     0618                     	;# 
  2601     0618                     	;# 
  2602     0619                     	;# 
  2603     061A                     	;# 
  2604     061B                     	;# 
  2605     061C                     	;# 
  2606     068C                     	;# 
  2607     068D                     	;# 
  2608     068E                     	;# 
  2609     068F                     	;# 
  2610     0690                     	;# 
  2611     0691                     	;# 
  2612     0692                     	;# 
  2613     0696                     	;# 
  2614     0697                     	;# 
  2615     0698                     	;# 
  2616     0699                     	;# 
  2617     069A                     	;# 
  2618     069B                     	;# 
  2619     069C                     	;# 
  2620     100C                     	;# 
  2621     100D                     	;# 
  2622     101F                     	;# 
  2623     108C                     	;# 
  2624     108D                     	;# 
  2625     108E                     	;# 
  2626     108F                     	;# 
  2627     109F                     	;# 
  2628     109F                     	;# 
  2629     110C                     	;# 
  2630     110D                     	;# 
  2631     1C8C                     	;# 
  2632     1C8C                     	;# 
  2633     1C8D                     	;# 
  2634     1C8E                     	;# 
  2635     1C8E                     	;# 
  2636     1C8F                     	;# 
  2637     1C90                     	;# 
  2638     1C91                     	;# 
  2639     1D0C                     	;# 
  2640     1D0C                     	;# 
  2641     1D0D                     	;# 
  2642     1D0E                     	;# 
  2643     1D0E                     	;# 
  2644     1D0F                     	;# 
  2645     1D10                     	;# 
  2646     1D10                     	;# 
  2647     1D11                     	;# 
  2648     1D12                     	;# 
  2649     1D12                     	;# 
  2650     1D13                     	;# 
  2651     1D14                     	;# 
  2652     1D14                     	;# 
  2653     1D15                     	;# 
  2654     1D16                     	;# 
  2655     1D16                     	;# 
  2656     1D17                     	;# 
  2657     1D18                     	;# 
  2658     1D19                     	;# 
  2659     1D1A                     	;# 
  2660     1D1B                     	;# 
  2661     1D1B                     	;# 
  2662     1D1C                     	;# 
  2663     1D1D                     	;# 
  2664     1D1D                     	;# 
  2665     1D1E                     	;# 
  2666     1D1F                     	;# 
  2667     1D21                     	;# 
  2668     1D21                     	;# 
  2669     1D22                     	;# 
  2670     1D23                     	;# 
  2671     1D24                     	;# 
  2672     1D24                     	;# 
  2673     1D25                     	;# 
  2674     1D26                     	;# 
  2675     1D27                     	;# 
  2676     1D28                     	;# 
  2677     1D29                     	;# 
  2678     1D2A                     	;# 
  2679     1D2B                     	;# 
  2680     1D2C                     	;# 
  2681     1D2D                     	;# 
  2682     1D2E                     	;# 
  2683     1D2F                     	;# 
  2684     1D30                     	;# 
  2685     1D31                     	;# 
  2686     1D32                     	;# 
  2687     1D8C                     	;# 
  2688     1D8D                     	;# 
  2689     1D8E                     	;# 
  2690     1D8F                     	;# 
  2691     1D90                     	;# 
  2692     1D91                     	;# 
  2693     1D92                     	;# 
  2694     1D93                     	;# 
  2695     1D94                     	;# 
  2696     1D95                     	;# 
  2697     1D96                     	;# 
  2698     1D97                     	;# 
  2699     1D98                     	;# 
  2700     1D99                     	;# 
  2701     1D9A                     	;# 
  2702     1D9B                     	;# 
  2703     1D9C                     	;# 
  2704     1D9D                     	;# 
  2705     1D9E                     	;# 
  2706     1D9F                     	;# 
  2707     1DA0                     	;# 
  2708     1DA1                     	;# 
  2709     1DA2                     	;# 
  2710     1DA3                     	;# 
  2711     1DA4                     	;# 
  2712     1DA5                     	;# 
  2713     1DA6                     	;# 
  2714     1DA7                     	;# 
  2715     1DA8                     	;# 
  2716     1DA9                     	;# 
  2717     1DAA                     	;# 
  2718     1DAB                     	;# 
  2719     1DAC                     	;# 
  2720     1DAD                     	;# 
  2721     1DAE                     	;# 
  2722     1E0C                     	;# 
  2723     1E0D                     	;# 
  2724     1E0E                     	;# 
  2725     1E0F                     	;# 
  2726     1E10                     	;# 
  2727     1E11                     	;# 
  2728     1E12                     	;# 
  2729     1E19                     	;# 
  2730     1E1A                     	;# 
  2731     1E1B                     	;# 
  2732     1E1E                     	;# 
  2733     1E1F                     	;# 
  2734     1E39                     	;# 
  2735     1E3D                     	;# 
  2736     1E3E                     	;# 
  2737     1E3F                     	;# 
  2738     1E40                     	;# 
  2739     1E41                     	;# 
  2740     1E41                     	;# 
  2741     1E42                     	;# 
  2742     1E42                     	;# 
  2743     1E43                     	;# 
  2744     1E43                     	;# 
  2745     1E44                     	;# 
  2746     1E44                     	;# 
  2747     1E47                     	;# 
  2748     1E48                     	;# 
  2749     1E49                     	;# 
  2750     1E4A                     	;# 
  2751     1E4B                     	;# 
  2752     1E4C                     	;# 
  2753     1E50                     	;# 
  2754     1E8C                     	;# 
  2755     1E8D                     	;# 
  2756     1E8E                     	;# 
  2757     1E8F                     	;# 
  2758     1E90                     	;# 
  2759     1E91                     	;# 
  2760     1E92                     	;# 
  2761     1E93                     	;# 
  2762     1E96                     	;# 
  2763     1E97                     	;# 
  2764     1E98                     	;# 
  2765     1E99                     	;# 
  2766     1E9A                     	;# 
  2767     1E9B                     	;# 
  2768     1E9C                     	;# 
  2769     1E9D                     	;# 
  2770     1EA0                     	;# 
  2771     1EA1                     	;# 
  2772     1EA2                     	;# 
  2773     1EA3                     	;# 
  2774     1EA4                     	;# 
  2775     1EA5                     	;# 
  2776     1EA6                     	;# 
  2777     1EA7                     	;# 
  2778     1EAA                     	;# 
  2779     1EAB                     	;# 
  2780     1EAC                     	;# 
  2781     1EAD                     	;# 
  2782     1EAE                     	;# 
  2783     1EB4                     	;# 
  2784     1EB5                     	;# 
  2785     1EB6                     	;# 
  2786     1EB7                     	;# 
  2787     1EB8                     	;# 
  2788     1EB9                     	;# 
  2789     1EBA                     	;# 
  2790     1EBB                     	;# 
  2791     1EE3                     	;# 
  2792     1EE4                     	;# 
  2793     1EEB                     	;# 
  2794     1EEC                     	;# 
  2795     1EEE                     	;# 
  2796     1EEF                     	;# 
  2797     1F0C                     	;# 
  2798     1F0D                     	;# 
  2799     1F0E                     	;# 
  2800     1FE4                     	;# 
  2801     1FE5                     	;# 
  2802     1FE6                     	;# 
  2803     1FE7                     	;# 
  2804     1FE8                     	;# 
  2805     1FE8                     	;# 
  2806     1FE9                     	;# 
  2807     1FEA                     	;# 
  2808     1FEA                     	;# 
  2809     1FEB                     	;# 
  2810     1FED                     	;# 
  2811     1FEE                     	;# 
  2812     1FEF                     	;# 
  2813     0000                     	;# 
  2814     0001                     	;# 
  2815     0002                     	;# 
  2816     0003                     	;# 
  2817     0004                     	;# 
  2818     0005                     	;# 
  2819     0006                     	;# 
  2820     0007                     	;# 
  2821     0008                     	;# 
  2822     0009                     	;# 
  2823     000A                     	;# 
  2824     000B                     	;# 
  2825     000C                     	;# 
  2826     000D                     	;# 
  2827     000E                     	;# 
  2828     000F                     	;# 
  2829     0010                     	;# 
  2830     0012                     	;# 
  2831     0013                     	;# 
  2832     0014                     	;# 
  2833     0015                     	;# 
  2834     0016                     	;# 
  2835     0018                     	;# 
  2836     0019                     	;# 
  2837     001A                     	;# 
  2838     001B                     	;# 
  2839     001C                     	;# 
  2840     008C                     	;# 
  2841     008D                     	;# 
  2842     008E                     	;# 
  2843     008F                     	;# 
  2844     0090                     	;# 
  2845     0096                     	;# 
  2846     0097                     	;# 
  2847     0098                     	;# 
  2848     0099                     	;# 
  2849     009A                     	;# 
  2850     018C                     	;# 
  2851     018D                     	;# 
  2852     018E                     	;# 
  2853     018F                     	;# 
  2854     019C                     	;# 
  2855     019C                     	;# 
  2856     019D                     	;# 
  2857     019D                     	;# 
  2858     019E                     	;# 
  2859     019F                     	;# 
  2860     020E                     	;# 
  2861     020F                     	;# 
  2862     0210                     	;# 
  2863     0211                     	;# 
  2864     0212                     	;# 
  2865     0213                     	;# 
  2866     0214                     	;# 
  2867     028C                     	;# 
  2868     028C                     	;# 
  2869     028D                     	;# 
  2870     028E                     	;# 
  2871     028F                     	;# 
  2872     028F                     	;# 
  2873     0290                     	;# 
  2874     0290                     	;# 
  2875     0291                     	;# 
  2876     0291                     	;# 
  2877     0292                     	;# 
  2878     0292                     	;# 
  2879     0293                     	;# 
  2880     0294                     	;# 
  2881     0295                     	;# 
  2882     0295                     	;# 
  2883     0296                     	;# 
  2884     0296                     	;# 
  2885     0297                     	;# 
  2886     0297                     	;# 
  2887     030C                     	;# 
  2888     030C                     	;# 
  2889     030D                     	;# 
  2890     030D                     	;# 
  2891     030E                     	;# 
  2892     030F                     	;# 
  2893     0310                     	;# 
  2894     0310                     	;# 
  2895     0311                     	;# 
  2896     0312                     	;# 
  2897     0312                     	;# 
  2898     0313                     	;# 
  2899     0313                     	;# 
  2900     0314                     	;# 
  2901     0315                     	;# 
  2902     0316                     	;# 
  2903     0316                     	;# 
  2904     0317                     	;# 
  2905     0318                     	;# 
  2906     0318                     	;# 
  2907     0319                     	;# 
  2908     0319                     	;# 
  2909     031A                     	;# 
  2910     031B                     	;# 
  2911     031C                     	;# 
  2912     031C                     	;# 
  2913     031D                     	;# 
  2914     038C                     	;# 
  2915     038C                     	;# 
  2916     038D                     	;# 
  2917     038E                     	;# 
  2918     038F                     	;# 
  2919     0390                     	;# 
  2920     0390                     	;# 
  2921     0391                     	;# 
  2922     0392                     	;# 
  2923     0393                     	;# 
  2924     039F                     	;# 
  2925     040C                     	;# 
  2926     040C                     	;# 
  2927     040D                     	;# 
  2928     040E                     	;# 
  2929     040F                     	;# 
  2930     040F                     	;# 
  2931     0410                     	;# 
  2932     0411                     	;# 
  2933     0412                     	;# 
  2934     0412                     	;# 
  2935     0413                     	;# 
  2936     0414                     	;# 
  2937     041F                     	;# 
  2938     048C                     	;# 
  2939     048C                     	;# 
  2940     048D                     	;# 
  2941     048E                     	;# 
  2942     048F                     	;# 
  2943     048F                     	;# 
  2944     0490                     	;# 
  2945     0491                     	;# 
  2946     0492                     	;# 
  2947     0493                     	;# 
  2948     050C                     	;# 
  2949     050C                     	;# 
  2950     050D                     	;# 
  2951     050D                     	;# 
  2952     050E                     	;# 
  2953     050F                     	;# 
  2954     0510                     	;# 
  2955     0511                     	;# 
  2956     0512                     	;# 
  2957     0513                     	;# 
  2958     0514                     	;# 
  2959     058C                     	;# 
  2960     058D                     	;# 
  2961     058E                     	;# 
  2962     058F                     	;# 
  2963     0590                     	;# 
  2964     0591                     	;# 
  2965     0592                     	;# 
  2966     0593                     	;# 
  2967     0594                     	;# 
  2968     0595                     	;# 
  2969     0596                     	;# 
  2970     0597                     	;# 
  2971     060C                     	;# 
  2972     060D                     	;# 
  2973     060E                     	;# 
  2974     060E                     	;# 
  2975     060F                     	;# 
  2976     0610                     	;# 
  2977     0611                     	;# 
  2978     0612                     	;# 
  2979     0616                     	;# 
  2980     0617                     	;# 
  2981     0618                     	;# 
  2982     0618                     	;# 
  2983     0619                     	;# 
  2984     061A                     	;# 
  2985     061B                     	;# 
  2986     061C                     	;# 
  2987     068C                     	;# 
  2988     068D                     	;# 
  2989     068E                     	;# 
  2990     068F                     	;# 
  2991     0690                     	;# 
  2992     0691                     	;# 
  2993     0692                     	;# 
  2994     0696                     	;# 
  2995     0697                     	;# 
  2996     0698                     	;# 
  2997     0699                     	;# 
  2998     069A                     	;# 
  2999     069B                     	;# 
  3000     069C                     	;# 
  3001     100C                     	;# 
  3002     100D                     	;# 
  3003     101F                     	;# 
  3004     108C                     	;# 
  3005     108D                     	;# 
  3006     108E                     	;# 
  3007     108F                     	;# 
  3008     109F                     	;# 
  3009     109F                     	;# 
  3010     110C                     	;# 
  3011     110D                     	;# 
  3012     1C8C                     	;# 
  3013     1C8C                     	;# 
  3014     1C8D                     	;# 
  3015     1C8E                     	;# 
  3016     1C8E                     	;# 
  3017     1C8F                     	;# 
  3018     1C90                     	;# 
  3019     1C91                     	;# 
  3020     1D0C                     	;# 
  3021     1D0C                     	;# 
  3022     1D0D                     	;# 
  3023     1D0E                     	;# 
  3024     1D0E                     	;# 
  3025     1D0F                     	;# 
  3026     1D10                     	;# 
  3027     1D10                     	;# 
  3028     1D11                     	;# 
  3029     1D12                     	;# 
  3030     1D12                     	;# 
  3031     1D13                     	;# 
  3032     1D14                     	;# 
  3033     1D14                     	;# 
  3034     1D15                     	;# 
  3035     1D16                     	;# 
  3036     1D16                     	;# 
  3037     1D17                     	;# 
  3038     1D18                     	;# 
  3039     1D19                     	;# 
  3040     1D1A                     	;# 
  3041     1D1B                     	;# 
  3042     1D1B                     	;# 
  3043     1D1C                     	;# 
  3044     1D1D                     	;# 
  3045     1D1D                     	;# 
  3046     1D1E                     	;# 
  3047     1D1F                     	;# 
  3048     1D21                     	;# 
  3049     1D21                     	;# 
  3050     1D22                     	;# 
  3051     1D23                     	;# 
  3052     1D24                     	;# 
  3053     1D24                     	;# 
  3054     1D25                     	;# 
  3055     1D26                     	;# 
  3056     1D27                     	;# 
  3057     1D28                     	;# 
  3058     1D29                     	;# 
  3059     1D2A                     	;# 
  3060     1D2B                     	;# 
  3061     1D2C                     	;# 
  3062     1D2D                     	;# 
  3063     1D2E                     	;# 
  3064     1D2F                     	;# 
  3065     1D30                     	;# 
  3066     1D31                     	;# 
  3067     1D32                     	;# 
  3068     1D8C                     	;# 
  3069     1D8D                     	;# 
  3070     1D8E                     	;# 
  3071     1D8F                     	;# 
  3072     1D90                     	;# 
  3073     1D91                     	;# 
  3074     1D92                     	;# 
  3075     1D93                     	;# 
  3076     1D94                     	;# 
  3077     1D95                     	;# 
  3078     1D96                     	;# 
  3079     1D97                     	;# 
  3080     1D98                     	;# 
  3081     1D99                     	;# 
  3082     1D9A                     	;# 
  3083     1D9B                     	;# 
  3084     1D9C                     	;# 
  3085     1D9D                     	;# 
  3086     1D9E                     	;# 
  3087     1D9F                     	;# 
  3088     1DA0                     	;# 
  3089     1DA1                     	;# 
  3090     1DA2                     	;# 
  3091     1DA3                     	;# 
  3092     1DA4                     	;# 
  3093     1DA5                     	;# 
  3094     1DA6                     	;# 
  3095     1DA7                     	;# 
  3096     1DA8                     	;# 
  3097     1DA9                     	;# 
  3098     1DAA                     	;# 
  3099     1DAB                     	;# 
  3100     1DAC                     	;# 
  3101     1DAD                     	;# 
  3102     1DAE                     	;# 
  3103     1E0C                     	;# 
  3104     1E0D                     	;# 
  3105     1E0E                     	;# 
  3106     1E0F                     	;# 
  3107     1E10                     	;# 
  3108     1E11                     	;# 
  3109     1E12                     	;# 
  3110     1E19                     	;# 
  3111     1E1A                     	;# 
  3112     1E1B                     	;# 
  3113     1E1E                     	;# 
  3114     1E1F                     	;# 
  3115     1E39                     	;# 
  3116     1E3D                     	;# 
  3117     1E3E                     	;# 
  3118     1E3F                     	;# 
  3119     1E40                     	;# 
  3120     1E41                     	;# 
  3121     1E41                     	;# 
  3122     1E42                     	;# 
  3123     1E42                     	;# 
  3124     1E43                     	;# 
  3125     1E43                     	;# 
  3126     1E44                     	;# 
  3127     1E44                     	;# 
  3128     1E47                     	;# 
  3129     1E48                     	;# 
  3130     1E49                     	;# 
  3131     1E4A                     	;# 
  3132     1E4B                     	;# 
  3133     1E4C                     	;# 
  3134     1E50                     	;# 
  3135     1E8C                     	;# 
  3136     1E8D                     	;# 
  3137     1E8E                     	;# 
  3138     1E8F                     	;# 
  3139     1E90                     	;# 
  3140     1E91                     	;# 
  3141     1E92                     	;# 
  3142     1E93                     	;# 
  3143     1E96                     	;# 
  3144     1E97                     	;# 
  3145     1E98                     	;# 
  3146     1E99                     	;# 
  3147     1E9A                     	;# 
  3148     1E9B                     	;# 
  3149     1E9C                     	;# 
  3150     1E9D                     	;# 
  3151     1EA0                     	;# 
  3152     1EA1                     	;# 
  3153     1EA2                     	;# 
  3154     1EA3                     	;# 
  3155     1EA4                     	;# 
  3156     1EA5                     	;# 
  3157     1EA6                     	;# 
  3158     1EA7                     	;# 
  3159     1EAA                     	;# 
  3160     1EAB                     	;# 
  3161     1EAC                     	;# 
  3162     1EAD                     	;# 
  3163     1EAE                     	;# 
  3164     1EB4                     	;# 
  3165     1EB5                     	;# 
  3166     1EB6                     	;# 
  3167     1EB7                     	;# 
  3168     1EB8                     	;# 
  3169     1EB9                     	;# 
  3170     1EBA                     	;# 
  3171     1EBB                     	;# 
  3172     1EE3                     	;# 
  3173     1EE4                     	;# 
  3174     1EEB                     	;# 
  3175     1EEC                     	;# 
  3176     1EEE                     	;# 
  3177     1EEF                     	;# 
  3178     1F0C                     	;# 
  3179     1F0D                     	;# 
  3180     1F0E                     	;# 
  3181     1FE4                     	;# 
  3182     1FE5                     	;# 
  3183     1FE6                     	;# 
  3184     1FE7                     	;# 
  3185     1FE8                     	;# 
  3186     1FE8                     	;# 
  3187     1FE9                     	;# 
  3188     1FEA                     	;# 
  3189     1FEA                     	;# 
  3190     1FEB                     	;# 
  3191     1FED                     	;# 
  3192     1FEE                     	;# 
  3193     1FEF                     	;# 
  3194     0000                     	;# 
  3195     0001                     	;# 
  3196     0002                     	;# 
  3197     0003                     	;# 
  3198     0004                     	;# 
  3199     0005                     	;# 
  3200     0006                     	;# 
  3201     0007                     	;# 
  3202     0008                     	;# 
  3203     0009                     	;# 
  3204     000A                     	;# 
  3205     000B                     	;# 
  3206     000C                     	;# 
  3207     000D                     	;# 
  3208     000E                     	;# 
  3209     000F                     	;# 
  3210     0010                     	;# 
  3211     0012                     	;# 
  3212     0013                     	;# 
  3213     0014                     	;# 
  3214     0015                     	;# 
  3215     0016                     	;# 
  3216     0018                     	;# 
  3217     0019                     	;# 
  3218     001A                     	;# 
  3219     001B                     	;# 
  3220     001C                     	;# 
  3221     008C                     	;# 
  3222     008D                     	;# 
  3223     008E                     	;# 
  3224     008F                     	;# 
  3225     0090                     	;# 
  3226     0096                     	;# 
  3227     0097                     	;# 
  3228     0098                     	;# 
  3229     0099                     	;# 
  3230     009A                     	;# 
  3231     018C                     	;# 
  3232     018D                     	;# 
  3233     018E                     	;# 
  3234     018F                     	;# 
  3235     019C                     	;# 
  3236     019C                     	;# 
  3237     019D                     	;# 
  3238     019D                     	;# 
  3239     019E                     	;# 
  3240     019F                     	;# 
  3241     020E                     	;# 
  3242     020F                     	;# 
  3243     0210                     	;# 
  3244     0211                     	;# 
  3245     0212                     	;# 
  3246     0213                     	;# 
  3247     0214                     	;# 
  3248     028C                     	;# 
  3249     028C                     	;# 
  3250     028D                     	;# 
  3251     028E                     	;# 
  3252     028F                     	;# 
  3253     028F                     	;# 
  3254     0290                     	;# 
  3255     0290                     	;# 
  3256     0291                     	;# 
  3257     0291                     	;# 
  3258     0292                     	;# 
  3259     0292                     	;# 
  3260     0293                     	;# 
  3261     0294                     	;# 
  3262     0295                     	;# 
  3263     0295                     	;# 
  3264     0296                     	;# 
  3265     0296                     	;# 
  3266     0297                     	;# 
  3267     0297                     	;# 
  3268     030C                     	;# 
  3269     030C                     	;# 
  3270     030D                     	;# 
  3271     030D                     	;# 
  3272     030E                     	;# 
  3273     030F                     	;# 
  3274     0310                     	;# 
  3275     0310                     	;# 
  3276     0311                     	;# 
  3277     0312                     	;# 
  3278     0312                     	;# 
  3279     0313                     	;# 
  3280     0313                     	;# 
  3281     0314                     	;# 
  3282     0315                     	;# 
  3283     0316                     	;# 
  3284     0316                     	;# 
  3285     0317                     	;# 
  3286     0318                     	;# 
  3287     0318                     	;# 
  3288     0319                     	;# 
  3289     0319                     	;# 
  3290     031A                     	;# 
  3291     031B                     	;# 
  3292     031C                     	;# 
  3293     031C                     	;# 
  3294     031D                     	;# 
  3295     038C                     	;# 
  3296     038C                     	;# 
  3297     038D                     	;# 
  3298     038E                     	;# 
  3299     038F                     	;# 
  3300     0390                     	;# 
  3301     0390                     	;# 
  3302     0391                     	;# 
  3303     0392                     	;# 
  3304     0393                     	;# 
  3305     039F                     	;# 
  3306     040C                     	;# 
  3307     040C                     	;# 
  3308     040D                     	;# 
  3309     040E                     	;# 
  3310     040F                     	;# 
  3311     040F                     	;# 
  3312     0410                     	;# 
  3313     0411                     	;# 
  3314     0412                     	;# 
  3315     0412                     	;# 
  3316     0413                     	;# 
  3317     0414                     	;# 
  3318     041F                     	;# 
  3319     048C                     	;# 
  3320     048C                     	;# 
  3321     048D                     	;# 
  3322     048E                     	;# 
  3323     048F                     	;# 
  3324     048F                     	;# 
  3325     0490                     	;# 
  3326     0491                     	;# 
  3327     0492                     	;# 
  3328     0493                     	;# 
  3329     050C                     	;# 
  3330     050C                     	;# 
  3331     050D                     	;# 
  3332     050D                     	;# 
  3333     050E                     	;# 
  3334     050F                     	;# 
  3335     0510                     	;# 
  3336     0511                     	;# 
  3337     0512                     	;# 
  3338     0513                     	;# 
  3339     0514                     	;# 
  3340     058C                     	;# 
  3341     058D                     	;# 
  3342     058E                     	;# 
  3343     058F                     	;# 
  3344     0590                     	;# 
  3345     0591                     	;# 
  3346     0592                     	;# 
  3347     0593                     	;# 
  3348     0594                     	;# 
  3349     0595                     	;# 
  3350     0596                     	;# 
  3351     0597                     	;# 
  3352     060C                     	;# 
  3353     060D                     	;# 
  3354     060E                     	;# 
  3355     060E                     	;# 
  3356     060F                     	;# 
  3357     0610                     	;# 
  3358     0611                     	;# 
  3359     0612                     	;# 
  3360     0616                     	;# 
  3361     0617                     	;# 
  3362     0618                     	;# 
  3363     0618                     	;# 
  3364     0619                     	;# 
  3365     061A                     	;# 
  3366     061B                     	;# 
  3367     061C                     	;# 
  3368     068C                     	;# 
  3369     068D                     	;# 
  3370     068E                     	;# 
  3371     068F                     	;# 
  3372     0690                     	;# 
  3373     0691                     	;# 
  3374     0692                     	;# 
  3375     0696                     	;# 
  3376     0697                     	;# 
  3377     0698                     	;# 
  3378     0699                     	;# 
  3379     069A                     	;# 
  3380     069B                     	;# 
  3381     069C                     	;# 
  3382     100C                     	;# 
  3383     100D                     	;# 
  3384     101F                     	;# 
  3385     108C                     	;# 
  3386     108D                     	;# 
  3387     108E                     	;# 
  3388     108F                     	;# 
  3389     109F                     	;# 
  3390     109F                     	;# 
  3391     110C                     	;# 
  3392     110D                     	;# 
  3393     1C8C                     	;# 
  3394     1C8C                     	;# 
  3395     1C8D                     	;# 
  3396     1C8E                     	;# 
  3397     1C8E                     	;# 
  3398     1C8F                     	;# 
  3399     1C90                     	;# 
  3400     1C91                     	;# 
  3401     1D0C                     	;# 
  3402     1D0C                     	;# 
  3403     1D0D                     	;# 
  3404     1D0E                     	;# 
  3405     1D0E                     	;# 
  3406     1D0F                     	;# 
  3407     1D10                     	;# 
  3408     1D10                     	;# 
  3409     1D11                     	;# 
  3410     1D12                     	;# 
  3411     1D12                     	;# 
  3412     1D13                     	;# 
  3413     1D14                     	;# 
  3414     1D14                     	;# 
  3415     1D15                     	;# 
  3416     1D16                     	;# 
  3417     1D16                     	;# 
  3418     1D17                     	;# 
  3419     1D18                     	;# 
  3420     1D19                     	;# 
  3421     1D1A                     	;# 
  3422     1D1B                     	;# 
  3423     1D1B                     	;# 
  3424     1D1C                     	;# 
  3425     1D1D                     	;# 
  3426     1D1D                     	;# 
  3427     1D1E                     	;# 
  3428     1D1F                     	;# 
  3429     1D21                     	;# 
  3430     1D21                     	;# 
  3431     1D22                     	;# 
  3432     1D23                     	;# 
  3433     1D24                     	;# 
  3434     1D24                     	;# 
  3435     1D25                     	;# 
  3436     1D26                     	;# 
  3437     1D27                     	;# 
  3438     1D28                     	;# 
  3439     1D29                     	;# 
  3440     1D2A                     	;# 
  3441     1D2B                     	;# 
  3442     1D2C                     	;# 
  3443     1D2D                     	;# 
  3444     1D2E                     	;# 
  3445     1D2F                     	;# 
  3446     1D30                     	;# 
  3447     1D31                     	;# 
  3448     1D32                     	;# 
  3449     1D8C                     	;# 
  3450     1D8D                     	;# 
  3451     1D8E                     	;# 
  3452     1D8F                     	;# 
  3453     1D90                     	;# 
  3454     1D91                     	;# 
  3455     1D92                     	;# 
  3456     1D93                     	;# 
  3457     1D94                     	;# 
  3458     1D95                     	;# 
  3459     1D96                     	;# 
  3460     1D97                     	;# 
  3461     1D98                     	;# 
  3462     1D99                     	;# 
  3463     1D9A                     	;# 
  3464     1D9B                     	;# 
  3465     1D9C                     	;# 
  3466     1D9D                     	;# 
  3467     1D9E                     	;# 
  3468     1D9F                     	;# 
  3469     1DA0                     	;# 
  3470     1DA1                     	;# 
  3471     1DA2                     	;# 
  3472     1DA3                     	;# 
  3473     1DA4                     	;# 
  3474     1DA5                     	;# 
  3475     1DA6                     	;# 
  3476     1DA7                     	;# 
  3477     1DA8                     	;# 
  3478     1DA9                     	;# 
  3479     1DAA                     	;# 
  3480     1DAB                     	;# 
  3481     1DAC                     	;# 
  3482     1DAD                     	;# 
  3483     1DAE                     	;# 
  3484     1E0C                     	;# 
  3485     1E0D                     	;# 
  3486     1E0E                     	;# 
  3487     1E0F                     	;# 
  3488     1E10                     	;# 
  3489     1E11                     	;# 
  3490     1E12                     	;# 
  3491     1E19                     	;# 
  3492     1E1A                     	;# 
  3493     1E1B                     	;# 
  3494     1E1E                     	;# 
  3495     1E1F                     	;# 
  3496     1E39                     	;# 
  3497     1E3D                     	;# 
  3498     1E3E                     	;# 
  3499     1E3F                     	;# 
  3500     1E40                     	;# 
  3501     1E41                     	;# 
  3502     1E41                     	;# 
  3503     1E42                     	;# 
  3504     1E42                     	;# 
  3505     1E43                     	;# 
  3506     1E43                     	;# 
  3507     1E44                     	;# 
  3508     1E44                     	;# 
  3509     1E47                     	;# 
  3510     1E48                     	;# 
  3511     1E49                     	;# 
  3512     1E4A                     	;# 
  3513     1E4B                     	;# 
  3514     1E4C                     	;# 
  3515     1E50                     	;# 
  3516     1E8C                     	;# 
  3517     1E8D                     	;# 
  3518     1E8E                     	;# 
  3519     1E8F                     	;# 
  3520     1E90                     	;# 
  3521     1E91                     	;# 
  3522     1E92                     	;# 
  3523     1E93                     	;# 
  3524     1E96                     	;# 
  3525     1E97                     	;# 
  3526     1E98                     	;# 
  3527     1E99                     	;# 
  3528     1E9A                     	;# 
  3529     1E9B                     	;# 
  3530     1E9C                     	;# 
  3531     1E9D                     	;# 
  3532     1EA0                     	;# 
  3533     1EA1                     	;# 
  3534     1EA2                     	;# 
  3535     1EA3                     	;# 
  3536     1EA4                     	;# 
  3537     1EA5                     	;# 
  3538     1EA6                     	;# 
  3539     1EA7                     	;# 
  3540     1EAA                     	;# 
  3541     1EAB                     	;# 
  3542     1EAC                     	;# 
  3543     1EAD                     	;# 
  3544     1EAE                     	;# 
  3545     1EB4                     	;# 
  3546     1EB5                     	;# 
  3547     1EB6                     	;# 
  3548     1EB7                     	;# 
  3549     1EB8                     	;# 
  3550     1EB9                     	;# 
  3551     1EBA                     	;# 
  3552     1EBB                     	;# 
  3553     1EE3                     	;# 
  3554     1EE4                     	;# 
  3555     1EEB                     	;# 
  3556     1EEC                     	;# 
  3557     1EEE                     	;# 
  3558     1EEF                     	;# 
  3559     1F0C                     	;# 
  3560     1F0D                     	;# 
  3561     1F0E                     	;# 
  3562     1FE4                     	;# 
  3563     1FE5                     	;# 
  3564     1FE6                     	;# 
  3565     1FE7                     	;# 
  3566     1FE8                     	;# 
  3567     1FE8                     	;# 
  3568     1FE9                     	;# 
  3569     1FEA                     	;# 
  3570     1FEA                     	;# 
  3571     1FEB                     	;# 
  3572     1FED                     	;# 
  3573     1FEE                     	;# 
  3574     1FEF                     	;# 
  3575     0000                     	;# 
  3576     0001                     	;# 
  3577     0002                     	;# 
  3578     0003                     	;# 
  3579     0004                     	;# 
  3580     0005                     	;# 
  3581     0006                     	;# 
  3582     0007                     	;# 
  3583     0008                     	;# 
  3584     0009                     	;# 
  3585     000A                     	;# 
  3586     000B                     	;# 
  3587     000C                     	;# 
  3588     000D                     	;# 
  3589     000E                     	;# 
  3590     000F                     	;# 
  3591     0010                     	;# 
  3592     0012                     	;# 
  3593     0013                     	;# 
  3594     0014                     	;# 
  3595     0015                     	;# 
  3596     0016                     	;# 
  3597     0018                     	;# 
  3598     0019                     	;# 
  3599     001A                     	;# 
  3600     001B                     	;# 
  3601     001C                     	;# 
  3602     008C                     	;# 
  3603     008D                     	;# 
  3604     008E                     	;# 
  3605     008F                     	;# 
  3606     0090                     	;# 
  3607     0096                     	;# 
  3608     0097                     	;# 
  3609     0098                     	;# 
  3610     0099                     	;# 
  3611     009A                     	;# 
  3612     018C                     	;# 
  3613     018D                     	;# 
  3614     018E                     	;# 
  3615     018F                     	;# 
  3616     019C                     	;# 
  3617     019C                     	;# 
  3618     019D                     	;# 
  3619     019D                     	;# 
  3620     019E                     	;# 
  3621     019F                     	;# 
  3622     020E                     	;# 
  3623     020F                     	;# 
  3624     0210                     	;# 
  3625     0211                     	;# 
  3626     0212                     	;# 
  3627     0213                     	;# 
  3628     0214                     	;# 
  3629     028C                     	;# 
  3630     028C                     	;# 
  3631     028D                     	;# 
  3632     028E                     	;# 
  3633     028F                     	;# 
  3634     028F                     	;# 
  3635     0290                     	;# 
  3636     0290                     	;# 
  3637     0291                     	;# 
  3638     0291                     	;# 
  3639     0292                     	;# 
  3640     0292                     	;# 
  3641     0293                     	;# 
  3642     0294                     	;# 
  3643     0295                     	;# 
  3644     0295                     	;# 
  3645     0296                     	;# 
  3646     0296                     	;# 
  3647     0297                     	;# 
  3648     0297                     	;# 
  3649     030C                     	;# 
  3650     030C                     	;# 
  3651     030D                     	;# 
  3652     030D                     	;# 
  3653     030E                     	;# 
  3654     030F                     	;# 
  3655     0310                     	;# 
  3656     0310                     	;# 
  3657     0311                     	;# 
  3658     0312                     	;# 
  3659     0312                     	;# 
  3660     0313                     	;# 
  3661     0313                     	;# 
  3662     0314                     	;# 
  3663     0315                     	;# 
  3664     0316                     	;# 
  3665     0316                     	;# 
  3666     0317                     	;# 
  3667     0318                     	;# 
  3668     0318                     	;# 
  3669     0319                     	;# 
  3670     0319                     	;# 
  3671     031A                     	;# 
  3672     031B                     	;# 
  3673     031C                     	;# 
  3674     031C                     	;# 
  3675     031D                     	;# 
  3676     038C                     	;# 
  3677     038C                     	;# 
  3678     038D                     	;# 
  3679     038E                     	;# 
  3680     038F                     	;# 
  3681     0390                     	;# 
  3682     0390                     	;# 
  3683     0391                     	;# 
  3684     0392                     	;# 
  3685     0393                     	;# 
  3686     039F                     	;# 
  3687     040C                     	;# 
  3688     040C                     	;# 
  3689     040D                     	;# 
  3690     040E                     	;# 
  3691     040F                     	;# 
  3692     040F                     	;# 
  3693     0410                     	;# 
  3694     0411                     	;# 
  3695     0412                     	;# 
  3696     0412                     	;# 
  3697     0413                     	;# 
  3698     0414                     	;# 
  3699     041F                     	;# 
  3700     048C                     	;# 
  3701     048C                     	;# 
  3702     048D                     	;# 
  3703     048E                     	;# 
  3704     048F                     	;# 
  3705     048F                     	;# 
  3706     0490                     	;# 
  3707     0491                     	;# 
  3708     0492                     	;# 
  3709     0493                     	;# 
  3710     050C                     	;# 
  3711     050C                     	;# 
  3712     050D                     	;# 
  3713     050D                     	;# 
  3714     050E                     	;# 
  3715     050F                     	;# 
  3716     0510                     	;# 
  3717     0511                     	;# 
  3718     0512                     	;# 
  3719     0513                     	;# 
  3720     0514                     	;# 
  3721     058C                     	;# 
  3722     058D                     	;# 
  3723     058E                     	;# 
  3724     058F                     	;# 
  3725     0590                     	;# 
  3726     0591                     	;# 
  3727     0592                     	;# 
  3728     0593                     	;# 
  3729     0594                     	;# 
  3730     0595                     	;# 
  3731     0596                     	;# 
  3732     0597                     	;# 
  3733     060C                     	;# 
  3734     060D                     	;# 
  3735     060E                     	;# 
  3736     060E                     	;# 
  3737     060F                     	;# 
  3738     0610                     	;# 
  3739     0611                     	;# 
  3740     0612                     	;# 
  3741     0616                     	;# 
  3742     0617                     	;# 
  3743     0618                     	;# 
  3744     0618                     	;# 
  3745     0619                     	;# 
  3746     061A                     	;# 
  3747     061B                     	;# 
  3748     061C                     	;# 
  3749     068C                     	;# 
  3750     068D                     	;# 
  3751     068E                     	;# 
  3752     068F                     	;# 
  3753     0690                     	;# 
  3754     0691                     	;# 
  3755     0692                     	;# 
  3756     0696                     	;# 
  3757     0697                     	;# 
  3758     0698                     	;# 
  3759     0699                     	;# 
  3760     069A                     	;# 
  3761     069B                     	;# 
  3762     069C                     	;# 
  3763     100C                     	;# 
  3764     100D                     	;# 
  3765     101F                     	;# 
  3766     108C                     	;# 
  3767     108D                     	;# 
  3768     108E                     	;# 
  3769     108F                     	;# 
  3770     109F                     	;# 
  3771     109F                     	;# 
  3772     110C                     	;# 
  3773     110D                     	;# 
  3774     1C8C                     	;# 
  3775     1C8C                     	;# 
  3776     1C8D                     	;# 
  3777     1C8E                     	;# 
  3778     1C8E                     	;# 
  3779     1C8F                     	;# 
  3780     1C90                     	;# 
  3781     1C91                     	;# 
  3782     1D0C                     	;# 
  3783     1D0C                     	;# 
  3784     1D0D                     	;# 
  3785     1D0E                     	;# 
  3786     1D0E                     	;# 
  3787     1D0F                     	;# 
  3788     1D10                     	;# 
  3789     1D10                     	;# 
  3790     1D11                     	;# 
  3791     1D12                     	;# 
  3792     1D12                     	;# 
  3793     1D13                     	;# 
  3794     1D14                     	;# 
  3795     1D14                     	;# 
  3796     1D15                     	;# 
  3797     1D16                     	;# 
  3798     1D16                     	;# 
  3799     1D17                     	;# 
  3800     1D18                     	;# 
  3801     1D19                     	;# 
  3802     1D1A                     	;# 
  3803     1D1B                     	;# 
  3804     1D1B                     	;# 
  3805     1D1C                     	;# 
  3806     1D1D                     	;# 
  3807     1D1D                     	;# 
  3808     1D1E                     	;# 
  3809     1D1F                     	;# 
  3810     1D21                     	;# 
  3811     1D21                     	;# 
  3812     1D22                     	;# 
  3813     1D23                     	;# 
  3814     1D24                     	;# 
  3815     1D24                     	;# 
  3816     1D25                     	;# 
  3817     1D26                     	;# 
  3818     1D27                     	;# 
  3819     1D28                     	;# 
  3820     1D29                     	;# 
  3821     1D2A                     	;# 
  3822     1D2B                     	;# 
  3823     1D2C                     	;# 
  3824     1D2D                     	;# 
  3825     1D2E                     	;# 
  3826     1D2F                     	;# 
  3827     1D30                     	;# 
  3828     1D31                     	;# 
  3829     1D32                     	;# 
  3830     1D8C                     	;# 
  3831     1D8D                     	;# 
  3832     1D8E                     	;# 
  3833     1D8F                     	;# 
  3834     1D90                     	;# 
  3835     1D91                     	;# 
  3836     1D92                     	;# 
  3837     1D93                     	;# 
  3838     1D94                     	;# 
  3839     1D95                     	;# 
  3840     1D96                     	;# 
  3841     1D97                     	;# 
  3842     1D98                     	;# 
  3843     1D99                     	;# 
  3844     1D9A                     	;# 
  3845     1D9B                     	;# 
  3846     1D9C                     	;# 
  3847     1D9D                     	;# 
  3848     1D9E                     	;# 
  3849     1D9F                     	;# 
  3850     1DA0                     	;# 
  3851     1DA1                     	;# 
  3852     1DA2                     	;# 
  3853     1DA3                     	;# 
  3854     1DA4                     	;# 
  3855     1DA5                     	;# 
  3856     1DA6                     	;# 
  3857     1DA7                     	;# 
  3858     1DA8                     	;# 
  3859     1DA9                     	;# 
  3860     1DAA                     	;# 
  3861     1DAB                     	;# 
  3862     1DAC                     	;# 
  3863     1DAD                     	;# 
  3864     1DAE                     	;# 
  3865     1E0C                     	;# 
  3866     1E0D                     	;# 
  3867     1E0E                     	;# 
  3868     1E0F                     	;# 
  3869     1E10                     	;# 
  3870     1E11                     	;# 
  3871     1E12                     	;# 
  3872     1E19                     	;# 
  3873     1E1A                     	;# 
  3874     1E1B                     	;# 
  3875     1E1E                     	;# 
  3876     1E1F                     	;# 
  3877     1E39                     	;# 
  3878     1E3D                     	;# 
  3879     1E3E                     	;# 
  3880     1E3F                     	;# 
  3881     1E40                     	;# 
  3882     1E41                     	;# 
  3883     1E41                     	;# 
  3884     1E42                     	;# 
  3885     1E42                     	;# 
  3886     1E43                     	;# 
  3887     1E43                     	;# 
  3888     1E44                     	;# 
  3889     1E44                     	;# 
  3890     1E47                     	;# 
  3891     1E48                     	;# 
  3892     1E49                     	;# 
  3893     1E4A                     	;# 
  3894     1E4B                     	;# 
  3895     1E4C                     	;# 
  3896     1E50                     	;# 
  3897     1E8C                     	;# 
  3898     1E8D                     	;# 
  3899     1E8E                     	;# 
  3900     1E8F                     	;# 
  3901     1E90                     	;# 
  3902     1E91                     	;# 
  3903     1E92                     	;# 
  3904     1E93                     	;# 
  3905     1E96                     	;# 
  3906     1E97                     	;# 
  3907     1E98                     	;# 
  3908     1E99                     	;# 
  3909     1E9A                     	;# 
  3910     1E9B                     	;# 
  3911     1E9C                     	;# 
  3912     1E9D                     	;# 
  3913     1EA0                     	;# 
  3914     1EA1                     	;# 
  3915     1EA2                     	;# 
  3916     1EA3                     	;# 
  3917     1EA4                     	;# 
  3918     1EA5                     	;# 
  3919     1EA6                     	;# 
  3920     1EA7                     	;# 
  3921     1EAA                     	;# 
  3922     1EAB                     	;# 
  3923     1EAC                     	;# 
  3924     1EAD                     	;# 
  3925     1EAE                     	;# 
  3926     1EB4                     	;# 
  3927     1EB5                     	;# 
  3928     1EB6                     	;# 
  3929     1EB7                     	;# 
  3930     1EB8                     	;# 
  3931     1EB9                     	;# 
  3932     1EBA                     	;# 
  3933     1EBB                     	;# 
  3934     1EE3                     	;# 
  3935     1EE4                     	;# 
  3936     1EEB                     	;# 
  3937     1EEC                     	;# 
  3938     1EEE                     	;# 
  3939     1EEF                     	;# 
  3940     1F0C                     	;# 
  3941     1F0D                     	;# 
  3942     1F0E                     	;# 
  3943     1FE4                     	;# 
  3944     1FE5                     	;# 
  3945     1FE6                     	;# 
  3946     1FE7                     	;# 
  3947     1FE8                     	;# 
  3948     1FE8                     	;# 
  3949     1FE9                     	;# 
  3950     1FEA                     	;# 
  3951     1FEA                     	;# 
  3952     1FEB                     	;# 
  3953     1FED                     	;# 
  3954     1FEE                     	;# 
  3955     1FEF                     	;# 
  3956     0000                     	;# 
  3957     0001                     	;# 
  3958     0002                     	;# 
  3959     0003                     	;# 
  3960     0004                     	;# 
  3961     0005                     	;# 
  3962     0006                     	;# 
  3963     0007                     	;# 
  3964     0008                     	;# 
  3965     0009                     	;# 
  3966     000A                     	;# 
  3967     000B                     	;# 
  3968     000C                     	;# 
  3969     000D                     	;# 
  3970     000E                     	;# 
  3971     000F                     	;# 
  3972     0010                     	;# 
  3973     0012                     	;# 
  3974     0013                     	;# 
  3975     0014                     	;# 
  3976     0015                     	;# 
  3977     0016                     	;# 
  3978     0018                     	;# 
  3979     0019                     	;# 
  3980     001A                     	;# 
  3981     001B                     	;# 
  3982     001C                     	;# 
  3983     008C                     	;# 
  3984     008D                     	;# 
  3985     008E                     	;# 
  3986     008F                     	;# 
  3987     0090                     	;# 
  3988     0096                     	;# 
  3989     0097                     	;# 
  3990     0098                     	;# 
  3991     0099                     	;# 
  3992     009A                     	;# 
  3993     018C                     	;# 
  3994     018D                     	;# 
  3995     018E                     	;# 
  3996     018F                     	;# 
  3997     019C                     	;# 
  3998     019C                     	;# 
  3999     019D                     	;# 
  4000     019D                     	;# 
  4001     019E                     	;# 
  4002     019F                     	;# 
  4003     020E                     	;# 
  4004     020F                     	;# 
  4005     0210                     	;# 
  4006     0211                     	;# 
  4007     0212                     	;# 
  4008     0213                     	;# 
  4009     0214                     	;# 
  4010     028C                     	;# 
  4011     028C                     	;# 
  4012     028D                     	;# 
  4013     028E                     	;# 
  4014     028F                     	;# 
  4015     028F                     	;# 
  4016     0290                     	;# 
  4017     0290                     	;# 
  4018     0291                     	;# 
  4019     0291                     	;# 
  4020     0292                     	;# 
  4021     0292                     	;# 
  4022     0293                     	;# 
  4023     0294                     	;# 
  4024     0295                     	;# 
  4025     0295                     	;# 
  4026     0296                     	;# 
  4027     0296                     	;# 
  4028     0297                     	;# 
  4029     0297                     	;# 
  4030     030C                     	;# 
  4031     030C                     	;# 
  4032     030D                     	;# 
  4033     030D                     	;# 
  4034     030E                     	;# 
  4035     030F                     	;# 
  4036     0310                     	;# 
  4037     0310                     	;# 
  4038     0311                     	;# 
  4039     0312                     	;# 
  4040     0312                     	;# 
  4041     0313                     	;# 
  4042     0313                     	;# 
  4043     0314                     	;# 
  4044     0315                     	;# 
  4045     0316                     	;# 
  4046     0316                     	;# 
  4047     0317                     	;# 
  4048     0318                     	;# 
  4049     0318                     	;# 
  4050     0319                     	;# 
  4051     0319                     	;# 
  4052     031A                     	;# 
  4053     031B                     	;# 
  4054     031C                     	;# 
  4055     031C                     	;# 
  4056     031D                     	;# 
  4057     038C                     	;# 
  4058     038C                     	;# 
  4059     038D                     	;# 
  4060     038E                     	;# 
  4061     038F                     	;# 
  4062     0390                     	;# 
  4063     0390                     	;# 
  4064     0391                     	;# 
  4065     0392                     	;# 
  4066     0393                     	;# 
  4067     039F                     	;# 
  4068     040C                     	;# 
  4069     040C                     	;# 
  4070     040D                     	;# 
  4071     040E                     	;# 
  4072     040F                     	;# 
  4073     040F                     	;# 
  4074     0410                     	;# 
  4075     0411                     	;# 
  4076     0412                     	;# 
  4077     0412                     	;# 
  4078     0413                     	;# 
  4079     0414                     	;# 
  4080     041F                     	;# 
  4081     048C                     	;# 
  4082     048C                     	;# 
  4083     048D                     	;# 
  4084     048E                     	;# 
  4085     048F                     	;# 
  4086     048F                     	;# 
  4087     0490                     	;# 
  4088     0491                     	;# 
  4089     0492                     	;# 
  4090     0493                     	;# 
  4091     050C                     	;# 
  4092     050C                     	;# 
  4093     050D                     	;# 
  4094     050D                     	;# 
  4095     050E                     	;# 
  4096     050F                     	;# 
  4097     0510                     	;# 
  4098     0511                     	;# 
  4099     0512                     	;# 
  4100     0513                     	;# 
  4101     0514                     	;# 
  4102     058C                     	;# 
  4103     058D                     	;# 
  4104     058E                     	;# 
  4105     058F                     	;# 
  4106     0590                     	;# 
  4107     0591                     	;# 
  4108     0592                     	;# 
  4109     0593                     	;# 
  4110     0594                     	;# 
  4111     0595                     	;# 
  4112     0596                     	;# 
  4113     0597                     	;# 
  4114     060C                     	;# 
  4115     060D                     	;# 
  4116     060E                     	;# 
  4117     060E                     	;# 
  4118     060F                     	;# 
  4119     0610                     	;# 
  4120     0611                     	;# 
  4121     0612                     	;# 
  4122     0616                     	;# 
  4123     0617                     	;# 
  4124     0618                     	;# 
  4125     0618                     	;# 
  4126     0619                     	;# 
  4127     061A                     	;# 
  4128     061B                     	;# 
  4129     061C                     	;# 
  4130     068C                     	;# 
  4131     068D                     	;# 
  4132     068E                     	;# 
  4133     068F                     	;# 
  4134     0690                     	;# 
  4135     0691                     	;# 
  4136     0692                     	;# 
  4137     0696                     	;# 
  4138     0697                     	;# 
  4139     0698                     	;# 
  4140     0699                     	;# 
  4141     069A                     	;# 
  4142     069B                     	;# 
  4143     069C                     	;# 
  4144     100C                     	;# 
  4145     100D                     	;# 
  4146     101F                     	;# 
  4147     108C                     	;# 
  4148     108D                     	;# 
  4149     108E                     	;# 
  4150     108F                     	;# 
  4151     109F                     	;# 
  4152     109F                     	;# 
  4153     110C                     	;# 
  4154     110D                     	;# 
  4155     1C8C                     	;# 
  4156     1C8C                     	;# 
  4157     1C8D                     	;# 
  4158     1C8E                     	;# 
  4159     1C8E                     	;# 
  4160     1C8F                     	;# 
  4161     1C90                     	;# 
  4162     1C91                     	;# 
  4163     1D0C                     	;# 
  4164     1D0C                     	;# 
  4165     1D0D                     	;# 
  4166     1D0E                     	;# 
  4167     1D0E                     	;# 
  4168     1D0F                     	;# 
  4169     1D10                     	;# 
  4170     1D10                     	;# 
  4171     1D11                     	;# 
  4172     1D12                     	;# 
  4173     1D12                     	;# 
  4174     1D13                     	;# 
  4175     1D14                     	;# 
  4176     1D14                     	;# 
  4177     1D15                     	;# 
  4178     1D16                     	;# 
  4179     1D16                     	;# 
  4180     1D17                     	;# 
  4181     1D18                     	;# 
  4182     1D19                     	;# 
  4183     1D1A                     	;# 
  4184     1D1B                     	;# 
  4185     1D1B                     	;# 
  4186     1D1C                     	;# 
  4187     1D1D                     	;# 
  4188     1D1D                     	;# 
  4189     1D1E                     	;# 
  4190     1D1F                     	;# 
  4191     1D21                     	;# 
  4192     1D21                     	;# 
  4193     1D22                     	;# 
  4194     1D23                     	;# 
  4195     1D24                     	;# 
  4196     1D24                     	;# 
  4197     1D25                     	;# 
  4198     1D26                     	;# 
  4199     1D27                     	;# 
  4200     1D28                     	;# 
  4201     1D29                     	;# 
  4202     1D2A                     	;# 
  4203     1D2B                     	;# 
  4204     1D2C                     	;# 
  4205     1D2D                     	;# 
  4206     1D2E                     	;# 
  4207     1D2F                     	;# 
  4208     1D30                     	;# 
  4209     1D31                     	;# 
  4210     1D32                     	;# 
  4211     1D8C                     	;# 
  4212     1D8D                     	;# 
  4213     1D8E                     	;# 
  4214     1D8F                     	;# 
  4215     1D90                     	;# 
  4216     1D91                     	;# 
  4217     1D92                     	;# 
  4218     1D93                     	;# 
  4219     1D94                     	;# 
  4220     1D95                     	;# 
  4221     1D96                     	;# 
  4222     1D97                     	;# 
  4223     1D98                     	;# 
  4224     1D99                     	;# 
  4225     1D9A                     	;# 
  4226     1D9B                     	;# 
  4227     1D9C                     	;# 
  4228     1D9D                     	;# 
  4229     1D9E                     	;# 
  4230     1D9F                     	;# 
  4231     1DA0                     	;# 
  4232     1DA1                     	;# 
  4233     1DA2                     	;# 
  4234     1DA3                     	;# 
  4235     1DA4                     	;# 
  4236     1DA5                     	;# 
  4237     1DA6                     	;# 
  4238     1DA7                     	;# 
  4239     1DA8                     	;# 
  4240     1DA9                     	;# 
  4241     1DAA                     	;# 
  4242     1DAB                     	;# 
  4243     1DAC                     	;# 
  4244     1DAD                     	;# 
  4245     1DAE                     	;# 
  4246     1E0C                     	;# 
  4247     1E0D                     	;# 
  4248     1E0E                     	;# 
  4249     1E0F                     	;# 
  4250     1E10                     	;# 
  4251     1E11                     	;# 
  4252     1E12                     	;# 
  4253     1E19                     	;# 
  4254     1E1A                     	;# 
  4255     1E1B                     	;# 
  4256     1E1E                     	;# 
  4257     1E1F                     	;# 
  4258     1E39                     	;# 
  4259     1E3D                     	;# 
  4260     1E3E                     	;# 
  4261     1E3F                     	;# 
  4262     1E40                     	;# 
  4263     1E41                     	;# 
  4264     1E41                     	;# 
  4265     1E42                     	;# 
  4266     1E42                     	;# 
  4267     1E43                     	;# 
  4268     1E43                     	;# 
  4269     1E44                     	;# 
  4270     1E44                     	;# 
  4271     1E47                     	;# 
  4272     1E48                     	;# 
  4273     1E49                     	;# 
  4274     1E4A                     	;# 
  4275     1E4B                     	;# 
  4276     1E4C                     	;# 
  4277     1E50                     	;# 
  4278     1E8C                     	;# 
  4279     1E8D                     	;# 
  4280     1E8E                     	;# 
  4281     1E8F                     	;# 
  4282     1E90                     	;# 
  4283     1E91                     	;# 
  4284     1E92                     	;# 
  4285     1E93                     	;# 
  4286     1E96                     	;# 
  4287     1E97                     	;# 
  4288     1E98                     	;# 
  4289     1E99                     	;# 
  4290     1E9A                     	;# 
  4291     1E9B                     	;# 
  4292     1E9C                     	;# 
  4293     1E9D                     	;# 
  4294     1EA0                     	;# 
  4295     1EA1                     	;# 
  4296     1EA2                     	;# 
  4297     1EA3                     	;# 
  4298     1EA4                     	;# 
  4299     1EA5                     	;# 
  4300     1EA6                     	;# 
  4301     1EA7                     	;# 
  4302     1EAA                     	;# 
  4303     1EAB                     	;# 
  4304     1EAC                     	;# 
  4305     1EAD                     	;# 
  4306     1EAE                     	;# 
  4307     1EB4                     	;# 
  4308     1EB5                     	;# 
  4309     1EB6                     	;# 
  4310     1EB7                     	;# 
  4311     1EB8                     	;# 
  4312     1EB9                     	;# 
  4313     1EBA                     	;# 
  4314     1EBB                     	;# 
  4315     1EE3                     	;# 
  4316     1EE4                     	;# 
  4317     1EEB                     	;# 
  4318     1EEC                     	;# 
  4319     1EEE                     	;# 
  4320     1EEF                     	;# 
  4321     1F0C                     	;# 
  4322     1F0D                     	;# 
  4323     1F0E                     	;# 
  4324     1FE4                     	;# 
  4325     1FE5                     	;# 
  4326     1FE6                     	;# 
  4327     1FE7                     	;# 
  4328     1FE8                     	;# 
  4329     1FE8                     	;# 
  4330     1FE9                     	;# 
  4331     1FEA                     	;# 
  4332     1FEA                     	;# 
  4333     1FEB                     	;# 
  4334     1FED                     	;# 
  4335     1FEE                     	;# 
  4336     1FEF                     	;# 
  4337                           
  4338 ;; Function _I2C1_Deinitialize is unused but had its address taken
  4339     0000                     
  4340 ;; Function _I2C1_Write is unused but had its address taken
  4341     0000                     
  4342 ;; Function _I2C1_Read is unused but had its address taken
  4343     0000                     
  4344 ;; Function _I2C1_WriteRead is unused but had its address taken
  4345     0000                     
  4346 ;; Function _I2C1_ErrorGet is unused but had its address taken
  4347     0000                     
  4348 ;; Function _I2C1_IsBusy is unused but had its address taken
  4349     0000                     
  4350 ;; Function _INT_DefaultInterruptHandler is unused but had its address taken
  4351     0000                     
  4352 ;; Function _EUSART1_Deinitialize is unused but had its address taken
  4353     0000                     
  4354 ;; Function _EUSART1_TransmitEnable is unused but had its address taken
  4355     0000                     
  4356 ;; Function _EUSART1_TransmitDisable is unused but had its address taken
  4357     0000                     
  4358 ;; Function _EUSART1_AutoBaudSet is unused but had its address taken
  4359     0000                     
  4360 ;; Function _EUSART1_AutoBaudQuery is unused but had its address taken
  4361     0000                     
  4362 ;; Function _EUSART1_IsRxReady is unused but had its address taken
  4363     0000                     
  4364 ;; Function _EUSART1_IsTxDone is unused but had its address taken
  4365     0000                     
  4366 ;; Function _EUSART1_ErrorGet is unused but had its address taken
  4367     0000                     
  4368 ;; Function _EUSART1_Read is unused but had its address taken
  4369     0000                     
  4370 ;; Function _EUSART2_Deinitialize is unused but had its address taken
  4371     0000                     
  4372 ;; Function _EUSART2_TransmitEnable is unused but had its address taken
  4373     0000                     
  4374 ;; Function _EUSART2_TransmitDisable is unused but had its address taken
  4375     0000                     
  4376 ;; Function _EUSART2_AutoBaudSet is unused but had its address taken
  4377     0000                     
  4378 ;; Function _EUSART2_AutoBaudQuery is unused but had its address taken
  4379     0000                     
  4380 ;; Function _EUSART2_ErrorGet is unused but had its address taken
  4381     0000                     
  4382                           	psect	idataBANK1
  4383     0002                     __pidataBANK1:
  4384                           
  4385                           ;initializer for PN532_ReadPassiveTarget@F8585
  4386     0002  3401               	retlw	1
  4387     0003  3400               	retlw	0
  4388                           
  4389                           	psect	idataBANK2
  4390     0B90                     __pidataBANK2:
  4391                           
  4392                           ;initializer for PN532_Init@F8580
  4393     0B90  3405               	retlw	5
  4394     0B91  34FF               	retlw	255
  4395     0B92  3401               	retlw	1
  4396     0B93  3402               	retlw	2
  4397                           
  4398                           ;initializer for PN532_Init@F8578
  4399     0B94  3401               	retlw	1
  4400     0B95  3414               	retlw	20
  4401     0B96  3400               	retlw	0
  4402                           
  4403                           	psect	stringtext1
  4404     1000                     __pstringtext1:
  4405     1000                     _UART2:
  4406     1000  34E1               	retlw	low _EUSART2_Initialize
  4407     1001  340C               	retlw	high _EUSART2_Initialize
  4408     1002  3400               	retlw	0
  4409     1003  3400               	retlw	0
  4410     1004  34A9               	retlw	low _EUSART2_Read
  4411     1005  340D               	retlw	high _EUSART2_Read
  4412     1006  34FB               	retlw	low _EUSART2_Write
  4413     1007  3407               	retlw	high _EUSART2_Write
  4414     1008  3452               	retlw	low _EUSART2_IsRxReady
  4415     1009  340B               	retlw	high _EUSART2_IsRxReady
  4416     100A  3443               	retlw	low _EUSART2_IsTxReady
  4417     100B  340C               	retlw	high _EUSART2_IsTxReady
  4418     100C  342E               	retlw	low _EUSART2_IsTxDone
  4419     100D  340B               	retlw	high _EUSART2_IsTxDone
  4420     100E  3400               	retlw	0
  4421     100F  3400               	retlw	0
  4422     1010  3400               	retlw	0
  4423     1011  3400               	retlw	0
  4424     1012  3400               	retlw	0
  4425     1013  3400               	retlw	0
  4426     1014  3400               	retlw	0
  4427     1015  3400               	retlw	0
  4428     1016  3400               	retlw	0
  4429     1017  3400               	retlw	0
  4430     1018  3400               	retlw	0
  4431     1019  3400               	retlw	0
  4432     101A  3400               	retlw	0
  4433     101B  3400               	retlw	0
  4434     101C  3400               	retlw	0
  4435     101D  3400               	retlw	0
  4436     101E  3400               	retlw	0
  4437     101F  3400               	retlw	0
  4438     1020  3400               	retlw	0
  4439     1021  3400               	retlw	0
  4440     1022  3400               	retlw	0
  4441     1023  3400               	retlw	0
  4442     1024  3400               	retlw	0
  4443     1025  3400               	retlw	0
  4444     1026  3400               	retlw	0
  4445     1027  3400               	retlw	0
  4446     1028  34DC               	retlw	low _EUSART2_FramingErrorCallbackRegister
  4447     1029  340B               	retlw	high _EUSART2_FramingErrorCallbackRegister
  4448     102A  3402               	retlw	low _EUSART2_OverrunErrorCallbackRegister
  4449     102B  340C               	retlw	high _EUSART2_OverrunErrorCallbackRegister
  4450     102C  3400               	retlw	0
  4451     102D  3400               	retlw	0
  4452     102E  3400               	retlw	0
  4453     102F  3400               	retlw	0
  4454     1030                     __end_of_UART2:
  4455                           
  4456                           	psect	stringtext2
  4457     1030                     __pstringtext2:
  4458     1030                     _UART1:
  4459     1030  34FF               	retlw	low _EUSART1_Initialize
  4460     1031  340C               	retlw	high _EUSART1_Initialize
  4461     1032  3400               	retlw	0
  4462     1033  3400               	retlw	0
  4463     1034  3400               	retlw	0
  4464     1035  3400               	retlw	0
  4465     1036  3448               	retlw	low _EUSART1_Write
  4466     1037  340B               	retlw	high _EUSART1_Write
  4467     1038  3400               	retlw	0
  4468     1039  3400               	retlw	0
  4469     103A  3431               	retlw	low _EUSART1_IsTxReady
  4470     103B  340C               	retlw	high _EUSART1_IsTxReady
  4471     103C  3400               	retlw	0
  4472     103D  3400               	retlw	0
  4473     103E  3400               	retlw	0
  4474     103F  3400               	retlw	0
  4475     1040  3400               	retlw	0
  4476     1041  3400               	retlw	0
  4477     1042  3400               	retlw	0
  4478     1043  3400               	retlw	0
  4479     1044  3400               	retlw	0
  4480     1045  3400               	retlw	0
  4481     1046  3400               	retlw	0
  4482     1047  3400               	retlw	0
  4483     1048  3400               	retlw	0
  4484     1049  3400               	retlw	0
  4485     104A  3400               	retlw	0
  4486     104B  3400               	retlw	0
  4487     104C  3400               	retlw	0
  4488     104D  3400               	retlw	0
  4489     104E  3400               	retlw	0
  4490     104F  3400               	retlw	0
  4491     1050  3400               	retlw	0
  4492     1051  3400               	retlw	0
  4493     1052  3400               	retlw	0
  4494     1053  3400               	retlw	0
  4495     1054  3400               	retlw	0
  4496     1055  3400               	retlw	0
  4497     1056  3400               	retlw	0
  4498     1057  3400               	retlw	0
  4499     1058  34C4               	retlw	low _EUSART1_FramingErrorCallbackRegister
  4500     1059  340B               	retlw	high _EUSART1_FramingErrorCallbackRegister
  4501     105A  34D0               	retlw	low _EUSART1_OverrunErrorCallbackRegister
  4502     105B  340B               	retlw	high _EUSART1_OverrunErrorCallbackRegister
  4503     105C  3400               	retlw	0
  4504     105D  3400               	retlw	0
  4505     105E  3400               	retlw	0
  4506     105F  3400               	retlw	0
  4507     1060                     __end_of_UART1:
  4508                           
  4509                           	psect	stringtext3
  4510     1060                     __pstringtext3:
  4511     1060                     _I2C1_Host:
  4512     1060  347D               	retlw	low _I2C1_Initialize
  4513     1061  340C               	retlw	high _I2C1_Initialize
  4514     1062  3400               	retlw	0
  4515     1063  3400               	retlw	0
  4516     1064  3400               	retlw	0
  4517     1065  3400               	retlw	0
  4518     1066  3400               	retlw	0
  4519     1067  3400               	retlw	0
  4520     1068  3400               	retlw	0
  4521     1069  3400               	retlw	0
  4522     106A  3400               	retlw	0
  4523     106B  3400               	retlw	0
  4524     106C  3400               	retlw	0
  4525     106D  3400               	retlw	0
  4526     106E  3400               	retlw	0
  4527     106F  3400               	retlw	0
  4528     1070  3411               	retlw	low _I2C1_CallbackRegister
  4529     1071  340C               	retlw	high _I2C1_CallbackRegister
  4530     1072  3400               	retlw	0
  4531     1073  3400               	retlw	0
  4532     1074                     __end_of_I2C1_Host:
  4533                           
  4534                           	psect	stringtext4
  4535     1074                     __pstringtext4:
  4536     1074                     _i2c1_eventTable:
  4537     1074  3422               	retlw	low _I2C1_EVENT_IDLE
  4538     1075  340B               	retlw	high _I2C1_EVENT_IDLE
  4539     1076  3497               	retlw	low _I2C1_EVENT_SEND_RD_ADDR
  4540     1077  340B               	retlw	high _I2C1_EVENT_SEND_RD_ADDR
  4541     1078  347B               	retlw	low _I2C1_EVENT_SEND_WR_ADDR
  4542     1079  340B               	retlw	high _I2C1_EVENT_SEND_WR_ADDR
  4543     107A  34D5               	retlw	low _I2C1_EVENT_TX
  4544     107B  340D               	retlw	high _I2C1_EVENT_TX
  4545     107C  3443               	retlw	low _I2C1_EVENT_RX
  4546     107D  340E               	retlw	high _I2C1_EVENT_RX
  4547     107E  3457               	retlw	low _I2C1_EVENT_NACK
  4548     107F  340B               	retlw	high _I2C1_EVENT_NACK
  4549     1080  345D               	retlw	low _I2C1_EVENT_ERROR
  4550     1081  340B               	retlw	high _I2C1_EVENT_ERROR
  4551     1082  349F               	retlw	low _I2C1_EVENT_STOP
  4552     1083  340B               	retlw	high _I2C1_EVENT_STOP
  4553     1084  3482               	retlw	low _I2C1_EVENT_RESET
  4554     1085  340B               	retlw	high _I2C1_EVENT_RESET
  4555     1086                     __end_of_i2c1_eventTable:
  4556                           
  4557                           	psect	stringtext5
  4558     1086                     __pstringtext5:
  4559     1086                     pn532_transact@expectedAck:
  4560     1086  3400               	retlw	0
  4561     1087  3400               	retlw	0
  4562     1088  34FF               	retlw	255
  4563     1089  3400               	retlw	0
  4564     108A  34FF               	retlw	255
  4565     108B  3400               	retlw	0
  4566     108C                     __end_ofpn532_transact@expectedAck:
  4567     0018                     _LATAbits	set	24
  4568     0012                     _TRISAbits	set	18
  4569     0016                     _TRISE	set	22
  4570     0015                     _TRISD	set	21
  4571     0014                     _TRISC	set	20
  4572     0013                     _TRISB	set	19
  4573     0012                     _TRISA	set	18
  4574     001C                     _LATE	set	28
  4575     001B                     _LATD	set	27
  4576     001A                     _LATC	set	26
  4577     0019                     _LATB	set	25
  4578     0018                     _LATA	set	24
  4579     000B                     _INTCONbits	set	11
  4580     0096                     _PIE0bits	set	150
  4581     008C                     _PIR0bits	set	140
  4582     008F                     _PIR3bits	set	143
  4583     0099                     _PIE3bits	set	153
  4584     0214                     _ACTCON	set	532
  4585     0212                     _OSCTUNE	set	530
  4586     0210                     _OSCSTAT	set	528
  4587     0213                     _OSCFRQ	set	531
  4588     0211                     _OSCEN	set	529
  4589     020F                     _OSCCON3	set	527
  4590     020E                     _OSCCON2	set	526
  4591     0617                     _TX2REG	set	1559
  4592     0616                     _RC2REG	set	1558
  4593     061C                     _BAUD2CONbits	set	1564
  4594     061B                     _TX2STAbits	set	1563
  4595     0619                     _SP2BRGH	set	1561
  4596     0618                     _SP2BRGL	set	1560
  4597     061B                     _TX2STA	set	1563
  4598     061A                     _RC2STA	set	1562
  4599     061C                     _BAUD2CON	set	1564
  4600     060D                     _TX1REG	set	1549
  4601     060C                     _RC1REG	set	1548
  4602     0612                     _BAUD1CONbits	set	1554
  4603     0611                     _TX1STAbits	set	1553
  4604     0610                     _RC1STAbits	set	1552
  4605     060F                     _SP1BRGH	set	1551
  4606     060E                     _SP1BRGL	set	1550
  4607     0611                     _TX1STA	set	1553
  4608     0610                     _RC1STA	set	1552
  4609     0612                     _BAUD1CON	set	1554
  4610     061A                     _RC2STAbits	set	1562
  4611     0691                     _SSP1CON2bits	set	1681
  4612     068C                     _SSP1BUF	set	1676
  4613     068F                     _SSP1STATbits	set	1679
  4614     0690                     _SSP1CON1bits	set	1680
  4615     068D                     _SSP1ADD	set	1677
  4616     0692                     _SSP1CON3	set	1682
  4617     0691                     _SSP1CON2	set	1681
  4618     0690                     _SSP1CON1	set	1680
  4619     068F                     _SSP1STAT	set	1679
  4620     1DA0                     _RC4PPS	set	7584
  4621     1D9F                     _RC3PPS	set	7583
  4622     1D98                     _RB4PPS	set	7576
  4623     1DA5                     _RD1PPS	set	7589
  4624     1D97                     _RB3PPS	set	7575
  4625     1E48                     _SSP1DATPPS	set	7752
  4626     1E47                     _SSP1CLKPPS	set	7751
  4627     1E41                     _RX1PPS	set	7745
  4628     1E43                     _RX2PPS	set	7747
  4629     1EBB                     _IOCEF	set	7867
  4630     1EBA                     _IOCEN	set	7866
  4631     1EB9                     _IOCEP	set	7865
  4632     1EA7                     _IOCCF	set	7847
  4633     1EA6                     _IOCCN	set	7846
  4634     1EA5                     _IOCCP	set	7845
  4635     1E9D                     _IOCBF	set	7837
  4636     1E9C                     _IOCBN	set	7836
  4637     1E9B                     _IOCBP	set	7835
  4638     1E93                     _IOCAF	set	7827
  4639     1E92                     _IOCAN	set	7826
  4640     1E91                     _IOCAP	set	7825
  4641     1EB8                     _INLVLE	set	7864
  4642     1EAE                     _INLVLD	set	7854
  4643     1EA4                     _INLVLC	set	7844
  4644     1E9A                     _INLVLB	set	7834
  4645     1E90                     _INLVLA	set	7824
  4646     1EB7                     _SLRCONE	set	7863
  4647     1EAD                     _SLRCOND	set	7853
  4648     1EA3                     _SLRCONC	set	7843
  4649     1E99                     _SLRCONB	set	7833
  4650     1E8F                     _SLRCONA	set	7823
  4651     1EB6                     _ODCONE	set	7862
  4652     1EAC                     _ODCOND	set	7852
  4653     1EA2                     _ODCONC	set	7842
  4654     1E98                     _ODCONB	set	7832
  4655     1E8E                     _ODCONA	set	7822
  4656     1EB5                     _WPUE	set	7861
  4657     1EAB                     _WPUD	set	7851
  4658     1EA1                     _WPUC	set	7841
  4659     1E97                     _WPUB	set	7831
  4660     1E8D                     _WPUA	set	7821
  4661     1EB4                     _ANSELE	set	7860
  4662     1EAA                     _ANSELD	set	7850
  4663     1EA0                     _ANSELC	set	7840
  4664     1E96                     _ANSELB	set	7830
  4665     1E8C                     _ANSELA	set	7820
  4666     108C                     STR_1:
  4667     108C  343A               	retlw	58	;':'
  4668     108D  343A               	retlw	58	;':'
  4669     108E  3400               	retlw	0
  4670                           
  4671                           	psect	stringtext6
  4672     0000                     __pstringtext6:
  4673                           
  4674                           	psect	cinit
  4675     0033                     start_initialization:	
  4676                           ; #config settings
  4677                           
  4678     0033                     __initialization:
  4679                           
  4680                           ; Initialize objects allocated to BANK1
  4681     0033  0141               	movlb	1	; select bank1
  4682     0034  3180  2002  3180   	fcall	__pidataBANK1	;fetch initializer
  4683     0037  00ED               	movwf	__pdataBANK1& (0+127)
  4684     0038  3180  2003  3180   	fcall	__pidataBANK1+1	;fetch initializer
  4685     003B  00EE               	movwf	(__pdataBANK1+1)& (0+127)
  4686                           
  4687                           ; Initialize objects allocated to BANK2
  4688     003C  3090               	movlw	low __pidataBANK2
  4689     003D  0084               	movwf	4
  4690     003E  308B               	movlw	(high __pidataBANK2)| (0+128)
  4691     003F  0085               	movwf	5
  4692     0040  3058               	movlw	low __pdataBANK2
  4693     0041  0086               	movwf	6
  4694     0042  3001               	movlw	high __pdataBANK2
  4695     0043  0087               	movwf	7
  4696     0044  3007               	movlw	7
  4697     0045  318B  2375  3180   	fcall	init_ram
  4698                           
  4699                           ; Clear objects allocated to COMMON
  4700     0048  01F0               	clrf	__pbssCOMMON& (0+127)
  4701     0049  01F1               	clrf	(__pbssCOMMON+1)& (0+127)
  4702     004A  01F2               	clrf	(__pbssCOMMON+2)& (0+127)
  4703     004B  01F3               	clrf	(__pbssCOMMON+3)& (0+127)
  4704     004C  01F4               	clrf	(__pbssCOMMON+4)& (0+127)
  4705     004D  01F5               	clrf	(__pbssCOMMON+5)& (0+127)
  4706                           
  4707                           ; Clear objects allocated to BANK0
  4708     004E  305F               	movlw	low __pbssBANK0
  4709     004F  0084               	movwf	4
  4710     0050  3000               	movlw	high __pbssBANK0
  4711     0051  0085               	movwf	5
  4712     0052  3010               	movlw	16
  4713     0053  318B  236F  3180   	fcall	clear_ram0
  4714                           
  4715                           ; Clear objects allocated to BANK1
  4716     0056  01E7               	clrf	__pbssBANK1& (0+127)
  4717     0057  01E8               	clrf	(__pbssBANK1+1)& (0+127)
  4718     0058  01E9               	clrf	(__pbssBANK1+2)& (0+127)
  4719     0059  01EA               	clrf	(__pbssBANK1+3)& (0+127)
  4720     005A  01EB               	clrf	(__pbssBANK1+4)& (0+127)
  4721     005B  01EC               	clrf	(__pbssBANK1+5)& (0+127)
  4722                           
  4723                           ; Clear objects allocated to BANK2
  4724     005C  0142               	movlb	2	; select bank2
  4725     005D  01DF               	clrf	__pbssBANK2& (0+127)
  4726     005E  01E0               	clrf	(__pbssBANK2+1)& (0+127)
  4727     005F  01E1               	clrf	(__pbssBANK2+2)& (0+127)
  4728     0060  01E2               	clrf	(__pbssBANK2+3)& (0+127)
  4729     0061  01E3               	clrf	(__pbssBANK2+4)& (0+127)
  4730                           
  4731                           ; Clear objects allocated to BANK3
  4732     0062  30A0               	movlw	low __pbssBANK3
  4733     0063  0084               	movwf	4
  4734     0064  3001               	movlw	high __pbssBANK3
  4735     0065  0085               	movwf	5
  4736     0066  3040               	movlw	64
  4737     0067  318B  236F  3180   	fcall	clear_ram0
  4738     006A                     end_of_initialization:	
  4739                           ;End of C runtime variable initialization code
  4740                           
  4741     006A                     __end_of__initialization:
  4742     006A  107E               	bcf	int$flags,0	;clear compiler interrupt flag (level 1)
  4743     006B  0140               	movlb	0
  4744     006C  3183  2BF1         	ljmp	_main	;jump to C main() function
  4745                           
  4746                           	psect	bssCOMMON
  4747     0070                     __pbssCOMMON:
  4748     0070                     _EUSART1_OverrunErrorHandler:
  4749     0070                     	ds	2
  4750     0072                     _EUSART1_FramingErrorHandler:
  4751     0072                     	ds	2
  4752     0074                     _INT_InterruptHandler:
  4753     0074                     	ds	2
  4754                           
  4755                           	psect	bssBANK0
  4756     005F                     __pbssBANK0:
  4757     005F                     _i2c1Status:
  4758     005F                     	ds	14
  4759     006D                     _EUSART2_FramingErrorHandler:
  4760     006D                     	ds	2
  4761                           
  4762                           	psect	bssBANK1
  4763     00E7                     __pbssBANK1:
  4764     00E7                     _EUSART2_OverrunErrorHandler:
  4765     00E7                     	ds	2
  4766     00E9                     _eusart1RxLastError:
  4767     00E9                     	ds	2
  4768     00EB                     _I2C1_Callback:
  4769     00EB                     	ds	2
  4770                           
  4771                           	psect	dataBANK1
  4772     00ED                     __pdataBANK1:
  4773     00ED                     PN532_ReadPassiveTarget@F8585:
  4774     00ED                     	ds	2
  4775                           
  4776                           	psect	bssBANK2
  4777     015F                     __pbssBANK2:
  4778     015F                     ntag_read4pages@F8594:
  4779     015F                     	ds	3
  4780     0162                     _eusart2RxLastError:
  4781     0162                     	ds	2
  4782                           
  4783                           	psect	dataBANK2
  4784     0158                     __pdataBANK2:
  4785     0158                     PN532_Init@F8580:
  4786     0158                     	ds	4
  4787     015C                     PN532_Init@F8578:
  4788     015C                     	ds	3
  4789                           
  4790                           	psect	bssBANK3
  4791     01A0                     __pbssBANK3:
  4792     01A0                     PN532_ReadNdefText@buf:
  4793     01A0                     	ds	64
  4794                           
  4795                           	psect	inittext
  4796     0B75                     init_ram:
  4797     0B75  00FE               	movwf	btemp
  4798     0B76                     initloop:
  4799     0B76  0012               	moviw fsr0++
  4800     0B77  001E               	movwi fsr1++
  4801     0B78  0BFE               	decfsz	btemp,f
  4802     0B79  2B76               	goto	initloop
  4803     0B7A  3400               	retlw	0
  4804                           
  4805                           	psect	clrtext
  4806     0B6F                     clear_ram0:	
  4807                           ;	Called with FSR0 containing the base address, and
  4808                           ;	WREG with the size to clear
  4809                           
  4810     0B6F  0064               	clrwdt	;clear the watchdog before getting into this loop
  4811     0B70                     clrloop0:
  4812     0B70  0180               	clrf	0	;clear RAM location pointed to by FSR
  4813     0B71  3101               	addfsr 0,1
  4814     0B72  0B89               	decfsz	9,f	;Have we reached the end of clearing yet?
  4815     0B73  2B70               	goto	clrloop0	;have we reached the end yet?
  4816     0B74  3400               	retlw	0	;all done for this memory range, return
  4817                           
  4818                           	psect	cstackBANK2
  4819     0120                     __pcstackBANK2:
  4820     0120                     ??_main:
  4821                           
  4822                           ; 1 bytes @ 0x0
  4823     0120                     	ds	2
  4824     0122                     main@text:
  4825                           
  4826                           ; 32 bytes @ 0x2
  4827     0122                     	ds	32
  4828     0142                     main@lastUid:
  4829                           
  4830                           ; 7 bytes @ 0x22
  4831     0142                     	ds	7
  4832     0149                     main@uid:
  4833                           
  4834                           ; 7 bytes @ 0x29
  4835     0149                     	ds	7
  4836     0150                     main@isNewTag:
  4837                           
  4838                           ; 1 bytes @ 0x30
  4839     0150                     	ds	1
  4840     0151                     main@i:
  4841                           
  4842                           ; 1 bytes @ 0x31
  4843     0151                     	ds	1
  4844     0152                     _main$2043:
  4845                           
  4846                           ; 1 bytes @ 0x32
  4847     0152                     	ds	1
  4848     0153                     main@lastUidLen:
  4849                           
  4850                           ; 1 bytes @ 0x33
  4851     0153                     	ds	1
  4852     0154                     main@track:
  4853                           
  4854                           ; 2 bytes @ 0x34
  4855     0154                     	ds	2
  4856     0156                     main@initResult:
  4857                           
  4858                           ; 1 bytes @ 0x36
  4859     0156                     	ds	1
  4860     0157                     main@uidLen:
  4861                           
  4862                           ; 1 bytes @ 0x37
  4863     0157                     	ds	1
  4864                           
  4865                           	psect	cstackBANK1
  4866     00A0                     __pcstackBANK1:
  4867     00A0                     pn532_transact@buffer:
  4868                           
  4869                           ; 32 bytes @ 0x0
  4870     00A0                     	ds	32
  4871     00C0                     pn532_transact@packet:
  4872                           
  4873                           ; 21 bytes @ 0x20
  4874     00C0                     	ds	21
  4875     00D5                     pn532_transact@frameSize:
  4876                           
  4877                           ; 2 bytes @ 0x35
  4878     00D5                     	ds	2
  4879     00D7                     pn532_transact@lcs:
  4880                           
  4881                           ; 1 bytes @ 0x37
  4882     00D7                     	ds	1
  4883     00D8                     pn532_transact@postambleIndex:
  4884                           
  4885                           ; 1 bytes @ 0x38
  4886     00D8                     	ds	1
  4887     00D9                     pn532_transact@dataLen:
  4888                           
  4889                           ; 1 bytes @ 0x39
  4890     00D9                     	ds	1
  4891     00DA                     pn532_transact@dcsIndex:
  4892                           
  4893                           ; 1 bytes @ 0x3A
  4894     00DA                     	ds	1
  4895     00DB                     pn532_transact@responseSum:
  4896                           
  4897                           ; 1 bytes @ 0x3B
  4898     00DB                     	ds	1
  4899     00DC                     pn532_transact@i_131:
  4900                           
  4901                           ; 1 bytes @ 0x3C
  4902     00DC                     	ds	1
  4903     00DD                     pn532_transact@cmd:
  4904                           
  4905                           ; 1 bytes @ 0x3D
  4906     00DD                     	ds	1
  4907     00DE                     pn532_transact@i:
  4908                           
  4909                           ; 1 bytes @ 0x3E
  4910     00DE                     	ds	1
  4911     00DF                     pn532_transact@paramOutLen:
  4912                           
  4913                           ; 1 bytes @ 0x3F
  4914     00DF                     	ds	1
  4915     00E0                     pn532_transact@i_135:
  4916                           
  4917                           ; 1 bytes @ 0x40
  4918     00E0                     	ds	1
  4919     00E1                     pn532_transact@sum:
  4920                           
  4921                           ; 1 bytes @ 0x41
  4922     00E1                     	ds	1
  4923     00E2                     pn532_transact@count:
  4924                           
  4925                           ; 1 bytes @ 0x42
  4926     00E2                     	ds	1
  4927     00E3                     pn532_transact@dataStart:
  4928                           
  4929                           ; 1 bytes @ 0x43
  4930     00E3                     	ds	1
  4931     00E4                     pn532_transact@len:
  4932                           
  4933                           ; 1 bytes @ 0x44
  4934     00E4                     	ds	1
  4935     00E5                     pn532_transact@start:
  4936                           
  4937                           ; 1 bytes @ 0x45
  4938     00E5                     	ds	1
  4939     00E6                     pn532_transact@packetLen:
  4940                           
  4941                           ; 1 bytes @ 0x46
  4942     00E6                     	ds	1
  4943                           
  4944                           	psect	cstackCOMMON
  4945     0076                     __pcstackCOMMON:
  4946     0076                     ?_EUSART2_IsTxReady:
  4947     0076                     ?_EUSART2_IsTxDone:	
  4948                           ; 1 bytes @ 0x0
  4949                           
  4950     0076                     ?_EUSART2_Read:	
  4951                           ; 1 bytes @ 0x0
  4952                           
  4953     0076                     ?_EUSART2_IsRxReady:	
  4954                           ; 1 bytes @ 0x0
  4955                           
  4956     0076                     ?_I2C1_Initialize:	
  4957                           ; 1 bytes @ 0x0
  4958                           
  4959     0076                     ?_I2C1_EVENT_IDLE:	
  4960                           ; 1 bytes @ 0x0
  4961                           
  4962     0076                     ??_I2C1_EVENT_IDLE:	
  4963                           ; 1 bytes @ 0x0
  4964                           
  4965     0076                     ?_I2C1_EVENT_SEND_RD_ADDR:	
  4966                           ; 1 bytes @ 0x0
  4967                           
  4968     0076                     ??_I2C1_EVENT_SEND_RD_ADDR:	
  4969                           ; 1 bytes @ 0x0
  4970                           
  4971     0076                     ?_I2C1_EVENT_SEND_WR_ADDR:	
  4972                           ; 1 bytes @ 0x0
  4973                           
  4974     0076                     ?_I2C1_EVENT_TX:	
  4975                           ; 1 bytes @ 0x0
  4976                           
  4977     0076                     ?_I2C1_EVENT_RX:	
  4978                           ; 1 bytes @ 0x0
  4979                           
  4980     0076                     ??_I2C1_EVENT_RX:	
  4981                           ; 1 bytes @ 0x0
  4982                           
  4983     0076                     ?_I2C1_EVENT_NACK:	
  4984                           ; 1 bytes @ 0x0
  4985                           
  4986     0076                     ??_I2C1_EVENT_NACK:	
  4987                           ; 1 bytes @ 0x0
  4988                           
  4989     0076                     ?_I2C1_EVENT_ERROR:	
  4990                           ; 1 bytes @ 0x0
  4991                           
  4992     0076                     ??_I2C1_EVENT_ERROR:	
  4993                           ; 1 bytes @ 0x0
  4994                           
  4995     0076                     ?_I2C1_EVENT_STOP:	
  4996                           ; 1 bytes @ 0x0
  4997                           
  4998     0076                     ??_I2C1_EVENT_STOP:	
  4999                           ; 1 bytes @ 0x0
  5000                           
  5001     0076                     ?_I2C1_EVENT_RESET:	
  5002                           ; 1 bytes @ 0x0
  5003                           
  5004     0076                     ??_I2C1_EVENT_RESET:	
  5005                           ; 1 bytes @ 0x0
  5006                           
  5007     0076                     ?_I2C1_InterruptsEnable:	
  5008                           ; 1 bytes @ 0x0
  5009                           
  5010     0076                     ?_I2C1_DefaultCallback:	
  5011                           ; 1 bytes @ 0x0
  5012                           
  5013     0076                     ??_I2C1_DefaultCallback:	
  5014                           ; 1 bytes @ 0x0
  5015                           
  5016     0076                     ?_I2C1_EventHandler:	
  5017                           ; 1 bytes @ 0x0
  5018                           
  5019     0076                     ?_I2C1_ErrorEventHandler:	
  5020                           ; 1 bytes @ 0x0
  5021                           
  5022     0076                     ?_I2C1_InterruptClear:	
  5023                           ; 1 bytes @ 0x0
  5024                           
  5025     0076                     ??_I2C1_InterruptClear:	
  5026                           ; 1 bytes @ 0x0
  5027                           
  5028     0076                     ?_I2C1_ErrorInterruptClear:	
  5029                           ; 1 bytes @ 0x0
  5030                           
  5031     0076                     ??_I2C1_ErrorInterruptClear:	
  5032                           ; 1 bytes @ 0x0
  5033                           
  5034     0076                     ?_I2C1_StatusFlagsClear:	
  5035                           ; 1 bytes @ 0x0
  5036                           
  5037     0076                     ??_I2C1_StatusFlagsClear:	
  5038                           ; 1 bytes @ 0x0
  5039                           
  5040     0076                     ?_I2C1_IsAddr:	
  5041                           ; 1 bytes @ 0x0
  5042                           
  5043     0076                     ??_I2C1_IsAddr:	
  5044                           ; 1 bytes @ 0x0
  5045                           
  5046     0076                     ?_I2C1_IsNack:	
  5047                           ; 1 bytes @ 0x0
  5048                           
  5049     0076                     ??_I2C1_IsNack:	
  5050                           ; 1 bytes @ 0x0
  5051                           
  5052     0076                     ?_I2C1_IsData:	
  5053                           ; 1 bytes @ 0x0
  5054                           
  5055     0076                     ??_I2C1_IsData:	
  5056                           ; 1 bytes @ 0x0
  5057                           
  5058     0076                     ?_I2C1_DataTransmit:	
  5059                           ; 1 bytes @ 0x0
  5060                           
  5061     0076                     ??_I2C1_DataTransmit:	
  5062                           ; 1 bytes @ 0x0
  5063                           
  5064     0076                     ?_I2C1_RestartEnable:	
  5065                           ; 1 bytes @ 0x0
  5066                           
  5067     0076                     ??_I2C1_RestartEnable:	
  5068                           ; 1 bytes @ 0x0
  5069                           
  5070     0076                     ?_I2C1_IsRxBufFull:	
  5071                           ; 1 bytes @ 0x0
  5072                           
  5073     0076                     ??_I2C1_IsRxBufFull:	
  5074                           ; 1 bytes @ 0x0
  5075                           
  5076     0076                     ?_I2C1_DataReceive:	
  5077                           ; 1 bytes @ 0x0
  5078                           
  5079     0076                     ??_I2C1_DataReceive:	
  5080                           ; 1 bytes @ 0x0
  5081                           
  5082     0076                     ?_I2C1_AckSend:	
  5083                           ; 1 bytes @ 0x0
  5084                           
  5085     0076                     ??_I2C1_AckSend:	
  5086                           ; 1 bytes @ 0x0
  5087                           
  5088     0076                     ?_I2C1_RestartDisable:	
  5089                           ; 1 bytes @ 0x0
  5090                           
  5091     0076                     ??_I2C1_RestartDisable:	
  5092                           ; 1 bytes @ 0x0
  5093                           
  5094     0076                     ?_I2C1_NackSend:	
  5095                           ; 1 bytes @ 0x0
  5096                           
  5097     0076                     ??_I2C1_NackSend:	
  5098                           ; 1 bytes @ 0x0
  5099                           
  5100     0076                     ?_I2C1_ReceiveEnable:	
  5101                           ; 1 bytes @ 0x0
  5102                           
  5103     0076                     ??_I2C1_ReceiveEnable:	
  5104                           ; 1 bytes @ 0x0
  5105                           
  5106     0076                     ?_I2C1_StopSend:	
  5107                           ; 1 bytes @ 0x0
  5108                           
  5109     0076                     ??_I2C1_StopSend:	
  5110                           ; 1 bytes @ 0x0
  5111                           
  5112     0076                     ?_I2C1_BusReset:	
  5113                           ; 1 bytes @ 0x0
  5114                           
  5115     0076                     ??_I2C1_BusReset:	
  5116                           ; 1 bytes @ 0x0
  5117                           
  5118     0076                     ?_CLOCK_Initialize:	
  5119                           ; 1 bytes @ 0x0
  5120                           
  5121     0076                     ?_PIN_MANAGER_Initialize:	
  5122                           ; 1 bytes @ 0x0
  5123                           
  5124     0076                     ?_EUSART1_Initialize:	
  5125                           ; 1 bytes @ 0x0
  5126                           
  5127     0076                     ?_EUSART2_Initialize:	
  5128                           ; 1 bytes @ 0x0
  5129                           
  5130     0076                     ?_INTERRUPT_Initialize:	
  5131                           ; 1 bytes @ 0x0
  5132                           
  5133     0076                     ?_PIN_MANAGER_IOC:	
  5134                           ; 1 bytes @ 0x0
  5135                           
  5136     0076                     ??_PIN_MANAGER_IOC:	
  5137                           ; 1 bytes @ 0x0
  5138                           
  5139     0076                     ?_EUSART1_IsTxReady:	
  5140                           ; 1 bytes @ 0x0
  5141                           
  5142     0076                     ?_EUSART1_DefaultFramingErrorCallback:	
  5143                           ; 1 bytes @ 0x0
  5144                           
  5145     0076                     ?_EUSART1_DefaultOverrunErrorCallback:	
  5146                           ; 1 bytes @ 0x0
  5147                           
  5148     0076                     ?_EUSART2_DefaultFramingErrorCallback:	
  5149                           ; 1 bytes @ 0x0
  5150                           
  5151     0076                     ?_EUSART2_DefaultOverrunErrorCallback:	
  5152                           ; 1 bytes @ 0x0
  5153                           
  5154     0076                     ?_DFPlayer_Init:	
  5155                           ; 1 bytes @ 0x0
  5156                           
  5157     0076                     ?_DFPlayer_Stop:	
  5158                           ; 1 bytes @ 0x0
  5159                           
  5160     0076                     ?_DFPlayer_SetVolume:	
  5161                           ; 1 bytes @ 0x0
  5162                           
  5163     0076                     ?_PN532_Init:	
  5164                           ; 1 bytes @ 0x0
  5165                           
  5166     0076                     ?_I2C1_ISR:	
  5167                           ; 1 bytes @ 0x0
  5168                           
  5169     0076                     ?_I2C1_ERROR_ISR:	
  5170                           ; 1 bytes @ 0x0
  5171                           
  5172     0076                     ?_I2C1_Close:	
  5173                           ; 1 bytes @ 0x0
  5174                           
  5175     0076                     ??_I2C1_Close:	
  5176                           ; 1 bytes @ 0x0
  5177                           
  5178     0076                     ?_SYSTEM_Initialize:	
  5179                           ; 1 bytes @ 0x0
  5180                           
  5181     0076                     ?_INTERRUPT_InterruptManager:	
  5182                           ; 1 bytes @ 0x0
  5183                           
  5184     0076                     ?_dfplayer_uart_write:	
  5185                           ; 1 bytes @ 0x0
  5186                           
  5187     0076                     ?_main:	
  5188                           ; 1 bytes @ 0x0
  5189                           
  5190     0076                     I2C1_EVENT_NACK@retEventState:	
  5191                           ; 2 bytes @ 0x0
  5192                           
  5193     0076                     I2C1_EVENT_ERROR@retEventState:	
  5194                           ; 1 bytes @ 0x0
  5195                           
  5196     0076                     I2C1_DataTransmit@data:	
  5197                           ; 1 bytes @ 0x0
  5198                           
  5199                           
  5200                           ; 1 bytes @ 0x0
  5201     0076                     	ds	1
  5202     0077                     ??_I2C1_EVENT_SEND_WR_ADDR:
  5203     0077                     ??_I2C1_EVENT_TX:	
  5204                           ; 1 bytes @ 0x1
  5205                           
  5206     0077                     I2C1_EVENT_RX@retEventState:	
  5207                           ; 1 bytes @ 0x1
  5208                           
  5209                           
  5210                           ; 1 bytes @ 0x1
  5211     0077                     	ds	2
  5212     0079                     I2C1_EVENT_TX@retEventState:
  5213                           
  5214                           ; 1 bytes @ 0x3
  5215     0079                     	ds	1
  5216     007A                     ??_I2C1_EventHandler:
  5217     007A                     ??_I2C1_ErrorEventHandler:	
  5218                           ; 1 bytes @ 0x4
  5219                           
  5220                           
  5221                           ; 1 bytes @ 0x4
  5222     007A                     	ds	2
  5223     007C                     ??_I2C1_ISR:
  5224     007C                     ??_I2C1_ERROR_ISR:	
  5225                           ; 1 bytes @ 0x6
  5226                           
  5227     007C                     ??_INTERRUPT_InterruptManager:	
  5228                           ; 1 bytes @ 0x6
  5229                           
  5230                           
  5231                           	psect	cstackBANK0
  5232     0020                     __pcstackBANK0:	
  5233                           ; 1 bytes @ 0x6
  5234                           
  5235     0020                     ??_EUSART2_IsTxReady:
  5236     0020                     ?_EUSART2_Write:	
  5237                           ; 1 bytes @ 0x0
  5238                           
  5239     0020                     ??_EUSART2_IsTxDone:	
  5240                           ; 1 bytes @ 0x0
  5241                           
  5242     0020                     ??_EUSART2_Read:	
  5243                           ; 1 bytes @ 0x0
  5244                           
  5245     0020                     ??_EUSART2_IsRxReady:	
  5246                           ; 1 bytes @ 0x0
  5247                           
  5248     0020                     ?_memcpy:	
  5249                           ; 1 bytes @ 0x0
  5250                           
  5251     0020                     ?_I2C1_CallbackRegister:	
  5252                           ; 1 bytes @ 0x0
  5253                           
  5254     0020                     ??_I2C1_InterruptsEnable:	
  5255                           ; 1 bytes @ 0x0
  5256                           
  5257     0020                     ??_CLOCK_Initialize:	
  5258                           ; 1 bytes @ 0x0
  5259                           
  5260     0020                     ??_PIN_MANAGER_Initialize:	
  5261                           ; 1 bytes @ 0x0
  5262                           
  5263     0020                     ?_INT_SetInterruptHandler:	
  5264                           ; 1 bytes @ 0x0
  5265                           
  5266     0020                     ?_EUSART1_Write:	
  5267                           ; 1 bytes @ 0x0
  5268                           
  5269     0020                     ??_EUSART1_IsTxReady:	
  5270                           ; 1 bytes @ 0x0
  5271                           
  5272     0020                     ?_EUSART1_FramingErrorCallbackRegister:	
  5273                           ; 1 bytes @ 0x0
  5274                           
  5275     0020                     ?_EUSART1_OverrunErrorCallbackRegister:	
  5276                           ; 1 bytes @ 0x0
  5277                           
  5278     0020                     ??_EUSART1_DefaultFramingErrorCallback:	
  5279                           ; 1 bytes @ 0x0
  5280                           
  5281     0020                     ??_EUSART1_DefaultOverrunErrorCallback:	
  5282                           ; 1 bytes @ 0x0
  5283                           
  5284     0020                     ?_EUSART2_FramingErrorCallbackRegister:	
  5285                           ; 1 bytes @ 0x0
  5286                           
  5287     0020                     ?_EUSART2_OverrunErrorCallbackRegister:	
  5288                           ; 1 bytes @ 0x0
  5289                           
  5290     0020                     ??_EUSART2_DefaultFramingErrorCallback:	
  5291                           ; 1 bytes @ 0x0
  5292                           
  5293     0020                     ??_EUSART2_DefaultOverrunErrorCallback:	
  5294                           ; 1 bytes @ 0x0
  5295                           
  5296     0020                     ?_strchr:	
  5297                           ; 1 bytes @ 0x0
  5298                           
  5299     0020                     ?_memcmp:	
  5300                           ; 1 bytes @ 0x0
  5301                           
  5302     0020                     ?_isspace:	
  5303                           ; 2 bytes @ 0x0
  5304                           
  5305     0020                     ?_isdigit:	
  5306                           ; 2 bytes @ 0x0
  5307                           
  5308     0020                     ?_strlen:	
  5309                           ; 2 bytes @ 0x0
  5310                           
  5311     0020                     ?_strncmp:	
  5312                           ; 2 bytes @ 0x0
  5313                           
  5314     0020                     ?___wmul:	
  5315                           ; 2 bytes @ 0x0
  5316                           
  5317     0020                     _EUSART1_IsTxReady$1558:	
  5318                           ; 2 bytes @ 0x0
  5319                           
  5320     0020                     EUSART1_Write@txData:	
  5321                           ; 1 bytes @ 0x0
  5322                           
  5323     0020                     _EUSART2_IsTxReady$1916:	
  5324                           ; 1 bytes @ 0x0
  5325                           
  5326     0020                     EUSART2_Write@txData:	
  5327                           ; 1 bytes @ 0x0
  5328                           
  5329     0020                     I2C1_CallbackRegister@callbackHandler:	
  5330                           ; 1 bytes @ 0x0
  5331                           
  5332     0020                     INT_SetInterruptHandler@InterruptHandler:	
  5333                           ; 2 bytes @ 0x0
  5334                           
  5335     0020                     EUSART1_FramingErrorCallbackRegister@callbackHandler:	
  5336                           ; 2 bytes @ 0x0
  5337                           
  5338     0020                     EUSART1_OverrunErrorCallbackRegister@callbackHandler:	
  5339                           ; 2 bytes @ 0x0
  5340                           
  5341     0020                     EUSART2_FramingErrorCallbackRegister@callbackHandler:	
  5342                           ; 2 bytes @ 0x0
  5343                           
  5344     0020                     EUSART2_OverrunErrorCallbackRegister@callbackHandler:	
  5345                           ; 2 bytes @ 0x0
  5346                           
  5347     0020                     ___wmul@multiplier:	
  5348                           ; 2 bytes @ 0x0
  5349                           
  5350     0020                     isdigit@c:	
  5351                           ; 2 bytes @ 0x0
  5352                           
  5353     0020                     isspace@c:	
  5354                           ; 2 bytes @ 0x0
  5355                           
  5356     0020                     memcmp@vl:	
  5357                           ; 2 bytes @ 0x0
  5358                           
  5359     0020                     memcpy@s1:	
  5360                           ; 2 bytes @ 0x0
  5361                           
  5362     0020                     strchr@c:	
  5363                           ; 2 bytes @ 0x0
  5364                           
  5365     0020                     strlen@s:	
  5366                           ; 2 bytes @ 0x0
  5367                           
  5368     0020                     strncmp@_r:	
  5369                           ; 2 bytes @ 0x0
  5370                           
  5371                           
  5372                           ; 2 bytes @ 0x0
  5373     0020                     	ds	1
  5374     0021                     ??_EUSART2_Write:
  5375     0021                     ??_EUSART1_Write:	
  5376                           ; 1 bytes @ 0x1
  5377                           
  5378     0021                     ?_pn532_send_and_capture:	
  5379                           ; 1 bytes @ 0x1
  5380                           
  5381     0021                     ??_dfplayer_uart_write:	
  5382                           ; 1 bytes @ 0x1
  5383                           
  5384     0021                     pn532_send_and_capture@packetLen:	
  5385                           ; 1 bytes @ 0x1
  5386                           
  5387     0021                     dfplayer_uart_write@data:	
  5388                           ; 1 bytes @ 0x1
  5389                           
  5390                           
  5391                           ; 1 bytes @ 0x1
  5392     0021                     	ds	1
  5393     0022                     ??_I2C1_Initialize:
  5394     0022                     ??_I2C1_CallbackRegister:	
  5395                           ; 1 bytes @ 0x2
  5396                           
  5397     0022                     ??_EUSART1_Initialize:	
  5398                           ; 1 bytes @ 0x2
  5399                           
  5400     0022                     ??_EUSART2_Initialize:	
  5401                           ; 1 bytes @ 0x2
  5402                           
  5403     0022                     ??_INTERRUPT_Initialize:	
  5404                           ; 1 bytes @ 0x2
  5405                           
  5406     0022                     ??_INT_SetInterruptHandler:	
  5407                           ; 1 bytes @ 0x2
  5408                           
  5409     0022                     ??_EUSART1_FramingErrorCallbackRegister:	
  5410                           ; 1 bytes @ 0x2
  5411                           
  5412     0022                     ??_EUSART1_OverrunErrorCallbackRegister:	
  5413                           ; 1 bytes @ 0x2
  5414                           
  5415     0022                     ??_EUSART2_FramingErrorCallbackRegister:	
  5416                           ; 1 bytes @ 0x2
  5417                           
  5418     0022                     ??_EUSART2_OverrunErrorCallbackRegister:	
  5419                           ; 1 bytes @ 0x2
  5420                           
  5421     0022                     ??_isspace:	
  5422                           ; 1 bytes @ 0x2
  5423                           
  5424     0022                     ??_isdigit:	
  5425                           ; 1 bytes @ 0x2
  5426                           
  5427     0022                     ??_strlen:	
  5428                           ; 1 bytes @ 0x2
  5429                           
  5430     0022                     ??_strchr:	
  5431                           ; 1 bytes @ 0x2
  5432                           
  5433     0022                     ??_SYSTEM_Initialize:	
  5434                           ; 1 bytes @ 0x2
  5435                           
  5436     0022                     ?_DFPlayer_SendCommand:	
  5437                           ; 1 bytes @ 0x2
  5438                           
  5439     0022                     pn532_send_and_capture@buffer:	
  5440                           ; 1 bytes @ 0x2
  5441                           
  5442     0022                     strchr@s:	
  5443                           ; 1 bytes @ 0x2
  5444                           
  5445     0022                     DFPlayer_SendCommand@parameter:	
  5446                           ; 1 bytes @ 0x2
  5447                           
  5448     0022                     ___wmul@multiplicand:	
  5449                           ; 2 bytes @ 0x2
  5450                           
  5451     0022                     memcmp@vr:	
  5452                           ; 2 bytes @ 0x2
  5453                           
  5454     0022                     memcpy@n:	
  5455                           ; 2 bytes @ 0x2
  5456                           
  5457     0022                     strncmp@n:	
  5458                           ; 2 bytes @ 0x2
  5459                           
  5460                           
  5461                           ; 2 bytes @ 0x2
  5462     0022                     	ds	1
  5463     0023                     pn532_send_and_capture@bufferSize:
  5464     0023                     strlen@a:	
  5465                           ; 1 bytes @ 0x3
  5466                           
  5467                           
  5468                           ; 2 bytes @ 0x3
  5469     0023                     	ds	1
  5470     0024                     ??_memcpy:
  5471     0024                     ??_strncmp:	
  5472                           ; 1 bytes @ 0x4
  5473                           
  5474     0024                     ??_DFPlayer_SendCommand:	
  5475                           ; 1 bytes @ 0x4
  5476                           
  5477     0024                     ??___wmul:	
  5478                           ; 1 bytes @ 0x4
  5479                           
  5480     0024                     _isspace$2532:	
  5481                           ; 1 bytes @ 0x4
  5482                           
  5483     0024                     pn532_send_and_capture@firstByteTimeoutMs:	
  5484                           ; 1 bytes @ 0x4
  5485                           
  5486     0024                     ___wmul@product:	
  5487                           ; 2 bytes @ 0x4
  5488                           
  5489     0024                     memcmp@n:	
  5490                           ; 2 bytes @ 0x4
  5491                           
  5492                           
  5493                           ; 2 bytes @ 0x4
  5494     0024                     	ds	1
  5495     0025                     memcpy@tmp:
  5496     0025                     strncmp@_l:	
  5497                           ; 1 bytes @ 0x5
  5498                           
  5499                           
  5500                           ; 1 bytes @ 0x5
  5501     0025                     	ds	1
  5502     0026                     ??_memcmp:
  5503     0026                     ??_pn532_send_and_capture:	
  5504                           ; 1 bytes @ 0x6
  5505                           
  5506     0026                     ?_atoi:	
  5507                           ; 1 bytes @ 0x6
  5508                           
  5509     0026                     memcpy@s:	
  5510                           ; 2 bytes @ 0x6
  5511                           
  5512     0026                     strncmp@r:	
  5513                           ; 2 bytes @ 0x6
  5514                           
  5515                           
  5516                           ; 2 bytes @ 0x6
  5517     0026                     	ds	1
  5518     0027                     pn532_send_and_capture@packet:
  5519     0027                     memcmp@l:	
  5520                           ; 1 bytes @ 0x7
  5521                           
  5522                           
  5523                           ; 2 bytes @ 0x7
  5524     0027                     	ds	1
  5525     0028                     ??_atoi:
  5526     0028                     memcpy@d:	
  5527                           ; 1 bytes @ 0x8
  5528                           
  5529     0028                     strncmp@l:	
  5530                           ; 1 bytes @ 0x8
  5531                           
  5532     0028                     pn532_send_and_capture@firstByteCounter:	
  5533                           ; 1 bytes @ 0x8
  5534                           
  5535                           
  5536                           ; 2 bytes @ 0x8
  5537     0028                     	ds	1
  5538     0029                     ?_strstr:
  5539     0029                     memcpy@d1:	
  5540                           ; 1 bytes @ 0x9
  5541                           
  5542     0029                     memcmp@r:	
  5543                           ; 1 bytes @ 0x9
  5544                           
  5545     0029                     strstr@n:	
  5546                           ; 2 bytes @ 0x9
  5547                           
  5548                           
  5549                           ; 2 bytes @ 0x9
  5550     0029                     	ds	1
  5551     002A                     ?_parse_ndef_text_record:
  5552     002A                     pn532_send_and_capture@receivedAnything:	
  5553                           ; 1 bytes @ 0xA
  5554                           
  5555     002A                     parse_ndef_text_record@recLen:	
  5556                           ; 1 bytes @ 0xA
  5557                           
  5558     002A                     DFPlayer_SendCommand@command:	
  5559                           ; 1 bytes @ 0xA
  5560                           
  5561     002A                     atoi@neg:	
  5562                           ; 1 bytes @ 0xA
  5563                           
  5564                           
  5565                           ; 2 bytes @ 0xA
  5566     002A                     	ds	1
  5567     002B                     ??_strstr:
  5568     002B                     parse_ndef_text_record@out:	
  5569                           ; 1 bytes @ 0xB
  5570                           
  5571     002B                     pn532_send_and_capture@idleCounter:	
  5572                           ; 1 bytes @ 0xB
  5573                           
  5574     002B                     DFPlayer_SendCommand@checksum:	
  5575                           ; 2 bytes @ 0xB
  5576                           
  5577                           
  5578                           ; 2 bytes @ 0xB
  5579     002B                     	ds	1
  5580     002C                     parse_ndef_text_record@outSize:
  5581     002C                     atoi@n:	
  5582                           ; 1 bytes @ 0xC
  5583                           
  5584                           
  5585                           ; 2 bytes @ 0xC
  5586     002C                     	ds	1
  5587     002D                     ??_parse_ndef_text_record:
  5588     002D                     pn532_send_and_capture@i:	
  5589                           ; 1 bytes @ 0xD
  5590                           
  5591     002D                     DFPlayer_SendCommand@high:	
  5592                           ; 1 bytes @ 0xD
  5593                           
  5594     002D                     strstr@nl:	
  5595                           ; 1 bytes @ 0xD
  5596                           
  5597                           
  5598                           ; 2 bytes @ 0xD
  5599     002D                     	ds	1
  5600     002E                     pn532_send_and_capture@count:
  5601     002E                     DFPlayer_SendCommand@low:	
  5602                           ; 1 bytes @ 0xE
  5603                           
  5604     002E                     atoi@s:	
  5605                           ; 1 bytes @ 0xE
  5606                           
  5607                           
  5608                           ; 1 bytes @ 0xE
  5609     002E                     	ds	1
  5610     002F                     ?_DFPlayer_PlayTrack:
  5611     002F                     ??_DFPlayer_Stop:	
  5612                           ; 1 bytes @ 0xF
  5613                           
  5614     002F                     ??_DFPlayer_SetVolume:	
  5615                           ; 1 bytes @ 0xF
  5616                           
  5617     002F                     ?_pn532_transact:	
  5618                           ; 1 bytes @ 0xF
  5619                           
  5620     002F                     pn532_transact@params:	
  5621                           ; 1 bytes @ 0xF
  5622                           
  5623     002F                     strstr@h:	
  5624                           ; 1 bytes @ 0xF
  5625                           
  5626     002F                     DFPlayer_PlayTrack@track:	
  5627                           ; 1 bytes @ 0xF
  5628                           
  5629                           
  5630                           ; 2 bytes @ 0xF
  5631     002F                     	ds	1
  5632     0030                     ?_parse_track_number:
  5633     0030                     pn532_transact@paramLen:	
  5634                           ; 2 bytes @ 0x10
  5635                           
  5636                           
  5637                           ; 1 bytes @ 0x10
  5638     0030                     	ds	1
  5639     0031                     ??_DFPlayer_PlayTrack:
  5640     0031                     pn532_transact@withWakeup:	
  5641                           ; 1 bytes @ 0x11
  5642                           
  5643     0031                     DFPlayer_SetVolume@volume:	
  5644                           ; 1 bytes @ 0x11
  5645                           
  5646                           
  5647                           ; 1 bytes @ 0x11
  5648     0031                     	ds	1
  5649     0032                     ??_DFPlayer_Init:
  5650     0032                     ??_parse_track_number:	
  5651                           ; 1 bytes @ 0x12
  5652                           
  5653     0032                     pn532_transact@out:	
  5654                           ; 1 bytes @ 0x12
  5655                           
  5656     0032                     parse_track_number@text:	
  5657                           ; 1 bytes @ 0x12
  5658                           
  5659                           
  5660                           ; 1 bytes @ 0x12
  5661     0032                     	ds	1
  5662     0033                     pn532_transact@outMax:
  5663     0033                     parse_track_number@sep:	
  5664                           ; 1 bytes @ 0x13
  5665                           
  5666                           
  5667                           ; 1 bytes @ 0x13
  5668     0033                     	ds	1
  5669     0034                     pn532_transact@outLen:
  5670     0034                     parse_ndef_text_record@tnf:	
  5671                           ; 1 bytes @ 0x14
  5672                           
  5673                           
  5674                           ; 1 bytes @ 0x14
  5675     0034                     	ds	1
  5676     0035                     ??_pn532_transact:
  5677     0035                     parse_ndef_text_record@shortRecord:	
  5678                           ; 1 bytes @ 0x15
  5679                           
  5680                           
  5681                           ; 1 bytes @ 0x15
  5682     0035                     	ds	1
  5683     0036                     parse_ndef_text_record@hasId:
  5684                           
  5685                           ; 1 bytes @ 0x16
  5686     0036                     	ds	1
  5687     0037                     parse_ndef_text_record@isText:
  5688                           
  5689                           ; 1 bytes @ 0x17
  5690     0037                     	ds	1
  5691     0038                     parse_ndef_text_record@status:
  5692                           
  5693                           ; 1 bytes @ 0x18
  5694     0038                     	ds	1
  5695     0039                     ??_PN532_Init:
  5696     0039                     ?_PN532_ReadPassiveTarget:	
  5697                           ; 1 bytes @ 0x19
  5698                           
  5699     0039                     ?_ntag_read4pages:	
  5700                           ; 1 bytes @ 0x19
  5701                           
  5702     0039                     PN532_ReadPassiveTarget@uidLen:	
  5703                           ; 1 bytes @ 0x19
  5704                           
  5705     0039                     ntag_read4pages@out16:	
  5706                           ; 1 bytes @ 0x19
  5707                           
  5708     0039                     parse_ndef_text_record@idLen:	
  5709                           ; 1 bytes @ 0x19
  5710                           
  5711                           
  5712                           ; 1 bytes @ 0x19
  5713     0039                     	ds	1
  5714     003A                     ??_PN532_ReadPassiveTarget:
  5715     003A                     ??_ntag_read4pages:	
  5716                           ; 1 bytes @ 0x1A
  5717                           
  5718     003A                     _parse_ndef_text_record$175:	
  5719                           ; 1 bytes @ 0x1A
  5720                           
  5721     003A                     PN532_Init@rsp:	
  5722                           ; 1 bytes @ 0x1A
  5723                           
  5724     003A                     ntag_read4pages@rsp:	
  5725                           ; 16 bytes @ 0x1A
  5726                           
  5727                           
  5728                           ; 20 bytes @ 0x1A
  5729     003A                     	ds	1
  5730     003B                     parse_ndef_text_record@payload:
  5731     003B                     PN532_ReadPassiveTarget@rsp:	
  5732                           ; 1 bytes @ 0x1B
  5733                           
  5734                           
  5735                           ; 24 bytes @ 0x1B
  5736     003B                     	ds	1
  5737     003C                     parse_ndef_text_record@header:
  5738                           
  5739                           ; 1 bytes @ 0x1C
  5740     003C                     	ds	1
  5741     003D                     parse_ndef_text_record@typeLen:
  5742                           
  5743                           ; 1 bytes @ 0x1D
  5744     003D                     	ds	1
  5745     003E                     parse_ndef_text_record@langLen:
  5746                           
  5747                           ; 1 bytes @ 0x1E
  5748     003E                     	ds	1
  5749     003F                     parse_ndef_text_record@payloadLen:
  5750                           
  5751                           ; 2 bytes @ 0x1F
  5752     003F                     	ds	2
  5753     0041                     parse_ndef_text_record@textLen:
  5754                           
  5755                           ; 2 bytes @ 0x21
  5756     0041                     	ds	2
  5757     0043                     parse_ndef_text_record@rec:
  5758                           
  5759                           ; 1 bytes @ 0x23
  5760     0043                     	ds	1
  5761     0044                     parse_ndef_text_record@idx:
  5762                           
  5763                           ; 1 bytes @ 0x24
  5764     0044                     	ds	6
  5765     004A                     PN532_Init@rfcfg:
  5766                           
  5767                           ; 4 bytes @ 0x2A
  5768     004A                     	ds	4
  5769     004E                     ntag_read4pages@page:
  5770     004E                     PN532_Init@samcfg:	
  5771                           ; 1 bytes @ 0x2E
  5772                           
  5773                           
  5774                           ; 3 bytes @ 0x2E
  5775     004E                     	ds	1
  5776     004F                     ntag_read4pages@params:
  5777                           
  5778                           ; 3 bytes @ 0x2F
  5779     004F                     	ds	2
  5780     0051                     PN532_Init@rlen:
  5781                           
  5782                           ; 1 bytes @ 0x31
  5783     0051                     	ds	1
  5784     0052                     ntag_read4pages@rlen:
  5785                           
  5786                           ; 1 bytes @ 0x32
  5787     0052                     	ds	1
  5788     0053                     ?_PN532_ReadNdefText:
  5789     0053                     PN532_ReadNdefText@outSize:	
  5790                           ; 1 bytes @ 0x33
  5791                           
  5792     0053                     PN532_ReadPassiveTarget@params:	
  5793                           ; 1 bytes @ 0x33
  5794                           
  5795                           
  5796                           ; 2 bytes @ 0x33
  5797     0053                     	ds	1
  5798     0054                     ??_PN532_ReadNdefText:
  5799                           
  5800                           ; 1 bytes @ 0x34
  5801     0054                     	ds	1
  5802     0055                     PN532_ReadPassiveTarget@uid:
  5803                           
  5804                           ; 1 bytes @ 0x35
  5805     0055                     	ds	1
  5806     0056                     PN532_ReadPassiveTarget@rlen:
  5807                           
  5808                           ; 1 bytes @ 0x36
  5809     0056                     	ds	1
  5810     0057                     PN532_ReadPassiveTarget@i:
  5811                           
  5812                           ; 1 bytes @ 0x37
  5813     0057                     	ds	1
  5814     0058                     PN532_ReadPassiveTarget@nfcidLen:
  5815     0058                     PN532_ReadNdefText@out:	
  5816                           ; 1 bytes @ 0x38
  5817                           
  5818                           
  5819                           ; 1 bytes @ 0x38
  5820     0058                     	ds	1
  5821     0059                     PN532_ReadNdefText@type:
  5822                           
  5823                           ; 1 bytes @ 0x39
  5824     0059                     	ds	1
  5825     005A                     PN532_ReadNdefText@valueStart:
  5826                           
  5827                           ; 1 bytes @ 0x3A
  5828     005A                     	ds	1
  5829     005B                     PN532_ReadNdefText@page:
  5830                           
  5831                           ; 1 bytes @ 0x3B
  5832     005B                     	ds	1
  5833     005C                     PN532_ReadNdefText@len:
  5834                           
  5835                           ; 1 bytes @ 0x3C
  5836     005C                     	ds	1
  5837     005D                     PN532_ReadNdefText@pos:
  5838                           
  5839                           ; 1 bytes @ 0x3D
  5840     005D                     	ds	1
  5841     005E                     PN532_ReadNdefText@have:
  5842                           
  5843                           ; 1 bytes @ 0x3E
  5844     005E                     	ds	1
  5845                           
  5846                           	psect	maintext
  5847     03F1                     __pmaintext:	
  5848 ;;
  5849 ;;Main: autosize = 0, tempsize = 2, incstack = 0, save=0
  5850 ;;
  5851 ;; *************** function _main *****************
  5852 ;; Defined at:
  5853 ;;		line 57 in file "main.c"
  5854 ;; Parameters:    Size  Location     Type
  5855 ;;		None
  5856 ;; Auto vars:     Size  Location     Type
  5857 ;;  track           2   52[BANK2 ] unsigned short 
  5858 ;;  text           32    2[BANK2 ] unsigned char [32]
  5859 ;;  i               1   49[BANK2 ] unsigned char 
  5860 ;;  isNewTag        1   48[BANK2 ] _Bool 
  5861 ;;  uid             7   41[BANK2 ] unsigned char [7]
  5862 ;;  uidLen          1   55[BANK2 ] unsigned char 
  5863 ;;  lastUid         7   34[BANK2 ] unsigned char [7]
  5864 ;;  initResult      1   54[BANK2 ] unsigned char 
  5865 ;;  lastUidLen      1   51[BANK2 ] unsigned char 
  5866 ;; Return value:  Size  Location     Type
  5867 ;;                  2  955[None  ] int 
  5868 ;; Registers used:
  5869 ;;		wreg, fsr0l, fsr0h, fsr1l, fsr1h, status,2, status,0, pclath, cstack
  5870 ;; Tracked objects:
  5871 ;;		On entry : B3F/0
  5872 ;;		On exit  : 0/0
  5873 ;;		Unchanged: 0/0
  5874 ;; Data sizes:     COMMON   BANK0   BANK1   BANK2   BANK3   BANK4   BANK5   BANK6   BANK7   BANK8   BANK9  BANK10  BANK1
      +1  BANK12  BANK13  BANK14  BANK15  BANK16  BANK17  BANK18  BANK19  BANK20  BANK21  BANK22  BANK23  BANK24  BANK25
  5875 ;;      Params:         0       0       0       0       0       0       0       0       0       0       0       0       
      +0       0       0       0       0       0       0       0       0       0       0       0       0       0       0
  5876 ;;      Locals:         0       0       0      54       0       0       0       0       0       0       0       0       
      +0       0       0       0       0       0       0       0       0       0       0       0       0       0       0
  5877 ;;      Temps:          0       0       0       2       0       0       0       0       0       0       0       0       
      +0       0       0       0       0       0       0       0       0       0       0       0       0       0       0
  5878 ;;      Totals:         0       0       0      56       0       0       0       0       0       0       0       0       
      +0       0       0       0       0       0       0       0       0       0       0       0       0       0       0
  5879 ;;Total ram usage:       56 bytes
  5880 ;; Hardware stack levels required when called: 13
  5881 ;; This function calls:
  5882 ;;		_DFPlayer_Init
  5883 ;;		_DFPlayer_PlayTrack
  5884 ;;		_DFPlayer_Stop
  5885 ;;		_PN532_Init
  5886 ;;		_PN532_ReadNdefText
  5887 ;;		_PN532_ReadPassiveTarget
  5888 ;;		_SYSTEM_Initialize
  5889 ;;		_memcmp
  5890 ;;		_memcpy
  5891 ;;		_parse_track_number
  5892 ;; This function is called by:
  5893 ;;		Startup code after reset
  5894 ;; This function uses a non-reentrant model
  5895 ;;
  5896                           
  5897     03F1                     _main:	
  5898                           ;psect for function _main
  5899                           
  5900     03F1                     l5450:	
  5901                           ;incstack = 0
  5902                           ; Regs used in _main: [wreg-fsr1h+status,2+status,0+pclath+cstack]
  5903                           
  5904                           
  5905                           ;main.c: 59:     SYSTEM_Initialize();
  5906     03F1  318C  2455  3183   	fcall	_SYSTEM_Initialize
  5907     03F4                     l5452:
  5908     03F4  0140               	movlb	0	; select bank0
  5909     03F5  1092               	bcf	18,1	;volatile
  5910     03F6                     l5454:
  5911     03F6  1498               	bsf	24,1	;volatile
  5912     03F7                     l5456:
  5913                           
  5914                           ;main.c: 63:     _delay((unsigned long)((1000)*(32000000/4000.0)));
  5915     03F7  3029               	movlw	41
  5916     03F8  0142               	movlb	2	; select bank2
  5917     03F9  00A1               	movwf	(??_main^(0+256)+1)
  5918     03FA  3096               	movlw	150
  5919     03FB  00A0               	movwf	??_main^(0+256)
  5920     03FC  307F               	movlw	127
  5921     03FD                     u4557:
  5922     03FD  0B89               	decfsz	9,f
  5923     03FE  2BFD               	goto	u4557
  5924     03FF  0BA0               	decfsz	??_main^(0+256),f
  5925     0400  2BFD               	goto	u4557
  5926     0401  0BA1               	decfsz	(??_main^(0+256)+1),f
  5927     0402  2BFD               	goto	u4557
  5928     0403                     l5458:
  5929                           
  5930                           ;main.c: 65:     uint8_t initResult = PN532_Init();
  5931     0403  3186  26A0  3183   	fcall	_PN532_Init
  5932     0406  0142               	movlb	2	; select bank2
  5933     0407  00D6               	movwf	main@initResult^(0+256)
  5934     0408                     l5460:
  5935                           
  5936                           ;main.c: 66:     if (initResult != 0)
  5937     0408  0856               	movf	main@initResult^(0+256),w
  5938     0409  1903               	btfsc	3,2
  5939     040A  2C0C               	goto	u4451
  5940     040B  2C0D               	goto	u4450
  5941     040C                     u4451:
  5942     040C  2C46               	goto	l971
  5943     040D                     u4450:
  5944     040D                     l5462:
  5945                           
  5946                           ;main.c: 72:         {;main.c: 73:             for (uint8_t i = 0; i < initResult; i++)
  5947     040D  0142               	movlb	2	; select bank2
  5948     040E  01D1               	clrf	main@i^(0+256)
  5949     040F  2C33               	goto	l5470
  5950     0410                     l964:	
  5951                           ;main.c: 74:             {;main.c: 75:                 do { LATAbits.LATA1 = 1; } while(
      +                          0);
  5952                           
  5953     0410  0140               	movlb	0	; select bank0
  5954     0411  1498               	bsf	24,1	;volatile
  5955     0412                     l5464:
  5956                           
  5957                           ;main.c: 76:                 _delay((unsigned long)((200)*(32000000/4000.0)));
  5958     0412  3009               	movlw	9
  5959     0413  0142               	movlb	2	; select bank2
  5960     0414  00A1               	movwf	(??_main^(0+256)+1)
  5961     0415  301E               	movlw	30
  5962     0416  00A0               	movwf	??_main^(0+256)
  5963     0417  30E4               	movlw	228
  5964     0418                     u4567:
  5965     0418  0B89               	decfsz	9,f
  5966     0419  2C18               	goto	u4567
  5967     041A  0BA0               	decfsz	??_main^(0+256),f
  5968     041B  2C18               	goto	u4567
  5969     041C  0BA1               	decfsz	(??_main^(0+256)+1),f
  5970     041D  2C18               	goto	u4567
  5971     041E  0000               	nop
  5972     041F                     l5466:
  5973     041F  0140               	movlb	0	; select bank0
  5974     0420  1098               	bcf	24,1	;volatile
  5975     0421                     l967:
  5976                           
  5977                           ;main.c: 78:                 _delay((unsigned long)((200)*(32000000/4000.0)));
  5978     0421  3009               	movlw	9
  5979     0422  0142               	movlb	2	; select bank2
  5980     0423  00A1               	movwf	(??_main^(0+256)+1)
  5981     0424  301E               	movlw	30
  5982     0425  00A0               	movwf	??_main^(0+256)
  5983     0426  30E4               	movlw	228
  5984     0427                     u4577:
  5985     0427  0B89               	decfsz	9,f
  5986     0428  2C27               	goto	u4577
  5987     0429  0BA0               	decfsz	??_main^(0+256),f
  5988     042A  2C27               	goto	u4577
  5989     042B  0BA1               	decfsz	(??_main^(0+256)+1),f
  5990     042C  2C27               	goto	u4577
  5991     042D  0000               	nop
  5992     042E                     l5468:
  5993                           
  5994                           ;main.c: 79:             }
  5995     042E  3001               	movlw	1
  5996     042F  0142               	movlb	2	; select bank2
  5997     0430  00A0               	movwf	??_main^(0+256)
  5998     0431  0820               	movf	??_main^(0+256),w
  5999     0432  07D1               	addwf	main@i^(0+256),f
  6000     0433                     l5470:
  6001     0433  0856               	movf	main@initResult^(0+256),w
  6002     0434  0251               	subwf	main@i^(0+256),w
  6003     0435  1C03               	skipc
  6004     0436  2C38               	goto	u4461
  6005     0437  2C39               	goto	u4460
  6006     0438                     u4461:
  6007     0438  2C10               	goto	l964
  6008     0439                     u4460:
  6009     0439                     l5472:
  6010                           
  6011                           ;main.c: 80:             _delay((unsigned long)((1000)*(32000000/4000.0)));
  6012     0439  3029               	movlw	41
  6013     043A  0142               	movlb	2	; select bank2
  6014     043B  00A1               	movwf	(??_main^(0+256)+1)
  6015     043C  3096               	movlw	150
  6016     043D  00A0               	movwf	??_main^(0+256)
  6017     043E  307F               	movlw	127
  6018     043F                     u4587:
  6019     043F  0B89               	decfsz	9,f
  6020     0440  2C3F               	goto	u4587
  6021     0441  0BA0               	decfsz	??_main^(0+256),f
  6022     0442  2C3F               	goto	u4587
  6023     0443  0BA1               	decfsz	(??_main^(0+256)+1),f
  6024     0444  2C3F               	goto	u4587
  6025     0445  2C0D               	goto	l5462
  6026     0446                     l971:	
  6027                           ;main.c: 83:     do { LATAbits.LATA1 = 0; } while(0);
  6028                           
  6029     0446  0140               	movlb	0	; select bank0
  6030     0447  1098               	bcf	24,1	;volatile
  6031     0448                     l5474:
  6032                           
  6033                           ;main.c: 85:     DFPlayer_Init();
  6034     0448  318B  234D  3183   	fcall	_DFPlayer_Init
  6035     044B                     l5476:
  6036                           
  6037                           ;main.c: 87:     uint8_t lastUid[7];;main.c: 88:     uint8_t lastUidLen = 0;
  6038     044B  0142               	movlb	2	; select bank2
  6039     044C  01D3               	clrf	main@lastUidLen^(0+256)
  6040     044D                     l5478:
  6041                           
  6042                           ;main.c: 91:     {;main.c: 92:         uint8_t uid[7];;main.c: 93:         uint8_t uidLe
      +                          n;;main.c: 95:         if (PN532_ReadPassiveTarget(uid, &uidLen))
  6043     044D  3057               	movlw	(low (main@uidLen| (0+256)))& (0+255)
  6044     044E  0140               	movlb	0	; select bank0
  6045     044F  00B9               	movwf	PN532_ReadPassiveTarget@uidLen
  6046     0450  3049               	movlw	(low (main@uid| (0+256)))& (0+255)
  6047     0451  3187  2715  3183   	fcall	_PN532_ReadPassiveTarget
  6048     0454  3A00               	xorlw	0
  6049     0455  1903               	skipnz
  6050     0456  2C58               	goto	u4471
  6051     0457  2C59               	goto	u4470
  6052     0458                     u4471:
  6053     0458  2CD2               	goto	l5502
  6054     0459                     u4470:
  6055     0459                     l975:	
  6056                           ;main.c: 96:         {;main.c: 97:             do { LATAbits.LATA1 = 1; } while(0);
  6057                           
  6058     0459  0140               	movlb	0	; select bank0
  6059     045A  1498               	bsf	24,1	;volatile
  6060     045B                     l976:
  6061                           
  6062                           ;main.c: 99:             _Bool isNewTag = (uidLen != lastUidLen) || (memcmp(uid, lastUid
      +                          , uidLen) != 0);
  6063     045B  0142               	movlb	2	; select bank2
  6064     045C  01D2               	clrf	_main$2043^(0+256)
  6065     045D  0AD2               	incf	_main$2043^(0+256),f
  6066     045E                     l5480:
  6067     045E  0857               	movf	main@uidLen^(0+256),w
  6068     045F  0653               	xorwf	main@lastUidLen^(0+256),w
  6069     0460  1D03               	skipz
  6070     0461  2C63               	goto	u4481
  6071     0462  2C64               	goto	u4480
  6072     0463                     u4481:
  6073     0463  2C84               	goto	l5486
  6074     0464                     u4480:
  6075     0464                     l5482:
  6076     0464  3049               	movlw	low main@uid
  6077     0465  0140               	movlb	0	; select bank0
  6078     0466  00A0               	movwf	memcmp@vl
  6079     0467  3001               	movlw	high main@uid
  6080     0468  00A1               	movwf	memcmp@vl+1
  6081     0469  3042               	movlw	low main@lastUid
  6082     046A  00A2               	movwf	memcmp@vr
  6083     046B  3001               	movlw	high main@lastUid
  6084     046C  00A3               	movwf	memcmp@vr+1
  6085     046D  0142               	movlb	2	; select bank2
  6086     046E  0857               	movf	main@uidLen^(0+256),w
  6087     046F  00A0               	movwf	??_main^(0+256)
  6088     0470  01A1               	clrf	(??_main^(0+256)+1)
  6089     0471  0820               	movf	??_main^(0+256),w
  6090     0472  0140               	movlb	0	; select bank0
  6091     0473  00A4               	movwf	memcmp@n
  6092     0474  0142               	movlb	2	; select bank2
  6093     0475  0821               	movf	(??_main+1)^(0+256),w
  6094     0476  0140               	movlb	0	; select bank0
  6095     0477  00A5               	movwf	memcmp@n+1
  6096     0478  318E  26C6  3183   	fcall	_memcmp
  6097     047B  0140               	movlb	0	; select bank0
  6098     047C  0820               	movf	?_memcmp,w
  6099     047D  0421               	iorwf	?_memcmp+1,w
  6100     047E  1D03               	btfss	3,2
  6101     047F  2C81               	goto	u4491
  6102     0480  2C82               	goto	u4490
  6103     0481                     u4491:
  6104     0481  2C84               	goto	l5486
  6105     0482                     u4490:
  6106     0482                     l5484:
  6107     0482  0142               	movlb	2	; select bank2
  6108     0483  01D2               	clrf	_main$2043^(0+256)
  6109     0484                     l5486:
  6110     0484  0142               	movlb	2	; select bank2
  6111     0485  0852               	movf	_main$2043^(0+256),w
  6112     0486  1D03               	btfss	3,2
  6113     0487  2C89               	goto	u4501
  6114     0488  2C8B               	goto	u4500
  6115     0489                     u4501:
  6116     0489  3001               	movlw	1
  6117     048A  2C8C               	goto	u4510
  6118     048B                     u4500:
  6119     048B  3000               	movlw	0
  6120     048C                     u4510:
  6121     048C  00D0               	movwf	main@isNewTag^(0+256)
  6122     048D                     l5488:
  6123                           
  6124                           ;main.c: 100:             if (isNewTag)
  6125     048D  0850               	movf	main@isNewTag^(0+256),w
  6126     048E  1903               	btfsc	3,2
  6127     048F  2C91               	goto	u4521
  6128     0490  2C92               	goto	u4520
  6129     0491                     u4521:
  6130     0491  2CD9               	goto	l5508
  6131     0492                     u4520:
  6132     0492                     l5490:
  6133                           
  6134                           ;main.c: 101:             {;main.c: 102:                 char text[32];;main.c: 103:    
      +                                       if (PN532_ReadNdefText(text, sizeof(text)))
  6135     0492  3020               	movlw	32
  6136     0493  0140               	movlb	0	; select bank0
  6137     0494  00D3               	movwf	PN532_ReadNdefText@outSize
  6138     0495  3022               	movlw	(low (main@text| (0+256)))& (0+255)
  6139     0496  3184  24E9  3183   	fcall	_PN532_ReadNdefText
  6140     0499  3A00               	xorlw	0
  6141     049A  1903               	skipnz
  6142     049B  2C9D               	goto	u4531
  6143     049C  2C9E               	goto	u4530
  6144     049D                     u4531:
  6145     049D  2CBA               	goto	l5498
  6146     049E                     u4530:
  6147     049E                     l5492:
  6148                           
  6149                           ;main.c: 104:                 {;main.c: 105:                     uint16_t track = parse_
      +                          track_number(text);
  6150     049E  3022               	movlw	(low (main@text| (0+256)))& (0+255)
  6151     049F  318D  251E  3183   	fcall	_parse_track_number
  6152     04A2  0140               	movlb	0	; select bank0
  6153     04A3  0831               	movf	?_parse_track_number+1,w
  6154     04A4  0142               	movlb	2	; select bank2
  6155     04A5  00D5               	movwf	(main@track+1)^(0+256)
  6156     04A6  0140               	movlb	0	; select bank0
  6157     04A7  0830               	movf	?_parse_track_number,w
  6158     04A8  0142               	movlb	2	; select bank2
  6159     04A9  00D4               	movwf	main@track^(0+256)
  6160     04AA                     l5494:
  6161                           
  6162                           ;main.c: 106:                     if (track > 0)
  6163     04AA  0854               	movf	main@track^(0+256),w
  6164     04AB  0455               	iorwf	(main@track+1)^(0+256),w
  6165     04AC  1903               	btfsc	3,2
  6166     04AD  2CAF               	goto	u4541
  6167     04AE  2CB0               	goto	u4540
  6168     04AF                     u4541:
  6169     04AF  2CBA               	goto	l5498
  6170     04B0                     u4540:
  6171     04B0                     l5496:
  6172                           
  6173                           ;main.c: 107:                     {;main.c: 108:                         DFPlayer_PlayTr
      +                          ack(track);
  6174     04B0  0855               	movf	(main@track+1)^(0+256),w
  6175     04B1  0140               	movlb	0	; select bank0
  6176     04B2  00B0               	movwf	DFPlayer_PlayTrack@track+1
  6177     04B3  0142               	movlb	2	; select bank2
  6178     04B4  0854               	movf	main@track^(0+256),w
  6179     04B5  0140               	movlb	0	; select bank0
  6180     04B6  00AF               	movwf	DFPlayer_PlayTrack@track
  6181     04B7  318B  23B0  3183   	fcall	_DFPlayer_PlayTrack
  6182     04BA                     l5498:
  6183                           
  6184                           ;main.c: 111:                 memcpy(lastUid, uid, uidLen);
  6185     04BA  3049               	movlw	low main@uid
  6186     04BB  0140               	movlb	0	; select bank0
  6187     04BC  00A0               	movwf	memcpy@s1
  6188     04BD  3001               	movlw	high main@uid
  6189     04BE  00A1               	movwf	memcpy@s1+1
  6190     04BF  0142               	movlb	2	; select bank2
  6191     04C0  0857               	movf	main@uidLen^(0+256),w
  6192     04C1  00A0               	movwf	??_main^(0+256)
  6193     04C2  01A1               	clrf	(??_main^(0+256)+1)
  6194     04C3  0820               	movf	??_main^(0+256),w
  6195     04C4  0140               	movlb	0	; select bank0
  6196     04C5  00A2               	movwf	memcpy@n
  6197     04C6  0142               	movlb	2	; select bank2
  6198     04C7  0821               	movf	(??_main+1)^(0+256),w
  6199     04C8  0140               	movlb	0	; select bank0
  6200     04C9  00A3               	movwf	memcpy@n+1
  6201     04CA  3042               	movlw	(low (main@lastUid| (0+256)))& (0+255)
  6202     04CB  318D  257F  3183   	fcall	_memcpy
  6203     04CE                     l5500:
  6204                           
  6205                           ;main.c: 112:                 lastUidLen = uidLen;
  6206     04CE  0142               	movlb	2	; select bank2
  6207     04CF  0857               	movf	main@uidLen^(0+256),w
  6208     04D0  00D3               	movwf	main@lastUidLen^(0+256)
  6209     04D1  2CD9               	goto	l5508
  6210     04D2                     l5502:
  6211                           
  6212                           ;main.c: 116:         {;main.c: 118:             DFPlayer_Stop();
  6213     04D2  318B  23A7  3183   	fcall	_DFPlayer_Stop
  6214     04D5                     l5504:
  6215                           
  6216                           ;main.c: 120:             lastUidLen = 0;
  6217     04D5  0142               	movlb	2	; select bank2
  6218     04D6  01D3               	clrf	main@lastUidLen^(0+256)
  6219     04D7                     l5506:
  6220     04D7  0140               	movlb	0	; select bank0
  6221     04D8  1098               	bcf	24,1	;volatile
  6222     04D9                     l5508:
  6223                           
  6224                           ;main.c: 124:         _delay((unsigned long)((150)*(32000000/4000.0)));
  6225     04D9  3007               	movlw	7
  6226     04DA  0142               	movlb	2	; select bank2
  6227     04DB  00A1               	movwf	(??_main^(0+256)+1)
  6228     04DC  3017               	movlw	23
  6229     04DD  00A0               	movwf	??_main^(0+256)
  6230     04DE  306A               	movlw	106
  6231     04DF                     u4597:
  6232     04DF  0B89               	decfsz	9,f
  6233     04E0  2CDF               	goto	u4597
  6234     04E1  0BA0               	decfsz	??_main^(0+256),f
  6235     04E2  2CDF               	goto	u4597
  6236     04E3  0BA1               	decfsz	(??_main^(0+256)+1),f
  6237     04E4  2CDF               	goto	u4597
  6238     04E5  0000               	nop
  6239     04E6  2C4D               	goto	l5478
  6240     04E7  3180  2831         	ljmp	start
  6241     04E9                     __end_of_main:
  6242                           
  6243                           	psect	text1
  6244     0D1E                     __ptext1:	
  6245 ;; *************** function _parse_track_number *****************
  6246 ;; Defined at:
  6247 ;;		line 47 in file "main.c"
  6248 ;; Parameters:    Size  Location     Type
  6249 ;;  text            1    wreg     PTR const unsigned char 
  6250 ;;		 -> main@text(32), 
  6251 ;; Auto vars:     Size  Location     Type
  6252 ;;  text            1   18[BANK0 ] PTR const unsigned char 
  6253 ;;		 -> main@text(32), 
  6254 ;;  sep             1   19[BANK0 ] PTR const unsigned char 
  6255 ;;		 -> main@text(32), NULL(0), 
  6256 ;; Return value:  Size  Location     Type
  6257 ;;                  2   16[BANK0 ] unsigned short 
  6258 ;; Registers used:
  6259 ;;		wreg, fsr0l, fsr0h, fsr1l, fsr1h, status,2, status,0, pclath, cstack
  6260 ;; Tracked objects:
  6261 ;;		On entry : 0/0
  6262 ;;		On exit  : 0/0
  6263 ;;		Unchanged: 0/0
  6264 ;; Data sizes:     COMMON   BANK0   BANK1   BANK2   BANK3   BANK4   BANK5   BANK6   BANK7   BANK8   BANK9  BANK10  BANK1
      +1  BANK12  BANK13  BANK14  BANK15  BANK16  BANK17  BANK18  BANK19  BANK20  BANK21  BANK22  BANK23  BANK24  BANK25
  6265 ;;      Params:         0       2       0       0       0       0       0       0       0       0       0       0       
      +0       0       0       0       0       0       0       0       0       0       0       0       0       0       0
  6266 ;;      Locals:         0       2       0       0       0       0       0       0       0       0       0       0       
      +0       0       0       0       0       0       0       0       0       0       0       0       0       0       0
  6267 ;;      Temps:          0       0       0       0       0       0       0       0       0       0       0       0       
      +0       0       0       0       0       0       0       0       0       0       0       0       0       0       0
  6268 ;;      Totals:         0       4       0       0       0       0       0       0       0       0       0       0       
      +0       0       0       0       0       0       0       0       0       0       0       0       0       0       0
  6269 ;;Total ram usage:        4 bytes
  6270 ;; Hardware stack levels used: 1
  6271 ;; Hardware stack levels required when called: 9
  6272 ;; This function calls:
  6273 ;;		_atoi
  6274 ;;		_strstr
  6275 ;; This function is called by:
  6276 ;;		_main
  6277 ;; This function uses a non-reentrant model
  6278 ;;
  6279                           
  6280     0D1E                     _parse_track_number:	
  6281                           ;psect for function _parse_track_number
  6282                           
  6283                           
  6284                           ;incstack = 0
  6285                           ; Regs used in _parse_track_number: [wreg-fsr1h+status,2+status,0+pclath+cstack]
  6286                           ;parse_track_number@text stored from wreg
  6287     0D1E  0140               	movlb	0	; select bank0
  6288     0D1F  00B2               	movwf	parse_track_number@text
  6289     0D20                     l5392:
  6290                           
  6291                           ;main.c: 47: static uint16_t parse_track_number(const char *text);main.c: 48: {;main.c: 
      +                          49:     const char *sep = strstr(text, "::");
  6292     0D20  308C               	movlw	low (STR_1| (0+32768))
  6293     0D21  00A9               	movwf	strstr@n
  6294     0D22  3090               	movlw	high (STR_1| (0+32768))
  6295     0D23  00AA               	movwf	strstr@n+1
  6296     0D24  0832               	movf	parse_track_number@text,w
  6297     0D25  318F  270A  318D   	fcall	_strstr
  6298     0D28  0140               	movlb	0	; select bank0
  6299     0D29  00B3               	movwf	parse_track_number@sep
  6300     0D2A                     l5394:
  6301                           
  6302                           ;main.c: 50:     if (sep == ((void*)0))
  6303     0D2A  0833               	movf	parse_track_number@sep,w
  6304     0D2B  1D03               	btfss	3,2
  6305     0D2C  2D2E               	goto	u4371
  6306     0D2D  2D2F               	goto	u4370
  6307     0D2E                     u4371:
  6308     0D2E  2D32               	goto	l5400
  6309     0D2F                     u4370:
  6310     0D2F                     l5396:
  6311                           
  6312                           ;main.c: 51:     {;main.c: 52:         return 0;
  6313     0D2F  01B0               	clrf	?_parse_track_number
  6314     0D30  01B1               	clrf	?_parse_track_number+1
  6315     0D31  2D3C               	goto	l951
  6316     0D32                     l5400:
  6317                           
  6318                           ;main.c: 54:     return (uint16_t)atoi(sep + 2);
  6319     0D32  0833               	movf	parse_track_number@sep,w
  6320     0D33  3E02               	addlw	2
  6321     0D34  3186  2610  318D   	fcall	_atoi
  6322     0D37  0140               	movlb	0	; select bank0
  6323     0D38  0827               	movf	?_atoi+1,w
  6324     0D39  00B1               	movwf	?_parse_track_number+1
  6325     0D3A  0826               	movf	?_atoi,w
  6326     0D3B  00B0               	movwf	?_parse_track_number
  6327     0D3C                     l951:
  6328     0D3C  0008               	return
  6329     0D3D                     __end_of_parse_track_number:
  6330                           
  6331                           	psect	text2
  6332     0F0A                     __ptext2:	
  6333 ;; *************** function _strstr *****************
  6334 ;; Defined at:
  6335 ;;		line 4 in file "C:\Program Files\Microchip\xc8\v2.41\pic\sources\c99\common\strstr.c"
  6336 ;; Parameters:    Size  Location     Type
  6337 ;;  h               1    wreg     PTR const unsigned char 
  6338 ;;		 -> main@text(32), NULL(0), 
  6339 ;;  n               2    9[BANK0 ] PTR const unsigned char 
  6340 ;;		 -> STR_1(3), 
  6341 ;; Auto vars:     Size  Location     Type
  6342 ;;  h               1   15[BANK0 ] PTR const unsigned char 
  6343 ;;		 -> main@text(32), NULL(0), 
  6344 ;;  nl              2   13[BANK0 ] unsigned int 
  6345 ;; Return value:  Size  Location     Type
  6346 ;;                  1    wreg      PTR unsigned char 
  6347 ;; Registers used:
  6348 ;;		wreg, fsr0l, fsr0h, fsr1l, fsr1h, status,2, status,0, pclath, cstack
  6349 ;; Tracked objects:
  6350 ;;		On entry : 0/0
  6351 ;;		On exit  : 0/0
  6352 ;;		Unchanged: 0/0
  6353 ;; Data sizes:     COMMON   BANK0   BANK1   BANK2   BANK3   BANK4   BANK5   BANK6   BANK7   BANK8   BANK9  BANK10  BANK1
      +1  BANK12  BANK13  BANK14  BANK15  BANK16  BANK17  BANK18  BANK19  BANK20  BANK21  BANK22  BANK23  BANK24  BANK25
  6354 ;;      Params:         0       2       0       0       0       0       0       0       0       0       0       0       
      +0       0       0       0       0       0       0       0       0       0       0       0       0       0       0
  6355 ;;      Locals:         0       3       0       0       0       0       0       0       0       0       0       0       
      +0       0       0       0       0       0       0       0       0       0       0       0       0       0       0
  6356 ;;      Temps:          0       2       0       0       0       0       0       0       0       0       0       0       
      +0       0       0       0       0       0       0       0       0       0       0       0       0       0       0
  6357 ;;      Totals:         0       7       0       0       0       0       0       0       0       0       0       0       
      +0       0       0       0       0       0       0       0       0       0       0       0       0       0       0
  6358 ;;Total ram usage:        7 bytes
  6359 ;; Hardware stack levels used: 1
  6360 ;; Hardware stack levels required when called: 8
  6361 ;; This function calls:
  6362 ;;		_strchr
  6363 ;;		_strlen
  6364 ;;		_strncmp
  6365 ;; This function is called by:
  6366 ;;		_parse_track_number
  6367 ;; This function uses a non-reentrant model
  6368 ;;
  6369                           
  6370     0F0A                     _strstr:	
  6371                           ;psect for function _strstr
  6372                           
  6373                           
  6374                           ;incstack = 0
  6375                           ; Regs used in _strstr: [wreg-fsr1h+status,2+status,0+pclath+cstack]
  6376                           ;strstr@h stored from wreg
  6377     0F0A  0140               	movlb	0	; select bank0
  6378     0F0B  00AF               	movwf	strstr@h
  6379     0F0C                     l5198:
  6380     0F0C  0829               	movf	strstr@n,w
  6381     0F0D  042A               	iorwf	strstr@n+1,w
  6382     0F0E  1903               	btfsc	3,2
  6383     0F0F  2F11               	goto	u4071
  6384     0F10  2F12               	goto	u4070
  6385     0F11                     u4071:
  6386     0F11  2F54               	goto	l5214
  6387     0F12                     u4070:
  6388     0F12                     l5200:
  6389     0F12  082A               	movf	strstr@n+1,w
  6390     0F13  00A1               	movwf	strlen@s+1
  6391     0F14  0829               	movf	strstr@n,w
  6392     0F15  00A0               	movwf	strlen@s
  6393     0F16  318C  24C7  318F   	fcall	_strlen
  6394     0F19  0140               	movlb	0	; select bank0
  6395     0F1A  0821               	movf	?_strlen+1,w
  6396     0F1B  00AE               	movwf	strstr@nl+1
  6397     0F1C  0820               	movf	?_strlen,w
  6398     0F1D  00AD               	movwf	strstr@nl
  6399     0F1E  2F46               	goto	l5210
  6400     0F1F                     l5202:
  6401     0F1F  082A               	movf	strstr@n+1,w
  6402     0F20  00A1               	movwf	strncmp@_r+1
  6403     0F21  0829               	movf	strstr@n,w
  6404     0F22  00A0               	movwf	strncmp@_r
  6405     0F23  082E               	movf	strstr@nl+1,w
  6406     0F24  00A3               	movwf	strncmp@n+1
  6407     0F25  082D               	movf	strstr@nl,w
  6408     0F26  00A2               	movwf	strncmp@n
  6409     0F27  082F               	movf	strstr@h,w
  6410     0F28  318F  27A6  318F   	fcall	_strncmp
  6411     0F2B  0140               	movlb	0	; select bank0
  6412     0F2C  0820               	movf	?_strncmp,w
  6413     0F2D  0421               	iorwf	?_strncmp+1,w
  6414     0F2E  1D03               	btfss	3,2
  6415     0F2F  2F31               	goto	u4081
  6416     0F30  2F32               	goto	u4080
  6417     0F31                     u4081:
  6418     0F31  2F34               	goto	l5208
  6419     0F32                     u4080:
  6420     0F32                     l5204:
  6421     0F32  082F               	movf	strstr@h,w
  6422     0F33  2F55               	goto	l1692
  6423     0F34                     l5208:
  6424     0F34  0829               	movf	strstr@n,w
  6425     0F35  0084               	movwf	4
  6426     0F36  082A               	movf	strstr@n+1,w
  6427     0F37  0085               	movwf	5
  6428     0F38  0800               	movf	0,w	;code access
  6429     0F39  00AB               	movwf	??_strstr
  6430     0F3A  01AC               	clrf	??_strstr+1
  6431     0F3B  082B               	movf	??_strstr,w
  6432     0F3C  00A0               	movwf	strchr@c
  6433     0F3D  082C               	movf	??_strstr+1,w
  6434     0F3E  00A1               	movwf	strchr@c+1
  6435     0F3F  082F               	movf	strstr@h,w
  6436     0F40  3E01               	addlw	1
  6437     0F41  318C  24AD  318F   	fcall	_strchr
  6438     0F44  0140               	movlb	0	; select bank0
  6439     0F45  00AF               	movwf	strstr@h
  6440     0F46                     l5210:
  6441     0F46  082F               	movf	strstr@h,w
  6442     0F47  1903               	btfsc	3,2
  6443     0F48  2F4A               	goto	u4091
  6444     0F49  2F4B               	goto	u4090
  6445     0F4A                     u4091:
  6446     0F4A  2F54               	goto	l5214
  6447     0F4B                     u4090:
  6448     0F4B                     l5212:
  6449     0F4B  082F               	movf	strstr@h,w
  6450     0F4C  0086               	movwf	6
  6451     0F4D  3001               	movlw	1	; select bank2/3
  6452     0F4E  0087               	movwf	7
  6453     0F4F  0801               	movf	1,w
  6454     0F50  1D03               	btfss	3,2
  6455     0F51  2F53               	goto	u4101
  6456     0F52  2F54               	goto	u4100
  6457     0F53                     u4101:
  6458     0F53  2F1F               	goto	l5202
  6459     0F54                     u4100:
  6460     0F54                     l5214:
  6461     0F54  3000               	movlw	0
  6462     0F55                     l1692:
  6463     0F55  0008               	return
  6464     0F56                     __end_of_strstr:
  6465                           
  6466                           	psect	text3
  6467     0FA6                     __ptext3:	
  6468 ;; *************** function _strncmp *****************
  6469 ;; Defined at:
  6470 ;;		line 3 in file "C:\Program Files\Microchip\xc8\v2.41\pic\sources\c99\common\strncmp.c"
  6471 ;; Parameters:    Size  Location     Type
  6472 ;;  _l              1    wreg     PTR const unsigned char 
  6473 ;;		 -> main@text(32), NULL(0), 
  6474 ;;  _r              2    0[BANK0 ] PTR const unsigned char 
  6475 ;;		 -> STR_1(3), 
  6476 ;;  n               2    2[BANK0 ] unsigned int 
  6477 ;; Auto vars:     Size  Location     Type
  6478 ;;  _l              1    5[BANK0 ] PTR const unsigned char 
  6479 ;;		 -> main@text(32), NULL(0), 
  6480 ;;  r               2    6[BANK0 ] PTR const unsigned char 
  6481 ;;		 -> STR_1(3), 
  6482 ;;  l               1    8[BANK0 ] PTR const unsigned char 
  6483 ;;		 -> main@text(32), NULL(0), 
  6484 ;; Return value:  Size  Location     Type
  6485 ;;                  2    0[BANK0 ] int 
  6486 ;; Registers used:
  6487 ;;		wreg, fsr0l, fsr0h, fsr1l, fsr1h, status,2, status,0, pclath
  6488 ;; Tracked objects:
  6489 ;;		On entry : 0/0
  6490 ;;		On exit  : 0/0
  6491 ;;		Unchanged: 0/0
  6492 ;; Data sizes:     COMMON   BANK0   BANK1   BANK2   BANK3   BANK4   BANK5   BANK6   BANK7   BANK8   BANK9  BANK10  BANK1
      +1  BANK12  BANK13  BANK14  BANK15  BANK16  BANK17  BANK18  BANK19  BANK20  BANK21  BANK22  BANK23  BANK24  BANK25
  6493 ;;      Params:         0       4       0       0       0       0       0       0       0       0       0       0       
      +0       0       0       0       0       0       0       0       0       0       0       0       0       0       0
  6494 ;;      Locals:         0       4       0       0       0       0       0       0       0       0       0       0       
      +0       0       0       0       0       0       0       0       0       0       0       0       0       0       0
  6495 ;;      Temps:          0       1       0       0       0       0       0       0       0       0       0       0       
      +0       0       0       0       0       0       0       0       0       0       0       0       0       0       0
  6496 ;;      Totals:         0       9       0       0       0       0       0       0       0       0       0       0       
      +0       0       0       0       0       0       0       0       0       0       0       0       0       0       0
  6497 ;;Total ram usage:        9 bytes
  6498 ;; Hardware stack levels used: 1
  6499 ;; Hardware stack levels required when called: 7
  6500 ;; This function calls:
  6501 ;;		Nothing
  6502 ;; This function is called by:
  6503 ;;		_strstr
  6504 ;; This function uses a non-reentrant model
  6505 ;;
  6506                           
  6507     0FA6                     _strncmp:	
  6508                           ;psect for function _strncmp
  6509                           
  6510                           
  6511                           ;incstack = 0
  6512                           ; Regs used in _strncmp: [wreg-fsr1h+status,2+status,0+pclath]
  6513                           ;strncmp@_l stored from wreg
  6514     0FA6  0140               	movlb	0	; select bank0
  6515     0FA7  00A5               	movwf	strncmp@_l
  6516     0FA8                     l4898:
  6517     0FA8  0825               	movf	strncmp@_l,w
  6518     0FA9  00A8               	movwf	strncmp@l
  6519     0FAA  0821               	movf	strncmp@_r+1,w
  6520     0FAB  00A7               	movwf	strncmp@r+1
  6521     0FAC  0820               	movf	strncmp@_r,w
  6522     0FAD  00A6               	movwf	strncmp@r
  6523     0FAE                     l4900:
  6524     0FAE  3001               	movlw	1
  6525     0FAF  02A2               	subwf	strncmp@n,f
  6526     0FB0  3000               	movlw	0
  6527     0FB1  3BA3               	subwfb	strncmp@n+1,f
  6528     0FB2  0A22               	incf	strncmp@n,w
  6529     0FB3  1D03               	skipz
  6530     0FB4  2FB9               	goto	u3771
  6531     0FB5  0A23               	incf	strncmp@n+1,w
  6532     0FB6  1D03               	btfss	3,2
  6533     0FB7  2FB9               	goto	u3771
  6534     0FB8  2FBA               	goto	u3770
  6535     0FB9                     u3771:
  6536     0FB9  2FC9               	goto	l4912
  6537     0FBA                     u3770:
  6538     0FBA                     l4902:
  6539     0FBA  01A0               	clrf	?_strncmp
  6540     0FBB  01A1               	clrf	?_strncmp+1
  6541     0FBC  2FFF               	goto	l1711
  6542     0FBD                     l4906:
  6543     0FBD  3001               	movlw	1
  6544     0FBE  00A4               	movwf	??_strncmp
  6545     0FBF  0824               	movf	??_strncmp,w
  6546     0FC0  07A8               	addwf	strncmp@l,f
  6547     0FC1                     l4908:
  6548     0FC1  3001               	movlw	1
  6549     0FC2  07A6               	addwf	strncmp@r,f
  6550     0FC3  3000               	movlw	0
  6551     0FC4  3DA7               	addwfc	strncmp@r+1,f
  6552     0FC5                     l4910:
  6553     0FC5  3001               	movlw	1
  6554     0FC6  02A2               	subwf	strncmp@n,f
  6555     0FC7  3000               	movlw	0
  6556     0FC8  3BA3               	subwfb	strncmp@n+1,f
  6557     0FC9                     l4912:
  6558     0FC9  0828               	movf	strncmp@l,w
  6559     0FCA  0086               	movwf	6
  6560     0FCB  3001               	movlw	1	; select bank2/3
  6561     0FCC  0087               	movwf	7
  6562     0FCD  0801               	movf	1,w
  6563     0FCE  1903               	btfsc	3,2
  6564     0FCF  2FD1               	goto	u3781
  6565     0FD0  2FD2               	goto	u3780
  6566     0FD1                     u3781:
  6567     0FD1  2FF1               	goto	l4920
  6568     0FD2                     u3780:
  6569     0FD2                     l4914:
  6570     0FD2  0826               	movf	strncmp@r,w
  6571     0FD3  0084               	movwf	4
  6572     0FD4  0827               	movf	strncmp@r+1,w
  6573     0FD5  0085               	movwf	5
  6574     0FD6  0012               	moviw fsr0++
  6575     0FD7  1903               	btfsc	3,2
  6576     0FD8  2FDA               	goto	u3791
  6577     0FD9  2FDB               	goto	u3790
  6578     0FDA                     u3791:
  6579     0FDA  2FF1               	goto	l4920
  6580     0FDB                     u3790:
  6581     0FDB                     l4916:
  6582     0FDB  0822               	movf	strncmp@n,w
  6583     0FDC  0423               	iorwf	strncmp@n+1,w
  6584     0FDD  1903               	btfsc	3,2
  6585     0FDE  2FE0               	goto	u3801
  6586     0FDF  2FE1               	goto	u3800
  6587     0FE0                     u3801:
  6588     0FE0  2FF1               	goto	l4920
  6589     0FE1                     u3800:
  6590     0FE1                     l4918:
  6591     0FE1  0826               	movf	strncmp@r,w
  6592     0FE2  0084               	movwf	4
  6593     0FE3  0827               	movf	strncmp@r+1,w
  6594     0FE4  0085               	movwf	5
  6595     0FE5  0800               	movf	0,w	;code access
  6596     0FE6  00A4               	movwf	??_strncmp
  6597     0FE7  0828               	movf	strncmp@l,w
  6598     0FE8  0086               	movwf	6
  6599     0FE9  3001               	movlw	1	; select bank2/3
  6600     0FEA  0087               	movwf	7
  6601     0FEB  0801               	movf	1,w
  6602     0FEC  0624               	xorwf	??_strncmp,w
  6603     0FED  1903               	skipnz
  6604     0FEE  2FF0               	goto	u3811
  6605     0FEF  2FF1               	goto	u3810
  6606     0FF0                     u3811:
  6607     0FF0  2FBD               	goto	l4906
  6608     0FF1                     u3810:
  6609     0FF1                     l4920:
  6610     0FF1  0828               	movf	strncmp@l,w
  6611     0FF2  0086               	movwf	6
  6612     0FF3  3001               	movlw	1	; select bank2/3
  6613     0FF4  0087               	movwf	7
  6614     0FF5  0826               	movf	strncmp@r,w
  6615     0FF6  0084               	movwf	4
  6616     0FF7  0827               	movf	strncmp@r+1,w
  6617     0FF8  0085               	movwf	5
  6618     0FF9  0800               	movf	0,w	;code access
  6619     0FFA  0201               	subwf	1,w
  6620     0FFB  00A0               	movwf	?_strncmp
  6621     0FFC  01A1               	clrf	?_strncmp+1
  6622     0FFD  1C03               	skipc
  6623     0FFE  03A1               	decf	?_strncmp+1,f
  6624     0FFF                     l1711:
  6625     0FFF  0008               	return
  6626     1000                     __end_of_strncmp:
  6627                           
  6628                           	psect	text4
  6629     0CC7                     __ptext4:	
  6630 ;; *************** function _strlen *****************
  6631 ;; Defined at:
  6632 ;;		line 5 in file "C:\Program Files\Microchip\xc8\v2.41\pic\sources\c99\common\strlen.c"
  6633 ;; Parameters:    Size  Location     Type
  6634 ;;  s               2    0[BANK0 ] PTR const unsigned char 
  6635 ;;		 -> STR_1(3), 
  6636 ;; Auto vars:     Size  Location     Type
  6637 ;;  a               2    3[BANK0 ] PTR const unsigned char 
  6638 ;;		 -> STR_1(3), 
  6639 ;; Return value:  Size  Location     Type
  6640 ;;                  2    0[BANK0 ] unsigned int 
  6641 ;; Registers used:
  6642 ;;		wreg, fsr0l, fsr0h, status,2, status,0
  6643 ;; Tracked objects:
  6644 ;;		On entry : 0/0
  6645 ;;		On exit  : 0/0
  6646 ;;		Unchanged: 0/0
  6647 ;; Data sizes:     COMMON   BANK0   BANK1   BANK2   BANK3   BANK4   BANK5   BANK6   BANK7   BANK8   BANK9  BANK10  BANK1
      +1  BANK12  BANK13  BANK14  BANK15  BANK16  BANK17  BANK18  BANK19  BANK20  BANK21  BANK22  BANK23  BANK24  BANK25
  6648 ;;      Params:         0       2       0       0       0       0       0       0       0       0       0       0       
      +0       0       0       0       0       0       0       0       0       0       0       0       0       0       0
  6649 ;;      Locals:         0       2       0       0       0       0       0       0       0       0       0       0       
      +0       0       0       0       0       0       0       0       0       0       0       0       0       0       0
  6650 ;;      Temps:          0       1       0       0       0       0       0       0       0       0       0       0       
      +0       0       0       0       0       0       0       0       0       0       0       0       0       0       0
  6651 ;;      Totals:         0       5       0       0       0       0       0       0       0       0       0       0       
      +0       0       0       0       0       0       0       0       0       0       0       0       0       0       0
  6652 ;;Total ram usage:        5 bytes
  6653 ;; Hardware stack levels used: 1
  6654 ;; Hardware stack levels required when called: 7
  6655 ;; This function calls:
  6656 ;;		Nothing
  6657 ;; This function is called by:
  6658 ;;		_strstr
  6659 ;; This function uses a non-reentrant model
  6660 ;;
  6661                           
  6662     0CC7                     _strlen:	
  6663                           ;psect for function _strlen
  6664                           
  6665     0CC7                     l4888:	
  6666                           ;incstack = 0
  6667                           ; Regs used in _strlen: [wreg-fsr0h+status,2+status,0]
  6668                           
  6669     0CC7  0140               	movlb	0	; select bank0
  6670     0CC8  0821               	movf	strlen@s+1,w
  6671     0CC9  00A4               	movwf	strlen@a+1
  6672     0CCA  0820               	movf	strlen@s,w
  6673     0CCB  00A3               	movwf	strlen@a
  6674     0CCC  2CD1               	goto	l4892
  6675     0CCD                     l4890:
  6676     0CCD  3001               	movlw	1
  6677     0CCE  07A0               	addwf	strlen@s,f
  6678     0CCF  3000               	movlw	0
  6679     0CD0  3DA1               	addwfc	strlen@s+1,f
  6680     0CD1                     l4892:
  6681     0CD1  0820               	movf	strlen@s,w
  6682     0CD2  0084               	movwf	4
  6683     0CD3  0821               	movf	strlen@s+1,w
  6684     0CD4  0085               	movwf	5
  6685     0CD5  0012               	moviw fsr0++
  6686     0CD6  1D03               	btfss	3,2
  6687     0CD7  2CD9               	goto	u3761
  6688     0CD8  2CDA               	goto	u3760
  6689     0CD9                     u3761:
  6690     0CD9  2CCD               	goto	l4890
  6691     0CDA                     u3760:
  6692     0CDA                     l4894:
  6693     0CDA  0823               	movf	strlen@a,w
  6694     0CDB  0220               	subwf	strlen@s,w
  6695     0CDC  00A0               	movwf	?_strlen
  6696     0CDD  0824               	movf	strlen@a+1,w
  6697     0CDE  3B21               	subwfb	strlen@s+1,w
  6698     0CDF  00A1               	movwf	?_strlen+1
  6699     0CE0                     l1707:
  6700     0CE0  0008               	return
  6701     0CE1                     __end_of_strlen:
  6702                           
  6703                           	psect	text5
  6704     0CAD                     __ptext5:	
  6705 ;; *************** function _strchr *****************
  6706 ;; Defined at:
  6707 ;;		line 3 in file "C:\Program Files\Microchip\xc8\v2.41\pic\sources\c99\common\strchr.c"
  6708 ;; Parameters:    Size  Location     Type
  6709 ;;  s               1    wreg     PTR const unsigned char 
  6710 ;;		 -> main@text(32), NULL(0), 
  6711 ;;  c               2    0[BANK0 ] int 
  6712 ;; Auto vars:     Size  Location     Type
  6713 ;;  s               1    2[BANK0 ] PTR const unsigned char 
  6714 ;;		 -> main@text(32), NULL(0), 
  6715 ;; Return value:  Size  Location     Type
  6716 ;;                  1    wreg      PTR unsigned char 
  6717 ;; Registers used:
  6718 ;;		wreg, fsr1l, fsr1h, status,2, status,0
  6719 ;; Tracked objects:
  6720 ;;		On entry : 0/0
  6721 ;;		On exit  : 0/0
  6722 ;;		Unchanged: 0/0
  6723 ;; Data sizes:     COMMON   BANK0   BANK1   BANK2   BANK3   BANK4   BANK5   BANK6   BANK7   BANK8   BANK9  BANK10  BANK1
      +1  BANK12  BANK13  BANK14  BANK15  BANK16  BANK17  BANK18  BANK19  BANK20  BANK21  BANK22  BANK23  BANK24  BANK25
  6724 ;;      Params:         0       2       0       0       0       0       0       0       0       0       0       0       
      +0       0       0       0       0       0       0       0       0       0       0       0       0       0       0
  6725 ;;      Locals:         0       1       0       0       0       0       0       0       0       0       0       0       
      +0       0       0       0       0       0       0       0       0       0       0       0       0       0       0
  6726 ;;      Temps:          0       0       0       0       0       0       0       0       0       0       0       0       
      +0       0       0       0       0       0       0       0       0       0       0       0       0       0       0
  6727 ;;      Totals:         0       3       0       0       0       0       0       0       0       0       0       0       
      +0       0       0       0       0       0       0       0       0       0       0       0       0       0       0
  6728 ;;Total ram usage:        3 bytes
  6729 ;; Hardware stack levels used: 1
  6730 ;; Hardware stack levels required when called: 7
  6731 ;; This function calls:
  6732 ;;		Nothing
  6733 ;; This function is called by:
  6734 ;;		_strstr
  6735 ;; This function uses a non-reentrant model
  6736 ;;
  6737                           
  6738     0CAD                     _strchr:	
  6739                           ;psect for function _strchr
  6740                           
  6741                           
  6742                           ;incstack = 0
  6743                           ; Regs used in _strchr: [wreg+fsr1l+fsr1h+status,2+status,0]
  6744                           ;strchr@s stored from wreg
  6745     0CAD  0140               	movlb	0	; select bank0
  6746     0CAE  00A2               	movwf	strchr@s
  6747     0CAF                     l1698:
  6748     0CAF                     l4924:
  6749     0CAF  0822               	movf	strchr@s,w
  6750     0CB0  0086               	movwf	6
  6751     0CB1  3001               	movlw	1	; select bank2/3
  6752     0CB2  0087               	movwf	7
  6753     0CB3  0801               	movf	1,w
  6754     0CB4  0620               	xorwf	strchr@c,w
  6755     0CB5  1D03               	skipz
  6756     0CB6  2CB8               	goto	u3821
  6757     0CB7  2CB9               	goto	u3820
  6758     0CB8                     u3821:
  6759     0CB8  2CBB               	goto	l4930
  6760     0CB9                     u3820:
  6761     0CB9                     l4926:
  6762     0CB9  0822               	movf	strchr@s,w
  6763     0CBA  2CC6               	goto	l1700
  6764     0CBB                     l4930:
  6765     0CBB  0822               	movf	strchr@s,w
  6766     0CBC  0086               	movwf	6
  6767     0CBD  3001               	movlw	1	; select bank2/3
  6768     0CBE  0087               	movwf	7
  6769     0CBF  0AA2               	incf	strchr@s,f
  6770     0CC0  0801               	movf	1,w
  6771     0CC1  1D03               	btfss	3,2
  6772     0CC2  2CC4               	goto	u3831
  6773     0CC3  2CC5               	goto	u3830
  6774     0CC4                     u3831:
  6775     0CC4  2CAF               	goto	l1698
  6776     0CC5                     u3830:
  6777     0CC5                     l4932:
  6778     0CC5  3000               	movlw	0
  6779     0CC6                     l1700:
  6780     0CC6  0008               	return
  6781     0CC7                     __end_of_strchr:
  6782                           
  6783                           	psect	text6
  6784     0610                     __ptext6:	
  6785 ;; *************** function _atoi *****************
  6786 ;; Defined at:
  6787 ;;		line 4 in file "C:\Program Files\Microchip\xc8\v2.41\pic\sources\c99\common\atoi.c"
  6788 ;; Parameters:    Size  Location     Type
  6789 ;;  s               1    wreg     PTR const unsigned char 
  6790 ;;		 -> main@text(32), NULL(0), 
  6791 ;; Auto vars:     Size  Location     Type
  6792 ;;  s               1   14[BANK0 ] PTR const unsigned char 
  6793 ;;		 -> main@text(32), NULL(0), 
  6794 ;;  n               2   12[BANK0 ] int 
  6795 ;;  neg             2   10[BANK0 ] int 
  6796 ;; Return value:  Size  Location     Type
  6797 ;;                  2    6[BANK0 ] int 
  6798 ;; Registers used:
  6799 ;;		wreg, fsr0l, fsr0h, fsr1l, fsr1h, status,2, status,0, pclath, cstack
  6800 ;; Tracked objects:
  6801 ;;		On entry : 0/0
  6802 ;;		On exit  : 0/0
  6803 ;;		Unchanged: 0/0
  6804 ;; Data sizes:     COMMON   BANK0   BANK1   BANK2   BANK3   BANK4   BANK5   BANK6   BANK7   BANK8   BANK9  BANK10  BANK1
      +1  BANK12  BANK13  BANK14  BANK15  BANK16  BANK17  BANK18  BANK19  BANK20  BANK21  BANK22  BANK23  BANK24  BANK25
  6805 ;;      Params:         0       2       0       0       0       0       0       0       0       0       0       0       
      +0       0       0       0       0       0       0       0       0       0       0       0       0       0       0
  6806 ;;      Locals:         0       5       0       0       0       0       0       0       0       0       0       0       
      +0       0       0       0       0       0       0       0       0       0       0       0       0       0       0
  6807 ;;      Temps:          0       2       0       0       0       0       0       0       0       0       0       0       
      +0       0       0       0       0       0       0       0       0       0       0       0       0       0       0
  6808 ;;      Totals:         0       9       0       0       0       0       0       0       0       0       0       0       
      +0       0       0       0       0       0       0       0       0       0       0       0       0       0       0
  6809 ;;Total ram usage:        9 bytes
  6810 ;; Hardware stack levels used: 1
  6811 ;; Hardware stack levels required when called: 8
  6812 ;; This function calls:
  6813 ;;		___wmul
  6814 ;;		_isdigit
  6815 ;;		_isspace
  6816 ;; This function is called by:
  6817 ;;		_parse_track_number
  6818 ;; This function uses a non-reentrant model
  6819 ;;
  6820                           
  6821     0610                     _atoi:	
  6822                           ;psect for function _atoi
  6823                           
  6824                           
  6825                           ;incstack = 0
  6826                           ; Regs used in _atoi: [wreg-fsr1h+status,2+status,0+pclath+cstack]
  6827                           ;atoi@s stored from wreg
  6828     0610  0140               	movlb	0	; select bank0
  6829     0611  00AE               	movwf	atoi@s
  6830     0612                     l5218:
  6831     0612  01AC               	clrf	atoi@n
  6832     0613  01AD               	clrf	atoi@n+1
  6833     0614  01AA               	clrf	atoi@neg
  6834     0615  01AB               	clrf	atoi@neg+1
  6835     0616  2E1B               	goto	l5224
  6836     0617                     l5220:
  6837     0617  3001               	movlw	1
  6838     0618  00A8               	movwf	??_atoi
  6839     0619  0828               	movf	??_atoi,w
  6840     061A  07AE               	addwf	atoi@s,f
  6841     061B                     l5224:
  6842     061B  082E               	movf	atoi@s,w
  6843     061C  0086               	movwf	6
  6844     061D  3001               	movlw	1	; select bank2/3
  6845     061E  0087               	movwf	7
  6846     061F  3020               	movlw	32
  6847     0620  0601               	xorwf	1,w
  6848     0621  1903               	btfsc	3,2
  6849     0622  2E24               	goto	u4111
  6850     0623  2E25               	goto	u4110
  6851     0624                     u4111:
  6852     0624  2E17               	goto	l5220
  6853     0625                     u4110:
  6854     0625                     l5226:
  6855     0625  082E               	movf	atoi@s,w
  6856     0626  0086               	movwf	6
  6857     0627  3001               	movlw	1	; select bank2/3
  6858     0628  0087               	movwf	7
  6859     0629  0801               	movf	1,w
  6860     062A  3EF7               	addlw	247
  6861     062B  00A8               	movwf	??_atoi
  6862     062C  30FF               	movlw	255
  6863     062D  1803               	skipnc
  6864     062E  3000               	movlw	0
  6865     062F  00A9               	movwf	??_atoi+1
  6866     0630  3000               	movlw	0
  6867     0631  0229               	subwf	??_atoi+1,w
  6868     0632  3005               	movlw	5
  6869     0633  1903               	skipnz
  6870     0634  0228               	subwf	??_atoi,w
  6871     0635  1C03               	skipc
  6872     0636  2E38               	goto	u4121
  6873     0637  2E39               	goto	u4120
  6874     0638                     u4121:
  6875     0638  2E17               	goto	l5220
  6876     0639                     u4120:
  6877     0639  2E43               	goto	l5232
  6878     063A                     l5228:
  6879     063A  3001               	movlw	1
  6880     063B  00AA               	movwf	atoi@neg
  6881     063C  3000               	movlw	0
  6882     063D  00AB               	movwf	atoi@neg+1
  6883     063E                     l5230:
  6884     063E  3001               	movlw	1
  6885     063F  00A8               	movwf	??_atoi
  6886     0640  0828               	movf	??_atoi,w
  6887     0641  07AE               	addwf	atoi@s,f
  6888     0642  2E75               	goto	l5240
  6889     0643                     l5232:
  6890     0643  082E               	movf	atoi@s,w
  6891     0644  0086               	movwf	6
  6892     0645  3001               	movlw	1	; select bank2/3
  6893     0646  0087               	movwf	7
  6894     0647  0801               	movf	1,w
  6895     0648  00A8               	movwf	??_atoi
  6896     0649  01A9               	clrf	??_atoi+1
  6897                           
  6898                           ; Switch on 2 bytes has been partitioned into a top level switch of size 1, and 1 sub-sw
      +                          itches
  6899                           ; Switch size 1, requested type "simple"
  6900                           ; Number of cases is 1, Range of values is 0 to 0
  6901                           ; switch strategies available:
  6902                           ; Name         Instructions Cycles
  6903                           ; simple_byte            4     3 (average)
  6904                           ; direct_byte            8     6 (fixed)
  6905                           ; jumptable            260     6 (fixed)
  6906                           ;	Chosen strategy is simple_byte
  6907     064A  0829               	movf	??_atoi+1,w
  6908     064B  3A00               	xorlw	0	; case 0
  6909     064C  1903               	skipnz
  6910     064D  2E4F               	goto	l5530
  6911     064E  2E75               	goto	l5240
  6912     064F                     l5530:
  6913                           
  6914                           ; Switch size 1, requested type "simple"
  6915                           ; Number of cases is 2, Range of values is 43 to 45
  6916                           ; switch strategies available:
  6917                           ; Name         Instructions Cycles
  6918                           ; simple_byte            7     4 (average)
  6919                           ; direct_byte           15     9 (fixed)
  6920                           ; jumptable            263     9 (fixed)
  6921                           ;	Chosen strategy is simple_byte
  6922     064F  0828               	movf	??_atoi,w
  6923     0650  3A2B               	xorlw	43	; case 43
  6924     0651  1903               	skipnz
  6925     0652  2E3E               	goto	l5230
  6926     0653  3A06               	xorlw	6	; case 45
  6927     0654  1903               	skipnz
  6928     0655  2E3A               	goto	l5228
  6929     0656  2E75               	goto	l5240
  6930     0657                     l5234:
  6931     0657  082E               	movf	atoi@s,w
  6932     0658  0086               	movwf	6
  6933     0659  3001               	movlw	1	; select bank2/3
  6934     065A  0087               	movwf	7
  6935     065B  082D               	movf	atoi@n+1,w
  6936     065C  00A1               	movwf	___wmul@multiplier+1
  6937     065D  082C               	movf	atoi@n,w
  6938     065E  00A0               	movwf	___wmul@multiplier
  6939     065F  300A               	movlw	10
  6940     0660  00A2               	movwf	___wmul@multiplicand
  6941     0661  3000               	movlw	0
  6942     0662  00A3               	movwf	___wmul@multiplicand+1
  6943     0663  318D  253D  3186   	fcall	___wmul
  6944     0666  0140               	movlb	0	; select bank0
  6945     0667  0821               	movf	?___wmul+1,w
  6946     0668  00A9               	movwf	??_atoi+1
  6947     0669  0801               	movf	1,w
  6948     066A  0220               	subwf	?___wmul,w
  6949     066B  00A8               	movwf	??_atoi
  6950     066C  1C03               	skipc
  6951     066D  03A9               	decf	??_atoi+1,f
  6952     066E  0828               	movf	??_atoi,w
  6953     066F  3E30               	addlw	48
  6954     0670  00AC               	movwf	atoi@n
  6955     0671  3000               	movlw	0
  6956     0672  3D29               	addwfc	??_atoi+1,w
  6957     0673  00AD               	movwf	atoi@n+1
  6958     0674  2E3E               	goto	l5230
  6959     0675                     l5240:
  6960     0675  082E               	movf	atoi@s,w
  6961     0676  0086               	movwf	6
  6962     0677  3001               	movlw	1	; select bank2/3
  6963     0678  0087               	movwf	7
  6964     0679  0801               	movf	1,w
  6965     067A  3ED0               	addlw	208
  6966     067B  00A8               	movwf	??_atoi
  6967     067C  30FF               	movlw	255
  6968     067D  1803               	skipnc
  6969     067E  3000               	movlw	0
  6970     067F  00A9               	movwf	??_atoi+1
  6971     0680  3000               	movlw	0
  6972     0681  0229               	subwf	??_atoi+1,w
  6973     0682  300A               	movlw	10
  6974     0683  1903               	skipnz
  6975     0684  0228               	subwf	??_atoi,w
  6976     0685  1C03               	skipc
  6977     0686  2E88               	goto	u4131
  6978     0687  2E89               	goto	u4130
  6979     0688                     u4131:
  6980     0688  2E57               	goto	l5234
  6981     0689                     u4130:
  6982     0689                     l5242:
  6983     0689  082A               	movf	atoi@neg,w
  6984     068A  042B               	iorwf	atoi@neg+1,w
  6985     068B  1D03               	btfss	3,2
  6986     068C  2E8E               	goto	u4141
  6987     068D  2E8F               	goto	u4140
  6988     068E                     u4141:
  6989     068E  2E9B               	goto	l5246
  6990     068F                     u4140:
  6991     068F                     l5244:
  6992     068F  092C               	comf	atoi@n,w
  6993     0690  00A8               	movwf	??_atoi
  6994     0691  092D               	comf	atoi@n+1,w
  6995     0692  00A9               	movwf	??_atoi+1
  6996     0693  0AA8               	incf	??_atoi,f
  6997     0694  1903               	skipnz
  6998     0695  0AA9               	incf	??_atoi+1,f
  6999     0696  0828               	movf	??_atoi,w
  7000     0697  00A6               	movwf	?_atoi
  7001     0698  0829               	movf	??_atoi+1,w
  7002     0699  00A7               	movwf	?_atoi+1
  7003     069A  2E9F               	goto	l1647
  7004     069B                     l5246:
  7005     069B  082D               	movf	atoi@n+1,w
  7006     069C  00A7               	movwf	?_atoi+1
  7007     069D  082C               	movf	atoi@n,w
  7008     069E  00A6               	movwf	?_atoi
  7009     069F                     l1647:
  7010     069F  0008               	return
  7011     06A0                     __end_of_atoi:
  7012                           
  7013                           	psect	text7
  7014     0D5D                     __ptext7:	
  7015 ;; *************** function _isspace *****************
  7016 ;; Defined at:
  7017 ;;		line 5 in file "C:\Program Files\Microchip\xc8\v2.41\pic\sources\c99\common\isspace.c"
  7018 ;; Parameters:    Size  Location     Type
  7019 ;;  c               2    0[BANK0 ] int 
  7020 ;; Auto vars:     Size  Location     Type
  7021 ;;		None
  7022 ;; Return value:  Size  Location     Type
  7023 ;;                  2    0[BANK0 ] int 
  7024 ;; Registers used:
  7025 ;;		wreg, status,2, status,0
  7026 ;; Tracked objects:
  7027 ;;		On entry : 0/0
  7028 ;;		On exit  : 0/0
  7029 ;;		Unchanged: 0/0
  7030 ;; Data sizes:     COMMON   BANK0   BANK1   BANK2   BANK3   BANK4   BANK5   BANK6   BANK7   BANK8   BANK9  BANK10  BANK1
      +1  BANK12  BANK13  BANK14  BANK15  BANK16  BANK17  BANK18  BANK19  BANK20  BANK21  BANK22  BANK23  BANK24  BANK25
  7031 ;;      Params:         0       2       0       0       0       0       0       0       0       0       0       0       
      +0       0       0       0       0       0       0       0       0       0       0       0       0       0       0
  7032 ;;      Locals:         0       1       0       0       0       0       0       0       0       0       0       0       
      +0       0       0       0       0       0       0       0       0       0       0       0       0       0       0
  7033 ;;      Temps:          0       2       0       0       0       0       0       0       0       0       0       0       
      +0       0       0       0       0       0       0       0       0       0       0       0       0       0       0
  7034 ;;      Totals:         0       5       0       0       0       0       0       0       0       0       0       0       
      +0       0       0       0       0       0       0       0       0       0       0       0       0       0       0
  7035 ;;Total ram usage:        5 bytes
  7036 ;; Hardware stack levels used: 1
  7037 ;; Hardware stack levels required when called: 7
  7038 ;; This function calls:
  7039 ;;		Nothing
  7040 ;; This function is called by:
  7041 ;;		_atoi
  7042 ;; This function uses a non-reentrant model
  7043 ;;
  7044                           
  7045     0D5D                     _isspace:	
  7046                           ;psect for function _isspace
  7047                           
  7048     0D5D                     l4872:	
  7049                           ;incstack = 0
  7050                           ; Regs used in _isspace: [wreg+status,2+status,0]
  7051                           
  7052     0D5D  0140               	movlb	0	; select bank0
  7053     0D5E  01A4               	clrf	_isspace$2532
  7054     0D5F  0AA4               	incf	_isspace$2532,f
  7055     0D60                     l4874:
  7056     0D60  3020               	movlw	32
  7057     0D61  0620               	xorwf	isspace@c,w
  7058     0D62  0421               	iorwf	isspace@c+1,w
  7059     0D63  1903               	btfsc	3,2
  7060     0D64  2D66               	goto	u3721
  7061     0D65  2D67               	goto	u3720
  7062     0D66                     u3721:
  7063     0D66  2D77               	goto	l4880
  7064     0D67                     u3720:
  7065     0D67                     l4876:
  7066     0D67  0820               	movf	isspace@c,w
  7067     0D68  3EF7               	addlw	247
  7068     0D69  00A2               	movwf	??_isspace
  7069     0D6A  30FF               	movlw	255
  7070     0D6B  3D21               	addwfc	isspace@c+1,w
  7071     0D6C  00A3               	movwf	??_isspace+1
  7072     0D6D  3000               	movlw	0
  7073     0D6E  0223               	subwf	??_isspace+1,w
  7074     0D6F  3005               	movlw	5
  7075     0D70  1903               	skipnz
  7076     0D71  0222               	subwf	??_isspace,w
  7077     0D72  1C03               	skipc
  7078     0D73  2D75               	goto	u3731
  7079     0D74  2D76               	goto	u3730
  7080     0D75                     u3731:
  7081     0D75  2D77               	goto	l4880
  7082     0D76                     u3730:
  7083     0D76                     l4878:
  7084     0D76  01A4               	clrf	_isspace$2532
  7085     0D77                     l4880:
  7086     0D77  0824               	movf	_isspace$2532,w
  7087     0D78  00A2               	movwf	??_isspace
  7088     0D79  01A3               	clrf	??_isspace+1
  7089     0D7A  0822               	movf	??_isspace,w
  7090     0D7B  00A0               	movwf	?_isspace
  7091     0D7C  0823               	movf	??_isspace+1,w
  7092     0D7D  00A1               	movwf	?_isspace+1
  7093     0D7E                     l1658:
  7094     0D7E  0008               	return
  7095     0D7F                     __end_of_isspace:
  7096                           
  7097                           	psect	text8
  7098     0C94                     __ptext8:	
  7099 ;; *************** function _isdigit *****************
  7100 ;; Defined at:
  7101 ;;		line 5 in file "C:\Program Files\Microchip\xc8\v2.41\pic\sources\c99\common\isdigit.c"
  7102 ;; Parameters:    Size  Location     Type
  7103 ;;  c               2    0[BANK0 ] int 
  7104 ;; Auto vars:     Size  Location     Type
  7105 ;;		None
  7106 ;; Return value:  Size  Location     Type
  7107 ;;                  2    0[BANK0 ] int 
  7108 ;; Registers used:
  7109 ;;		wreg, status,2, status,0
  7110 ;; Tracked objects:
  7111 ;;		On entry : 0/0
  7112 ;;		On exit  : 0/0
  7113 ;;		Unchanged: 0/0
  7114 ;; Data sizes:     COMMON   BANK0   BANK1   BANK2   BANK3   BANK4   BANK5   BANK6   BANK7   BANK8   BANK9  BANK10  BANK1
      +1  BANK12  BANK13  BANK14  BANK15  BANK16  BANK17  BANK18  BANK19  BANK20  BANK21  BANK22  BANK23  BANK24  BANK25
  7115 ;;      Params:         0       2       0       0       0       0       0       0       0       0       0       0       
      +0       0       0       0       0       0       0       0       0       0       0       0       0       0       0
  7116 ;;      Locals:         0       0       0       0       0       0       0       0       0       0       0       0       
      +0       0       0       0       0       0       0       0       0       0       0       0       0       0       0
  7117 ;;      Temps:          0       4       0       0       0       0       0       0       0       0       0       0       
      +0       0       0       0       0       0       0       0       0       0       0       0       0       0       0
  7118 ;;      Totals:         0       6       0       0       0       0       0       0       0       0       0       0       
      +0       0       0       0       0       0       0       0       0       0       0       0       0       0       0
  7119 ;;Total ram usage:        6 bytes
  7120 ;; Hardware stack levels used: 1
  7121 ;; Hardware stack levels required when called: 7
  7122 ;; This function calls:
  7123 ;;		Nothing
  7124 ;; This function is called by:
  7125 ;;		_atoi
  7126 ;; This function uses a non-reentrant model
  7127 ;;
  7128                           
  7129     0C94                     _isdigit:	
  7130                           ;psect for function _isdigit
  7131                           
  7132     0C94                     l4884:	
  7133                           ;incstack = 0
  7134                           ; Regs used in _isdigit: [wreg+status,2+status,0]
  7135                           
  7136     0C94  0140               	movlb	0	; select bank0
  7137     0C95  0820               	movf	isdigit@c,w
  7138     0C96  3ED0               	addlw	208
  7139     0C97  00A2               	movwf	??_isdigit
  7140     0C98  30FF               	movlw	255
  7141     0C99  3D21               	addwfc	isdigit@c+1,w
  7142     0C9A  00A3               	movwf	??_isdigit+1
  7143     0C9B  3000               	movlw	0
  7144     0C9C  0223               	subwf	??_isdigit+1,w
  7145     0C9D  300A               	movlw	10
  7146     0C9E  1903               	skipnz
  7147     0C9F  0222               	subwf	??_isdigit,w
  7148     0CA0  1C03               	skipc
  7149     0CA1  2CA3               	goto	u3741
  7150     0CA2  2CA5               	goto	u3740
  7151     0CA3                     u3741:
  7152     0CA3  3001               	movlw	1
  7153     0CA4  2CA6               	goto	u3750
  7154     0CA5                     u3740:
  7155     0CA5  3000               	movlw	0
  7156     0CA6                     u3750:
  7157     0CA6  00A4               	movwf	??_isdigit+2
  7158     0CA7  01A5               	clrf	??_isdigit+3
  7159     0CA8  0824               	movf	??_isdigit+2,w
  7160     0CA9  00A0               	movwf	?_isdigit
  7161     0CAA  0825               	movf	??_isdigit+3,w
  7162     0CAB  00A1               	movwf	?_isdigit+1
  7163     0CAC                     l1650:
  7164     0CAC  0008               	return
  7165     0CAD                     __end_of_isdigit:
  7166                           
  7167                           	psect	text9
  7168     0D3D                     __ptext9:	
  7169 ;; *************** function ___wmul *****************
  7170 ;; Defined at:
  7171 ;;		line 15 in file "C:\Program Files\Microchip\xc8\v2.41\pic\sources\c99\common\Umul16.c"
  7172 ;; Parameters:    Size  Location     Type
  7173 ;;  multiplier      2    0[BANK0 ] unsigned int 
  7174 ;;  multiplicand    2    2[BANK0 ] unsigned int 
  7175 ;; Auto vars:     Size  Location     Type
  7176 ;;  product         2    4[BANK0 ] unsigned int 
  7177 ;; Return value:  Size  Location     Type
  7178 ;;                  2    0[BANK0 ] unsigned int 
  7179 ;; Registers used:
  7180 ;;		wreg, status,2, status,0
  7181 ;; Tracked objects:
  7182 ;;		On entry : 0/0
  7183 ;;		On exit  : 0/0
  7184 ;;		Unchanged: 0/0
  7185 ;; Data sizes:     COMMON   BANK0   BANK1   BANK2   BANK3   BANK4   BANK5   BANK6   BANK7   BANK8   BANK9  BANK10  BANK1
      +1  BANK12  BANK13  BANK14  BANK15  BANK16  BANK17  BANK18  BANK19  BANK20  BANK21  BANK22  BANK23  BANK24  BANK25
  7186 ;;      Params:         0       4       0       0       0       0       0       0       0       0       0       0       
      +0       0       0       0       0       0       0       0       0       0       0       0       0       0       0
  7187 ;;      Locals:         0       2       0       0       0       0       0       0       0       0       0       0       
      +0       0       0       0       0       0       0       0       0       0       0       0       0       0       0
  7188 ;;      Temps:          0       0       0       0       0       0       0       0       0       0       0       0       
      +0       0       0       0       0       0       0       0       0       0       0       0       0       0       0
  7189 ;;      Totals:         0       6       0       0       0       0       0       0       0       0       0       0       
      +0       0       0       0       0       0       0       0       0       0       0       0       0       0       0
  7190 ;;Total ram usage:        6 bytes
  7191 ;; Hardware stack levels used: 1
  7192 ;; Hardware stack levels required when called: 7
  7193 ;; This function calls:
  7194 ;;		Nothing
  7195 ;; This function is called by:
  7196 ;;		_atoi
  7197 ;; This function uses a non-reentrant model
  7198 ;;
  7199                           
  7200     0D3D                     ___wmul:	
  7201                           ;psect for function ___wmul
  7202                           
  7203     0D3D                     l4858:	
  7204                           ;incstack = 0
  7205                           ; Regs used in ___wmul: [wreg+status,2+status,0]
  7206                           
  7207     0D3D  0140               	movlb	0	; select bank0
  7208     0D3E  01A4               	clrf	___wmul@product
  7209     0D3F  01A5               	clrf	___wmul@product+1
  7210     0D40                     l4860:
  7211     0D40  1C20               	btfss	___wmul@multiplier,0
  7212     0D41  2D43               	goto	u3681
  7213     0D42  2D44               	goto	u3680
  7214     0D43                     u3681:
  7215     0D43  2D48               	goto	l1166
  7216     0D44                     u3680:
  7217     0D44                     l4862:
  7218     0D44  0822               	movf	___wmul@multiplicand,w
  7219     0D45  07A4               	addwf	___wmul@product,f
  7220     0D46  0823               	movf	___wmul@multiplicand+1,w
  7221     0D47  3DA5               	addwfc	___wmul@product+1,f
  7222     0D48                     l1166:
  7223     0D48  3001               	movlw	1
  7224     0D49                     u3695:
  7225     0D49  35A2               	lslf	___wmul@multiplicand,f
  7226     0D4A  0DA3               	rlf	___wmul@multiplicand+1,f
  7227     0D4B  0B89               	decfsz	9,f
  7228     0D4C  2D49               	goto	u3695
  7229     0D4D                     l4864:
  7230     0D4D  3001               	movlw	1
  7231     0D4E                     u3705:
  7232     0D4E  36A1               	lsrf	___wmul@multiplier+1,f
  7233     0D4F  0CA0               	rrf	___wmul@multiplier,f
  7234     0D50  0B89               	decfsz	9,f
  7235     0D51  2D4E               	goto	u3705
  7236     0D52                     l4866:
  7237     0D52  0820               	movf	___wmul@multiplier,w
  7238     0D53  0421               	iorwf	___wmul@multiplier+1,w
  7239     0D54  1D03               	btfss	3,2
  7240     0D55  2D57               	goto	u3711
  7241     0D56  2D58               	goto	u3710
  7242     0D57                     u3711:
  7243     0D57  2D40               	goto	l4860
  7244     0D58                     u3710:
  7245     0D58                     l4868:
  7246     0D58  0825               	movf	___wmul@product+1,w
  7247     0D59  00A1               	movwf	?___wmul+1
  7248     0D5A  0824               	movf	___wmul@product,w
  7249     0D5B  00A0               	movwf	?___wmul
  7250     0D5C                     l1168:
  7251     0D5C  0008               	return
  7252     0D5D                     __end_of___wmul:
  7253                           
  7254                           	psect	text10
  7255     0C55                     __ptext10:	
  7256 ;; *************** function _SYSTEM_Initialize *****************
  7257 ;; Defined at:
  7258 ;;		line 37 in file "mcc_generated_files/system/src/system.c"
  7259 ;; Parameters:    Size  Location     Type
  7260 ;;		None
  7261 ;; Auto vars:     Size  Location     Type
  7262 ;;		None
  7263 ;; Return value:  Size  Location     Type
  7264 ;;                  1    wreg      void 
  7265 ;; Registers used:
  7266 ;;		wreg, status,2, status,0, pclath, cstack
  7267 ;; Tracked objects:
  7268 ;;		On entry : 0/0
  7269 ;;		On exit  : 0/0
  7270 ;;		Unchanged: 0/0
  7271 ;; Data sizes:     COMMON   BANK0   BANK1   BANK2   BANK3   BANK4   BANK5   BANK6   BANK7   BANK8   BANK9  BANK10  BANK1
      +1  BANK12  BANK13  BANK14  BANK15  BANK16  BANK17  BANK18  BANK19  BANK20  BANK21  BANK22  BANK23  BANK24  BANK25
  7272 ;;      Params:         0       0       0       0       0       0       0       0       0       0       0       0       
      +0       0       0       0       0       0       0       0       0       0       0       0       0       0       0
  7273 ;;      Locals:         0       0       0       0       0       0       0       0       0       0       0       0       
      +0       0       0       0       0       0       0       0       0       0       0       0       0       0       0
  7274 ;;      Temps:          0       0       0       0       0       0       0       0       0       0       0       0       
      +0       0       0       0       0       0       0       0       0       0       0       0       0       0       0
  7275 ;;      Totals:         0       0       0       0       0       0       0       0       0       0       0       0       
      +0       0       0       0       0       0       0       0       0       0       0       0       0       0       0
  7276 ;;Total ram usage:        0 bytes
  7277 ;; Hardware stack levels used: 1
  7278 ;; Hardware stack levels required when called: 9
  7279 ;; This function calls:
  7280 ;;		_CLOCK_Initialize
  7281 ;;		_EUSART1_Initialize
  7282 ;;		_EUSART2_Initialize
  7283 ;;		_I2C1_Initialize
  7284 ;;		_INTERRUPT_Initialize
  7285 ;;		_PIN_MANAGER_Initialize
  7286 ;; This function is called by:
  7287 ;;		_main
  7288 ;; This function uses a non-reentrant model
  7289 ;;
  7290                           
  7291     0C55                     _SYSTEM_Initialize:	
  7292                           ;psect for function _SYSTEM_Initialize
  7293                           
  7294     0C55                     l5390:	
  7295                           ;incstack = 0
  7296                           ; Regs used in _SYSTEM_Initialize: [wreg+status,2+status,0+pclath+cstack]
  7297                           
  7298                           
  7299                           ;mcc_generated_files/system/src/system.c: 39:     CLOCK_Initialize();
  7300     0C55  318B  23BA  318C   	fcall	_CLOCK_Initialize
  7301                           
  7302                           ;mcc_generated_files/system/src/system.c: 40:     PIN_MANAGER_Initialize();
  7303     0C58  3187  2778  318C   	fcall	_PIN_MANAGER_Initialize
  7304                           
  7305                           ;mcc_generated_files/system/src/system.c: 41:     EUSART1_Initialize();
  7306     0C5B  318C  24FF  318C   	fcall	_EUSART1_Initialize
  7307                           
  7308                           ;mcc_generated_files/system/src/system.c: 42:     EUSART2_Initialize();
  7309     0C5E  318C  24E1  318C   	fcall	_EUSART2_Initialize
  7310                           
  7311                           ;mcc_generated_files/system/src/system.c: 43:     I2C1_Initialize();
  7312     0C61  318C  247D  318C   	fcall	_I2C1_Initialize
  7313                           
  7314                           ;mcc_generated_files/system/src/system.c: 44:     INTERRUPT_Initialize();
  7315     0C64  318B  23E8  318C   	fcall	_INTERRUPT_Initialize
  7316     0C67                     l443:
  7317     0C67  0008               	return
  7318     0C68                     __end_of_SYSTEM_Initialize:
  7319                           
  7320                           	psect	text11
  7321     0778                     __ptext11:	
  7322 ;; *************** function _PIN_MANAGER_Initialize *****************
  7323 ;; Defined at:
  7324 ;;		line 38 in file "mcc_generated_files/system/src/pins.c"
  7325 ;; Parameters:    Size  Location     Type
  7326 ;;		None
  7327 ;; Auto vars:     Size  Location     Type
  7328 ;;		None
  7329 ;; Return value:  Size  Location     Type
  7330 ;;                  1    wreg      void 
  7331 ;; Registers used:
  7332 ;;		wreg, status,2
  7333 ;; Tracked objects:
  7334 ;;		On entry : 0/0
  7335 ;;		On exit  : 0/0
  7336 ;;		Unchanged: 0/0
  7337 ;; Data sizes:     COMMON   BANK0   BANK1   BANK2   BANK3   BANK4   BANK5   BANK6   BANK7   BANK8   BANK9  BANK10  BANK1
      +1  BANK12  BANK13  BANK14  BANK15  BANK16  BANK17  BANK18  BANK19  BANK20  BANK21  BANK22  BANK23  BANK24  BANK25
  7338 ;;      Params:         0       0       0       0       0       0       0       0       0       0       0       0       
      +0       0       0       0       0       0       0       0       0       0       0       0       0       0       0
  7339 ;;      Locals:         0       0       0       0       0       0       0       0       0       0       0       0       
      +0       0       0       0       0       0       0       0       0       0       0       0       0       0       0
  7340 ;;      Temps:          0       0       0       0       0       0       0       0       0       0       0       0       
      +0       0       0       0       0       0       0       0       0       0       0       0       0       0       0
  7341 ;;      Totals:         0       0       0       0       0       0       0       0       0       0       0       0       
      +0       0       0       0       0       0       0       0       0       0       0       0       0       0       0
  7342 ;;Total ram usage:        0 bytes
  7343 ;; Hardware stack levels used: 1
  7344 ;; Hardware stack levels required when called: 7
  7345 ;; This function calls:
  7346 ;;		Nothing
  7347 ;; This function is called by:
  7348 ;;		_SYSTEM_Initialize
  7349 ;; This function uses a non-reentrant model
  7350 ;;
  7351                           
  7352     0778                     _PIN_MANAGER_Initialize:	
  7353                           ;psect for function _PIN_MANAGER_Initialize
  7354                           
  7355     0778                     l5090:	
  7356                           ;incstack = 0
  7357                           ; Regs used in _PIN_MANAGER_Initialize: [wreg+status,2]
  7358                           
  7359                           
  7360                           ;mcc_generated_files/system/src/pins.c: 43:     LATA = 0x0;
  7361     0778  0140               	movlb	0	; select bank0
  7362     0779  0198               	clrf	24	;volatile
  7363                           
  7364                           ;mcc_generated_files/system/src/pins.c: 44:     LATB = 0x0;
  7365     077A  0199               	clrf	25	;volatile
  7366     077B                     l5092:
  7367                           
  7368                           ;mcc_generated_files/system/src/pins.c: 45:     LATC = 0x18;
  7369     077B  3018               	movlw	24
  7370     077C  009A               	movwf	26	;volatile
  7371     077D                     l5094:
  7372                           
  7373                           ;mcc_generated_files/system/src/pins.c: 46:     LATD = 0x0;
  7374     077D  019B               	clrf	27	;volatile
  7375     077E                     l5096:
  7376                           
  7377                           ;mcc_generated_files/system/src/pins.c: 47:     LATE = 0x0;
  7378     077E  019C               	clrf	28	;volatile
  7379     077F                     l5098:
  7380                           
  7381                           ;mcc_generated_files/system/src/pins.c: 52:     TRISA = 0xFD;
  7382     077F  30FD               	movlw	253
  7383     0780  0092               	movwf	18	;volatile
  7384     0781                     l5100:
  7385                           
  7386                           ;mcc_generated_files/system/src/pins.c: 53:     TRISB = 0xE7;
  7387     0781  30E7               	movlw	231
  7388     0782  0093               	movwf	19	;volatile
  7389     0783                     l5102:
  7390                           
  7391                           ;mcc_generated_files/system/src/pins.c: 54:     TRISC = 0xFF;
  7392     0783  30FF               	movlw	255
  7393     0784  0094               	movwf	20	;volatile
  7394     0785                     l5104:
  7395                           
  7396                           ;mcc_generated_files/system/src/pins.c: 55:     TRISD = 0xFD;
  7397     0785  30FD               	movlw	253
  7398     0786  0095               	movwf	21	;volatile
  7399     0787                     l5106:
  7400                           
  7401                           ;mcc_generated_files/system/src/pins.c: 56:     TRISE = 0xF;
  7402     0787  300F               	movlw	15
  7403     0788  0096               	movwf	22	;volatile
  7404     0789                     l5108:
  7405                           
  7406                           ;mcc_generated_files/system/src/pins.c: 61:     ANSELA = 0xFD;
  7407     0789  30FD               	movlw	253
  7408     078A  017D               	movlb	61	; select bank61
  7409     078B  008C               	movwf	12	;volatile
  7410     078C                     l5110:
  7411                           
  7412                           ;mcc_generated_files/system/src/pins.c: 62:     ANSELB = 0xCF;
  7413     078C  30CF               	movlw	207
  7414     078D  0096               	movwf	22	;volatile
  7415     078E                     l5112:
  7416                           
  7417                           ;mcc_generated_files/system/src/pins.c: 63:     ANSELC = 0xE7;
  7418     078E  30E7               	movlw	231
  7419     078F  00A0               	movwf	32	;volatile
  7420     0790                     l5114:
  7421                           
  7422                           ;mcc_generated_files/system/src/pins.c: 64:     ANSELD = 0xFB;
  7423     0790  30FB               	movlw	251
  7424     0791  00AA               	movwf	42	;volatile
  7425     0792                     l5116:
  7426                           
  7427                           ;mcc_generated_files/system/src/pins.c: 65:     ANSELE = 0x7;
  7428     0792  3007               	movlw	7
  7429     0793  00B4               	movwf	52	;volatile
  7430     0794                     l5118:
  7431                           
  7432                           ;mcc_generated_files/system/src/pins.c: 70:     WPUA = 0x0;
  7433     0794  018D               	clrf	13	;volatile
  7434     0795                     l5120:
  7435                           
  7436                           ;mcc_generated_files/system/src/pins.c: 71:     WPUB = 0x0;
  7437     0795  0197               	clrf	23	;volatile
  7438     0796                     l5122:
  7439                           
  7440                           ;mcc_generated_files/system/src/pins.c: 72:     WPUC = 0x0;
  7441     0796  01A1               	clrf	33	;volatile
  7442     0797                     l5124:
  7443                           
  7444                           ;mcc_generated_files/system/src/pins.c: 73:     WPUD = 0x0;
  7445     0797  01AB               	clrf	43	;volatile
  7446     0798                     l5126:
  7447                           
  7448                           ;mcc_generated_files/system/src/pins.c: 74:     WPUE = 0x0;
  7449     0798  01B5               	clrf	53	;volatile
  7450     0799                     l5128:
  7451                           
  7452                           ;mcc_generated_files/system/src/pins.c: 80:     ODCONA = 0x0;
  7453     0799  018E               	clrf	14	;volatile
  7454     079A                     l5130:
  7455                           
  7456                           ;mcc_generated_files/system/src/pins.c: 81:     ODCONB = 0x0;
  7457     079A  0198               	clrf	24	;volatile
  7458     079B                     l5132:
  7459                           
  7460                           ;mcc_generated_files/system/src/pins.c: 82:     ODCONC = 0x0;
  7461     079B  01A2               	clrf	34	;volatile
  7462     079C                     l5134:
  7463                           
  7464                           ;mcc_generated_files/system/src/pins.c: 83:     ODCOND = 0x0;
  7465     079C  01AC               	clrf	44	;volatile
  7466     079D                     l5136:
  7467                           
  7468                           ;mcc_generated_files/system/src/pins.c: 84:     ODCONE = 0x0;
  7469     079D  01B6               	clrf	54	;volatile
  7470     079E                     l5138:
  7471                           
  7472                           ;mcc_generated_files/system/src/pins.c: 88:     SLRCONA = 0xFF;
  7473     079E  30FF               	movlw	255
  7474     079F  008F               	movwf	15	;volatile
  7475     07A0                     l5140:
  7476                           
  7477                           ;mcc_generated_files/system/src/pins.c: 89:     SLRCONB = 0xFF;
  7478     07A0  30FF               	movlw	255
  7479     07A1  0099               	movwf	25	;volatile
  7480     07A2                     l5142:
  7481                           
  7482                           ;mcc_generated_files/system/src/pins.c: 90:     SLRCONC = 0xFF;
  7483     07A2  30FF               	movlw	255
  7484     07A3  00A3               	movwf	35	;volatile
  7485     07A4                     l5144:
  7486                           
  7487                           ;mcc_generated_files/system/src/pins.c: 91:     SLRCOND = 0xFF;
  7488     07A4  30FF               	movlw	255
  7489     07A5  00AD               	movwf	45	;volatile
  7490     07A6                     l5146:
  7491                           
  7492                           ;mcc_generated_files/system/src/pins.c: 92:     SLRCONE = 0x7;
  7493     07A6  3007               	movlw	7
  7494     07A7  00B7               	movwf	55	;volatile
  7495     07A8                     l5148:
  7496                           
  7497                           ;mcc_generated_files/system/src/pins.c: 96:     INLVLA = 0xFF;
  7498     07A8  30FF               	movlw	255
  7499     07A9  0090               	movwf	16	;volatile
  7500     07AA                     l5150:
  7501                           
  7502                           ;mcc_generated_files/system/src/pins.c: 97:     INLVLB = 0xFF;
  7503     07AA  30FF               	movlw	255
  7504     07AB  009A               	movwf	26	;volatile
  7505     07AC                     l5152:
  7506                           
  7507                           ;mcc_generated_files/system/src/pins.c: 98:     INLVLC = 0xFF;
  7508     07AC  30FF               	movlw	255
  7509     07AD  00A4               	movwf	36	;volatile
  7510     07AE                     l5154:
  7511                           
  7512                           ;mcc_generated_files/system/src/pins.c: 99:     INLVLD = 0xFF;
  7513     07AE  30FF               	movlw	255
  7514     07AF  00AE               	movwf	46	;volatile
  7515     07B0                     l5156:
  7516                           
  7517                           ;mcc_generated_files/system/src/pins.c: 100:     INLVLE = 0xF;
  7518     07B0  300F               	movlw	15
  7519     07B1  00B8               	movwf	56	;volatile
  7520     07B2                     l5158:
  7521                           
  7522                           ;mcc_generated_files/system/src/pins.c: 105:     RX2PPS = 0x1A;
  7523     07B2  301A               	movlw	26
  7524     07B3  017C               	movlb	60	; select bank60
  7525     07B4  00C3               	movwf	67	;volatile
  7526     07B5                     l5160:
  7527                           
  7528                           ;mcc_generated_files/system/src/pins.c: 106:     RX1PPS = 0xD;
  7529     07B5  300D               	movlw	13
  7530     07B6  00C1               	movwf	65	;volatile
  7531     07B7                     l5162:
  7532                           
  7533                           ;mcc_generated_files/system/src/pins.c: 107:     RB3PPS = 0x11;
  7534     07B7  3011               	movlw	17
  7535     07B8  017B               	movlb	59	; select bank59
  7536     07B9  0097               	movwf	23	;volatile
  7537     07BA                     l5164:
  7538                           
  7539                           ;mcc_generated_files/system/src/pins.c: 108:     RD1PPS = 0x11;
  7540     07BA  3011               	movlw	17
  7541     07BB  00A5               	movwf	37	;volatile
  7542     07BC                     l5166:
  7543                           
  7544                           ;mcc_generated_files/system/src/pins.c: 109:     RB4PPS = 0x0E;
  7545     07BC  300E               	movlw	14
  7546     07BD  0098               	movwf	24	;volatile
  7547     07BE                     l5168:
  7548                           
  7549                           ;mcc_generated_files/system/src/pins.c: 110:     SSP1CLKPPS = 0x13;
  7550     07BE  3013               	movlw	19
  7551     07BF  017C               	movlb	60	; select bank60
  7552     07C0  00C7               	movwf	71	;volatile
  7553     07C1                     l5170:
  7554                           
  7555                           ;mcc_generated_files/system/src/pins.c: 111:     RC3PPS = 0x15;
  7556     07C1  3015               	movlw	21
  7557     07C2  017B               	movlb	59	; select bank59
  7558     07C3  009F               	movwf	31	;volatile
  7559     07C4                     l5172:
  7560                           
  7561                           ;mcc_generated_files/system/src/pins.c: 112:     SSP1DATPPS = 0x14;
  7562     07C4  3014               	movlw	20
  7563     07C5  017C               	movlb	60	; select bank60
  7564     07C6  00C8               	movwf	72	;volatile
  7565     07C7                     l5174:
  7566                           
  7567                           ;mcc_generated_files/system/src/pins.c: 113:     RC4PPS = 0x16;
  7568     07C7  3016               	movlw	22
  7569     07C8  017B               	movlb	59	; select bank59
  7570     07C9  00A0               	movwf	32	;volatile
  7571                           
  7572                           ;mcc_generated_files/system/src/pins.c: 122:     IOCAP = 0x0;
  7573     07CA  017D               	movlb	61	; select bank61
  7574     07CB  0191               	clrf	17	;volatile
  7575                           
  7576                           ;mcc_generated_files/system/src/pins.c: 123:     IOCAN = 0x0;
  7577     07CC  0192               	clrf	18	;volatile
  7578                           
  7579                           ;mcc_generated_files/system/src/pins.c: 124:     IOCAF = 0x0;
  7580     07CD  0193               	clrf	19	;volatile
  7581                           
  7582                           ;mcc_generated_files/system/src/pins.c: 125:     IOCBP = 0x0;
  7583     07CE  019B               	clrf	27	;volatile
  7584                           
  7585                           ;mcc_generated_files/system/src/pins.c: 126:     IOCBN = 0x0;
  7586     07CF  019C               	clrf	28	;volatile
  7587                           
  7588                           ;mcc_generated_files/system/src/pins.c: 127:     IOCBF = 0x0;
  7589     07D0  019D               	clrf	29	;volatile
  7590                           
  7591                           ;mcc_generated_files/system/src/pins.c: 128:     IOCCP = 0x0;
  7592     07D1  01A5               	clrf	37	;volatile
  7593                           
  7594                           ;mcc_generated_files/system/src/pins.c: 129:     IOCCN = 0x0;
  7595     07D2  01A6               	clrf	38	;volatile
  7596                           
  7597                           ;mcc_generated_files/system/src/pins.c: 130:     IOCCF = 0x0;
  7598     07D3  01A7               	clrf	39	;volatile
  7599                           
  7600                           ;mcc_generated_files/system/src/pins.c: 131:     IOCEP = 0x0;
  7601     07D4  01B9               	clrf	57	;volatile
  7602                           
  7603                           ;mcc_generated_files/system/src/pins.c: 132:     IOCEN = 0x0;
  7604     07D5  01BA               	clrf	58	;volatile
  7605                           
  7606                           ;mcc_generated_files/system/src/pins.c: 133:     IOCEF = 0x0;
  7607     07D6  01BB               	clrf	59	;volatile
  7608     07D7                     l628:
  7609     07D7  0008               	return
  7610     07D8                     __end_of_PIN_MANAGER_Initialize:
  7611                           
  7612                           	psect	text12
  7613     0BE8                     __ptext12:	
  7614 ;; *************** function _INTERRUPT_Initialize *****************
  7615 ;; Defined at:
  7616 ;;		line 40 in file "mcc_generated_files/system/src/interrupt.c"
  7617 ;; Parameters:    Size  Location     Type
  7618 ;;		None
  7619 ;; Auto vars:     Size  Location     Type
  7620 ;;		None
  7621 ;; Return value:  Size  Location     Type
  7622 ;;                  1    wreg      void 
  7623 ;; Registers used:
  7624 ;;		wreg, status,2, status,0, pclath, cstack
  7625 ;; Tracked objects:
  7626 ;;		On entry : 0/0
  7627 ;;		On exit  : 0/0
  7628 ;;		Unchanged: 0/0
  7629 ;; Data sizes:     COMMON   BANK0   BANK1   BANK2   BANK3   BANK4   BANK5   BANK6   BANK7   BANK8   BANK9  BANK10  BANK1
      +1  BANK12  BANK13  BANK14  BANK15  BANK16  BANK17  BANK18  BANK19  BANK20  BANK21  BANK22  BANK23  BANK24  BANK25
  7630 ;;      Params:         0       0       0       0       0       0       0       0       0       0       0       0       
      +0       0       0       0       0       0       0       0       0       0       0       0       0       0       0
  7631 ;;      Locals:         0       0       0       0       0       0       0       0       0       0       0       0       
      +0       0       0       0       0       0       0       0       0       0       0       0       0       0       0
  7632 ;;      Temps:          0       0       0       0       0       0       0       0       0       0       0       0       
      +0       0       0       0       0       0       0       0       0       0       0       0       0       0       0
  7633 ;;      Totals:         0       0       0       0       0       0       0       0       0       0       0       0       
      +0       0       0       0       0       0       0       0       0       0       0       0       0       0       0
  7634 ;;Total ram usage:        0 bytes
  7635 ;; Hardware stack levels used: 1
  7636 ;; Hardware stack levels required when called: 8
  7637 ;; This function calls:
  7638 ;;		_INT_SetInterruptHandler
  7639 ;; This function is called by:
  7640 ;;		_SYSTEM_Initialize
  7641 ;; This function uses a non-reentrant model
  7642 ;;
  7643                           
  7644     0BE8                     _INTERRUPT_Initialize:	
  7645                           ;psect for function _INTERRUPT_Initialize
  7646                           
  7647     0BE8                     l5194:	
  7648                           ;incstack = 0
  7649                           ; Regs used in _INTERRUPT_Initialize: [wreg+status,2+status,0+pclath+cstack]
  7650                           
  7651                           
  7652                           ;mcc_generated_files/system/src/interrupt.c: 44:     (PIR0bits.INTF = 0);
  7653     0BE8  0141               	movlb	1	; select bank1
  7654     0BE9  100C               	bcf	12,0	;volatile
  7655                           
  7656                           ;mcc_generated_files/system/src/interrupt.c: 45:     (INTCONbits.INTEDG = 1);
  7657     0BEA  140B               	bsf	11,0	;volatile
  7658     0BEB                     l5196:
  7659                           
  7660                           ;mcc_generated_files/system/src/interrupt.c: 47:     INT_SetInterruptHandler(INT_Default
      +                          InterruptHandler);
  7661     0BEB  3000               	movlw	0
  7662     0BEC  0140               	movlb	0	; select bank0
  7663     0BED  00A0               	movwf	INT_SetInterruptHandler@InterruptHandler
  7664     0BEE  3000               	movlw	0
  7665     0BEF  00A1               	movwf	INT_SetInterruptHandler@InterruptHandler+1
  7666     0BF0  318B  2369  318B   	fcall	_INT_SetInterruptHandler
  7667     0BF3                     l487:
  7668     0BF3  0008               	return
  7669     0BF4                     __end_of_INTERRUPT_Initialize:
  7670                           
  7671                           	psect	text13
  7672     0B69                     __ptext13:	
  7673 ;; *************** function _INT_SetInterruptHandler *****************
  7674 ;; Defined at:
  7675 ;;		line 105 in file "mcc_generated_files/system/src/interrupt.c"
  7676 ;; Parameters:    Size  Location     Type
  7677 ;;  InterruptHan    2    0[BANK0 ] PTR FTN()void 
  7678 ;;		 -> INT_DefaultInterruptHandler(1), 
  7679 ;; Auto vars:     Size  Location     Type
  7680 ;;		None
  7681 ;; Return value:  Size  Location     Type
  7682 ;;                  1    wreg      void 
  7683 ;; Registers used:
  7684 ;;		wreg
  7685 ;; Tracked objects:
  7686 ;;		On entry : 0/0
  7687 ;;		On exit  : 0/0
  7688 ;;		Unchanged: 0/0
  7689 ;; Data sizes:     COMMON   BANK0   BANK1   BANK2   BANK3   BANK4   BANK5   BANK6   BANK7   BANK8   BANK9  BANK10  BANK1
      +1  BANK12  BANK13  BANK14  BANK15  BANK16  BANK17  BANK18  BANK19  BANK20  BANK21  BANK22  BANK23  BANK24  BANK25
  7690 ;;      Params:         0       2       0       0       0       0       0       0       0       0       0       0       
      +0       0       0       0       0       0       0       0       0       0       0       0       0       0       0
  7691 ;;      Locals:         0       0       0       0       0       0       0       0       0       0       0       0       
      +0       0       0       0       0       0       0       0       0       0       0       0       0       0       0
  7692 ;;      Temps:          0       0       0       0       0       0       0       0       0       0       0       0       
      +0       0       0       0       0       0       0       0       0       0       0       0       0       0       0
  7693 ;;      Totals:         0       2       0       0       0       0       0       0       0       0       0       0       
      +0       0       0       0       0       0       0       0       0       0       0       0       0       0       0
  7694 ;;Total ram usage:        2 bytes
  7695 ;; Hardware stack levels used: 1
  7696 ;; Hardware stack levels required when called: 7
  7697 ;; This function calls:
  7698 ;;		Nothing
  7699 ;; This function is called by:
  7700 ;;		_INTERRUPT_Initialize
  7701 ;; This function uses a non-reentrant model
  7702 ;;
  7703                           
  7704     0B69                     _INT_SetInterruptHandler:	
  7705                           ;psect for function _INT_SetInterruptHandler
  7706                           
  7707     0B69                     l4814:	
  7708                           ;incstack = 0
  7709                           ; Regs used in _INT_SetInterruptHandler: [wreg]
  7710                           
  7711                           
  7712                           ;mcc_generated_files/system/src/interrupt.c: 106:     INT_InterruptHandler = InterruptHa
      +                          ndler;
  7713     0B69  0140               	movlb	0	; select bank0
  7714     0B6A  0821               	movf	INT_SetInterruptHandler@InterruptHandler+1,w
  7715     0B6B  00F5               	movwf	_INT_InterruptHandler+1
  7716     0B6C  0820               	movf	INT_SetInterruptHandler@InterruptHandler,w
  7717     0B6D  00F4               	movwf	_INT_InterruptHandler
  7718     0B6E                     l510:
  7719     0B6E  0008               	return
  7720     0B6F                     __end_of_INT_SetInterruptHandler:
  7721                           
  7722                           	psect	text14
  7723     0C7D                     __ptext14:	
  7724 ;; *************** function _I2C1_Initialize *****************
  7725 ;; Defined at:
  7726 ;;		line 114 in file "mcc_generated_files/i2c_host/src/mssp1.c"
  7727 ;; Parameters:    Size  Location     Type
  7728 ;;		None
  7729 ;; Auto vars:     Size  Location     Type
  7730 ;;		None
  7731 ;; Return value:  Size  Location     Type
  7732 ;;                  1    wreg      void 
  7733 ;; Registers used:
  7734 ;;		wreg, status,2, status,0, pclath, cstack
  7735 ;; Tracked objects:
  7736 ;;		On entry : 0/0
  7737 ;;		On exit  : 0/0
  7738 ;;		Unchanged: 0/0
  7739 ;; Data sizes:     COMMON   BANK0   BANK1   BANK2   BANK3   BANK4   BANK5   BANK6   BANK7   BANK8   BANK9  BANK10  BANK1
      +1  BANK12  BANK13  BANK14  BANK15  BANK16  BANK17  BANK18  BANK19  BANK20  BANK21  BANK22  BANK23  BANK24  BANK25
  7740 ;;      Params:         0       0       0       0       0       0       0       0       0       0       0       0       
      +0       0       0       0       0       0       0       0       0       0       0       0       0       0       0
  7741 ;;      Locals:         0       0       0       0       0       0       0       0       0       0       0       0       
      +0       0       0       0       0       0       0       0       0       0       0       0       0       0       0
  7742 ;;      Temps:          0       0       0       0       0       0       0       0       0       0       0       0       
      +0       0       0       0       0       0       0       0       0       0       0       0       0       0       0
  7743 ;;      Totals:         0       0       0       0       0       0       0       0       0       0       0       0       
      +0       0       0       0       0       0       0       0       0       0       0       0       0       0       0
  7744 ;;Total ram usage:        0 bytes
  7745 ;; Hardware stack levels used: 1
  7746 ;; Hardware stack levels required when called: 8
  7747 ;; This function calls:
  7748 ;;		_I2C1_CallbackRegister
  7749 ;;		_I2C1_InterruptsEnable
  7750 ;; This function is called by:
  7751 ;;		_SYSTEM_Initialize
  7752 ;; This function uses a non-reentrant model
  7753 ;;
  7754                           
  7755     0C7D                     _I2C1_Initialize:	
  7756                           ;psect for function _I2C1_Initialize
  7757                           
  7758     0C7D                     l5070:	
  7759                           ;incstack = 0
  7760                           ; Regs used in _I2C1_Initialize: [wreg+status,2+status,0+pclath+cstack]
  7761                           
  7762                           
  7763                           ;mcc_generated_files/i2c_host/src/mssp1.c: 117:     SSP1STAT = 0x80;
  7764     0C7D  3080               	movlw	128
  7765     0C7E  014D               	movlb	13	; select bank13
  7766     0C7F  008F               	movwf	15	;volatile
  7767                           
  7768                           ;mcc_generated_files/i2c_host/src/mssp1.c: 119:     SSP1CON1 = 0x8;
  7769     0C80  3008               	movlw	8
  7770     0C81  0090               	movwf	16	;volatile
  7771     0C82                     l5072:
  7772                           
  7773                           ;mcc_generated_files/i2c_host/src/mssp1.c: 121:     SSP1CON2 = 0x0;
  7774     0C82  0191               	clrf	17	;volatile
  7775     0C83                     l5074:
  7776                           
  7777                           ;mcc_generated_files/i2c_host/src/mssp1.c: 123:     SSP1CON3 = 0x0;
  7778     0C83  0192               	clrf	18	;volatile
  7779                           
  7780                           ;mcc_generated_files/i2c_host/src/mssp1.c: 125:     SSP1ADD = 0x4F;
  7781     0C84  304F               	movlw	79
  7782     0C85  008D               	movwf	13	;volatile
  7783     0C86                     l5076:
  7784                           
  7785                           ;mcc_generated_files/i2c_host/src/mssp1.c: 126:     I2C1_InterruptsEnable();
  7786     0C86  318B  233A  318C   	fcall	_I2C1_InterruptsEnable
  7787                           
  7788                           ;mcc_generated_files/i2c_host/src/mssp1.c: 127:     I2C1_CallbackRegister(I2C1_DefaultCa
      +                          llback);
  7789     0C89  30F5               	movlw	low _I2C1_DefaultCallback
  7790     0C8A  0140               	movlb	0	; select bank0
  7791     0C8B  00A0               	movwf	I2C1_CallbackRegister@callbackHandler
  7792     0C8C  300A               	movlw	high _I2C1_DefaultCallback
  7793     0C8D  00A1               	movwf	I2C1_CallbackRegister@callbackHandler+1
  7794     0C8E  318C  2411  318C   	fcall	_I2C1_CallbackRegister
  7795     0C91                     l5078:
  7796                           
  7797                           ;mcc_generated_files/i2c_host/src/mssp1.c: 128:     SSP1CON1bits.SSPEN = 1;
  7798     0C91  014D               	movlb	13	; select bank13
  7799     0C92  1690               	bsf	16,5	;volatile
  7800     0C93                     l281:
  7801     0C93  0008               	return
  7802     0C94                     __end_of_I2C1_Initialize:
  7803                           
  7804                           	psect	text15
  7805     0B3A                     __ptext15:	
  7806 ;; *************** function _I2C1_InterruptsEnable *****************
  7807 ;; Defined at:
  7808 ;;		line 467 in file "mcc_generated_files/i2c_host/src/mssp1.c"
  7809 ;; Parameters:    Size  Location     Type
  7810 ;;		None
  7811 ;; Auto vars:     Size  Location     Type
  7812 ;;		None
  7813 ;; Return value:  Size  Location     Type
  7814 ;;                  1    wreg      void 
  7815 ;; Registers used:
  7816 ;;		None
  7817 ;; Tracked objects:
  7818 ;;		On entry : 0/0
  7819 ;;		On exit  : 0/0
  7820 ;;		Unchanged: 0/0
  7821 ;; Data sizes:     COMMON   BANK0   BANK1   BANK2   BANK3   BANK4   BANK5   BANK6   BANK7   BANK8   BANK9  BANK10  BANK1
      +1  BANK12  BANK13  BANK14  BANK15  BANK16  BANK17  BANK18  BANK19  BANK20  BANK21  BANK22  BANK23  BANK24  BANK25
  7822 ;;      Params:         0       0       0       0       0       0       0       0       0       0       0       0       
      +0       0       0       0       0       0       0       0       0       0       0       0       0       0       0
  7823 ;;      Locals:         0       0       0       0       0       0       0       0       0       0       0       0       
      +0       0       0       0       0       0       0       0       0       0       0       0       0       0       0
  7824 ;;      Temps:          0       0       0       0       0       0       0       0       0       0       0       0       
      +0       0       0       0       0       0       0       0       0       0       0       0       0       0       0
  7825 ;;      Totals:         0       0       0       0       0       0       0       0       0       0       0       0       
      +0       0       0       0       0       0       0       0       0       0       0       0       0       0       0
  7826 ;;Total ram usage:        0 bytes
  7827 ;; Hardware stack levels used: 1
  7828 ;; Hardware stack levels required when called: 7
  7829 ;; This function calls:
  7830 ;;		Nothing
  7831 ;; This function is called by:
  7832 ;;		_I2C1_Initialize
  7833 ;; This function uses a non-reentrant model
  7834 ;;
  7835                           
  7836     0B3A                     _I2C1_InterruptsEnable:	
  7837                           ;psect for function _I2C1_InterruptsEnable
  7838                           
  7839     0B3A                     l4808:	
  7840                           ;incstack = 0
  7841                           ; Regs used in _I2C1_InterruptsEnable: []
  7842                           
  7843                           
  7844                           ;mcc_generated_files/i2c_host/src/mssp1.c: 469:     PIE3bits.SSP1IE = 1;
  7845     0B3A  0141               	movlb	1	; select bank1
  7846     0B3B  1719               	bsf	25,6	;volatile
  7847                           
  7848                           ;mcc_generated_files/i2c_host/src/mssp1.c: 470:     PIE3bits.BCL1IE = 1;
  7849     0B3C  1799               	bsf	25,7	;volatile
  7850     0B3D                     l416:
  7851     0B3D  0008               	return
  7852     0B3E                     __end_of_I2C1_InterruptsEnable:
  7853                           
  7854                           	psect	text16
  7855     0C11                     __ptext16:	
  7856 ;; *************** function _I2C1_CallbackRegister *****************
  7857 ;; Defined at:
  7858 ;;		line 211 in file "mcc_generated_files/i2c_host/src/mssp1.c"
  7859 ;; Parameters:    Size  Location     Type
  7860 ;;  callbackHand    2    0[BANK0 ] PTR FTN()void 
  7861 ;;		 -> I2C1_DefaultCallback(1), 
  7862 ;; Auto vars:     Size  Location     Type
  7863 ;;		None
  7864 ;; Return value:  Size  Location     Type
  7865 ;;                  1    wreg      void 
  7866 ;; Registers used:
  7867 ;;		wreg, status,2, status,0
  7868 ;; Tracked objects:
  7869 ;;		On entry : 0/0
  7870 ;;		On exit  : 0/0
  7871 ;;		Unchanged: 0/0
  7872 ;; Data sizes:     COMMON   BANK0   BANK1   BANK2   BANK3   BANK4   BANK5   BANK6   BANK7   BANK8   BANK9  BANK10  BANK1
      +1  BANK12  BANK13  BANK14  BANK15  BANK16  BANK17  BANK18  BANK19  BANK20  BANK21  BANK22  BANK23  BANK24  BANK25
  7873 ;;      Params:         0       2       0       0       0       0       0       0       0       0       0       0       
      +0       0       0       0       0       0       0       0       0       0       0       0       0       0       0
  7874 ;;      Locals:         0       0       0       0       0       0       0       0       0       0       0       0       
      +0       0       0       0       0       0       0       0       0       0       0       0       0       0       0
  7875 ;;      Temps:          0       0       0       0       0       0       0       0       0       0       0       0       
      +0       0       0       0       0       0       0       0       0       0       0       0       0       0       0
  7876 ;;      Totals:         0       2       0       0       0       0       0       0       0       0       0       0       
      +0       0       0       0       0       0       0       0       0       0       0       0       0       0       0
  7877 ;;Total ram usage:        2 bytes
  7878 ;; Hardware stack levels used: 1
  7879 ;; Hardware stack levels required when called: 7
  7880 ;; This function calls:
  7881 ;;		Nothing
  7882 ;; This function is called by:
  7883 ;;		_I2C1_Initialize
  7884 ;;		_I2C1_Deinitialize
  7885 ;; This function uses a non-reentrant model
  7886 ;;
  7887                           
  7888     0C11                     _I2C1_CallbackRegister:	
  7889                           ;psect for function _I2C1_CallbackRegister
  7890                           
  7891     0C11                     l4810:	
  7892                           ;incstack = 0
  7893                           ; Regs used in _I2C1_CallbackRegister: [wreg+status,2+status,0]
  7894                           
  7895                           
  7896                           ;mcc_generated_files/i2c_host/src/mssp1.c: 211: void I2C1_CallbackRegister(void (*callba
      +                          ckHandler)(void));mcc_generated_files/i2c_host/src/mssp1.c: 212: {;mcc_generated_files/i
      +                          2c_host/src/mssp1.c: 213:     if (callbackHandler != ((void*)0))
  7897     0C11  0140               	movlb	0	; select bank0
  7898     0C12  0820               	movf	I2C1_CallbackRegister@callbackHandler,w
  7899     0C13  0421               	iorwf	I2C1_CallbackRegister@callbackHandler+1,w
  7900     0C14  1903               	btfsc	3,2
  7901     0C15  2C17               	goto	u3631
  7902     0C16  2C18               	goto	u3630
  7903     0C17                     u3631:
  7904     0C17  2C1F               	goto	l308
  7905     0C18                     u3630:
  7906     0C18                     l4812:
  7907                           
  7908                           ;mcc_generated_files/i2c_host/src/mssp1.c: 214:     {;mcc_generated_files/i2c_host/src/m
      +                          ssp1.c: 215:         I2C1_Callback = callbackHandler;
  7909     0C18  0821               	movf	I2C1_CallbackRegister@callbackHandler+1,w
  7910     0C19  0141               	movlb	1	; select bank1
  7911     0C1A  00EC               	movwf	(_I2C1_Callback+1)^(0+128)
  7912     0C1B  0140               	movlb	0	; select bank0
  7913     0C1C  0820               	movf	I2C1_CallbackRegister@callbackHandler,w
  7914     0C1D  0141               	movlb	1	; select bank1
  7915     0C1E  00EB               	movwf	_I2C1_Callback^(0+128)
  7916     0C1F                     l308:
  7917     0C1F  0008               	return
  7918     0C20                     __end_of_I2C1_CallbackRegister:
  7919                           
  7920                           	psect	text17
  7921     0CE1                     __ptext17:	
  7922 ;; *************** function _EUSART2_Initialize *****************
  7923 ;; Defined at:
  7924 ;;		line 94 in file "mcc_generated_files/uart/src/eusart2.c"
  7925 ;; Parameters:    Size  Location     Type
  7926 ;;		None
  7927 ;; Auto vars:     Size  Location     Type
  7928 ;;		None
  7929 ;; Return value:  Size  Location     Type
  7930 ;;                  1    wreg      void 
  7931 ;; Registers used:
  7932 ;;		wreg, status,2, status,0, pclath, cstack
  7933 ;; Tracked objects:
  7934 ;;		On entry : 0/0
  7935 ;;		On exit  : 0/0
  7936 ;;		Unchanged: 0/0
  7937 ;; Data sizes:     COMMON   BANK0   BANK1   BANK2   BANK3   BANK4   BANK5   BANK6   BANK7   BANK8   BANK9  BANK10  BANK1
      +1  BANK12  BANK13  BANK14  BANK15  BANK16  BANK17  BANK18  BANK19  BANK20  BANK21  BANK22  BANK23  BANK24  BANK25
  7938 ;;      Params:         0       0       0       0       0       0       0       0       0       0       0       0       
      +0       0       0       0       0       0       0       0       0       0       0       0       0       0       0
  7939 ;;      Locals:         0       0       0       0       0       0       0       0       0       0       0       0       
      +0       0       0       0       0       0       0       0       0       0       0       0       0       0       0
  7940 ;;      Temps:          0       0       0       0       0       0       0       0       0       0       0       0       
      +0       0       0       0       0       0       0       0       0       0       0       0       0       0       0
  7941 ;;      Totals:         0       0       0       0       0       0       0       0       0       0       0       0       
      +0       0       0       0       0       0       0       0       0       0       0       0       0       0       0
  7942 ;;Total ram usage:        0 bytes
  7943 ;; Hardware stack levels used: 1
  7944 ;; Hardware stack levels required when called: 8
  7945 ;; This function calls:
  7946 ;;		_EUSART2_FramingErrorCallbackRegister
  7947 ;;		_EUSART2_OverrunErrorCallbackRegister
  7948 ;; This function is called by:
  7949 ;;		_SYSTEM_Initialize
  7950 ;; This function uses a non-reentrant model
  7951 ;;
  7952                           
  7953     0CE1                     _EUSART2_Initialize:	
  7954                           ;psect for function _EUSART2_Initialize
  7955                           
  7956     0CE1                     l5184:	
  7957                           ;incstack = 0
  7958                           ; Regs used in _EUSART2_Initialize: [wreg+status,2+status,0+pclath+cstack]
  7959                           
  7960                           
  7961                           ;mcc_generated_files/uart/src/eusart2.c: 99:     BAUD2CON = 0x48;
  7962     0CE1  3048               	movlw	72
  7963     0CE2  014C               	movlb	12	; select bank12
  7964     0CE3  009C               	movwf	28	;volatile
  7965                           
  7966                           ;mcc_generated_files/uart/src/eusart2.c: 101:     RC2STA = 0x90;
  7967     0CE4  3090               	movlw	144
  7968     0CE5  009A               	movwf	26	;volatile
  7969                           
  7970                           ;mcc_generated_files/uart/src/eusart2.c: 103:     TX2STA = 0x26;
  7971     0CE6  3026               	movlw	38
  7972     0CE7  009B               	movwf	27	;volatile
  7973                           
  7974                           ;mcc_generated_files/uart/src/eusart2.c: 105:     SP2BRGL = 0x44;
  7975     0CE8  3044               	movlw	68
  7976     0CE9  0098               	movwf	24	;volatile
  7977     0CEA                     l5186:
  7978                           
  7979                           ;mcc_generated_files/uart/src/eusart2.c: 107:     SP2BRGH = 0x0;
  7980     0CEA  0199               	clrf	25	;volatile
  7981     0CEB                     l5188:
  7982                           
  7983                           ;mcc_generated_files/uart/src/eusart2.c: 109:     EUSART2_FramingErrorCallbackRegister(E
      +                          USART2_DefaultFramingErrorCallback);
  7984     0CEB  30F7               	movlw	low _EUSART2_DefaultFramingErrorCallback
  7985     0CEC  0140               	movlb	0	; select bank0
  7986     0CED  00A0               	movwf	EUSART2_FramingErrorCallbackRegister@callbackHandler
  7987     0CEE  300A               	movlw	high _EUSART2_DefaultFramingErrorCallback
  7988     0CEF  00A1               	movwf	EUSART2_FramingErrorCallbackRegister@callbackHandler+1
  7989     0CF0  318B  23DC  318C   	fcall	_EUSART2_FramingErrorCallbackRegister
  7990     0CF3                     l5190:
  7991                           
  7992                           ;mcc_generated_files/uart/src/eusart2.c: 110:     EUSART2_OverrunErrorCallbackRegister(E
      +                          USART2_DefaultOverrunErrorCallback);
  7993     0CF3  3032               	movlw	low _EUSART2_DefaultOverrunErrorCallback
  7994     0CF4  0140               	movlb	0	; select bank0
  7995     0CF5  00A0               	movwf	EUSART2_OverrunErrorCallbackRegister@callbackHandler
  7996     0CF6  300B               	movlw	high _EUSART2_DefaultOverrunErrorCallback
  7997     0CF7  00A1               	movwf	EUSART2_OverrunErrorCallbackRegister@callbackHandler+1
  7998     0CF8  318C  2402  318C   	fcall	_EUSART2_OverrunErrorCallbackRegister
  7999     0CFB                     l5192:
  8000                           
  8001                           ;mcc_generated_files/uart/src/eusart2.c: 111:     eusart2RxLastError.status = 0;
  8002     0CFB  0142               	movlb	2	; select bank2
  8003     0CFC  01E2               	clrf	_eusart2RxLastError^(0+256)	;volatile
  8004     0CFD  01E3               	clrf	(_eusart2RxLastError+1)^(0+256)	;volatile
  8005     0CFE                     l840:
  8006     0CFE  0008               	return
  8007     0CFF                     __end_of_EUSART2_Initialize:
  8008                           
  8009                           	psect	text18
  8010     0C02                     __ptext18:	
  8011 ;; *************** function _EUSART2_OverrunErrorCallbackRegister *****************
  8012 ;; Defined at:
  8013 ;;		line 260 in file "mcc_generated_files/uart/src/eusart2.c"
  8014 ;; Parameters:    Size  Location     Type
  8015 ;;  callbackHand    2    0[BANK0 ] PTR FTN()void 
  8016 ;;		 -> EUSART2_DefaultOverrunErrorCallback(1), EUSART1_DefaultOverrunErrorCallback(1), 
  8017 ;; Auto vars:     Size  Location     Type
  8018 ;;		None
  8019 ;; Return value:  Size  Location     Type
  8020 ;;                  1    wreg      void 
  8021 ;; Registers used:
  8022 ;;		wreg, status,2, status,0
  8023 ;; Tracked objects:
  8024 ;;		On entry : 0/0
  8025 ;;		On exit  : 0/0
  8026 ;;		Unchanged: 0/0
  8027 ;; Data sizes:     COMMON   BANK0   BANK1   BANK2   BANK3   BANK4   BANK5   BANK6   BANK7   BANK8   BANK9  BANK10  BANK1
      +1  BANK12  BANK13  BANK14  BANK15  BANK16  BANK17  BANK18  BANK19  BANK20  BANK21  BANK22  BANK23  BANK24  BANK25
  8028 ;;      Params:         0       2       0       0       0       0       0       0       0       0       0       0       
      +0       0       0       0       0       0       0       0       0       0       0       0       0       0       0
  8029 ;;      Locals:         0       0       0       0       0       0       0       0       0       0       0       0       
      +0       0       0       0       0       0       0       0       0       0       0       0       0       0       0
  8030 ;;      Temps:          0       0       0       0       0       0       0       0       0       0       0       0       
      +0       0       0       0       0       0       0       0       0       0       0       0       0       0       0
  8031 ;;      Totals:         0       2       0       0       0       0       0       0       0       0       0       0       
      +0       0       0       0       0       0       0       0       0       0       0       0       0       0       0
  8032 ;;Total ram usage:        2 bytes
  8033 ;; Hardware stack levels used: 1
  8034 ;; Hardware stack levels required when called: 7
  8035 ;; This function calls:
  8036 ;;		Nothing
  8037 ;; This function is called by:
  8038 ;;		_EUSART2_Initialize
  8039 ;; This function uses a non-reentrant model
  8040 ;;
  8041                           
  8042     0C02                     _EUSART2_OverrunErrorCallbackRegister:	
  8043                           ;psect for function _EUSART2_OverrunErrorCallbackRegister
  8044                           
  8045     0C02                     l4828:	
  8046                           ;incstack = 0
  8047                           ; Regs used in _EUSART2_OverrunErrorCallbackRegister: [wreg+status,2+status,0]
  8048                           
  8049                           
  8050                           ;mcc_generated_files/uart/src/eusart2.c: 260: void EUSART2_OverrunErrorCallbackRegister(
      +                          void (* callbackHandler)(void));mcc_generated_files/uart/src/eusart2.c: 261: {;mcc_gener
      +                          ated_files/uart/src/eusart2.c: 262:     if(((void*)0) != callbackHandler)
  8051     0C02  0140               	movlb	0	; select bank0
  8052     0C03  0820               	movf	EUSART2_OverrunErrorCallbackRegister@callbackHandler,w
  8053     0C04  0421               	iorwf	EUSART2_OverrunErrorCallbackRegister@callbackHandler+1,w
  8054     0C05  1903               	btfsc	3,2
  8055     0C06  2C08               	goto	u3671
  8056     0C07  2C09               	goto	u3670
  8057     0C08                     u3671:
  8058     0C08  2C10               	goto	l919
  8059     0C09                     u3670:
  8060     0C09                     l4830:
  8061                           
  8062                           ;mcc_generated_files/uart/src/eusart2.c: 263:     {;mcc_generated_files/uart/src/eusart2
      +                          .c: 264:         EUSART2_OverrunErrorHandler = callbackHandler;
  8063     0C09  0821               	movf	EUSART2_OverrunErrorCallbackRegister@callbackHandler+1,w
  8064     0C0A  0141               	movlb	1	; select bank1
  8065     0C0B  00E8               	movwf	(_EUSART2_OverrunErrorHandler+1)^(0+128)
  8066     0C0C  0140               	movlb	0	; select bank0
  8067     0C0D  0820               	movf	EUSART2_OverrunErrorCallbackRegister@callbackHandler,w
  8068     0C0E  0141               	movlb	1	; select bank1
  8069     0C0F  00E7               	movwf	_EUSART2_OverrunErrorHandler^(0+128)
  8070     0C10                     l919:
  8071     0C10  0008               	return
  8072     0C11                     __end_of_EUSART2_OverrunErrorCallbackRegister:
  8073                           
  8074                           	psect	text19
  8075     0BDC                     __ptext19:	
  8076 ;; *************** function _EUSART2_FramingErrorCallbackRegister *****************
  8077 ;; Defined at:
  8078 ;;		line 252 in file "mcc_generated_files/uart/src/eusart2.c"
  8079 ;; Parameters:    Size  Location     Type
  8080 ;;  callbackHand    2    0[BANK0 ] PTR FTN()void 
  8081 ;;		 -> EUSART2_DefaultFramingErrorCallback(1), EUSART1_DefaultFramingErrorCallback(1), 
  8082 ;; Auto vars:     Size  Location     Type
  8083 ;;		None
  8084 ;; Return value:  Size  Location     Type
  8085 ;;                  1    wreg      void 
  8086 ;; Registers used:
  8087 ;;		wreg, status,2, status,0
  8088 ;; Tracked objects:
  8089 ;;		On entry : 0/0
  8090 ;;		On exit  : 0/0
  8091 ;;		Unchanged: 0/0
  8092 ;; Data sizes:     COMMON   BANK0   BANK1   BANK2   BANK3   BANK4   BANK5   BANK6   BANK7   BANK8   BANK9  BANK10  BANK1
      +1  BANK12  BANK13  BANK14  BANK15  BANK16  BANK17  BANK18  BANK19  BANK20  BANK21  BANK22  BANK23  BANK24  BANK25
  8093 ;;      Params:         0       2       0       0       0       0       0       0       0       0       0       0       
      +0       0       0       0       0       0       0       0       0       0       0       0       0       0       0
  8094 ;;      Locals:         0       0       0       0       0       0       0       0       0       0       0       0       
      +0       0       0       0       0       0       0       0       0       0       0       0       0       0       0
  8095 ;;      Temps:          0       0       0       0       0       0       0       0       0       0       0       0       
      +0       0       0       0       0       0       0       0       0       0       0       0       0       0       0
  8096 ;;      Totals:         0       2       0       0       0       0       0       0       0       0       0       0       
      +0       0       0       0       0       0       0       0       0       0       0       0       0       0       0
  8097 ;;Total ram usage:        2 bytes
  8098 ;; Hardware stack levels used: 1
  8099 ;; Hardware stack levels required when called: 7
  8100 ;; This function calls:
  8101 ;;		Nothing
  8102 ;; This function is called by:
  8103 ;;		_EUSART2_Initialize
  8104 ;; This function uses a non-reentrant model
  8105 ;;
  8106                           
  8107     0BDC                     _EUSART2_FramingErrorCallbackRegister:	
  8108                           ;psect for function _EUSART2_FramingErrorCallbackRegister
  8109                           
  8110     0BDC                     l4824:	
  8111                           ;incstack = 0
  8112                           ; Regs used in _EUSART2_FramingErrorCallbackRegister: [wreg+status,2+status,0]
  8113                           
  8114                           
  8115                           ;mcc_generated_files/uart/src/eusart2.c: 252: void EUSART2_FramingErrorCallbackRegister(
      +                          void (* callbackHandler)(void));mcc_generated_files/uart/src/eusart2.c: 253: {;mcc_gener
      +                          ated_files/uart/src/eusart2.c: 254:     if(((void*)0) != callbackHandler)
  8116     0BDC  0140               	movlb	0	; select bank0
  8117     0BDD  0820               	movf	EUSART2_FramingErrorCallbackRegister@callbackHandler,w
  8118     0BDE  0421               	iorwf	EUSART2_FramingErrorCallbackRegister@callbackHandler+1,w
  8119     0BDF  1903               	btfsc	3,2
  8120     0BE0  2BE2               	goto	u3661
  8121     0BE1  2BE3               	goto	u3660
  8122     0BE2                     u3661:
  8123     0BE2  2BE7               	goto	l915
  8124     0BE3                     u3660:
  8125     0BE3                     l4826:
  8126                           
  8127                           ;mcc_generated_files/uart/src/eusart2.c: 255:     {;mcc_generated_files/uart/src/eusart2
      +                          .c: 256:         EUSART2_FramingErrorHandler = callbackHandler;
  8128     0BE3  0821               	movf	EUSART2_FramingErrorCallbackRegister@callbackHandler+1,w
  8129     0BE4  00EE               	movwf	_EUSART2_FramingErrorHandler+1
  8130     0BE5  0820               	movf	EUSART2_FramingErrorCallbackRegister@callbackHandler,w
  8131     0BE6  00ED               	movwf	_EUSART2_FramingErrorHandler
  8132     0BE7                     l915:
  8133     0BE7  0008               	return
  8134     0BE8                     __end_of_EUSART2_FramingErrorCallbackRegister:
  8135                           
  8136                           	psect	text20
  8137     0CFF                     __ptext20:	
  8138 ;; *************** function _EUSART1_Initialize *****************
  8139 ;; Defined at:
  8140 ;;		line 94 in file "mcc_generated_files/uart/src/eusart1.c"
  8141 ;; Parameters:    Size  Location     Type
  8142 ;;		None
  8143 ;; Auto vars:     Size  Location     Type
  8144 ;;		None
  8145 ;; Return value:  Size  Location     Type
  8146 ;;                  1    wreg      void 
  8147 ;; Registers used:
  8148 ;;		wreg, status,2, status,0, pclath, cstack
  8149 ;; Tracked objects:
  8150 ;;		On entry : 0/0
  8151 ;;		On exit  : 0/0
  8152 ;;		Unchanged: 0/0
  8153 ;; Data sizes:     COMMON   BANK0   BANK1   BANK2   BANK3   BANK4   BANK5   BANK6   BANK7   BANK8   BANK9  BANK10  BANK1
      +1  BANK12  BANK13  BANK14  BANK15  BANK16  BANK17  BANK18  BANK19  BANK20  BANK21  BANK22  BANK23  BANK24  BANK25
  8154 ;;      Params:         0       0       0       0       0       0       0       0       0       0       0       0       
      +0       0       0       0       0       0       0       0       0       0       0       0       0       0       0
  8155 ;;      Locals:         0       0       0       0       0       0       0       0       0       0       0       0       
      +0       0       0       0       0       0       0       0       0       0       0       0       0       0       0
  8156 ;;      Temps:          0       0       0       0       0       0       0       0       0       0       0       0       
      +0       0       0       0       0       0       0       0       0       0       0       0       0       0       0
  8157 ;;      Totals:         0       0       0       0       0       0       0       0       0       0       0       0       
      +0       0       0       0       0       0       0       0       0       0       0       0       0       0       0
  8158 ;;Total ram usage:        0 bytes
  8159 ;; Hardware stack levels used: 1
  8160 ;; Hardware stack levels required when called: 8
  8161 ;; This function calls:
  8162 ;;		_EUSART1_FramingErrorCallbackRegister
  8163 ;;		_EUSART1_OverrunErrorCallbackRegister
  8164 ;; This function is called by:
  8165 ;;		_SYSTEM_Initialize
  8166 ;; This function uses a non-reentrant model
  8167 ;;
  8168                           
  8169     0CFF                     _EUSART1_Initialize:	
  8170                           ;psect for function _EUSART1_Initialize
  8171                           
  8172     0CFF                     l5176:	
  8173                           ;incstack = 0
  8174                           ; Regs used in _EUSART1_Initialize: [wreg+status,2+status,0+pclath+cstack]
  8175                           
  8176                           
  8177                           ;mcc_generated_files/uart/src/eusart1.c: 99:     BAUD1CON = 0x48;
  8178     0CFF  3048               	movlw	72
  8179     0D00  014C               	movlb	12	; select bank12
  8180     0D01  0092               	movwf	18	;volatile
  8181                           
  8182                           ;mcc_generated_files/uart/src/eusart1.c: 101:     RC1STA = 0x90;
  8183     0D02  3090               	movlw	144
  8184     0D03  0090               	movwf	16	;volatile
  8185                           
  8186                           ;mcc_generated_files/uart/src/eusart1.c: 103:     TX1STA = 0x26;
  8187     0D04  3026               	movlw	38
  8188     0D05  0091               	movwf	17	;volatile
  8189                           
  8190                           ;mcc_generated_files/uart/src/eusart1.c: 105:     SP1BRGL = 0x40;
  8191     0D06  3040               	movlw	64
  8192     0D07  008E               	movwf	14	;volatile
  8193                           
  8194                           ;mcc_generated_files/uart/src/eusart1.c: 107:     SP1BRGH = 0x3;
  8195     0D08  3003               	movlw	3
  8196     0D09  008F               	movwf	15	;volatile
  8197     0D0A                     l5178:
  8198                           
  8199                           ;mcc_generated_files/uart/src/eusart1.c: 109:     EUSART1_FramingErrorCallbackRegister(E
      +                          USART1_DefaultFramingErrorCallback);
  8200     0D0A  30F8               	movlw	low _EUSART1_DefaultFramingErrorCallback
  8201     0D0B  0140               	movlb	0	; select bank0
  8202     0D0C  00A0               	movwf	EUSART1_FramingErrorCallbackRegister@callbackHandler
  8203     0D0D  300A               	movlw	high _EUSART1_DefaultFramingErrorCallback
  8204     0D0E  00A1               	movwf	EUSART1_FramingErrorCallbackRegister@callbackHandler+1
  8205     0D0F  318B  23C4  318C   	fcall	_EUSART1_FramingErrorCallbackRegister
  8206     0D12                     l5180:
  8207                           
  8208                           ;mcc_generated_files/uart/src/eusart1.c: 110:     EUSART1_OverrunErrorCallbackRegister(E
      +                          USART1_DefaultOverrunErrorCallback);
  8209     0D12  3036               	movlw	low _EUSART1_DefaultOverrunErrorCallback
  8210     0D13  0140               	movlb	0	; select bank0
  8211     0D14  00A0               	movwf	EUSART1_OverrunErrorCallbackRegister@callbackHandler
  8212     0D15  300B               	movlw	high _EUSART1_DefaultOverrunErrorCallback
  8213     0D16  00A1               	movwf	EUSART1_OverrunErrorCallbackRegister@callbackHandler+1
  8214     0D17  318B  23D0  318C   	fcall	_EUSART1_OverrunErrorCallbackRegister
  8215     0D1A                     l5182:
  8216                           
  8217                           ;mcc_generated_files/uart/src/eusart1.c: 111:     eusart1RxLastError.status = 0;
  8218     0D1A  0141               	movlb	1	; select bank1
  8219     0D1B  01E9               	clrf	_eusart1RxLastError^(0+128)	;volatile
  8220     0D1C  01EA               	clrf	(_eusart1RxLastError+1)^(0+128)	;volatile
  8221     0D1D                     l696:
  8222     0D1D  0008               	return
  8223     0D1E                     __end_of_EUSART1_Initialize:
  8224                           
  8225                           	psect	text21
  8226     0BD0                     __ptext21:	
  8227 ;; *************** function _EUSART1_OverrunErrorCallbackRegister *****************
  8228 ;; Defined at:
  8229 ;;		line 260 in file "mcc_generated_files/uart/src/eusart1.c"
  8230 ;; Parameters:    Size  Location     Type
  8231 ;;  callbackHand    2    0[BANK0 ] PTR FTN()void 
  8232 ;;		 -> EUSART2_DefaultOverrunErrorCallback(1), EUSART1_DefaultOverrunErrorCallback(1), 
  8233 ;; Auto vars:     Size  Location     Type
  8234 ;;		None
  8235 ;; Return value:  Size  Location     Type
  8236 ;;                  1    wreg      void 
  8237 ;; Registers used:
  8238 ;;		wreg, status,2, status,0
  8239 ;; Tracked objects:
  8240 ;;		On entry : 0/0
  8241 ;;		On exit  : 0/0
  8242 ;;		Unchanged: 0/0
  8243 ;; Data sizes:     COMMON   BANK0   BANK1   BANK2   BANK3   BANK4   BANK5   BANK6   BANK7   BANK8   BANK9  BANK10  BANK1
      +1  BANK12  BANK13  BANK14  BANK15  BANK16  BANK17  BANK18  BANK19  BANK20  BANK21  BANK22  BANK23  BANK24  BANK25
  8244 ;;      Params:         0       2       0       0       0       0       0       0       0       0       0       0       
      +0       0       0       0       0       0       0       0       0       0       0       0       0       0       0
  8245 ;;      Locals:         0       0       0       0       0       0       0       0       0       0       0       0       
      +0       0       0       0       0       0       0       0       0       0       0       0       0       0       0
  8246 ;;      Temps:          0       0       0       0       0       0       0       0       0       0       0       0       
      +0       0       0       0       0       0       0       0       0       0       0       0       0       0       0
  8247 ;;      Totals:         0       2       0       0       0       0       0       0       0       0       0       0       
      +0       0       0       0       0       0       0       0       0       0       0       0       0       0       0
  8248 ;;Total ram usage:        2 bytes
  8249 ;; Hardware stack levels used: 1
  8250 ;; Hardware stack levels required when called: 7
  8251 ;; This function calls:
  8252 ;;		Nothing
  8253 ;; This function is called by:
  8254 ;;		_EUSART1_Initialize
  8255 ;; This function uses a non-reentrant model
  8256 ;;
  8257                           
  8258     0BD0                     _EUSART1_OverrunErrorCallbackRegister:	
  8259                           ;psect for function _EUSART1_OverrunErrorCallbackRegister
  8260                           
  8261     0BD0                     l4820:	
  8262                           ;incstack = 0
  8263                           ; Regs used in _EUSART1_OverrunErrorCallbackRegister: [wreg+status,2+status,0]
  8264                           
  8265                           
  8266                           ;mcc_generated_files/uart/src/eusart1.c: 260: void EUSART1_OverrunErrorCallbackRegister(
      +                          void (* callbackHandler)(void));mcc_generated_files/uart/src/eusart1.c: 261: {;mcc_gener
      +                          ated_files/uart/src/eusart1.c: 262:     if(((void*)0) != callbackHandler)
  8267     0BD0  0140               	movlb	0	; select bank0
  8268     0BD1  0820               	movf	EUSART1_OverrunErrorCallbackRegister@callbackHandler,w
  8269     0BD2  0421               	iorwf	EUSART1_OverrunErrorCallbackRegister@callbackHandler+1,w
  8270     0BD3  1903               	btfsc	3,2
  8271     0BD4  2BD6               	goto	u3651
  8272     0BD5  2BD7               	goto	u3650
  8273     0BD6                     u3651:
  8274     0BD6  2BDB               	goto	l775
  8275     0BD7                     u3650:
  8276     0BD7                     l4822:
  8277                           
  8278                           ;mcc_generated_files/uart/src/eusart1.c: 263:     {;mcc_generated_files/uart/src/eusart1
      +                          .c: 264:         EUSART1_OverrunErrorHandler = callbackHandler;
  8279     0BD7  0821               	movf	EUSART1_OverrunErrorCallbackRegister@callbackHandler+1,w
  8280     0BD8  00F1               	movwf	_EUSART1_OverrunErrorHandler+1
  8281     0BD9  0820               	movf	EUSART1_OverrunErrorCallbackRegister@callbackHandler,w
  8282     0BDA  00F0               	movwf	_EUSART1_OverrunErrorHandler
  8283     0BDB                     l775:
  8284     0BDB  0008               	return
  8285     0BDC                     __end_of_EUSART1_OverrunErrorCallbackRegister:
  8286                           
  8287                           	psect	text22
  8288     0BC4                     __ptext22:	
  8289 ;; *************** function _EUSART1_FramingErrorCallbackRegister *****************
  8290 ;; Defined at:
  8291 ;;		line 252 in file "mcc_generated_files/uart/src/eusart1.c"
  8292 ;; Parameters:    Size  Location     Type
  8293 ;;  callbackHand    2    0[BANK0 ] PTR FTN()void 
  8294 ;;		 -> EUSART2_DefaultFramingErrorCallback(1), EUSART1_DefaultFramingErrorCallback(1), 
  8295 ;; Auto vars:     Size  Location     Type
  8296 ;;		None
  8297 ;; Return value:  Size  Location     Type
  8298 ;;                  1    wreg      void 
  8299 ;; Registers used:
  8300 ;;		wreg, status,2, status,0
  8301 ;; Tracked objects:
  8302 ;;		On entry : 0/0
  8303 ;;		On exit  : 0/0
  8304 ;;		Unchanged: 0/0
  8305 ;; Data sizes:     COMMON   BANK0   BANK1   BANK2   BANK3   BANK4   BANK5   BANK6   BANK7   BANK8   BANK9  BANK10  BANK1
      +1  BANK12  BANK13  BANK14  BANK15  BANK16  BANK17  BANK18  BANK19  BANK20  BANK21  BANK22  BANK23  BANK24  BANK25
  8306 ;;      Params:         0       2       0       0       0       0       0       0       0       0       0       0       
      +0       0       0       0       0       0       0       0       0       0       0       0       0       0       0
  8307 ;;      Locals:         0       0       0       0       0       0       0       0       0       0       0       0       
      +0       0       0       0       0       0       0       0       0       0       0       0       0       0       0
  8308 ;;      Temps:          0       0       0       0       0       0       0       0       0       0       0       0       
      +0       0       0       0       0       0       0       0       0       0       0       0       0       0       0
  8309 ;;      Totals:         0       2       0       0       0       0       0       0       0       0       0       0       
      +0       0       0       0       0       0       0       0       0       0       0       0       0       0       0
  8310 ;;Total ram usage:        2 bytes
  8311 ;; Hardware stack levels used: 1
  8312 ;; Hardware stack levels required when called: 7
  8313 ;; This function calls:
  8314 ;;		Nothing
  8315 ;; This function is called by:
  8316 ;;		_EUSART1_Initialize
  8317 ;; This function uses a non-reentrant model
  8318 ;;
  8319                           
  8320     0BC4                     _EUSART1_FramingErrorCallbackRegister:	
  8321                           ;psect for function _EUSART1_FramingErrorCallbackRegister
  8322                           
  8323     0BC4                     l4816:	
  8324                           ;incstack = 0
  8325                           ; Regs used in _EUSART1_FramingErrorCallbackRegister: [wreg+status,2+status,0]
  8326                           
  8327                           
  8328                           ;mcc_generated_files/uart/src/eusart1.c: 252: void EUSART1_FramingErrorCallbackRegister(
      +                          void (* callbackHandler)(void));mcc_generated_files/uart/src/eusart1.c: 253: {;mcc_gener
      +                          ated_files/uart/src/eusart1.c: 254:     if(((void*)0) != callbackHandler)
  8329     0BC4  0140               	movlb	0	; select bank0
  8330     0BC5  0820               	movf	EUSART1_FramingErrorCallbackRegister@callbackHandler,w
  8331     0BC6  0421               	iorwf	EUSART1_FramingErrorCallbackRegister@callbackHandler+1,w
  8332     0BC7  1903               	btfsc	3,2
  8333     0BC8  2BCA               	goto	u3641
  8334     0BC9  2BCB               	goto	u3640
  8335     0BCA                     u3641:
  8336     0BCA  2BCF               	goto	l771
  8337     0BCB                     u3640:
  8338     0BCB                     l4818:
  8339                           
  8340                           ;mcc_generated_files/uart/src/eusart1.c: 255:     {;mcc_generated_files/uart/src/eusart1
      +                          .c: 256:         EUSART1_FramingErrorHandler = callbackHandler;
  8341     0BCB  0821               	movf	EUSART1_FramingErrorCallbackRegister@callbackHandler+1,w
  8342     0BCC  00F3               	movwf	_EUSART1_FramingErrorHandler+1
  8343     0BCD  0820               	movf	EUSART1_FramingErrorCallbackRegister@callbackHandler,w
  8344     0BCE  00F2               	movwf	_EUSART1_FramingErrorHandler
  8345     0BCF                     l771:
  8346     0BCF  0008               	return
  8347     0BD0                     __end_of_EUSART1_FramingErrorCallbackRegister:
  8348                           
  8349                           	psect	text23
  8350     0BBA                     __ptext23:	
  8351 ;; *************** function _CLOCK_Initialize *****************
  8352 ;; Defined at:
  8353 ;;		line 37 in file "mcc_generated_files/system/src/clock.c"
  8354 ;; Parameters:    Size  Location     Type
  8355 ;;		None
  8356 ;; Auto vars:     Size  Location     Type
  8357 ;;		None
  8358 ;; Return value:  Size  Location     Type
  8359 ;;                  1    wreg      void 
  8360 ;; Registers used:
  8361 ;;		wreg, status,2
  8362 ;; Tracked objects:
  8363 ;;		On entry : 0/0
  8364 ;;		On exit  : 0/0
  8365 ;;		Unchanged: 0/0
  8366 ;; Data sizes:     COMMON   BANK0   BANK1   BANK2   BANK3   BANK4   BANK5   BANK6   BANK7   BANK8   BANK9  BANK10  BANK1
      +1  BANK12  BANK13  BANK14  BANK15  BANK16  BANK17  BANK18  BANK19  BANK20  BANK21  BANK22  BANK23  BANK24  BANK25
  8367 ;;      Params:         0       0       0       0       0       0       0       0       0       0       0       0       
      +0       0       0       0       0       0       0       0       0       0       0       0       0       0       0
  8368 ;;      Locals:         0       0       0       0       0       0       0       0       0       0       0       0       
      +0       0       0       0       0       0       0       0       0       0       0       0       0       0       0
  8369 ;;      Temps:          0       0       0       0       0       0       0       0       0       0       0       0       
      +0       0       0       0       0       0       0       0       0       0       0       0       0       0       0
  8370 ;;      Totals:         0       0       0       0       0       0       0       0       0       0       0       0       
      +0       0       0       0       0       0       0       0       0       0       0       0       0       0       0
  8371 ;;Total ram usage:        0 bytes
  8372 ;; Hardware stack levels used: 1
  8373 ;; Hardware stack levels required when called: 7
  8374 ;; This function calls:
  8375 ;;		Nothing
  8376 ;; This function is called by:
  8377 ;;		_SYSTEM_Initialize
  8378 ;; This function uses a non-reentrant model
  8379 ;;
  8380                           
  8381     0BBA                     _CLOCK_Initialize:	
  8382                           ;psect for function _CLOCK_Initialize
  8383                           
  8384     0BBA                     l5080:	
  8385                           ;incstack = 0
  8386                           ; Regs used in _CLOCK_Initialize: [wreg+status,2]
  8387                           
  8388                           
  8389                           ;mcc_generated_files/system/src/clock.c: 41:     OSCCON2 = 0x0;
  8390     0BBA  0144               	movlb	4	; select bank4
  8391     0BBB  018E               	clrf	14	;volatile
  8392                           
  8393                           ;mcc_generated_files/system/src/clock.c: 43:     OSCCON3 = 0x0;
  8394     0BBC  018F               	clrf	15	;volatile
  8395                           
  8396                           ;mcc_generated_files/system/src/clock.c: 45:     OSCEN = 0x0;
  8397     0BBD  0191               	clrf	17	;volatile
  8398     0BBE                     l5082:
  8399                           
  8400                           ;mcc_generated_files/system/src/clock.c: 47:     OSCFRQ = 0x5;
  8401     0BBE  3005               	movlw	5
  8402     0BBF  0093               	movwf	19	;volatile
  8403     0BC0                     l5084:
  8404                           
  8405                           ;mcc_generated_files/system/src/clock.c: 49:     OSCSTAT = 0x0;
  8406     0BC0  0190               	clrf	16	;volatile
  8407     0BC1                     l5086:
  8408                           
  8409                           ;mcc_generated_files/system/src/clock.c: 51:     OSCTUNE = 0x0;
  8410     0BC1  0192               	clrf	18	;volatile
  8411     0BC2                     l5088:
  8412                           
  8413                           ;mcc_generated_files/system/src/clock.c: 53:     ACTCON = 0x0;
  8414     0BC2  0194               	clrf	20	;volatile
  8415     0BC3                     l460:
  8416     0BC3  0008               	return
  8417     0BC4                     __end_of_CLOCK_Initialize:
  8418                           
  8419                           	psect	text24
  8420     0715                     __ptext24:	
  8421 ;; *************** function _PN532_ReadPassiveTarget *****************
  8422 ;; Defined at:
  8423 ;;		line 401 in file "drivers/pn532.c"
  8424 ;; Parameters:    Size  Location     Type
  8425 ;;  uid             1    wreg     PTR unsigned char 
  8426 ;;		 -> main@uid(7), 
  8427 ;;  uidLen          1   25[BANK0 ] PTR unsigned char 
  8428 ;;		 -> main@uidLen(1), 
  8429 ;; Auto vars:     Size  Location     Type
  8430 ;;  uid             1   53[BANK0 ] PTR unsigned char 
  8431 ;;		 -> main@uid(7), 
  8432 ;;  i               1   55[BANK0 ] unsigned char 
  8433 ;;  rsp            24   27[BANK0 ] unsigned char [24]
  8434 ;;  params          2   51[BANK0 ] unsigned char [2]
  8435 ;;  nfcidLen        1   56[BANK0 ] unsigned char 
  8436 ;;  rlen            1   54[BANK0 ] unsigned char 
  8437 ;; Return value:  Size  Location     Type
  8438 ;;                  1    wreg      _Bool 
  8439 ;; Registers used:
  8440 ;;		wreg, fsr0l, fsr0h, fsr1l, fsr1h, status,2, status,0, pclath, cstack
  8441 ;; Tracked objects:
  8442 ;;		On entry : 0/0
  8443 ;;		On exit  : 0/0
  8444 ;;		Unchanged: 0/0
  8445 ;; Data sizes:     COMMON   BANK0   BANK1   BANK2   BANK3   BANK4   BANK5   BANK6   BANK7   BANK8   BANK9  BANK10  BANK1
      +1  BANK12  BANK13  BANK14  BANK15  BANK16  BANK17  BANK18  BANK19  BANK20  BANK21  BANK22  BANK23  BANK24  BANK25
  8446 ;;      Params:         0       1       0       0       0       0       0       0       0       0       0       0       
      +0       0       0       0       0       0       0       0       0       0       0       0       0       0       0
  8447 ;;      Locals:         0      30       0       0       0       0       0       0       0       0       0       0       
      +0       0       0       0       0       0       0       0       0       0       0       0       0       0       0
  8448 ;;      Temps:          0       1       0       0       0       0       0       0       0       0       0       0       
      +0       0       0       0       0       0       0       0       0       0       0       0       0       0       0
  8449 ;;      Totals:         0      32       0       0       0       0       0       0       0       0       0       0       
      +0       0       0       0       0       0       0       0       0       0       0       0       0       0       0
  8450 ;;Total ram usage:       32 bytes
  8451 ;; Hardware stack levels used: 1
  8452 ;; Hardware stack levels required when called: 11
  8453 ;; This function calls:
  8454 ;;		_pn532_transact
  8455 ;; This function is called by:
  8456 ;;		_main
  8457 ;; This function uses a non-reentrant model
  8458 ;;
  8459                           
  8460     0715                     _PN532_ReadPassiveTarget:	
  8461                           ;psect for function _PN532_ReadPassiveTarget
  8462                           
  8463                           
  8464                           ;incstack = 0
  8465                           ; Regs used in _PN532_ReadPassiveTarget: [wreg-fsr1h+status,2+status,0+pclath+cstack]
  8466                           ;PN532_ReadPassiveTarget@uid stored from wreg
  8467     0715  0140               	movlb	0	; select bank0
  8468     0716  00D5               	movwf	PN532_ReadPassiveTarget@uid
  8469     0717                     l5286:
  8470                           
  8471                           ;drivers/pn532.c: 401: _Bool PN532_ReadPassiveTarget(uint8_t *uid, uint8_t *uidLen);driv
      +                          ers/pn532.c: 402: {;drivers/pn532.c: 403:     uint8_t params[2] = {0x01, 0x00};
  8472     0717  0141               	movlb	1	; select bank1
  8473     0718  086E               	movf	(PN532_ReadPassiveTarget@F8585+1)^(0+128),w
  8474     0719  0140               	movlb	0	; select bank0
  8475     071A  00D4               	movwf	PN532_ReadPassiveTarget@params+1
  8476     071B  0141               	movlb	1	; select bank1
  8477     071C  086D               	movf	PN532_ReadPassiveTarget@F8585^(0+128),w
  8478     071D  0140               	movlb	0	; select bank0
  8479     071E  00D3               	movwf	PN532_ReadPassiveTarget@params
  8480     071F                     l5288:
  8481                           
  8482                           ;drivers/pn532.c: 404:     uint8_t rsp[24];;drivers/pn532.c: 405:     uint8_t rlen;;driv
      +                          ers/pn532.c: 407:     if (!pn532_transact(0x4A, params, sizeof(params), 0, rsp, sizeof(r
      +                          sp), &rlen))
  8483     071F  3053               	movlw	(low (PN532_ReadPassiveTarget@params| 0))& (0+255)
  8484     0720  00AF               	movwf	pn532_transact@params
  8485     0721  3002               	movlw	2
  8486     0722  00B0               	movwf	pn532_transact@paramLen
  8487     0723  01B1               	clrf	pn532_transact@withWakeup
  8488     0724  303B               	movlw	(low (PN532_ReadPassiveTarget@rsp| 0))& (0+255)
  8489     0725  00B2               	movwf	pn532_transact@out
  8490     0726  3018               	movlw	24
  8491     0727  00B3               	movwf	pn532_transact@outMax
  8492     0728  3056               	movlw	(low (PN532_ReadPassiveTarget@rlen| 0))& (0+255)
  8493     0729  00B4               	movwf	pn532_transact@outLen
  8494     072A  304A               	movlw	74
  8495     072B  3180  206E  3187   	fcall	_pn532_transact
  8496     072E  3A00               	xorlw	0
  8497     072F  1D03               	skipz
  8498     0730  2F32               	goto	u4201
  8499     0731  2F33               	goto	u4200
  8500     0732                     u4201:
  8501     0732  2F35               	goto	l5294
  8502     0733                     u4200:
  8503     0733                     l5290:
  8504                           
  8505                           ;drivers/pn532.c: 408:     {;drivers/pn532.c: 409:         return 0;
  8506     0733  3000               	movlw	0
  8507     0734  2F77               	goto	l109
  8508     0735                     l5294:
  8509                           
  8510                           ;drivers/pn532.c: 411:     if (rlen < 1 || rsp[0] == 0)
  8511     0735  0140               	movlb	0	; select bank0
  8512     0736  0856               	movf	PN532_ReadPassiveTarget@rlen,w
  8513     0737  1903               	btfsc	3,2
  8514     0738  2F3A               	goto	u4211
  8515     0739  2F3B               	goto	u4210
  8516     073A                     u4211:
  8517     073A  2F33               	goto	l5290
  8518     073B                     u4210:
  8519     073B                     l5296:
  8520     073B  083B               	movf	PN532_ReadPassiveTarget@rsp,w
  8521     073C  1D03               	btfss	3,2
  8522     073D  2F3F               	goto	u4221
  8523     073E  2F40               	goto	u4220
  8524     073F                     u4221:
  8525     073F  2F41               	goto	l5302
  8526     0740                     u4220:
  8527     0740  2F33               	goto	l5290
  8528     0741                     l5302:
  8529                           
  8530                           ;drivers/pn532.c: 417:     uint8_t nfcidLen = rsp[5];
  8531     0741  0840               	movf	PN532_ReadPassiveTarget@rsp+5,w
  8532     0742  00D8               	movwf	PN532_ReadPassiveTarget@nfcidLen
  8533     0743                     l5304:
  8534                           
  8535                           ;drivers/pn532.c: 418:     if (nfcidLen == 0 || nfcidLen > 7 || (uint8_t)(6 + nfcidLen) 
      +                          > rlen)
  8536     0743  0858               	movf	PN532_ReadPassiveTarget@nfcidLen,w
  8537     0744  1903               	btfsc	3,2
  8538     0745  2F47               	goto	u4231
  8539     0746  2F48               	goto	u4230
  8540     0747                     u4231:
  8541     0747  2F33               	goto	l5290
  8542     0748                     u4230:
  8543     0748                     l5306:
  8544     0748  3008               	movlw	8
  8545     0749  0258               	subwf	PN532_ReadPassiveTarget@nfcidLen,w
  8546     074A  1803               	skipnc
  8547     074B  2F4D               	goto	u4241
  8548     074C  2F4E               	goto	u4240
  8549     074D                     u4241:
  8550     074D  2F33               	goto	l5290
  8551     074E                     u4240:
  8552     074E                     l5308:
  8553     074E  0858               	movf	PN532_ReadPassiveTarget@nfcidLen,w
  8554     074F  3E06               	addlw	6
  8555     0750  0256               	subwf	PN532_ReadPassiveTarget@rlen,w
  8556     0751  1803               	skipnc
  8557     0752  2F54               	goto	u4251
  8558     0753  2F55               	goto	u4250
  8559     0754                     u4251:
  8560     0754  2F56               	goto	l5314
  8561     0755                     u4250:
  8562     0755  2F33               	goto	l5290
  8563     0756                     l5314:
  8564                           
  8565                           ;drivers/pn532.c: 423:     for (uint8_t i = 0; i < nfcidLen; i++)
  8566     0756  01D7               	clrf	PN532_ReadPassiveTarget@i
  8567     0757  2F6A               	goto	l5320
  8568     0758                     l5316:
  8569                           
  8570                           ;drivers/pn532.c: 424:     {;drivers/pn532.c: 425:         uid[i] = rsp[6 + i];
  8571     0758  0857               	movf	PN532_ReadPassiveTarget@i,w
  8572     0759  0755               	addwf	PN532_ReadPassiveTarget@uid,w
  8573     075A  00BA               	movwf	??_PN532_ReadPassiveTarget
  8574     075B  083A               	movf	??_PN532_ReadPassiveTarget,w
  8575     075C  0086               	movwf	6
  8576     075D  3001               	movlw	1	; select bank2/3
  8577     075E  0087               	movwf	7
  8578     075F  0857               	movf	PN532_ReadPassiveTarget@i,w
  8579     0760  3E06               	addlw	6
  8580     0761  3E3B               	addlw	(low (PN532_ReadPassiveTarget@rsp| 0))& (0+255)
  8581     0762  0084               	movwf	4
  8582     0763  0185               	clrf	5
  8583     0764  0800               	movf	0,w
  8584     0765  0081               	movwf	1
  8585     0766                     l5318:
  8586                           
  8587                           ;drivers/pn532.c: 426:     }
  8588     0766  3001               	movlw	1
  8589     0767  00BA               	movwf	??_PN532_ReadPassiveTarget
  8590     0768  083A               	movf	??_PN532_ReadPassiveTarget,w
  8591     0769  07D7               	addwf	PN532_ReadPassiveTarget@i,f
  8592     076A                     l5320:
  8593     076A  0858               	movf	PN532_ReadPassiveTarget@nfcidLen,w
  8594     076B  0257               	subwf	PN532_ReadPassiveTarget@i,w
  8595     076C  1C03               	skipc
  8596     076D  2F6F               	goto	u4261
  8597     076E  2F70               	goto	u4260
  8598     076F                     u4261:
  8599     076F  2F58               	goto	l5316
  8600     0770                     u4260:
  8601     0770                     l5322:
  8602                           
  8603                           ;drivers/pn532.c: 427:     *uidLen = nfcidLen;
  8604     0770  0839               	movf	PN532_ReadPassiveTarget@uidLen,w
  8605     0771  0086               	movwf	6
  8606     0772  3001               	movlw	1	; select bank2/3
  8607     0773  0087               	movwf	7
  8608     0774  0858               	movf	PN532_ReadPassiveTarget@nfcidLen,w
  8609     0775  0081               	movwf	1
  8610     0776                     l5324:
  8611                           
  8612                           ;drivers/pn532.c: 428:     return 1;
  8613     0776  3001               	movlw	1
  8614     0777                     l109:
  8615     0777  0008               	return
  8616     0778                     __end_of_PN532_ReadPassiveTarget:
  8617                           
  8618                           	psect	text25
  8619     04E9                     __ptext25:	
  8620 ;; *************** function _PN532_ReadNdefText *****************
  8621 ;; Defined at:
  8622 ;;		line 534 in file "drivers/pn532.c"
  8623 ;; Parameters:    Size  Location     Type
  8624 ;;  out             1    wreg     PTR unsigned char 
  8625 ;;		 -> main@text(32), 
  8626 ;;  outSize         1   51[BANK0 ] unsigned char 
  8627 ;; Auto vars:     Size  Location     Type
  8628 ;;  out             1   56[BANK0 ] PTR unsigned char 
  8629 ;;		 -> main@text(32), 
  8630 ;;  len             1   60[BANK0 ] unsigned char 
  8631 ;;  valueStart      1   58[BANK0 ] unsigned char 
  8632 ;;  type            1   57[BANK0 ] unsigned char 
  8633 ;;  have            1   62[BANK0 ] unsigned char 
  8634 ;;  pos             1   61[BANK0 ] unsigned char 
  8635 ;;  page            1   59[BANK0 ] unsigned char 
  8636 ;; Return value:  Size  Location     Type
  8637 ;;                  1    wreg      _Bool 
  8638 ;; Registers used:
  8639 ;;		wreg, fsr0l, fsr0h, fsr1l, fsr1h, status,2, status,0, pclath, cstack
  8640 ;; Tracked objects:
  8641 ;;		On entry : 0/0
  8642 ;;		On exit  : 0/0
  8643 ;;		Unchanged: 0/0
  8644 ;; Data sizes:     COMMON   BANK0   BANK1   BANK2   BANK3   BANK4   BANK5   BANK6   BANK7   BANK8   BANK9  BANK10  BANK1
      +1  BANK12  BANK13  BANK14  BANK15  BANK16  BANK17  BANK18  BANK19  BANK20  BANK21  BANK22  BANK23  BANK24  BANK25
  8645 ;;      Params:         0       1       0       0       0       0       0       0       0       0       0       0       
      +0       0       0       0       0       0       0       0       0       0       0       0       0       0       0
  8646 ;;      Locals:         0       7       0       0       0       0       0       0       0       0       0       0       
      +0       0       0       0       0       0       0       0       0       0       0       0       0       0       0
  8647 ;;      Temps:          0       4       0       0       0       0       0       0       0       0       0       0       
      +0       0       0       0       0       0       0       0       0       0       0       0       0       0       0
  8648 ;;      Totals:         0      12       0       0       0       0       0       0       0       0       0       0       
      +0       0       0       0       0       0       0       0       0       0       0       0       0       0       0
  8649 ;;Total ram usage:       12 bytes
  8650 ;; Hardware stack levels used: 1
  8651 ;; Hardware stack levels required when called: 12
  8652 ;; This function calls:
  8653 ;;		_ntag_read4pages
  8654 ;;		_parse_ndef_text_record
  8655 ;; This function is called by:
  8656 ;;		_main
  8657 ;; This function uses a non-reentrant model
  8658 ;;
  8659                           
  8660     04E9                     _PN532_ReadNdefText:	
  8661                           ;psect for function _PN532_ReadNdefText
  8662                           
  8663                           
  8664                           ;incstack = 0
  8665                           ; Regs used in _PN532_ReadNdefText: [wreg-fsr1h+status,2+status,0+pclath+cstack]
  8666                           ;PN532_ReadNdefText@out stored from wreg
  8667     04E9  0140               	movlb	0	; select bank0
  8668     04EA  00D8               	movwf	PN532_ReadNdefText@out
  8669     04EB                     l5328:
  8670                           
  8671                           ;drivers/pn532.c: 534: _Bool PN532_ReadNdefText(char *out, uint8_t outSize);drivers/pn53
      +                          2.c: 535: {;drivers/pn532.c: 536:     static uint8_t buf[64];;drivers/pn532.c: 537:     
      +                          uint8_t have = 0;
  8672     04EB  01DE               	clrf	PN532_ReadNdefText@have
  8673     04EC                     l5330:
  8674                           
  8675                           ;drivers/pn532.c: 538:     uint8_t page = 4;
  8676     04EC  3004               	movlw	4
  8677     04ED  00DB               	movwf	PN532_ReadNdefText@page
  8678     04EE                     l5332:
  8679                           
  8680                           ;drivers/pn532.c: 539:     uint8_t pos = 0;
  8681     04EE  01DD               	clrf	PN532_ReadNdefText@pos
  8682                           
  8683                           ;drivers/pn532.c: 542:     while (page <= 40 && (uint16_t)(have + 16) <= sizeof(buf))
  8684     04EF  2D66               	goto	l5382
  8685     04F0                     l5334:
  8686                           
  8687                           ;drivers/pn532.c: 543:     {;drivers/pn532.c: 544:         if (!ntag_read4pages(page, &b
      +                          uf[have]))
  8688     04F0  085E               	movf	PN532_ReadNdefText@have,w
  8689     04F1  3EA0               	addlw	(low (PN532_ReadNdefText@buf| (0+256)))& (0+255)
  8690     04F2  00B9               	movwf	ntag_read4pages@out16
  8691     04F3  085B               	movf	PN532_ReadNdefText@page,w
  8692     04F4  318E  2604  3184   	fcall	_ntag_read4pages
  8693     04F7  3A00               	xorlw	0
  8694     04F8  1D03               	skipz
  8695     04F9  2CFB               	goto	u4271
  8696     04FA  2CFC               	goto	u4270
  8697     04FB                     u4271:
  8698     04FB  2CFE               	goto	l5340
  8699     04FC                     u4270:
  8700     04FC                     l5336:
  8701                           
  8702                           ;drivers/pn532.c: 545:         {;drivers/pn532.c: 546:             return 0;
  8703     04FC  3000               	movlw	0
  8704     04FD  2D7D               	goto	l153
  8705     04FE                     l5340:
  8706                           
  8707                           ;drivers/pn532.c: 548:         have = (uint8_t)(have + 16);
  8708     04FE  0140               	movlb	0	; select bank0
  8709     04FF  085E               	movf	PN532_ReadNdefText@have,w
  8710     0500  3E10               	addlw	16
  8711     0501  00DE               	movwf	PN532_ReadNdefText@have
  8712                           
  8713                           ;drivers/pn532.c: 549:         page = (uint8_t)(page + 4);
  8714     0502  085B               	movf	PN532_ReadNdefText@page,w
  8715     0503  3E04               	addlw	4
  8716     0504  00DB               	movwf	PN532_ReadNdefText@page
  8717                           
  8718                           ;drivers/pn532.c: 556:         while (pos < have)
  8719     0505  2D60               	goto	l5380
  8720     0506                     l5342:
  8721                           
  8722                           ;drivers/pn532.c: 557:         {;drivers/pn532.c: 558:             uint8_t type = buf[po
      +                          s];
  8723     0506  085D               	movf	PN532_ReadNdefText@pos,w
  8724     0507  3EA0               	addlw	(low (PN532_ReadNdefText@buf| (0+256)))& (0+255)
  8725     0508  0086               	movwf	6
  8726     0509  3001               	movlw	1	; select bank3/4
  8727     050A  0087               	movwf	7
  8728     050B  0801               	movf	1,w
  8729     050C  00D9               	movwf	PN532_ReadNdefText@type
  8730     050D                     l5344:
  8731                           
  8732                           ;drivers/pn532.c: 560:             if (type == 0x00)
  8733     050D  0859               	movf	PN532_ReadNdefText@type,w
  8734     050E  1D03               	btfss	3,2
  8735     050F  2D11               	goto	u4281
  8736     0510  2D12               	goto	u4280
  8737     0511                     u4281:
  8738     0511  2D17               	goto	l5348
  8739     0512                     u4280:
  8740     0512                     l5346:
  8741                           
  8742                           ;drivers/pn532.c: 561:             {;drivers/pn532.c: 562:                 pos++;
  8743     0512  3001               	movlw	1
  8744     0513  00D4               	movwf	??_PN532_ReadNdefText
  8745     0514  0854               	movf	??_PN532_ReadNdefText,w
  8746     0515  07DD               	addwf	PN532_ReadNdefText@pos,f
  8747                           
  8748                           ;drivers/pn532.c: 563:                 continue;
  8749     0516  2D60               	goto	l5380
  8750     0517                     l5348:
  8751                           
  8752                           ;drivers/pn532.c: 565:             if (type == 0xFE)
  8753     0517  30FE               	movlw	254
  8754     0518  0659               	xorwf	PN532_ReadNdefText@type,w
  8755     0519  1D03               	btfss	3,2
  8756     051A  2D1C               	goto	u4291
  8757     051B  2D1D               	goto	u4290
  8758     051C                     u4291:
  8759     051C  2D1E               	goto	l5354
  8760     051D                     u4290:
  8761     051D  2CFC               	goto	l5336
  8762     051E                     l5354:
  8763                           
  8764                           ;drivers/pn532.c: 570:             if ((uint8_t)(pos + 1) >= have)
  8765     051E  3001               	movlw	1
  8766     051F  075D               	addwf	PN532_ReadNdefText@pos,w
  8767     0520  00D4               	movwf	??_PN532_ReadNdefText
  8768     0521  085E               	movf	PN532_ReadNdefText@have,w
  8769     0522  0254               	subwf	??_PN532_ReadNdefText,w
  8770     0523  1C03               	skipc
  8771     0524  2D26               	goto	u4301
  8772     0525  2D27               	goto	u4300
  8773     0526                     u4301:
  8774     0526  2D28               	goto	l5358
  8775     0527                     u4300:
  8776     0527  2D66               	goto	l5382
  8777     0528                     l5358:
  8778                           
  8779                           ;drivers/pn532.c: 574:             uint8_t len = buf[pos + 1];
  8780     0528  085D               	movf	PN532_ReadNdefText@pos,w
  8781     0529  3EA1               	addlw	(low ((PN532_ReadNdefText@buf| (0+256)+1)))& (0+255)
  8782     052A  0086               	movwf	6
  8783     052B  3001               	movlw	1	; select bank3/4
  8784     052C  0087               	movwf	7
  8785     052D  0801               	movf	1,w
  8786     052E  00DC               	movwf	PN532_ReadNdefText@len
  8787     052F                     l5360:
  8788                           
  8789                           ;drivers/pn532.c: 575:             if (len == 0xFF)
  8790     052F  0A5C               	incf	PN532_ReadNdefText@len,w
  8791     0530  1D03               	btfss	3,2
  8792     0531  2D33               	goto	u4311
  8793     0532  2D34               	goto	u4310
  8794     0533                     u4311:
  8795     0533  2D35               	goto	l5366
  8796     0534                     u4310:
  8797     0534  2CFC               	goto	l5336
  8798     0535                     l5366:
  8799                           
  8800                           ;drivers/pn532.c: 579:             uint8_t valueStart = (uint8_t)(pos + 2);
  8801     0535  085D               	movf	PN532_ReadNdefText@pos,w
  8802     0536  3E02               	addlw	2
  8803     0537  00DA               	movwf	PN532_ReadNdefText@valueStart
  8804     0538                     l5368:
  8805                           
  8806                           ;drivers/pn532.c: 580:             if ((uint16_t)valueStart + len > have)
  8807     0538  085A               	movf	PN532_ReadNdefText@valueStart,w
  8808     0539  075C               	addwf	PN532_ReadNdefText@len,w
  8809     053A  00D4               	movwf	??_PN532_ReadNdefText
  8810     053B  01D5               	clrf	??_PN532_ReadNdefText+1
  8811     053C  0DD5               	rlf	??_PN532_ReadNdefText+1,f
  8812     053D  085E               	movf	PN532_ReadNdefText@have,w
  8813     053E  00D6               	movwf	??_PN532_ReadNdefText+2
  8814     053F  01D7               	clrf	??_PN532_ReadNdefText+3
  8815     0540  0855               	movf	??_PN532_ReadNdefText+1,w
  8816     0541  0257               	subwf	??_PN532_ReadNdefText+3,w
  8817     0542  1D03               	skipz
  8818     0543  2D46               	goto	u4325
  8819     0544  0854               	movf	??_PN532_ReadNdefText,w
  8820     0545  0256               	subwf	??_PN532_ReadNdefText+2,w
  8821     0546                     u4325:
  8822     0546  1803               	skipnc
  8823     0547  2D49               	goto	u4321
  8824     0548  2D4A               	goto	u4320
  8825     0549                     u4321:
  8826     0549  2D4B               	goto	l5372
  8827     054A                     u4320:
  8828     054A  2D66               	goto	l5382
  8829     054B                     l5372:
  8830                           
  8831                           ;drivers/pn532.c: 585:             if (type == 0x03)
  8832     054B  3003               	movlw	3
  8833     054C  0659               	xorwf	PN532_ReadNdefText@type,w
  8834     054D  1D03               	btfss	3,2
  8835     054E  2D50               	goto	u4331
  8836     054F  2D51               	goto	u4330
  8837     0550                     u4331:
  8838     0550  2D5D               	goto	l5378
  8839     0551                     u4330:
  8840     0551                     l5374:
  8841                           
  8842                           ;drivers/pn532.c: 586:             {;drivers/pn532.c: 587:                 return parse_
      +                          ndef_text_record(&buf[valueStart], len, out, outSize);
  8843     0551  085C               	movf	PN532_ReadNdefText@len,w
  8844     0552  00AA               	movwf	parse_ndef_text_record@recLen
  8845     0553  0858               	movf	PN532_ReadNdefText@out,w
  8846     0554  00AB               	movwf	parse_ndef_text_record@out
  8847     0555  0853               	movf	PN532_ReadNdefText@outSize,w
  8848     0556  00AC               	movwf	parse_ndef_text_record@outSize
  8849     0557  085A               	movf	PN532_ReadNdefText@valueStart,w
  8850     0558  3EA0               	addlw	(low (PN532_ReadNdefText@buf| (0+256)))& (0+255)
  8851     0559  3182  22A3  3184   	fcall	_parse_ndef_text_record
  8852     055C  2D7D               	goto	l153
  8853     055D                     l5378:
  8854                           
  8855                           ;drivers/pn532.c: 590:             pos = (uint8_t)(valueStart + len);
  8856     055D  085A               	movf	PN532_ReadNdefText@valueStart,w
  8857     055E  075C               	addwf	PN532_ReadNdefText@len,w
  8858     055F  00DD               	movwf	PN532_ReadNdefText@pos
  8859     0560                     l5380:
  8860                           
  8861                           ;drivers/pn532.c: 556:         while (pos < have)
  8862     0560  085E               	movf	PN532_ReadNdefText@have,w
  8863     0561  025D               	subwf	PN532_ReadNdefText@pos,w
  8864     0562  1C03               	skipc
  8865     0563  2D65               	goto	u4341
  8866     0564  2D66               	goto	u4340
  8867     0565                     u4341:
  8868     0565  2D06               	goto	l5342
  8869     0566                     u4340:
  8870     0566                     l5382:
  8871                           
  8872                           ;drivers/pn532.c: 542:     while (page <= 40 && (uint16_t)(have + 16) <= sizeof(buf))
  8873     0566  3029               	movlw	41
  8874     0567  025B               	subwf	PN532_ReadNdefText@page,w
  8875     0568  1803               	skipnc
  8876     0569  2D6B               	goto	u4351
  8877     056A  2D6C               	goto	u4350
  8878     056B                     u4351:
  8879     056B  2CFC               	goto	l5336
  8880     056C                     u4350:
  8881     056C                     l5384:
  8882     056C  085E               	movf	PN532_ReadNdefText@have,w
  8883     056D  3E10               	addlw	16
  8884     056E  00D4               	movwf	??_PN532_ReadNdefText
  8885     056F  3000               	movlw	0
  8886     0570  1803               	skipnc
  8887     0571  3001               	movlw	1
  8888     0572  00D5               	movwf	??_PN532_ReadNdefText+1
  8889     0573  3000               	movlw	0
  8890     0574  0255               	subwf	??_PN532_ReadNdefText+1,w
  8891     0575  3041               	movlw	65
  8892     0576  1903               	skipnz
  8893     0577  0254               	subwf	??_PN532_ReadNdefText,w
  8894     0578  1C03               	skipc
  8895     0579  2D7B               	goto	u4361
  8896     057A  2D7C               	goto	u4360
  8897     057B                     u4361:
  8898     057B  2CF0               	goto	l5334
  8899     057C                     u4360:
  8900     057C  2CFC               	goto	l5336
  8901     057D                     l153:
  8902     057D  0008               	return
  8903     057E                     __end_of_PN532_ReadNdefText:
  8904                           
  8905                           	psect	text26
  8906     02A3                     __ptext26:	
  8907 ;; *************** function _parse_ndef_text_record *****************
  8908 ;; Defined at:
  8909 ;;		line 453 in file "drivers/pn532.c"
  8910 ;; Parameters:    Size  Location     Type
  8911 ;;  rec             1    wreg     PTR const unsigned char 
  8912 ;;		 -> PN532_ReadNdefText@buf(64), 
  8913 ;;  recLen          1   10[BANK0 ] unsigned char 
  8914 ;;  out             1   11[BANK0 ] PTR unsigned char 
  8915 ;;		 -> main@text(32), 
  8916 ;;  outSize         1   12[BANK0 ] unsigned char 
  8917 ;; Auto vars:     Size  Location     Type
  8918 ;;  rec             1   35[BANK0 ] PTR const unsigned char 
  8919 ;;		 -> PN532_ReadNdefText@buf(64), 
  8920 ;;  textLen         2   33[BANK0 ] unsigned short 
  8921 ;;  payloadLen      2   31[BANK0 ] unsigned short 
  8922 ;;  idx             1   36[BANK0 ] unsigned char 
  8923 ;;  langLen         1   30[BANK0 ] unsigned char 
  8924 ;;  typeLen         1   29[BANK0 ] unsigned char 
  8925 ;;  header          1   28[BANK0 ] unsigned char 
  8926 ;;  payload         1   27[BANK0 ] PTR const unsigned char 
  8927 ;;		 -> PN532_ReadNdefText@buf(64), 
  8928 ;;  idLen           1   25[BANK0 ] unsigned char 
  8929 ;;  status          1   24[BANK0 ] unsigned char 
  8930 ;;  isText          1   23[BANK0 ] _Bool 
  8931 ;;  hasId           1   22[BANK0 ] _Bool 
  8932 ;;  shortRecord     1   21[BANK0 ] _Bool 
  8933 ;;  tnf             1   20[BANK0 ] unsigned char 
  8934 ;; Return value:  Size  Location     Type
  8935 ;;                  1    wreg      _Bool 
  8936 ;; Registers used:
  8937 ;;		wreg, fsr1l, fsr1h, status,2, status,0, pclath, cstack
  8938 ;; Tracked objects:
  8939 ;;		On entry : 0/0
  8940 ;;		On exit  : 0/0
  8941 ;;		Unchanged: 0/0
  8942 ;; Data sizes:     COMMON   BANK0   BANK1   BANK2   BANK3   BANK4   BANK5   BANK6   BANK7   BANK8   BANK9  BANK10  BANK1
      +1  BANK12  BANK13  BANK14  BANK15  BANK16  BANK17  BANK18  BANK19  BANK20  BANK21  BANK22  BANK23  BANK24  BANK25
  8943 ;;      Params:         0       3       0       0       0       0       0       0       0       0       0       0       
      +0       0       0       0       0       0       0       0       0       0       0       0       0       0       0
  8944 ;;      Locals:         0      17       0       0       0       0       0       0       0       0       0       0       
      +0       0       0       0       0       0       0       0       0       0       0       0       0       0       0
  8945 ;;      Temps:          0       7       0       0       0       0       0       0       0       0       0       0       
      +0       0       0       0       0       0       0       0       0       0       0       0       0       0       0
  8946 ;;      Totals:         0      27       0       0       0       0       0       0       0       0       0       0       
      +0       0       0       0       0       0       0       0       0       0       0       0       0       0       0
  8947 ;;Total ram usage:       27 bytes
  8948 ;; Hardware stack levels used: 1
  8949 ;; Hardware stack levels required when called: 8
  8950 ;; This function calls:
  8951 ;;		_memcpy
  8952 ;; This function is called by:
  8953 ;;		_PN532_ReadNdefText
  8954 ;; This function uses a non-reentrant model
  8955 ;;
  8956                           
  8957     02A3                     _parse_ndef_text_record:	
  8958                           ;psect for function _parse_ndef_text_record
  8959                           
  8960                           
  8961                           ;incstack = 0
  8962                           ; Regs used in _parse_ndef_text_record: [wreg+fsr1l+fsr1h+status,2+status,0+pclath+cstac
      +                          k]
  8963                           ;parse_ndef_text_record@rec stored from wreg
  8964     02A3  0140               	movlb	0	; select bank0
  8965     02A4  00C3               	movwf	parse_ndef_text_record@rec
  8966     02A5                     l4960:
  8967                           
  8968                           ;drivers/pn532.c: 453: static _Bool parse_ndef_text_record(const uint8_t *rec, uint8_t r
      +                          ecLen, char *out, uint8_t outSize);drivers/pn532.c: 454: {;drivers/pn532.c: 455:     if 
      +                          (recLen < 3)
  8969     02A5  3003               	movlw	3
  8970     02A6  022A               	subwf	parse_ndef_text_record@recLen,w
  8971     02A7  1803               	skipnc
  8972     02A8  2AAA               	goto	u3871
  8973     02A9  2AAB               	goto	u3870
  8974     02AA                     u3871:
  8975     02AA  2AAD               	goto	l4966
  8976     02AB                     u3870:
  8977     02AB                     l4962:
  8978                           
  8979                           ;drivers/pn532.c: 456:     {;drivers/pn532.c: 457:         return 0;
  8980     02AB  3000               	movlw	0
  8981     02AC  2BF0               	goto	l131
  8982     02AD                     l4966:
  8983                           
  8984                           ;drivers/pn532.c: 460:     uint8_t header = rec[0];
  8985     02AD  0843               	movf	parse_ndef_text_record@rec,w
  8986     02AE  0086               	movwf	6
  8987     02AF  3001               	movlw	1	; select bank2/3
  8988     02B0  0087               	movwf	7
  8989     02B1  0801               	movf	1,w
  8990     02B2  00BC               	movwf	parse_ndef_text_record@header
  8991     02B3                     l4968:
  8992                           
  8993                           ;drivers/pn532.c: 461:     uint8_t tnf = header & 0x07;
  8994     02B3  083C               	movf	parse_ndef_text_record@header,w
  8995     02B4  3907               	andlw	7
  8996     02B5  00B4               	movwf	parse_ndef_text_record@tnf
  8997     02B6                     l4970:
  8998                           
  8999                           ;drivers/pn532.c: 462:     _Bool shortRecord = (header & 0x10) != 0;
  9000     02B6  1A3C               	btfsc	parse_ndef_text_record@header,4
  9001     02B7  2AB9               	goto	u3881
  9002     02B8  2ABB               	goto	u3880
  9003     02B9                     u3881:
  9004     02B9  3001               	movlw	1
  9005     02BA  2ABC               	goto	u3890
  9006     02BB                     u3880:
  9007     02BB  3000               	movlw	0
  9008     02BC                     u3890:
  9009     02BC  00B5               	movwf	parse_ndef_text_record@shortRecord
  9010     02BD                     l4972:
  9011                           
  9012                           ;drivers/pn532.c: 463:     _Bool hasId = (header & 0x08) != 0;
  9013     02BD  19BC               	btfsc	parse_ndef_text_record@header,3
  9014     02BE  2AC0               	goto	u3901
  9015     02BF  2AC2               	goto	u3900
  9016     02C0                     u3901:
  9017     02C0  3001               	movlw	1
  9018     02C1  2AC3               	goto	u3910
  9019     02C2                     u3900:
  9020     02C2  3000               	movlw	0
  9021     02C3                     u3910:
  9022     02C3  00B6               	movwf	parse_ndef_text_record@hasId
  9023     02C4                     l4974:
  9024                           
  9025                           ;drivers/pn532.c: 465:     uint8_t idx = 1;
  9026     02C4  01C4               	clrf	parse_ndef_text_record@idx
  9027     02C5  0AC4               	incf	parse_ndef_text_record@idx,f
  9028     02C6                     l4976:
  9029                           
  9030                           ;drivers/pn532.c: 466:     uint8_t typeLen = rec[idx++];
  9031     02C6  0843               	movf	parse_ndef_text_record@rec,w
  9032     02C7  0086               	movwf	6
  9033     02C8  3001               	movlw	1	; select bank2/3
  9034     02C9  0087               	movwf	7
  9035     02CA  3001               	movlw	1	; select bank2/3
  9036     02CB  3F41               	moviw [1]fsr1
  9037     02CC  00BD               	movwf	parse_ndef_text_record@typeLen
  9038     02CD                     l4978:
  9039     02CD  3001               	movlw	1
  9040     02CE  00AD               	movwf	??_parse_ndef_text_record
  9041     02CF  082D               	movf	??_parse_ndef_text_record,w
  9042     02D0  07C4               	addwf	parse_ndef_text_record@idx,f
  9043     02D1                     l4980:
  9044                           
  9045                           ;drivers/pn532.c: 468:     uint16_t payloadLen;;drivers/pn532.c: 469:     if (shortRecor
      +                          d)
  9046     02D1  0835               	movf	parse_ndef_text_record@shortRecord,w
  9047     02D2  1903               	btfsc	3,2
  9048     02D3  2AD5               	goto	u3921
  9049     02D4  2AD6               	goto	u3920
  9050     02D5                     u3921:
  9051     02D5  2AF0               	goto	l4992
  9052     02D6                     u3920:
  9053     02D6                     l4982:
  9054                           
  9055                           ;drivers/pn532.c: 470:     {;drivers/pn532.c: 471:         if (idx >= recLen)
  9056     02D6  082A               	movf	parse_ndef_text_record@recLen,w
  9057     02D7  0244               	subwf	parse_ndef_text_record@idx,w
  9058     02D8  1C03               	skipc
  9059     02D9  2ADB               	goto	u3931
  9060     02DA  2ADC               	goto	u3930
  9061     02DB                     u3931:
  9062     02DB  2ADD               	goto	l4988
  9063     02DC                     u3930:
  9064     02DC  2AAB               	goto	l4962
  9065     02DD                     l4988:
  9066                           
  9067                           ;drivers/pn532.c: 475:         payloadLen = rec[idx++];
  9068     02DD  0844               	movf	parse_ndef_text_record@idx,w
  9069     02DE  0743               	addwf	parse_ndef_text_record@rec,w
  9070     02DF  00AD               	movwf	??_parse_ndef_text_record
  9071     02E0  082D               	movf	??_parse_ndef_text_record,w
  9072     02E1  0086               	movwf	6
  9073     02E2  3001               	movlw	1	; select bank2/3
  9074     02E3  0087               	movwf	7
  9075     02E4  0801               	movf	1,w
  9076     02E5  00AE               	movwf	??_parse_ndef_text_record+1
  9077     02E6  01AF               	clrf	??_parse_ndef_text_record+2
  9078     02E7  082E               	movf	??_parse_ndef_text_record+1,w
  9079     02E8  00BF               	movwf	parse_ndef_text_record@payloadLen
  9080     02E9  082F               	movf	??_parse_ndef_text_record+2,w
  9081     02EA  00C0               	movwf	parse_ndef_text_record@payloadLen+1
  9082     02EB                     l4990:
  9083     02EB  3001               	movlw	1
  9084     02EC  00AD               	movwf	??_parse_ndef_text_record
  9085     02ED  082D               	movf	??_parse_ndef_text_record,w
  9086     02EE  07C4               	addwf	parse_ndef_text_record@idx,f
  9087                           
  9088                           ;drivers/pn532.c: 476:     }
  9089     02EF  2B27               	goto	l5002
  9090     02F0                     l4992:
  9091     02F0  0844               	movf	parse_ndef_text_record@idx,w
  9092     02F1  3E04               	addlw	4
  9093     02F2  00AD               	movwf	??_parse_ndef_text_record
  9094     02F3  3000               	movlw	0
  9095     02F4  1803               	skipnc
  9096     02F5  3001               	movlw	1
  9097     02F6  00AE               	movwf	??_parse_ndef_text_record+1
  9098     02F7  082A               	movf	parse_ndef_text_record@recLen,w
  9099     02F8  00AF               	movwf	??_parse_ndef_text_record+2
  9100     02F9  01B0               	clrf	??_parse_ndef_text_record+3
  9101     02FA  082E               	movf	??_parse_ndef_text_record+1,w
  9102     02FB  0230               	subwf	??_parse_ndef_text_record+3,w
  9103     02FC  1D03               	skipz
  9104     02FD  2B00               	goto	u3945
  9105     02FE  082D               	movf	??_parse_ndef_text_record,w
  9106     02FF  022F               	subwf	??_parse_ndef_text_record+2,w
  9107     0300                     u3945:
  9108     0300  1C03               	skipc
  9109     0301  2B03               	goto	u3941
  9110     0302  2B04               	goto	u3940
  9111     0303                     u3941:
  9112     0303  2AAB               	goto	l4962
  9113     0304                     u3940:
  9114     0304                     l4994:
  9115                           
  9116                           ;drivers/pn532.c: 478:     {;drivers/pn532.c: 481:         payloadLen = ((uint16_t)rec[i
      +                          dx + 2] << 8) | rec[idx + 3];
  9117     0304  0844               	movf	parse_ndef_text_record@idx,w
  9118     0305  0743               	addwf	parse_ndef_text_record@rec,w
  9119     0306  00AD               	movwf	??_parse_ndef_text_record
  9120     0307  082D               	movf	??_parse_ndef_text_record,w
  9121     0308  3E03               	addlw	3
  9122     0309  0086               	movwf	6
  9123     030A  3001               	movlw	1	; select bank2/3
  9124     030B  0087               	movwf	7
  9125     030C  0801               	movf	1,w
  9126     030D  00AE               	movwf	??_parse_ndef_text_record+1
  9127     030E  01AF               	clrf	??_parse_ndef_text_record+2
  9128     030F  0844               	movf	parse_ndef_text_record@idx,w
  9129     0310  0743               	addwf	parse_ndef_text_record@rec,w
  9130     0311  00B0               	movwf	??_parse_ndef_text_record+3
  9131     0312  0830               	movf	??_parse_ndef_text_record+3,w
  9132     0313  3E02               	addlw	2
  9133     0314  0086               	movwf	6
  9134     0315  3001               	movlw	1	; select bank2/3
  9135     0316  0087               	movwf	7
  9136     0317  0801               	movf	1,w
  9137     0318  00B1               	movwf	??_parse_ndef_text_record+4
  9138     0319  01B2               	clrf	??_parse_ndef_text_record+5
  9139     031A  0831               	movf	??_parse_ndef_text_record+4,w
  9140     031B  00B2               	movwf	??_parse_ndef_text_record+5
  9141     031C  01B1               	clrf	??_parse_ndef_text_record+4
  9142     031D  082E               	movf	??_parse_ndef_text_record+1,w
  9143     031E  0431               	iorwf	??_parse_ndef_text_record+4,w
  9144     031F  00BF               	movwf	parse_ndef_text_record@payloadLen
  9145     0320  082F               	movf	??_parse_ndef_text_record+2,w
  9146     0321  0432               	iorwf	??_parse_ndef_text_record+5,w
  9147     0322  00C0               	movwf	parse_ndef_text_record@payloadLen+1
  9148     0323                     l4996:
  9149                           
  9150                           ;drivers/pn532.c: 482:         idx += 4;
  9151     0323  3004               	movlw	4
  9152     0324  00AD               	movwf	??_parse_ndef_text_record
  9153     0325  082D               	movf	??_parse_ndef_text_record,w
  9154     0326  07C4               	addwf	parse_ndef_text_record@idx,f
  9155     0327                     l5002:	
  9156                           ;drivers/pn532.c: 483:     }
  9157                           
  9158                           
  9159                           ;drivers/pn532.c: 489:     uint8_t idLen = 0;
  9160     0327  01B9               	clrf	parse_ndef_text_record@idLen
  9161     0328                     l5004:
  9162                           
  9163                           ;drivers/pn532.c: 490:     if (hasId)
  9164     0328  0836               	movf	parse_ndef_text_record@hasId,w
  9165     0329  1903               	btfsc	3,2
  9166     032A  2B2C               	goto	u3951
  9167     032B  2B2D               	goto	u3950
  9168     032C                     u3951:
  9169     032C  2B41               	goto	l5016
  9170     032D                     u3950:
  9171     032D                     l5006:
  9172                           
  9173                           ;drivers/pn532.c: 491:     {;drivers/pn532.c: 492:         if (idx >= recLen)
  9174     032D  082A               	movf	parse_ndef_text_record@recLen,w
  9175     032E  0244               	subwf	parse_ndef_text_record@idx,w
  9176     032F  1C03               	skipc
  9177     0330  2B32               	goto	u3961
  9178     0331  2B33               	goto	u3960
  9179     0332                     u3961:
  9180     0332  2B34               	goto	l5012
  9181     0333                     u3960:
  9182     0333  2AAB               	goto	l4962
  9183     0334                     l5012:
  9184                           
  9185                           ;drivers/pn532.c: 496:         idLen = rec[idx++];
  9186     0334  0844               	movf	parse_ndef_text_record@idx,w
  9187     0335  0743               	addwf	parse_ndef_text_record@rec,w
  9188     0336  00AD               	movwf	??_parse_ndef_text_record
  9189     0337  082D               	movf	??_parse_ndef_text_record,w
  9190     0338  0086               	movwf	6
  9191     0339  3001               	movlw	1	; select bank2/3
  9192     033A  0087               	movwf	7
  9193     033B  0801               	movf	1,w
  9194     033C  00B9               	movwf	parse_ndef_text_record@idLen
  9195     033D                     l5014:
  9196     033D  3001               	movlw	1
  9197     033E  00AD               	movwf	??_parse_ndef_text_record
  9198     033F  082D               	movf	??_parse_ndef_text_record,w
  9199     0340  07C4               	addwf	parse_ndef_text_record@idx,f
  9200     0341                     l5016:
  9201                           
  9202                           ;drivers/pn532.c: 499:     if ((uint16_t)(idx + typeLen) > recLen)
  9203     0341  0844               	movf	parse_ndef_text_record@idx,w
  9204     0342  073D               	addwf	parse_ndef_text_record@typeLen,w
  9205     0343  00AD               	movwf	??_parse_ndef_text_record
  9206     0344  01AE               	clrf	??_parse_ndef_text_record+1
  9207     0345  0DAE               	rlf	??_parse_ndef_text_record+1,f
  9208     0346  082A               	movf	parse_ndef_text_record@recLen,w
  9209     0347  00AF               	movwf	??_parse_ndef_text_record+2
  9210     0348  01B0               	clrf	??_parse_ndef_text_record+3
  9211     0349  082E               	movf	??_parse_ndef_text_record+1,w
  9212     034A  0230               	subwf	??_parse_ndef_text_record+3,w
  9213     034B  1D03               	skipz
  9214     034C  2B4F               	goto	u3975
  9215     034D  082D               	movf	??_parse_ndef_text_record,w
  9216     034E  022F               	subwf	??_parse_ndef_text_record+2,w
  9217     034F                     u3975:
  9218     034F  1803               	skipnc
  9219     0350  2B52               	goto	u3971
  9220     0351  2B53               	goto	u3970
  9221     0352                     u3971:
  9222     0352  2B54               	goto	l5022
  9223     0353                     u3970:
  9224     0353  2AAB               	goto	l4962
  9225     0354                     l5022:
  9226                           
  9227                           ;drivers/pn532.c: 503:     _Bool isText = (tnf == 0x01) && (typeLen == 1) && (rec[idx] =
      +                          = 'T');
  9228     0354  01BA               	clrf	_parse_ndef_text_record$175
  9229     0355                     l5024:
  9230     0355  0334               	decf	parse_ndef_text_record@tnf,w
  9231     0356  1D03               	btfss	3,2
  9232     0357  2B59               	goto	u3981
  9233     0358  2B5A               	goto	u3980
  9234     0359                     u3981:
  9235     0359  2B6E               	goto	l5032
  9236     035A                     u3980:
  9237     035A                     l5026:
  9238     035A  033D               	decf	parse_ndef_text_record@typeLen,w
  9239     035B  1D03               	btfss	3,2
  9240     035C  2B5E               	goto	u3991
  9241     035D  2B5F               	goto	u3990
  9242     035E                     u3991:
  9243     035E  2B6E               	goto	l5032
  9244     035F                     u3990:
  9245     035F                     l5028:
  9246     035F  0844               	movf	parse_ndef_text_record@idx,w
  9247     0360  0743               	addwf	parse_ndef_text_record@rec,w
  9248     0361  00AD               	movwf	??_parse_ndef_text_record
  9249     0362  082D               	movf	??_parse_ndef_text_record,w
  9250     0363  0086               	movwf	6
  9251     0364  3001               	movlw	1	; select bank2/3
  9252     0365  0087               	movwf	7
  9253     0366  3054               	movlw	84
  9254     0367  0601               	xorwf	1,w
  9255     0368  1D03               	btfss	3,2
  9256     0369  2B6B               	goto	u4001
  9257     036A  2B6C               	goto	u4000
  9258     036B                     u4001:
  9259     036B  2B6E               	goto	l5032
  9260     036C                     u4000:
  9261     036C                     l5030:
  9262     036C  01BA               	clrf	_parse_ndef_text_record$175
  9263     036D  0ABA               	incf	_parse_ndef_text_record$175,f
  9264     036E                     l5032:
  9265     036E  083A               	movf	_parse_ndef_text_record$175,w
  9266     036F  1D03               	btfss	3,2
  9267     0370  2B72               	goto	u4011
  9268     0371  2B74               	goto	u4010
  9269     0372                     u4011:
  9270     0372  3001               	movlw	1
  9271     0373  2B75               	goto	u4020
  9272     0374                     u4010:
  9273     0374  3000               	movlw	0
  9274     0375                     u4020:
  9275     0375  00B7               	movwf	parse_ndef_text_record@isText
  9276                           
  9277                           ;drivers/pn532.c: 504:     idx = (uint8_t)(idx + typeLen + idLen);
  9278     0376  0844               	movf	parse_ndef_text_record@idx,w
  9279     0377  073D               	addwf	parse_ndef_text_record@typeLen,w
  9280     0378  0739               	addwf	parse_ndef_text_record@idLen,w
  9281     0379  00C4               	movwf	parse_ndef_text_record@idx
  9282                           
  9283                           ;drivers/pn532.c: 506:     if (!isText)
  9284     037A  0837               	movf	parse_ndef_text_record@isText,w
  9285     037B  1D03               	btfss	3,2
  9286     037C  2B7E               	goto	u4031
  9287     037D  2B7F               	goto	u4030
  9288     037E                     u4031:
  9289     037E  2B80               	goto	l5038
  9290     037F                     u4030:
  9291     037F  2AAB               	goto	l4962
  9292     0380                     l5038:
  9293                           
  9294                           ;drivers/pn532.c: 510:     if ((uint16_t)idx + payloadLen > recLen)
  9295     0380  0844               	movf	parse_ndef_text_record@idx,w
  9296     0381  073F               	addwf	parse_ndef_text_record@payloadLen,w
  9297     0382  00AD               	movwf	??_parse_ndef_text_record
  9298     0383  0840               	movf	parse_ndef_text_record@payloadLen+1,w
  9299     0384  1803               	skipnc
  9300     0385  0A40               	incf	parse_ndef_text_record@payloadLen+1,w
  9301     0386  00AE               	movwf	??_parse_ndef_text_record+1
  9302     0387  082A               	movf	parse_ndef_text_record@recLen,w
  9303     0388  00AF               	movwf	??_parse_ndef_text_record+2
  9304     0389  01B0               	clrf	??_parse_ndef_text_record+3
  9305     038A  082E               	movf	??_parse_ndef_text_record+1,w
  9306     038B  0230               	subwf	??_parse_ndef_text_record+3,w
  9307     038C  1D03               	skipz
  9308     038D  2B90               	goto	u4045
  9309     038E  082D               	movf	??_parse_ndef_text_record,w
  9310     038F  022F               	subwf	??_parse_ndef_text_record+2,w
  9311     0390                     u4045:
  9312     0390  1803               	skipnc
  9313     0391  2B93               	goto	u4041
  9314     0392  2B94               	goto	u4040
  9315     0393                     u4041:
  9316     0393  2B95               	goto	l5044
  9317     0394                     u4040:
  9318     0394  2AAB               	goto	l4962
  9319     0395                     l5044:
  9320                           
  9321                           ;drivers/pn532.c: 515:     const uint8_t *payload = &rec[idx];
  9322     0395  0843               	movf	parse_ndef_text_record@rec,w
  9323     0396  0744               	addwf	parse_ndef_text_record@idx,w
  9324     0397  00BB               	movwf	parse_ndef_text_record@payload
  9325     0398                     l5046:
  9326                           
  9327                           ;drivers/pn532.c: 516:     uint8_t status = payload[0];
  9328     0398  083B               	movf	parse_ndef_text_record@payload,w
  9329     0399  0086               	movwf	6
  9330     039A  3001               	movlw	1	; select bank2/3
  9331     039B  0087               	movwf	7
  9332     039C  0801               	movf	1,w
  9333     039D  00B8               	movwf	parse_ndef_text_record@status
  9334     039E                     l5048:
  9335                           
  9336                           ;drivers/pn532.c: 517:     uint8_t langLen = status & 0x3F;
  9337     039E  0838               	movf	parse_ndef_text_record@status,w
  9338     039F  393F               	andlw	63
  9339     03A0  00BE               	movwf	parse_ndef_text_record@langLen
  9340     03A1                     l5050:
  9341                           
  9342                           ;drivers/pn532.c: 518:     if ((uint16_t)(1 + langLen) > payloadLen)
  9343     03A1  083E               	movf	parse_ndef_text_record@langLen,w
  9344     03A2  3E01               	addlw	1
  9345     03A3  00AD               	movwf	??_parse_ndef_text_record
  9346     03A4  3000               	movlw	0
  9347     03A5  1803               	skipnc
  9348     03A6  3001               	movlw	1
  9349     03A7  00AE               	movwf	??_parse_ndef_text_record+1
  9350     03A8  082E               	movf	??_parse_ndef_text_record+1,w
  9351     03A9  0240               	subwf	parse_ndef_text_record@payloadLen+1,w
  9352     03AA  1D03               	skipz
  9353     03AB  2BAE               	goto	u4055
  9354     03AC  082D               	movf	??_parse_ndef_text_record,w
  9355     03AD  023F               	subwf	parse_ndef_text_record@payloadLen,w
  9356     03AE                     u4055:
  9357     03AE  1803               	skipnc
  9358     03AF  2BB1               	goto	u4051
  9359     03B0  2BB2               	goto	u4050
  9360     03B1                     u4051:
  9361     03B1  2BB3               	goto	l5056
  9362     03B2                     u4050:
  9363     03B2  2AAB               	goto	l4962
  9364     03B3                     l5056:
  9365                           
  9366                           ;drivers/pn532.c: 523:     uint16_t textLen = (uint16_t)(payloadLen - 1 - langLen);
  9367     03B3  0840               	movf	parse_ndef_text_record@payloadLen+1,w
  9368     03B4  00AE               	movwf	??_parse_ndef_text_record+1
  9369     03B5  083E               	movf	parse_ndef_text_record@langLen,w
  9370     03B6  023F               	subwf	parse_ndef_text_record@payloadLen,w
  9371     03B7  00AD               	movwf	??_parse_ndef_text_record
  9372     03B8  1C03               	skipc
  9373     03B9  03AE               	decf	??_parse_ndef_text_record+1,f
  9374     03BA  082D               	movf	??_parse_ndef_text_record,w
  9375     03BB  3EFF               	addlw	255
  9376     03BC  00C1               	movwf	parse_ndef_text_record@textLen
  9377     03BD  30FF               	movlw	255
  9378     03BE  3D2E               	addwfc	??_parse_ndef_text_record+1,w
  9379     03BF  00C2               	movwf	parse_ndef_text_record@textLen+1
  9380     03C0                     l5058:
  9381                           
  9382                           ;drivers/pn532.c: 524:     if (textLen > (uint16_t)(outSize - 1))
  9383     03C0  082C               	movf	parse_ndef_text_record@outSize,w
  9384     03C1  3EFF               	addlw	255
  9385     03C2  00AD               	movwf	??_parse_ndef_text_record
  9386     03C3  30FF               	movlw	255
  9387     03C4  1803               	skipnc
  9388     03C5  3000               	movlw	0
  9389     03C6  00AE               	movwf	??_parse_ndef_text_record+1
  9390     03C7  0842               	movf	parse_ndef_text_record@textLen+1,w
  9391     03C8  022E               	subwf	??_parse_ndef_text_record+1,w
  9392     03C9  1D03               	skipz
  9393     03CA  2BCD               	goto	u4065
  9394     03CB  0841               	movf	parse_ndef_text_record@textLen,w
  9395     03CC  022D               	subwf	??_parse_ndef_text_record,w
  9396     03CD                     u4065:
  9397     03CD  1803               	skipnc
  9398     03CE  2BD0               	goto	u4061
  9399     03CF  2BD1               	goto	u4060
  9400     03D0                     u4061:
  9401     03D0  2BD8               	goto	l5062
  9402     03D1                     u4060:
  9403     03D1                     l5060:
  9404                           
  9405                           ;drivers/pn532.c: 525:     {;drivers/pn532.c: 526:         textLen = (uint16_t)(outSize 
      +                          - 1);
  9406     03D1  082C               	movf	parse_ndef_text_record@outSize,w
  9407     03D2  3EFF               	addlw	255
  9408     03D3  00C1               	movwf	parse_ndef_text_record@textLen
  9409     03D4  30FF               	movlw	255
  9410     03D5  1803               	skipnc
  9411     03D6  3000               	movlw	0
  9412     03D7  00C2               	movwf	parse_ndef_text_record@textLen+1
  9413     03D8                     l5062:
  9414                           
  9415                           ;drivers/pn532.c: 529:     memcpy(out, &payload[1 + langLen], textLen);
  9416     03D8  083B               	movf	parse_ndef_text_record@payload,w
  9417     03D9  073E               	addwf	parse_ndef_text_record@langLen,w
  9418     03DA  3E01               	addlw	1
  9419     03DB  00A0               	movwf	memcpy@s1
  9420     03DC  3001               	movlw	1
  9421     03DD  00A1               	movwf	memcpy@s1+1
  9422     03DE  0842               	movf	parse_ndef_text_record@textLen+1,w
  9423     03DF  00A3               	movwf	memcpy@n+1
  9424     03E0  0841               	movf	parse_ndef_text_record@textLen,w
  9425     03E1  00A2               	movwf	memcpy@n
  9426     03E2  082B               	movf	parse_ndef_text_record@out,w
  9427     03E3  318D  257F  3182   	fcall	_memcpy
  9428     03E6                     l5064:
  9429                           
  9430                           ;drivers/pn532.c: 530:     out[textLen] = '\0';
  9431     03E6  0140               	movlb	0	; select bank0
  9432     03E7  0841               	movf	parse_ndef_text_record@textLen,w
  9433     03E8  072B               	addwf	parse_ndef_text_record@out,w
  9434     03E9  00AD               	movwf	??_parse_ndef_text_record
  9435     03EA  082D               	movf	??_parse_ndef_text_record,w
  9436     03EB  0086               	movwf	6
  9437     03EC  3001               	movlw	1	; select bank2/3
  9438     03ED  0087               	movwf	7
  9439     03EE  0181               	clrf	1
  9440     03EF                     l5066:
  9441                           
  9442                           ;drivers/pn532.c: 531:     return 1;
  9443     03EF  3001               	movlw	1
  9444     03F0                     l131:
  9445     03F0  0008               	return
  9446     03F1                     __end_of_parse_ndef_text_record:
  9447                           
  9448                           	psect	text27
  9449     0E04                     __ptext27:	
  9450 ;; *************** function _ntag_read4pages *****************
  9451 ;; Defined at:
  9452 ;;		line 433 in file "drivers/pn532.c"
  9453 ;; Parameters:    Size  Location     Type
  9454 ;;  page            1    wreg     unsigned char 
  9455 ;;  out16           1   25[BANK0 ] PTR unsigned char 
  9456 ;;		 -> PN532_ReadNdefText@buf(64), 
  9457 ;; Auto vars:     Size  Location     Type
  9458 ;;  page            1   46[BANK0 ] unsigned char 
  9459 ;;  rsp            20   26[BANK0 ] unsigned char [20]
  9460 ;;  params          3   47[BANK0 ] unsigned char [3]
  9461 ;;  rlen            1   50[BANK0 ] unsigned char 
  9462 ;; Return value:  Size  Location     Type
  9463 ;;                  1    wreg      _Bool 
  9464 ;; Registers used:
  9465 ;;		wreg, fsr0l, fsr0h, fsr1l, fsr1h, status,2, status,0, pclath, cstack
  9466 ;; Tracked objects:
  9467 ;;		On entry : 0/0
  9468 ;;		On exit  : 0/0
  9469 ;;		Unchanged: 0/0
  9470 ;; Data sizes:     COMMON   BANK0   BANK1   BANK2   BANK3   BANK4   BANK5   BANK6   BANK7   BANK8   BANK9  BANK10  BANK1
      +1  BANK12  BANK13  BANK14  BANK15  BANK16  BANK17  BANK18  BANK19  BANK20  BANK21  BANK22  BANK23  BANK24  BANK25
  9471 ;;      Params:         0       1       0       0       0       0       0       0       0       0       0       0       
      +0       0       0       0       0       0       0       0       0       0       0       0       0       0       0
  9472 ;;      Locals:         0      25       0       0       0       0       0       0       0       0       0       0       
      +0       0       0       0       0       0       0       0       0       0       0       0       0       0       0
  9473 ;;      Temps:          0       0       0       0       0       0       0       0       0       0       0       0       
      +0       0       0       0       0       0       0       0       0       0       0       0       0       0       0
  9474 ;;      Totals:         0      26       0       0       0       0       0       0       0       0       0       0       
      +0       0       0       0       0       0       0       0       0       0       0       0       0       0       0
  9475 ;;Total ram usage:       26 bytes
  9476 ;; Hardware stack levels used: 1
  9477 ;; Hardware stack levels required when called: 11
  9478 ;; This function calls:
  9479 ;;		_memcpy
  9480 ;;		_pn532_transact
  9481 ;; This function is called by:
  9482 ;;		_PN532_ReadNdefText
  9483 ;; This function uses a non-reentrant model
  9484 ;;
  9485                           
  9486     0E04                     _ntag_read4pages:	
  9487                           ;psect for function _ntag_read4pages
  9488                           
  9489                           
  9490                           ;incstack = 0
  9491                           ; Regs used in _ntag_read4pages: [wreg-fsr1h+status,2+status,0+pclath+cstack]
  9492                           ;ntag_read4pages@page stored from wreg
  9493     0E04  0140               	movlb	0	; select bank0
  9494     0E05  00CE               	movwf	ntag_read4pages@page
  9495     0E06                     l4936:
  9496                           
  9497                           ;drivers/pn532.c: 433: static _Bool ntag_read4pages(uint8_t page, uint8_t *out16);driver
      +                          s/pn532.c: 434: {;drivers/pn532.c: 435:     uint8_t params[3] = {0x01, 0x30, page};
  9498     0E06  3000               	movlw	0
  9499     0E07  00CF               	movwf	ntag_read4pages@params
  9500     0E08  3000               	movlw	0
  9501     0E09  00D0               	movwf	ntag_read4pages@params+1
  9502     0E0A  3000               	movlw	0
  9503     0E0B  00D1               	movwf	ntag_read4pages@params+2
  9504     0E0C                     l4938:
  9505     0E0C  01CF               	clrf	ntag_read4pages@params
  9506     0E0D  0ACF               	incf	ntag_read4pages@params,f
  9507     0E0E  3030               	movlw	48
  9508     0E0F  00D0               	movwf	ntag_read4pages@params+1
  9509     0E10  084E               	movf	ntag_read4pages@page,w
  9510     0E11  00D1               	movwf	ntag_read4pages@params+2
  9511     0E12                     l4940:
  9512                           
  9513                           ;drivers/pn532.c: 436:     uint8_t rsp[20];;drivers/pn532.c: 437:     uint8_t rlen;;driv
      +                          ers/pn532.c: 439:     if (!pn532_transact(0x40, params, sizeof(params), 0, rsp, sizeof(r
      +                          sp), &rlen))
  9514     0E12  304F               	movlw	(low (ntag_read4pages@params| 0))& (0+255)
  9515     0E13  00AF               	movwf	pn532_transact@params
  9516     0E14  3003               	movlw	3
  9517     0E15  00B0               	movwf	pn532_transact@paramLen
  9518     0E16  01B1               	clrf	pn532_transact@withWakeup
  9519     0E17  303A               	movlw	(low (ntag_read4pages@rsp| 0))& (0+255)
  9520     0E18  00B2               	movwf	pn532_transact@out
  9521     0E19  3014               	movlw	20
  9522     0E1A  00B3               	movwf	pn532_transact@outMax
  9523     0E1B  3052               	movlw	(low (ntag_read4pages@rlen| 0))& (0+255)
  9524     0E1C  00B4               	movwf	pn532_transact@outLen
  9525     0E1D  3040               	movlw	64
  9526     0E1E  3180  206E  318E   	fcall	_pn532_transact
  9527     0E21  3A00               	xorlw	0
  9528     0E22  1D03               	skipz
  9529     0E23  2E25               	goto	u3841
  9530     0E24  2E26               	goto	u3840
  9531     0E25                     u3841:
  9532     0E25  2E28               	goto	l4946
  9533     0E26                     u3840:
  9534     0E26                     l4942:
  9535                           
  9536                           ;drivers/pn532.c: 440:     {;drivers/pn532.c: 441:         return 0;
  9537     0E26  3000               	movlw	0
  9538     0E27  2E42               	goto	l124
  9539     0E28                     l4946:
  9540                           
  9541                           ;drivers/pn532.c: 443:     if (rlen < 17 || rsp[0] != 0x00)
  9542     0E28  3011               	movlw	17
  9543     0E29  0140               	movlb	0	; select bank0
  9544     0E2A  0252               	subwf	ntag_read4pages@rlen,w
  9545     0E2B  1C03               	skipc
  9546     0E2C  2E2E               	goto	u3851
  9547     0E2D  2E2F               	goto	u3850
  9548     0E2E                     u3851:
  9549     0E2E  2E26               	goto	l4942
  9550     0E2F                     u3850:
  9551     0E2F                     l4948:
  9552     0E2F  083A               	movf	ntag_read4pages@rsp,w
  9553     0E30  1903               	btfsc	3,2
  9554     0E31  2E33               	goto	u3861
  9555     0E32  2E34               	goto	u3860
  9556     0E33                     u3861:
  9557     0E33  2E35               	goto	l4954
  9558     0E34                     u3860:
  9559     0E34  2E26               	goto	l4942
  9560     0E35                     l4954:
  9561                           
  9562                           ;drivers/pn532.c: 448:     memcpy(out16, &rsp[1], 16);
  9563     0E35  303B               	movlw	low (ntag_read4pages@rsp+1)
  9564     0E36  00A0               	movwf	memcpy@s1
  9565     0E37  3000               	movlw	high (ntag_read4pages@rsp+1)
  9566     0E38  00A1               	movwf	memcpy@s1+1
  9567     0E39  3010               	movlw	16
  9568     0E3A  00A2               	movwf	memcpy@n
  9569     0E3B  3000               	movlw	0
  9570     0E3C  00A3               	movwf	memcpy@n+1
  9571     0E3D  0839               	movf	ntag_read4pages@out16,w
  9572     0E3E  318D  257F  318E   	fcall	_memcpy
  9573     0E41                     l4956:
  9574                           
  9575                           ;drivers/pn532.c: 449:     return 1;
  9576     0E41  3001               	movlw	1
  9577     0E42                     l124:
  9578     0E42  0008               	return
  9579     0E43                     __end_of_ntag_read4pages:
  9580                           
  9581                           	psect	text28
  9582     0D7F                     __ptext28:	
  9583 ;; *************** function _memcpy *****************
  9584 ;; Defined at:
  9585 ;;		line 4 in file "C:\Program Files\Microchip\xc8\v2.41\pic\sources\c99\common\memcpy.c"
  9586 ;; Parameters:    Size  Location     Type
  9587 ;;  d1              1    wreg     PTR void 
  9588 ;;		 -> main@text(32), main@lastUid(7), PN532_ReadNdefText@buf(64), 
  9589 ;;  s1              2    0[BANK0 ] PTR const void 
  9590 ;;		 -> main@uid(7), PN532_ReadNdefText@buf(64), ntag_read4pages@rsp(20), 
  9591 ;;  n               2    2[BANK0 ] unsigned int 
  9592 ;; Auto vars:     Size  Location     Type
  9593 ;;  d1              1    9[BANK0 ] PTR void 
  9594 ;;		 -> main@text(32), main@lastUid(7), PN532_ReadNdefText@buf(64), 
  9595 ;;  s               2    6[BANK0 ] PTR const unsigned char 
  9596 ;;		 -> main@uid(7), PN532_ReadNdefText@buf(64), ntag_read4pages@rsp(20), 
  9597 ;;  d               1    8[BANK0 ] PTR unsigned char 
  9598 ;;		 -> main@text(32), main@lastUid(7), PN532_ReadNdefText@buf(64), 
  9599 ;;  tmp             1    5[BANK0 ] unsigned char 
  9600 ;; Return value:  Size  Location     Type
  9601 ;;                  1    wreg      PTR void 
  9602 ;; Registers used:
  9603 ;;		wreg, fsr1l, fsr1h, status,2, status,0
  9604 ;; Tracked objects:
  9605 ;;		On entry : 0/0
  9606 ;;		On exit  : 0/0
  9607 ;;		Unchanged: 0/0
  9608 ;; Data sizes:     COMMON   BANK0   BANK1   BANK2   BANK3   BANK4   BANK5   BANK6   BANK7   BANK8   BANK9  BANK10  BANK1
      +1  BANK12  BANK13  BANK14  BANK15  BANK16  BANK17  BANK18  BANK19  BANK20  BANK21  BANK22  BANK23  BANK24  BANK25
  9609 ;;      Params:         0       4       0       0       0       0       0       0       0       0       0       0       
      +0       0       0       0       0       0       0       0       0       0       0       0       0       0       0
  9610 ;;      Locals:         0       5       0       0       0       0       0       0       0       0       0       0       
      +0       0       0       0       0       0       0       0       0       0       0       0       0       0       0
  9611 ;;      Temps:          0       1       0       0       0       0       0       0       0       0       0       0       
      +0       0       0       0       0       0       0       0       0       0       0       0       0       0       0
  9612 ;;      Totals:         0      10       0       0       0       0       0       0       0       0       0       0       
      +0       0       0       0       0       0       0       0       0       0       0       0       0       0       0
  9613 ;;Total ram usage:       10 bytes
  9614 ;; Hardware stack levels used: 1
  9615 ;; Hardware stack levels required when called: 7
  9616 ;; This function calls:
  9617 ;;		Nothing
  9618 ;; This function is called by:
  9619 ;;		_ntag_read4pages
  9620 ;;		_parse_ndef_text_record
  9621 ;;		_main
  9622 ;; This function uses a non-reentrant model
  9623 ;;
  9624                           
  9625     0D7F                     _memcpy:	
  9626                           ;psect for function _memcpy
  9627                           
  9628                           
  9629                           ;incstack = 0
  9630                           ; Regs used in _memcpy: [wreg+fsr1l+fsr1h+status,2+status,0]
  9631                           ;memcpy@d1 stored from wreg
  9632     0D7F  0140               	movlb	0	; select bank0
  9633     0D80  00A9               	movwf	memcpy@d1
  9634     0D81                     l4796:
  9635     0D81  0821               	movf	memcpy@s1+1,w
  9636     0D82  00A7               	movwf	memcpy@s+1
  9637     0D83  0820               	movf	memcpy@s1,w
  9638     0D84  00A6               	movwf	memcpy@s
  9639     0D85  0829               	movf	memcpy@d1,w
  9640     0D86  00A8               	movwf	memcpy@d
  9641     0D87  2D9C               	goto	l4806
  9642     0D88                     l4798:
  9643     0D88  0826               	movf	memcpy@s,w
  9644     0D89  0086               	movwf	6
  9645     0D8A  0827               	movf	memcpy@s+1,w
  9646     0D8B  0087               	movwf	7
  9647     0D8C  0801               	movf	1,w
  9648     0D8D  00A5               	movwf	memcpy@tmp
  9649     0D8E                     l4800:
  9650     0D8E  3001               	movlw	1
  9651     0D8F  07A6               	addwf	memcpy@s,f
  9652     0D90  3000               	movlw	0
  9653     0D91  3DA7               	addwfc	memcpy@s+1,f
  9654     0D92                     l4802:
  9655     0D92  0828               	movf	memcpy@d,w
  9656     0D93  0086               	movwf	6
  9657     0D94  3001               	movlw	1	; select bank2/3
  9658     0D95  0087               	movwf	7
  9659     0D96  0825               	movf	memcpy@tmp,w
  9660     0D97  0081               	movwf	1
  9661     0D98                     l4804:
  9662     0D98  3001               	movlw	1
  9663     0D99  00A4               	movwf	??_memcpy
  9664     0D9A  0824               	movf	??_memcpy,w
  9665     0D9B  07A8               	addwf	memcpy@d,f
  9666     0D9C                     l4806:
  9667     0D9C  3001               	movlw	1
  9668     0D9D  02A2               	subwf	memcpy@n,f
  9669     0D9E  3000               	movlw	0
  9670     0D9F  3BA3               	subwfb	memcpy@n+1,f
  9671     0DA0  0A22               	incf	memcpy@n,w
  9672     0DA1  1D03               	skipz
  9673     0DA2  2DA7               	goto	u3621
  9674     0DA3  0A23               	incf	memcpy@n+1,w
  9675     0DA4  1D03               	btfss	3,2
  9676     0DA5  2DA7               	goto	u3621
  9677     0DA6  2DA8               	goto	u3620
  9678     0DA7                     u3621:
  9679     0DA7  2D88               	goto	l4798
  9680     0DA8                     u3620:
  9681     0DA8                     l1679:
  9682     0DA8  0008               	return
  9683     0DA9                     __end_of_memcpy:
  9684                           
  9685                           	psect	text29
  9686     06A0                     __ptext29:	
  9687 ;; *************** function _PN532_Init *****************
  9688 ;; Defined at:
  9689 ;;		line 364 in file "drivers/pn532.c"
  9690 ;; Parameters:    Size  Location     Type
  9691 ;;		None
  9692 ;; Auto vars:     Size  Location     Type
  9693 ;;  rsp            16   26[BANK0 ] unsigned char [16]
  9694 ;;  rfcfg           4   42[BANK0 ] unsigned char [4]
  9695 ;;  samcfg          3   46[BANK0 ] unsigned char [3]
  9696 ;;  rlen            1   49[BANK0 ] unsigned char 
  9697 ;; Return value:  Size  Location     Type
  9698 ;;                  1    wreg      unsigned char 
  9699 ;; Registers used:
  9700 ;;		wreg, fsr0l, fsr0h, fsr1l, fsr1h, status,2, status,0, pclath, cstack
  9701 ;; Tracked objects:
  9702 ;;		On entry : 0/0
  9703 ;;		On exit  : 0/0
  9704 ;;		Unchanged: 0/0
  9705 ;; Data sizes:     COMMON   BANK0   BANK1   BANK2   BANK3   BANK4   BANK5   BANK6   BANK7   BANK8   BANK9  BANK10  BANK1
      +1  BANK12  BANK13  BANK14  BANK15  BANK16  BANK17  BANK18  BANK19  BANK20  BANK21  BANK22  BANK23  BANK24  BANK25
  9706 ;;      Params:         0       0       0       0       0       0       0       0       0       0       0       0       
      +0       0       0       0       0       0       0       0       0       0       0       0       0       0       0
  9707 ;;      Locals:         0      24       0       0       0       0       0       0       0       0       0       0       
      +0       0       0       0       0       0       0       0       0       0       0       0       0       0       0
  9708 ;;      Temps:          0       1       0       0       0       0       0       0       0       0       0       0       
      +0       0       0       0       0       0       0       0       0       0       0       0       0       0       0
  9709 ;;      Totals:         0      25       0       0       0       0       0       0       0       0       0       0       
      +0       0       0       0       0       0       0       0       0       0       0       0       0       0       0
  9710 ;;Total ram usage:       25 bytes
  9711 ;; Hardware stack levels used: 1
  9712 ;; Hardware stack levels required when called: 11
  9713 ;; This function calls:
  9714 ;;		_pn532_transact
  9715 ;; This function is called by:
  9716 ;;		_main
  9717 ;; This function uses a non-reentrant model
  9718 ;;
  9719                           
  9720     06A0                     _PN532_Init:	
  9721                           ;psect for function _PN532_Init
  9722                           
  9723     06A0                     l5256:	
  9724                           ;incstack = 0
  9725                           ; Regs used in _PN532_Init: [wreg-fsr1h+status,2+status,0+pclath+cstack]
  9726                           
  9727                           
  9728                           ;drivers/pn532.c: 367:     _delay((unsigned long)((10)*(32000000/4000.0)));
  9729     06A0  3068               	movlw	104
  9730     06A1  0140               	movlb	0	; select bank0
  9731     06A2  00B9               	movwf	??_PN532_Init
  9732     06A3  30E4               	movlw	228
  9733     06A4                     u4607:
  9734     06A4  0B89               	decfsz	9,f
  9735     06A5  2EA4               	goto	u4607
  9736     06A6  0BB9               	decfsz	??_PN532_Init,f
  9737     06A7  2EA4               	goto	u4607
  9738     06A8  0000               	nop
  9739                           
  9740                           ;drivers/pn532.c: 369:     uint8_t rsp[16];;drivers/pn532.c: 370:     uint8_t rlen;;driv
      +                          ers/pn532.c: 375:     uint8_t samcfg[3] = {0x01, 0x14, 0x00};
  9741     06A9  0142               	movlb	2	; select bank2
  9742     06AA  085C               	movf	PN532_Init@F8578^(0+256),w
  9743     06AB  0140               	movlb	0	; select bank0
  9744     06AC  00CE               	movwf	PN532_Init@samcfg
  9745     06AD  0142               	movlb	2	; select bank2
  9746     06AE  085D               	movf	(PN532_Init@F8578+1)^(0+256),w
  9747     06AF  0140               	movlb	0	; select bank0
  9748     06B0  00CF               	movwf	PN532_Init@samcfg+1
  9749     06B1  0142               	movlb	2	; select bank2
  9750     06B2  085E               	movf	(PN532_Init@F8578+2)^(0+256),w
  9751     06B3  0140               	movlb	0	; select bank0
  9752     06B4  00D0               	movwf	PN532_Init@samcfg+2
  9753     06B5                     l5258:
  9754                           
  9755                           ;drivers/pn532.c: 376:     if (!pn532_transact(0x14, samcfg, sizeof(samcfg), 1, rsp, siz
      +                          eof(rsp), &rlen))
  9756     06B5  304E               	movlw	(low (PN532_Init@samcfg| 0))& (0+255)
  9757     06B6  00AF               	movwf	pn532_transact@params
  9758     06B7  3003               	movlw	3
  9759     06B8  00B0               	movwf	pn532_transact@paramLen
  9760     06B9  01B1               	clrf	pn532_transact@withWakeup
  9761     06BA  0AB1               	incf	pn532_transact@withWakeup,f
  9762     06BB  303A               	movlw	(low (PN532_Init@rsp| 0))& (0+255)
  9763     06BC  00B2               	movwf	pn532_transact@out
  9764     06BD  3010               	movlw	16
  9765     06BE  00B3               	movwf	pn532_transact@outMax
  9766     06BF  3051               	movlw	(low (PN532_Init@rlen| 0))& (0+255)
  9767     06C0  00B4               	movwf	pn532_transact@outLen
  9768     06C1  3014               	movlw	20
  9769     06C2  3180  206E  3186   	fcall	_pn532_transact
  9770     06C5  3A00               	xorlw	0
  9771     06C6  1D03               	skipz
  9772     06C7  2EC9               	goto	u4151
  9773     06C8  2ECA               	goto	u4150
  9774     06C9                     u4151:
  9775     06C9  2ECC               	goto	l5264
  9776     06CA                     u4150:
  9777     06CA                     l5260:
  9778                           
  9779                           ;drivers/pn532.c: 377:     {;drivers/pn532.c: 378:         return 1;
  9780     06CA  3001               	movlw	1
  9781     06CB  2F14               	goto	l97
  9782     06CC                     l5264:
  9783                           
  9784                           ;drivers/pn532.c: 384:     uint8_t rfcfg[4] = {0x05, 0xFF, 0x01, 0x02};
  9785     06CC  0142               	movlb	2	; select bank2
  9786     06CD  085B               	movf	(PN532_Init@F8580+3)^(0+256),w
  9787     06CE  0140               	movlb	0	; select bank0
  9788     06CF  00CD               	movwf	PN532_Init@rfcfg+3
  9789     06D0  0142               	movlb	2	; select bank2
  9790     06D1  085A               	movf	(PN532_Init@F8580+2)^(0+256),w
  9791     06D2  0140               	movlb	0	; select bank0
  9792     06D3  00CC               	movwf	PN532_Init@rfcfg+2
  9793     06D4  0142               	movlb	2	; select bank2
  9794     06D5  0859               	movf	(PN532_Init@F8580+1)^(0+256),w
  9795     06D6  0140               	movlb	0	; select bank0
  9796     06D7  00CB               	movwf	PN532_Init@rfcfg+1
  9797     06D8  0142               	movlb	2	; select bank2
  9798     06D9  0858               	movf	PN532_Init@F8580^(0+256),w
  9799     06DA  0140               	movlb	0	; select bank0
  9800     06DB  00CA               	movwf	PN532_Init@rfcfg
  9801     06DC                     l5266:
  9802                           
  9803                           ;drivers/pn532.c: 385:     if (!pn532_transact(0x32, rfcfg, sizeof(rfcfg), 0, rsp, sizeo
      +                          f(rsp), &rlen))
  9804     06DC  304A               	movlw	(low (PN532_Init@rfcfg| 0))& (0+255)
  9805     06DD  00AF               	movwf	pn532_transact@params
  9806     06DE  3004               	movlw	4
  9807     06DF  00B0               	movwf	pn532_transact@paramLen
  9808     06E0  01B1               	clrf	pn532_transact@withWakeup
  9809     06E1  303A               	movlw	(low (PN532_Init@rsp| 0))& (0+255)
  9810     06E2  00B2               	movwf	pn532_transact@out
  9811     06E3  3010               	movlw	16
  9812     06E4  00B3               	movwf	pn532_transact@outMax
  9813     06E5  3051               	movlw	(low (PN532_Init@rlen| 0))& (0+255)
  9814     06E6  00B4               	movwf	pn532_transact@outLen
  9815     06E7  3032               	movlw	50
  9816     06E8  3180  206E  3186   	fcall	_pn532_transact
  9817     06EB  3A00               	xorlw	0
  9818     06EC  1D03               	skipz
  9819     06ED  2EEF               	goto	u4161
  9820     06EE  2EF0               	goto	u4160
  9821     06EF                     u4161:
  9822     06EF  2EF2               	goto	l5272
  9823     06F0                     u4160:
  9824     06F0                     l5268:
  9825                           
  9826                           ;drivers/pn532.c: 386:     {;drivers/pn532.c: 387:         return 2;
  9827     06F0  3002               	movlw	2
  9828     06F1  2F14               	goto	l97
  9829     06F2                     l5272:
  9830                           
  9831                           ;drivers/pn532.c: 392:     if (!pn532_transact(0x02, ((void*)0), 0, 0, rsp, sizeof(rsp),
      +                           &rlen) ||
  9832     06F2  0140               	movlb	0	; select bank0
  9833     06F3  01AF               	clrf	pn532_transact@params
  9834     06F4  01B0               	clrf	pn532_transact@paramLen
  9835     06F5  01B1               	clrf	pn532_transact@withWakeup
  9836     06F6  303A               	movlw	(low (PN532_Init@rsp| 0))& (0+255)
  9837     06F7  00B2               	movwf	pn532_transact@out
  9838     06F8  3010               	movlw	16
  9839     06F9  00B3               	movwf	pn532_transact@outMax
  9840     06FA  3051               	movlw	(low (PN532_Init@rlen| 0))& (0+255)
  9841     06FB  00B4               	movwf	pn532_transact@outLen
  9842     06FC  3002               	movlw	2
  9843     06FD  3180  206E  3186   	fcall	_pn532_transact
  9844     0700  3A00               	xorlw	0
  9845     0701  1903               	skipnz
  9846     0702  2F04               	goto	u4171
  9847     0703  2F05               	goto	u4170
  9848     0704                     u4171:
  9849     0704  2F11               	goto	l5278
  9850     0705                     u4170:
  9851     0705                     l5274:
  9852     0705  0140               	movlb	0	; select bank0
  9853     0706  0851               	movf	PN532_Init@rlen,w
  9854     0707  1903               	btfsc	3,2
  9855     0708  2F0A               	goto	u4181
  9856     0709  2F0B               	goto	u4180
  9857     070A                     u4181:
  9858     070A  2F11               	goto	l5278
  9859     070B                     u4180:
  9860     070B                     l5276:
  9861     070B  3032               	movlw	50
  9862     070C  063A               	xorwf	PN532_Init@rsp,w
  9863     070D  1903               	btfsc	3,2
  9864     070E  2F10               	goto	u4191
  9865     070F  2F11               	goto	u4190
  9866     0710                     u4191:
  9867     0710  2F13               	goto	l5282
  9868     0711                     u4190:
  9869     0711                     l5278:
  9870                           
  9871                           ;drivers/pn532.c: 394:     {;drivers/pn532.c: 395:         return 3;
  9872     0711  3003               	movlw	3
  9873     0712  2F14               	goto	l97
  9874     0713                     l5282:
  9875                           
  9876                           ;drivers/pn532.c: 398:     return 0;
  9877     0713  3000               	movlw	0
  9878     0714                     l97:
  9879     0714  0008               	return
  9880     0715                     __end_of_PN532_Init:
  9881                           
  9882                           	psect	text30
  9883     006E                     __ptext30:	
  9884 ;; *************** function _pn532_transact *****************
  9885 ;; Defined at:
  9886 ;;		line 138 in file "drivers/pn532.c"
  9887 ;; Parameters:    Size  Location     Type
  9888 ;;  cmd             1    wreg     unsigned char 
  9889 ;;  params          1   15[BANK0 ] PTR const unsigned char 
  9890 ;;		 -> ntag_read4pages@params(3), PN532_ReadPassiveTarget@params(2), NULL(0), PN532_Init@rfcfg(4), 
  9891 ;;		 -> PN532_Init@samcfg(3), 
  9892 ;;  paramLen        1   16[BANK0 ] unsigned char 
  9893 ;;  withWakeup      1   17[BANK0 ] _Bool 
  9894 ;;  out             1   18[BANK0 ] PTR unsigned char 
  9895 ;;		 -> ntag_read4pages@rsp(20), PN532_ReadPassiveTarget@rsp(24), PN532_Init@rsp(16), 
  9896 ;;  outMax          1   19[BANK0 ] unsigned char 
  9897 ;;  outLen          1   20[BANK0 ] PTR unsigned char 
  9898 ;;		 -> ntag_read4pages@rlen(1), PN532_ReadPassiveTarget@rlen(1), PN532_Init@rlen(1), 
  9899 ;; Auto vars:     Size  Location     Type
  9900 ;;  cmd             1   61[BANK1 ] unsigned char 
  9901 ;;  i               1   64[BANK1 ] unsigned char 
  9902 ;;  i               1   60[BANK1 ] unsigned char 
  9903 ;;  i               1   62[BANK1 ] unsigned char 
  9904 ;;  buffer         32    0[BANK1 ] unsigned char [32]
  9905 ;;  packet         21   32[BANK1 ] unsigned char [21]
  9906 ;;  frameSize       2   53[BANK1 ] unsigned short 
  9907 ;;  packetLen       1   70[BANK1 ] unsigned char 
  9908 ;;  start           1   69[BANK1 ] unsigned char 
  9909 ;;  len             1   68[BANK1 ] unsigned char 
  9910 ;;  dataStart       1   67[BANK1 ] unsigned char 
  9911 ;;  count           1   66[BANK1 ] unsigned char 
  9912 ;;  sum             1   65[BANK1 ] unsigned char 
  9913 ;;  paramOutLen     1   63[BANK1 ] unsigned char 
  9914 ;;  responseSum     1   59[BANK1 ] unsigned char 
  9915 ;;  dcsIndex        1   58[BANK1 ] unsigned char 
  9916 ;;  dataLen         1   57[BANK1 ] unsigned char 
  9917 ;;  postambleInd    1   56[BANK1 ] unsigned char 
  9918 ;;  lcs             1   55[BANK1 ] unsigned char 
  9919 ;; Return value:  Size  Location     Type
  9920 ;;                  1    wreg      _Bool 
  9921 ;; Registers used:
  9922 ;;		wreg, fsr0l, fsr0h, fsr1l, fsr1h, status,2, status,0, pclath, cstack
  9923 ;; Tracked objects:
  9924 ;;		On entry : 0/0
  9925 ;;		On exit  : 0/0
  9926 ;;		Unchanged: 0/0
  9927 ;; Data sizes:     COMMON   BANK0   BANK1   BANK2   BANK3   BANK4   BANK5   BANK6   BANK7   BANK8   BANK9  BANK10  BANK1
      +1  BANK12  BANK13  BANK14  BANK15  BANK16  BANK17  BANK18  BANK19  BANK20  BANK21  BANK22  BANK23  BANK24  BANK25
  9928 ;;      Params:         0       6       0       0       0       0       0       0       0       0       0       0       
      +0       0       0       0       0       0       0       0       0       0       0       0       0       0       0
  9929 ;;      Locals:         0       0      71       0       0       0       0       0       0       0       0       0       
      +0       0       0       0       0       0       0       0       0       0       0       0       0       0       0
  9930 ;;      Temps:          0       4       0       0       0       0       0       0       0       0       0       0       
      +0       0       0       0       0       0       0       0       0       0       0       0       0       0       0
  9931 ;;      Totals:         0      10      71       0       0       0       0       0       0       0       0       0       
      +0       0       0       0       0       0       0       0       0       0       0       0       0       0       0
  9932 ;;Total ram usage:       81 bytes
  9933 ;; Hardware stack levels used: 1
  9934 ;; Hardware stack levels required when called: 10
  9935 ;; This function calls:
  9936 ;;		_memcmp
  9937 ;;		_pn532_send_and_capture
  9938 ;; This function is called by:
  9939 ;;		_PN532_Init
  9940 ;;		_PN532_ReadPassiveTarget
  9941 ;;		_ntag_read4pages
  9942 ;; This function uses a non-reentrant model
  9943 ;;
  9944                           
  9945     006E                     _pn532_transact:	
  9946                           ;psect for function _pn532_transact
  9947                           
  9948                           
  9949                           ;incstack = 0
  9950                           ; Regs used in _pn532_transact: [wreg-fsr1h+status,2+status,0+pclath+cstack]
  9951                           ;pn532_transact@cmd stored from wreg
  9952     006E  0141               	movlb	1	; select bank1
  9953     006F  00DD               	movwf	pn532_transact@cmd^(0+128)
  9954     0070                     l4610:
  9955                           
  9956                           ;drivers/pn532.c: 139:     uint8_t cmd,;drivers/pn532.c: 140:     const uint8_t *params,
      +                          ;drivers/pn532.c: 141:     uint8_t paramLen,;drivers/pn532.c: 142:     _Bool withWakeup,
      +                          ;drivers/pn532.c: 143:     uint8_t *out,;drivers/pn532.c: 144:     uint8_t outMax,;drive
      +                          rs/pn532.c: 145:     uint8_t *outLen);drivers/pn532.c: 146: {;drivers/pn532.c: 147:     
      +                          if (paramLen > 7)
  9957     0070  3008               	movlw	8
  9958     0071  0140               	movlb	0	; select bank0
  9959     0072  0230               	subwf	pn532_transact@paramLen,w
  9960     0073  1C03               	skipc
  9961     0074  2876               	goto	u3411
  9962     0075  2877               	goto	u3410
  9963     0076                     u3411:
  9964     0076  2879               	goto	l4616
  9965     0077                     u3410:
  9966     0077                     l4612:
  9967                           
  9968                           ;drivers/pn532.c: 148:     {;drivers/pn532.c: 149:         return 0;
  9969     0077  3000               	movlw	0
  9970     0078  2AA2               	goto	l63
  9971     0079                     l4616:
  9972                           
  9973                           ;drivers/pn532.c: 156:     uint8_t packet[21];;drivers/pn532.c: 157:     uint8_t packetL
      +                          en = 0;
  9974     0079  0141               	movlb	1	; select bank1
  9975     007A  01E6               	clrf	pn532_transact@packetLen^(0+128)
  9976     007B                     l4618:
  9977                           
  9978                           ;drivers/pn532.c: 159:     uint8_t dataLen = (uint8_t)(paramLen + 2);
  9979     007B  0140               	movlb	0	; select bank0
  9980     007C  0830               	movf	pn532_transact@paramLen,w
  9981     007D  3E02               	addlw	2
  9982     007E  0141               	movlb	1	; select bank1
  9983     007F  00D9               	movwf	pn532_transact@dataLen^(0+128)
  9984     0080                     l4620:
  9985                           
  9986                           ;drivers/pn532.c: 161:     if (withWakeup)
  9987     0080  0140               	movlb	0	; select bank0
  9988     0081  0831               	movf	pn532_transact@withWakeup,w
  9989     0082  1903               	btfsc	3,2
  9990     0083  2885               	goto	u3421
  9991     0084  2886               	goto	u3420
  9992     0085                     u3421:
  9993     0085  28BC               	goto	l4636
  9994     0086                     u3420:
  9995     0086                     l4622:
  9996                           
  9997                           ;drivers/pn532.c: 162:     {;drivers/pn532.c: 163:         packet[packetLen++] = 0x55;
  9998     0086  3055               	movlw	85
  9999     0087  0141               	movlb	1	; select bank1
 10000     0088  00C0               	movwf	pn532_transact@packet^(0+128)
 10001     0089                     l4624:
 10002     0089  3001               	movlw	1
 10003     008A  0140               	movlb	0	; select bank0
 10004     008B  00B5               	movwf	??_pn532_transact
 10005     008C  0835               	movf	??_pn532_transact,w
 10006     008D  0141               	movlb	1	; select bank1
 10007     008E  07E6               	addwf	pn532_transact@packetLen^(0+128),f
 10008     008F                     l4626:
 10009                           
 10010                           ;drivers/pn532.c: 164:         packet[packetLen++] = 0x55;
 10011     008F  0866               	movf	pn532_transact@packetLen^(0+128),w
 10012     0090  3EC0               	addlw	(low (pn532_transact@packet| 0))& (0+255)
 10013     0091  0086               	movwf	6
 10014     0092  0187               	clrf	7
 10015     0093  3055               	movlw	85
 10016     0094  0081               	movwf	1
 10017     0095  3001               	movlw	1
 10018     0096  0140               	movlb	0	; select bank0
 10019     0097  00B5               	movwf	??_pn532_transact
 10020     0098  0835               	movf	??_pn532_transact,w
 10021     0099  0141               	movlb	1	; select bank1
 10022     009A  07E6               	addwf	pn532_transact@packetLen^(0+128),f
 10023     009B                     l4628:
 10024                           
 10025                           ;drivers/pn532.c: 165:         packet[packetLen++] = 0x00;
 10026     009B  0866               	movf	pn532_transact@packetLen^(0+128),w
 10027     009C  3EC0               	addlw	(low (pn532_transact@packet| 0))& (0+255)
 10028     009D  0086               	movwf	6
 10029     009E  0187               	clrf	7
 10030     009F  0181               	clrf	1
 10031     00A0                     l4630:
 10032     00A0  3001               	movlw	1
 10033     00A1  0140               	movlb	0	; select bank0
 10034     00A2  00B5               	movwf	??_pn532_transact
 10035     00A3  0835               	movf	??_pn532_transact,w
 10036     00A4  0141               	movlb	1	; select bank1
 10037     00A5  07E6               	addwf	pn532_transact@packetLen^(0+128),f
 10038                           
 10039                           ;drivers/pn532.c: 166:         packet[packetLen++] = 0x00;
 10040     00A6  0866               	movf	pn532_transact@packetLen^(0+128),w
 10041     00A7  3EC0               	addlw	(low (pn532_transact@packet| 0))& (0+255)
 10042     00A8  0086               	movwf	6
 10043     00A9  0187               	clrf	7
 10044     00AA  0181               	clrf	1
 10045     00AB                     l4632:
 10046     00AB  3001               	movlw	1
 10047     00AC  0140               	movlb	0	; select bank0
 10048     00AD  00B5               	movwf	??_pn532_transact
 10049     00AE  0835               	movf	??_pn532_transact,w
 10050     00AF  0141               	movlb	1	; select bank1
 10051     00B0  07E6               	addwf	pn532_transact@packetLen^(0+128),f
 10052     00B1                     l4634:
 10053                           
 10054                           ;drivers/pn532.c: 167:         packet[packetLen++] = 0x00;
 10055     00B1  0866               	movf	pn532_transact@packetLen^(0+128),w
 10056     00B2  3EC0               	addlw	(low (pn532_transact@packet| 0))& (0+255)
 10057     00B3  0086               	movwf	6
 10058     00B4  0187               	clrf	7
 10059     00B5  0181               	clrf	1
 10060     00B6  3001               	movlw	1
 10061     00B7  0140               	movlb	0	; select bank0
 10062     00B8  00B5               	movwf	??_pn532_transact
 10063     00B9  0835               	movf	??_pn532_transact,w
 10064     00BA  0141               	movlb	1	; select bank1
 10065     00BB  07E6               	addwf	pn532_transact@packetLen^(0+128),f
 10066     00BC                     l4636:
 10067                           
 10068                           ;drivers/pn532.c: 170:     packet[packetLen++] = 0x00;
 10069     00BC  0141               	movlb	1	; select bank1
 10070     00BD  0866               	movf	pn532_transact@packetLen^(0+128),w
 10071     00BE  3EC0               	addlw	(low (pn532_transact@packet| 0))& (0+255)
 10072     00BF  0086               	movwf	6
 10073     00C0  0187               	clrf	7
 10074     00C1  0181               	clrf	1
 10075     00C2                     l4638:
 10076     00C2  3001               	movlw	1
 10077     00C3  0140               	movlb	0	; select bank0
 10078     00C4  00B5               	movwf	??_pn532_transact
 10079     00C5  0835               	movf	??_pn532_transact,w
 10080     00C6  0141               	movlb	1	; select bank1
 10081     00C7  07E6               	addwf	pn532_transact@packetLen^(0+128),f
 10082                           
 10083                           ;drivers/pn532.c: 171:     packet[packetLen++] = 0x00;
 10084     00C8  0866               	movf	pn532_transact@packetLen^(0+128),w
 10085     00C9  3EC0               	addlw	(low (pn532_transact@packet| 0))& (0+255)
 10086     00CA  0086               	movwf	6
 10087     00CB  0187               	clrf	7
 10088     00CC  0181               	clrf	1
 10089     00CD                     l4640:
 10090     00CD  3001               	movlw	1
 10091     00CE  0140               	movlb	0	; select bank0
 10092     00CF  00B5               	movwf	??_pn532_transact
 10093     00D0  0835               	movf	??_pn532_transact,w
 10094     00D1  0141               	movlb	1	; select bank1
 10095     00D2  07E6               	addwf	pn532_transact@packetLen^(0+128),f
 10096     00D3                     l4642:
 10097                           
 10098                           ;drivers/pn532.c: 172:     packet[packetLen++] = 0xFF;
 10099     00D3  0866               	movf	pn532_transact@packetLen^(0+128),w
 10100     00D4  3EC0               	addlw	(low (pn532_transact@packet| 0))& (0+255)
 10101     00D5  0086               	movwf	6
 10102     00D6  0187               	clrf	7
 10103     00D7  30FF               	movlw	255
 10104     00D8  0081               	movwf	1
 10105     00D9  3001               	movlw	1
 10106     00DA  0140               	movlb	0	; select bank0
 10107     00DB  00B5               	movwf	??_pn532_transact
 10108     00DC  0835               	movf	??_pn532_transact,w
 10109     00DD  0141               	movlb	1	; select bank1
 10110     00DE  07E6               	addwf	pn532_transact@packetLen^(0+128),f
 10111     00DF                     l4644:
 10112                           
 10113                           ;drivers/pn532.c: 174:     packet[packetLen++] = dataLen;
 10114     00DF  0866               	movf	pn532_transact@packetLen^(0+128),w
 10115     00E0  3EC0               	addlw	(low (pn532_transact@packet| 0))& (0+255)
 10116     00E1  0086               	movwf	6
 10117     00E2  0187               	clrf	7
 10118     00E3  0859               	movf	pn532_transact@dataLen^(0+128),w
 10119     00E4  0081               	movwf	1
 10120     00E5                     l4646:
 10121     00E5  3001               	movlw	1
 10122     00E6  0140               	movlb	0	; select bank0
 10123     00E7  00B5               	movwf	??_pn532_transact
 10124     00E8  0835               	movf	??_pn532_transact,w
 10125     00E9  0141               	movlb	1	; select bank1
 10126     00EA  07E6               	addwf	pn532_transact@packetLen^(0+128),f
 10127                           
 10128                           ;drivers/pn532.c: 175:     packet[packetLen++] = (uint8_t)(0 - dataLen);
 10129     00EB  0866               	movf	pn532_transact@packetLen^(0+128),w
 10130     00EC  3EC0               	addlw	(low (pn532_transact@packet| 0))& (0+255)
 10131     00ED  0086               	movwf	6
 10132     00EE  0187               	clrf	7
 10133     00EF  0859               	movf	pn532_transact@dataLen^(0+128),w
 10134     00F0  3C00               	sublw	0
 10135     00F1  0081               	movwf	1
 10136     00F2                     l4648:
 10137     00F2  3001               	movlw	1
 10138     00F3  0140               	movlb	0	; select bank0
 10139     00F4  00B5               	movwf	??_pn532_transact
 10140     00F5  0835               	movf	??_pn532_transact,w
 10141     00F6  0141               	movlb	1	; select bank1
 10142     00F7  07E6               	addwf	pn532_transact@packetLen^(0+128),f
 10143     00F8                     l4650:
 10144                           
 10145                           ;drivers/pn532.c: 177:     uint8_t sum = 0xD4;
 10146     00F8  30D4               	movlw	212
 10147     00F9  00E1               	movwf	pn532_transact@sum^(0+128)
 10148     00FA                     l4652:
 10149                           
 10150                           ;drivers/pn532.c: 179:     packet[packetLen++] = 0xD4;
 10151     00FA  0866               	movf	pn532_transact@packetLen^(0+128),w
 10152     00FB  3EC0               	addlw	(low (pn532_transact@packet| 0))& (0+255)
 10153     00FC  0086               	movwf	6
 10154     00FD  0187               	clrf	7
 10155     00FE  30D4               	movlw	212
 10156     00FF  0081               	movwf	1
 10157     0100                     l4654:
 10158     0100  3001               	movlw	1
 10159     0101  0140               	movlb	0	; select bank0
 10160     0102  00B5               	movwf	??_pn532_transact
 10161     0103  0835               	movf	??_pn532_transact,w
 10162     0104  0141               	movlb	1	; select bank1
 10163     0105  07E6               	addwf	pn532_transact@packetLen^(0+128),f
 10164     0106                     l4656:
 10165                           
 10166                           ;drivers/pn532.c: 181:     packet[packetLen++] = cmd;
 10167     0106  0866               	movf	pn532_transact@packetLen^(0+128),w
 10168     0107  3EC0               	addlw	(low (pn532_transact@packet| 0))& (0+255)
 10169     0108  0086               	movwf	6
 10170     0109  0187               	clrf	7
 10171     010A  085D               	movf	pn532_transact@cmd^(0+128),w
 10172     010B  0081               	movwf	1
 10173     010C                     l4658:
 10174     010C  3001               	movlw	1
 10175     010D  0140               	movlb	0	; select bank0
 10176     010E  00B5               	movwf	??_pn532_transact
 10177     010F  0835               	movf	??_pn532_transact,w
 10178     0110  0141               	movlb	1	; select bank1
 10179     0111  07E6               	addwf	pn532_transact@packetLen^(0+128),f
 10180     0112                     l4660:
 10181                           
 10182                           ;drivers/pn532.c: 182:     sum = (uint8_t)(sum + cmd);
 10183     0112  0861               	movf	pn532_transact@sum^(0+128),w
 10184     0113  075D               	addwf	pn532_transact@cmd^(0+128),w
 10185     0114  00E1               	movwf	pn532_transact@sum^(0+128)
 10186     0115                     l4662:
 10187                           
 10188                           ;drivers/pn532.c: 184:     for (uint8_t i = 0; i < paramLen; i++)
 10189     0115  01DE               	clrf	pn532_transact@i^(0+128)
 10190     0116  293A               	goto	l4672
 10191     0117                     l4664:
 10192                           
 10193                           ;drivers/pn532.c: 185:     {;drivers/pn532.c: 186:         packet[packetLen++] = params[
      +                          i];
 10194     0117  0866               	movf	pn532_transact@packetLen^(0+128),w
 10195     0118  3EC0               	addlw	(low (pn532_transact@packet| 0))& (0+255)
 10196     0119  0086               	movwf	6
 10197     011A  0187               	clrf	7
 10198     011B  085E               	movf	pn532_transact@i^(0+128),w
 10199     011C  0140               	movlb	0	; select bank0
 10200     011D  072F               	addwf	pn532_transact@params,w
 10201     011E  00B5               	movwf	??_pn532_transact
 10202     011F  0835               	movf	??_pn532_transact,w
 10203     0120  0084               	movwf	4
 10204     0121  0185               	clrf	5
 10205     0122  0800               	movf	0,w
 10206     0123  0081               	movwf	1
 10207     0124                     l4666:
 10208     0124  3001               	movlw	1
 10209     0125  00B5               	movwf	??_pn532_transact
 10210     0126  0835               	movf	??_pn532_transact,w
 10211     0127  0141               	movlb	1	; select bank1
 10212     0128  07E6               	addwf	pn532_transact@packetLen^(0+128),f
 10213     0129                     l4668:
 10214                           
 10215                           ;drivers/pn532.c: 187:         sum = (uint8_t)(sum + params[i]);
 10216     0129  085E               	movf	pn532_transact@i^(0+128),w
 10217     012A  0140               	movlb	0	; select bank0
 10218     012B  072F               	addwf	pn532_transact@params,w
 10219     012C  00B5               	movwf	??_pn532_transact
 10220     012D  0835               	movf	??_pn532_transact,w
 10221     012E  0086               	movwf	6
 10222     012F  0187               	clrf	7
 10223     0130  0801               	movf	1,w
 10224     0131  0141               	movlb	1	; select bank1
 10225     0132  0761               	addwf	pn532_transact@sum^(0+128),w
 10226     0133  00E1               	movwf	pn532_transact@sum^(0+128)
 10227     0134                     l4670:
 10228                           
 10229                           ;drivers/pn532.c: 188:     }
 10230     0134  3001               	movlw	1
 10231     0135  0140               	movlb	0	; select bank0
 10232     0136  00B5               	movwf	??_pn532_transact
 10233     0137  0835               	movf	??_pn532_transact,w
 10234     0138  0141               	movlb	1	; select bank1
 10235     0139  07DE               	addwf	pn532_transact@i^(0+128),f
 10236     013A                     l4672:
 10237     013A  0140               	movlb	0	; select bank0
 10238     013B  0830               	movf	pn532_transact@paramLen,w
 10239     013C  0141               	movlb	1	; select bank1
 10240     013D  025E               	subwf	pn532_transact@i^(0+128),w
 10241     013E  1C03               	skipc
 10242     013F  2941               	goto	u3431
 10243     0140  2942               	goto	u3430
 10244     0141                     u3431:
 10245     0141  2917               	goto	l4664
 10246     0142                     u3430:
 10247     0142                     l4674:
 10248                           
 10249                           ;drivers/pn532.c: 190:     packet[packetLen++] = (uint8_t)(0 - sum);
 10250     0142  0866               	movf	pn532_transact@packetLen^(0+128),w
 10251     0143  3EC0               	addlw	(low (pn532_transact@packet| 0))& (0+255)
 10252     0144  0086               	movwf	6
 10253     0145  0187               	clrf	7
 10254     0146  0861               	movf	pn532_transact@sum^(0+128),w
 10255     0147  3C00               	sublw	0
 10256     0148  0081               	movwf	1
 10257     0149                     l4676:
 10258     0149  3001               	movlw	1
 10259     014A  0140               	movlb	0	; select bank0
 10260     014B  00B5               	movwf	??_pn532_transact
 10261     014C  0835               	movf	??_pn532_transact,w
 10262     014D  0141               	movlb	1	; select bank1
 10263     014E  07E6               	addwf	pn532_transact@packetLen^(0+128),f
 10264     014F                     l4678:
 10265                           
 10266                           ;drivers/pn532.c: 191:     packet[packetLen++] = 0x00;
 10267     014F  0866               	movf	pn532_transact@packetLen^(0+128),w
 10268     0150  3EC0               	addlw	(low (pn532_transact@packet| 0))& (0+255)
 10269     0151  0086               	movwf	6
 10270     0152  0187               	clrf	7
 10271     0153  0181               	clrf	1
 10272     0154  3001               	movlw	1
 10273     0155  0140               	movlb	0	; select bank0
 10274     0156  00B5               	movwf	??_pn532_transact
 10275     0157  0835               	movf	??_pn532_transact,w
 10276     0158  0141               	movlb	1	; select bank1
 10277     0159  07E6               	addwf	pn532_transact@packetLen^(0+128),f
 10278     015A                     l4680:
 10279                           
 10280                           ;drivers/pn532.c: 197:     uint8_t buffer[32];;drivers/pn532.c: 199:     uint8_t count =
      +                           pn532_send_and_capture(
 10281     015A  0866               	movf	pn532_transact@packetLen^(0+128),w
 10282     015B  0140               	movlb	0	; select bank0
 10283     015C  00A1               	movwf	pn532_send_and_capture@packetLen
 10284     015D  30A0               	movlw	(low (pn532_transact@buffer| 0))& (0+255)
 10285     015E  00A2               	movwf	pn532_send_and_capture@buffer
 10286     015F  3020               	movlw	32
 10287     0160  00A3               	movwf	pn532_send_and_capture@bufferSize
 10288     0161  30E8               	movlw	232
 10289     0162  00A4               	movwf	pn532_send_and_capture@firstByteTimeoutMs
 10290     0163  3003               	movlw	3
 10291     0164  00A5               	movwf	pn532_send_and_capture@firstByteTimeoutMs+1
 10292     0165  30C0               	movlw	(low (pn532_transact@packet| 0))& (0+255)
 10293     0166  3185  257E  3180   	fcall	_pn532_send_and_capture
 10294     0169  0141               	movlb	1	; select bank1
 10295     016A  00E2               	movwf	pn532_transact@count^(0+128)
 10296     016B                     l4682:
 10297                           
 10298                           ;drivers/pn532.c: 211:     static const uint8_t expectedAck[6] =;drivers/pn532.c: 217:  
      +                             if (count < 6)
 10299     016B  3006               	movlw	6
 10300     016C  0262               	subwf	pn532_transact@count^(0+128),w
 10301     016D  1803               	skipnc
 10302     016E  2970               	goto	u3441
 10303     016F  2971               	goto	u3440
 10304     0170                     u3441:
 10305     0170  2972               	goto	l4688
 10306     0171                     u3440:
 10307     0171  2877               	goto	l4612
 10308     0172                     l4688:
 10309                           
 10310                           ;drivers/pn532.c: 222:     if (memcmp(buffer, expectedAck, 6) != 0)
 10311     0172  30A0               	movlw	low pn532_transact@buffer
 10312     0173  0140               	movlb	0	; select bank0
 10313     0174  00A0               	movwf	memcmp@vl
 10314     0175  3000               	movlw	high pn532_transact@buffer
 10315     0176  00A1               	movwf	memcmp@vl+1
 10316     0177  3086               	movlw	low (pn532_transact@expectedAck| (0+32768))
 10317     0178  00A2               	movwf	memcmp@vr
 10318     0179  3090               	movlw	high (pn532_transact@expectedAck| (0+32768))
 10319     017A  00A3               	movwf	memcmp@vr+1
 10320     017B  3006               	movlw	6
 10321     017C  00A4               	movwf	memcmp@n
 10322     017D  3000               	movlw	0
 10323     017E  00A5               	movwf	memcmp@n+1
 10324     017F  318E  26C6  3180   	fcall	_memcmp
 10325     0182  0140               	movlb	0	; select bank0
 10326     0183  0820               	movf	?_memcmp,w
 10327     0184  0421               	iorwf	?_memcmp+1,w
 10328     0185  1903               	btfsc	3,2
 10329     0186  2988               	goto	u3451
 10330     0187  2989               	goto	u3450
 10331     0188                     u3451:
 10332     0188  298A               	goto	l4694
 10333     0189                     u3450:
 10334     0189  2877               	goto	l4612
 10335     018A                     l4694:
 10336                           
 10337                           ;drivers/pn532.c: 231:     uint8_t start = 6;
 10338     018A  3006               	movlw	6
 10339     018B  0141               	movlb	1	; select bank1
 10340     018C  00E5               	movwf	pn532_transact@start^(0+128)
 10341                           
 10342                           ;drivers/pn532.c: 233:     while ((uint8_t)(start + 2) < count)
 10343     018D  29B3               	goto	l72
 10344     018E                     l4696:
 10345                           
 10346                           ;drivers/pn532.c: 234:     {;drivers/pn532.c: 235:         if (buffer[start] == 0x00 &&
 10347     018E  0141               	movlb	1	; select bank1
 10348     018F  0865               	movf	pn532_transact@start^(0+128),w
 10349     0190  3EA0               	addlw	(low (pn532_transact@buffer| 0))& (0+255)
 10350     0191  0086               	movwf	6
 10351     0192  0187               	clrf	7
 10352     0193  0801               	movf	1,w
 10353     0194  1D03               	btfss	3,2
 10354     0195  2997               	goto	u3461
 10355     0196  2998               	goto	u3460
 10356     0197                     u3461:
 10357     0197  29AD               	goto	l4704
 10358     0198                     u3460:
 10359     0198                     l4698:
 10360     0198  0865               	movf	pn532_transact@start^(0+128),w
 10361     0199  3E01               	addlw	1
 10362     019A  3EA0               	addlw	(low (pn532_transact@buffer| 0))& (0+255)
 10363     019B  0086               	movwf	6
 10364     019C  0187               	clrf	7
 10365     019D  0801               	movf	1,w
 10366     019E  1D03               	btfss	3,2
 10367     019F  29A1               	goto	u3471
 10368     01A0  29A2               	goto	u3470
 10369     01A1                     u3471:
 10370     01A1  29AD               	goto	l4704
 10371     01A2                     u3470:
 10372     01A2                     l4700:
 10373     01A2  0865               	movf	pn532_transact@start^(0+128),w
 10374     01A3  3E02               	addlw	2
 10375     01A4  3EA0               	addlw	(low (pn532_transact@buffer| 0))& (0+255)
 10376     01A5  0086               	movwf	6
 10377     01A6  0187               	clrf	7
 10378     01A7  0A01               	incf	1,w
 10379     01A8  1D03               	btfss	3,2
 10380     01A9  29AB               	goto	u3481
 10381     01AA  29AC               	goto	u3480
 10382     01AB                     u3481:
 10383     01AB  29AD               	goto	l4704
 10384     01AC                     u3480:
 10385     01AC  29BF               	goto	l4706
 10386     01AD                     l4704:
 10387                           
 10388                           ;drivers/pn532.c: 242:         start++;
 10389     01AD  3001               	movlw	1
 10390     01AE  0140               	movlb	0	; select bank0
 10391     01AF  00B5               	movwf	??_pn532_transact
 10392     01B0  0835               	movf	??_pn532_transact,w
 10393     01B1  0141               	movlb	1	; select bank1
 10394     01B2  07E5               	addwf	pn532_transact@start^(0+128),f
 10395     01B3                     l72:	
 10396                           ;drivers/pn532.c: 243:     }
 10397                           
 10398                           
 10399                           ;drivers/pn532.c: 233:     while ((uint8_t)(start + 2) < count)
 10400     01B3  3002               	movlw	2
 10401     01B4  0765               	addwf	pn532_transact@start^(0+128),w
 10402     01B5  0140               	movlb	0	; select bank0
 10403     01B6  00B5               	movwf	??_pn532_transact
 10404     01B7  0141               	movlb	1	; select bank1
 10405     01B8  0862               	movf	pn532_transact@count^(0+128),w
 10406     01B9  0140               	movlb	0	; select bank0
 10407     01BA  0235               	subwf	??_pn532_transact,w
 10408     01BB  1C03               	skipc
 10409     01BC  29BE               	goto	u3491
 10410     01BD  29BF               	goto	u3490
 10411     01BE                     u3491:
 10412     01BE  298E               	goto	l4696
 10413     01BF                     u3490:
 10414     01BF                     l4706:
 10415                           
 10416                           ;drivers/pn532.c: 245:     if ((uint8_t)(start + 2) >= count)
 10417     01BF  3002               	movlw	2
 10418     01C0  0141               	movlb	1	; select bank1
 10419     01C1  0765               	addwf	pn532_transact@start^(0+128),w
 10420     01C2  0140               	movlb	0	; select bank0
 10421     01C3  00B5               	movwf	??_pn532_transact
 10422     01C4  0141               	movlb	1	; select bank1
 10423     01C5  0862               	movf	pn532_transact@count^(0+128),w
 10424     01C6  0140               	movlb	0	; select bank0
 10425     01C7  0235               	subwf	??_pn532_transact,w
 10426     01C8  1C03               	skipc
 10427     01C9  29CB               	goto	u3501
 10428     01CA  29CC               	goto	u3500
 10429     01CB                     u3501:
 10430     01CB  29CD               	goto	l4712
 10431     01CC                     u3500:
 10432     01CC  2877               	goto	l4612
 10433     01CD                     l4712:
 10434                           
 10435                           ;drivers/pn532.c: 254:     if ((uint8_t)(start + 5) > count)
 10436     01CD  0141               	movlb	1	; select bank1
 10437     01CE  0865               	movf	pn532_transact@start^(0+128),w
 10438     01CF  3E05               	addlw	5
 10439     01D0  0262               	subwf	pn532_transact@count^(0+128),w
 10440     01D1  1803               	skipnc
 10441     01D2  29D4               	goto	u3511
 10442     01D3  29D5               	goto	u3510
 10443     01D4                     u3511:
 10444     01D4  29D6               	goto	l4718
 10445     01D5                     u3510:
 10446     01D5  2877               	goto	l4612
 10447     01D6                     l4718:
 10448                           
 10449                           ;drivers/pn532.c: 259:     uint8_t len = buffer[start + 3];
 10450     01D6  0865               	movf	pn532_transact@start^(0+128),w
 10451     01D7  3E03               	addlw	3
 10452     01D8  3EA0               	addlw	(low (pn532_transact@buffer| 0))& (0+255)
 10453     01D9  0086               	movwf	6
 10454     01DA  0187               	clrf	7
 10455     01DB  0801               	movf	1,w
 10456     01DC  00E4               	movwf	pn532_transact@len^(0+128)
 10457                           
 10458                           ;drivers/pn532.c: 260:     uint8_t lcs = buffer[start + 4];
 10459     01DD  0865               	movf	pn532_transact@start^(0+128),w
 10460     01DE  3E04               	addlw	4
 10461     01DF  3EA0               	addlw	(low (pn532_transact@buffer| 0))& (0+255)
 10462     01E0  0086               	movwf	6
 10463     01E1  0187               	clrf	7
 10464     01E2  0801               	movf	1,w
 10465     01E3  00D7               	movwf	pn532_transact@lcs^(0+128)
 10466     01E4                     l4720:
 10467                           
 10468                           ;drivers/pn532.c: 262:     if ((uint8_t)(len + lcs) != 0)
 10469     01E4  0864               	movf	pn532_transact@len^(0+128),w
 10470     01E5  0757               	addwf	pn532_transact@lcs^(0+128),w
 10471     01E6  1903               	btfsc	3,2
 10472     01E7  29E9               	goto	u3521
 10473     01E8  29EA               	goto	u3520
 10474     01E9                     u3521:
 10475     01E9  29EB               	goto	l4726
 10476     01EA                     u3520:
 10477     01EA  2877               	goto	l4612
 10478     01EB                     l4726:
 10479                           
 10480                           ;drivers/pn532.c: 267:     if (len < 2)
 10481     01EB  3002               	movlw	2
 10482     01EC  0264               	subwf	pn532_transact@len^(0+128),w
 10483     01ED  1803               	skipnc
 10484     01EE  29F0               	goto	u3531
 10485     01EF  29F1               	goto	u3530
 10486     01F0                     u3531:
 10487     01F0  29F2               	goto	l4732
 10488     01F1                     u3530:
 10489     01F1  2877               	goto	l4612
 10490     01F2                     l4732:
 10491                           
 10492                           ;drivers/pn532.c: 283:     uint16_t frameSize = (uint16_t)len + 7;
 10493     01F2  0864               	movf	pn532_transact@len^(0+128),w
 10494     01F3  3E07               	addlw	7
 10495     01F4  00D5               	movwf	pn532_transact@frameSize^(0+128)
 10496     01F5  3000               	movlw	0
 10497     01F6  1803               	skipnc
 10498     01F7  3001               	movlw	1
 10499     01F8  00D6               	movwf	(pn532_transact@frameSize^(0+128)+1)
 10500                           
 10501                           ;drivers/pn532.c: 285:     if ((uint16_t)start + frameSize > count)
 10502     01F9  0865               	movf	pn532_transact@start^(0+128),w
 10503     01FA  0755               	addwf	pn532_transact@frameSize^(0+128),w
 10504     01FB  0140               	movlb	0	; select bank0
 10505     01FC  00B5               	movwf	??_pn532_transact
 10506     01FD  0141               	movlb	1	; select bank1
 10507     01FE  0856               	movf	(pn532_transact@frameSize+1)^(0+128),w
 10508     01FF  1803               	skipnc
 10509     0200  0A56               	incf	(pn532_transact@frameSize+1)^(0+128),w
 10510     0201  0140               	movlb	0	; select bank0
 10511     0202  00B6               	movwf	??_pn532_transact+1
 10512     0203  0141               	movlb	1	; select bank1
 10513     0204  0862               	movf	pn532_transact@count^(0+128),w
 10514     0205  0140               	movlb	0	; select bank0
 10515     0206  00B7               	movwf	??_pn532_transact+2
 10516     0207  01B8               	clrf	??_pn532_transact+3
 10517     0208  0836               	movf	??_pn532_transact+1,w
 10518     0209  0238               	subwf	??_pn532_transact+3,w
 10519     020A  1D03               	skipz
 10520     020B  2A0E               	goto	u3545
 10521     020C  0835               	movf	??_pn532_transact,w
 10522     020D  0237               	subwf	??_pn532_transact+2,w
 10523     020E                     u3545:
 10524     020E  1803               	skipnc
 10525     020F  2A11               	goto	u3541
 10526     0210  2A12               	goto	u3540
 10527     0211                     u3541:
 10528     0211  2A13               	goto	l4738
 10529     0212                     u3540:
 10530     0212  2877               	goto	l4612
 10531     0213                     l4738:
 10532                           
 10533                           ;drivers/pn532.c: 290:     uint8_t dataStart = (uint8_t)(start + 5);
 10534     0213  0141               	movlb	1	; select bank1
 10535     0214  0865               	movf	pn532_transact@start^(0+128),w
 10536     0215  3E05               	addlw	5
 10537     0216  00E3               	movwf	pn532_transact@dataStart^(0+128)
 10538     0217                     l4740:
 10539                           
 10540                           ;drivers/pn532.c: 296:     if (buffer[dataStart] != 0xD5)
 10541     0217  0863               	movf	pn532_transact@dataStart^(0+128),w
 10542     0218  3EA0               	addlw	(low (pn532_transact@buffer| 0))& (0+255)
 10543     0219  0086               	movwf	6
 10544     021A  0187               	clrf	7
 10545     021B  30D5               	movlw	213
 10546     021C  0601               	xorwf	1,w
 10547     021D  1903               	btfsc	3,2
 10548     021E  2A20               	goto	u3551
 10549     021F  2A21               	goto	u3550
 10550     0220                     u3551:
 10551     0220  2A22               	goto	l4746
 10552     0221                     u3550:
 10553     0221  2877               	goto	l4612
 10554     0222                     l4746:
 10555                           
 10556                           ;drivers/pn532.c: 301:     if (buffer[dataStart + 1] != (uint8_t)(cmd + 1))
 10557     0222  0863               	movf	pn532_transact@dataStart^(0+128),w
 10558     0223  3E01               	addlw	1
 10559     0224  3EA0               	addlw	(low (pn532_transact@buffer| 0))& (0+255)
 10560     0225  0086               	movwf	6
 10561     0226  0187               	clrf	7
 10562     0227  0A5D               	incf	pn532_transact@cmd^(0+128),w
 10563     0228  0601               	xorwf	1,w
 10564     0229  1903               	skipnz
 10565     022A  2A2C               	goto	u3561
 10566     022B  2A2D               	goto	u3560
 10567     022C                     u3561:
 10568     022C  2A2E               	goto	l4752
 10569     022D                     u3560:
 10570     022D  2877               	goto	l4612
 10571     022E                     l4752:
 10572                           
 10573                           ;drivers/pn532.c: 310:     uint8_t responseSum = 0;
 10574     022E  01DB               	clrf	pn532_transact@responseSum^(0+128)
 10575                           
 10576                           ;drivers/pn532.c: 312:     for (uint8_t i = 0; i < len; i++)
 10577     022F  01DC               	clrf	pn532_transact@i_131^(0+128)
 10578     0230  2A47               	goto	l4758
 10579     0231                     l4754:
 10580                           
 10581                           ;drivers/pn532.c: 313:     {;drivers/pn532.c: 314:         responseSum =
 10582     0231  30A0               	movlw	(low (pn532_transact@buffer| 0))& (0+255)
 10583     0232  075C               	addwf	pn532_transact@i_131^(0+128),w
 10584     0233  0140               	movlb	0	; select bank0
 10585     0234  00B5               	movwf	??_pn532_transact
 10586     0235  0141               	movlb	1	; select bank1
 10587     0236  0863               	movf	pn532_transact@dataStart^(0+128),w
 10588     0237  0140               	movlb	0	; select bank0
 10589     0238  0735               	addwf	??_pn532_transact,w
 10590     0239  00B6               	movwf	??_pn532_transact+1
 10591     023A  0836               	movf	??_pn532_transact+1,w
 10592     023B  0086               	movwf	6
 10593     023C  0187               	clrf	7
 10594     023D  0801               	movf	1,w
 10595     023E  0141               	movlb	1	; select bank1
 10596     023F  075B               	addwf	pn532_transact@responseSum^(0+128),w
 10597     0240  00DB               	movwf	pn532_transact@responseSum^(0+128)
 10598     0241                     l4756:
 10599                           
 10600                           ;drivers/pn532.c: 316:     }
 10601     0241  3001               	movlw	1
 10602     0242  0140               	movlb	0	; select bank0
 10603     0243  00B5               	movwf	??_pn532_transact
 10604     0244  0835               	movf	??_pn532_transact,w
 10605     0245  0141               	movlb	1	; select bank1
 10606     0246  07DC               	addwf	pn532_transact@i_131^(0+128),f
 10607     0247                     l4758:
 10608     0247  0864               	movf	pn532_transact@len^(0+128),w
 10609     0248  025C               	subwf	pn532_transact@i_131^(0+128),w
 10610     0249  1C03               	skipc
 10611     024A  2A4C               	goto	u3571
 10612     024B  2A4D               	goto	u3570
 10613     024C                     u3571:
 10614     024C  2A31               	goto	l4754
 10615     024D                     u3570:
 10616     024D                     l4760:
 10617                           
 10618                           ;drivers/pn532.c: 318:     uint8_t dcsIndex =
 10619     024D  0863               	movf	pn532_transact@dataStart^(0+128),w
 10620     024E  0764               	addwf	pn532_transact@len^(0+128),w
 10621     024F  00DA               	movwf	pn532_transact@dcsIndex^(0+128)
 10622     0250                     l4762:
 10623                           
 10624                           ;drivers/pn532.c: 321:     if ((uint8_t)(responseSum + buffer[dcsIndex]) != 0)
 10625     0250  085A               	movf	pn532_transact@dcsIndex^(0+128),w
 10626     0251  3EA0               	addlw	(low (pn532_transact@buffer| 0))& (0+255)
 10627     0252  0086               	movwf	6
 10628     0253  0187               	clrf	7
 10629     0254  0801               	movf	1,w
 10630     0255  075B               	addwf	pn532_transact@responseSum^(0+128),w
 10631     0256  1903               	btfsc	3,2
 10632     0257  2A59               	goto	u3581
 10633     0258  2A5A               	goto	u3580
 10634     0259                     u3581:
 10635     0259  2A5B               	goto	l4768
 10636     025A                     u3580:
 10637     025A  2877               	goto	l4612
 10638     025B                     l4768:
 10639                           
 10640                           ;drivers/pn532.c: 330:     uint8_t postambleIndex =
 10641     025B  085A               	movf	pn532_transact@dcsIndex^(0+128),w
 10642     025C  3E01               	addlw	1
 10643     025D  00D8               	movwf	pn532_transact@postambleIndex^(0+128)
 10644     025E                     l4770:
 10645                           
 10646                           ;drivers/pn532.c: 333:     if (buffer[postambleIndex] != 0x00)
 10647     025E  0858               	movf	pn532_transact@postambleIndex^(0+128),w
 10648     025F  3EA0               	addlw	(low (pn532_transact@buffer| 0))& (0+255)
 10649     0260  0086               	movwf	6
 10650     0261  0187               	clrf	7
 10651     0262  0801               	movf	1,w
 10652     0263  1903               	btfsc	3,2
 10653     0264  2A66               	goto	u3591
 10654     0265  2A67               	goto	u3590
 10655     0266                     u3591:
 10656     0266  2A68               	goto	l4776
 10657     0267                     u3590:
 10658     0267  2877               	goto	l4612
 10659     0268                     l4776:
 10660                           
 10661                           ;drivers/pn532.c: 342:     uint8_t paramOutLen =
 10662     0268  0864               	movf	pn532_transact@len^(0+128),w
 10663     0269  3EFE               	addlw	254
 10664     026A  00DF               	movwf	pn532_transact@paramOutLen^(0+128)
 10665     026B                     l4778:
 10666                           
 10667                           ;drivers/pn532.c: 345:     if (paramOutLen > outMax)
 10668     026B  085F               	movf	pn532_transact@paramOutLen^(0+128),w
 10669     026C  0140               	movlb	0	; select bank0
 10670     026D  0233               	subwf	pn532_transact@outMax,w
 10671     026E  1803               	skipnc
 10672     026F  2A71               	goto	u3601
 10673     0270  2A72               	goto	u3600
 10674     0271                     u3601:
 10675     0271  2A75               	goto	l4782
 10676     0272                     u3600:
 10677     0272                     l4780:
 10678                           
 10679                           ;drivers/pn532.c: 346:     {;drivers/pn532.c: 347:         paramOutLen = outMax;
 10680     0272  0833               	movf	pn532_transact@outMax,w
 10681     0273  0141               	movlb	1	; select bank1
 10682     0274  00DF               	movwf	pn532_transact@paramOutLen^(0+128)
 10683     0275                     l4782:
 10684                           
 10685                           ;drivers/pn532.c: 350:     for (uint8_t i = 0; i < paramOutLen; i++)
 10686     0275  0141               	movlb	1	; select bank1
 10687     0276  01E0               	clrf	pn532_transact@i_135^(0+128)
 10688     0277  2A94               	goto	l4788
 10689     0278                     l4784:
 10690                           
 10691                           ;drivers/pn532.c: 351:     {;drivers/pn532.c: 352:         out[i] = buffer[dataStart + 2
      +                           + i];
 10692     0278  0860               	movf	pn532_transact@i_135^(0+128),w
 10693     0279  0140               	movlb	0	; select bank0
 10694     027A  0732               	addwf	pn532_transact@out,w
 10695     027B  00B5               	movwf	??_pn532_transact
 10696     027C  0835               	movf	??_pn532_transact,w
 10697     027D  0086               	movwf	6
 10698     027E  0187               	clrf	7
 10699     027F  30A0               	movlw	(low (pn532_transact@buffer| 0))& (0+255)
 10700     0280  0141               	movlb	1	; select bank1
 10701     0281  0760               	addwf	pn532_transact@i_135^(0+128),w
 10702     0282  0140               	movlb	0	; select bank0
 10703     0283  00B6               	movwf	??_pn532_transact+1
 10704     0284  0141               	movlb	1	; select bank1
 10705     0285  0863               	movf	pn532_transact@dataStart^(0+128),w
 10706     0286  0140               	movlb	0	; select bank0
 10707     0287  0736               	addwf	??_pn532_transact+1,w
 10708     0288  00B7               	movwf	??_pn532_transact+2
 10709     0289  0837               	movf	??_pn532_transact+2,w
 10710     028A  3E02               	addlw	2
 10711     028B  0084               	movwf	4
 10712     028C  0185               	clrf	5
 10713     028D  0800               	movf	0,w
 10714     028E  0081               	movwf	1
 10715     028F                     l4786:
 10716                           
 10717                           ;drivers/pn532.c: 353:     }
 10718     028F  3001               	movlw	1
 10719     0290  00B5               	movwf	??_pn532_transact
 10720     0291  0835               	movf	??_pn532_transact,w
 10721     0292  0141               	movlb	1	; select bank1
 10722     0293  07E0               	addwf	pn532_transact@i_135^(0+128),f
 10723     0294                     l4788:
 10724     0294  085F               	movf	pn532_transact@paramOutLen^(0+128),w
 10725     0295  0260               	subwf	pn532_transact@i_135^(0+128),w
 10726     0296  1C03               	skipc
 10727     0297  2A99               	goto	u3611
 10728     0298  2A9A               	goto	u3610
 10729     0299                     u3611:
 10730     0299  2A78               	goto	l4784
 10731     029A                     u3610:
 10732     029A                     l4790:
 10733                           
 10734                           ;drivers/pn532.c: 355:     *outLen = paramOutLen;
 10735     029A  0140               	movlb	0	; select bank0
 10736     029B  0834               	movf	pn532_transact@outLen,w
 10737     029C  0086               	movwf	6
 10738     029D  0187               	clrf	7
 10739     029E  0141               	movlb	1	; select bank1
 10740     029F  085F               	movf	pn532_transact@paramOutLen^(0+128),w
 10741     02A0  0081               	movwf	1
 10742     02A1                     l4792:
 10743                           
 10744                           ;drivers/pn532.c: 357:     return 1;
 10745     02A1  3001               	movlw	1
 10746     02A2                     l63:
 10747     02A2  0008               	return
 10748     02A3                     __end_of_pn532_transact:
 10749                           
 10750                           	psect	text31
 10751     057E                     __ptext31:	
 10752 ;; *************** function _pn532_send_and_capture *****************
 10753 ;; Defined at:
 10754 ;;		line 62 in file "drivers/pn532.c"
 10755 ;; Parameters:    Size  Location     Type
 10756 ;;  packet          1    wreg     PTR const unsigned char 
 10757 ;;		 -> pn532_transact@packet(21), 
 10758 ;;  packetLen       1    1[BANK0 ] unsigned char 
 10759 ;;  buffer          1    2[BANK0 ] PTR unsigned char 
 10760 ;;		 -> pn532_transact@buffer(32), 
 10761 ;;  bufferSize      1    3[BANK0 ] unsigned char 
 10762 ;;  firstByteTim    2    4[BANK0 ] unsigned short 
 10763 ;; Auto vars:     Size  Location     Type
 10764 ;;  packet          1    7[BANK0 ] PTR const unsigned char 
 10765 ;;		 -> pn532_transact@packet(21), 
 10766 ;;  i               1   13[BANK0 ] unsigned char 
 10767 ;;  idleCounter     2   11[BANK0 ] unsigned short 
 10768 ;;  firstByteCou    2    8[BANK0 ] unsigned short 
 10769 ;;  count           1   14[BANK0 ] unsigned char 
 10770 ;;  receivedAnyt    1   10[BANK0 ] _Bool 
 10771 ;; Return value:  Size  Location     Type
 10772 ;;                  1    wreg      unsigned char 
 10773 ;; Registers used:
 10774 ;;		wreg, fsr1l, fsr1h, status,2, status,0, pclath, cstack
 10775 ;; Tracked objects:
 10776 ;;		On entry : 0/0
 10777 ;;		On exit  : 0/0
 10778 ;;		Unchanged: 0/0
 10779 ;; Data sizes:     COMMON   BANK0   BANK1   BANK2   BANK3   BANK4   BANK5   BANK6   BANK7   BANK8   BANK9  BANK10  BANK1
      +1  BANK12  BANK13  BANK14  BANK15  BANK16  BANK17  BANK18  BANK19  BANK20  BANK21  BANK22  BANK23  BANK24  BANK25
 10780 ;;      Params:         0       5       0       0       0       0       0       0       0       0       0       0       
      +0       0       0       0       0       0       0       0       0       0       0       0       0       0       0
 10781 ;;      Locals:         0       8       0       0       0       0       0       0       0       0       0       0       
      +0       0       0       0       0       0       0       0       0       0       0       0       0       0       0
 10782 ;;      Temps:          0       1       0       0       0       0       0       0       0       0       0       0       
      +0       0       0       0       0       0       0       0       0       0       0       0       0       0       0
 10783 ;;      Totals:         0      14       0       0       0       0       0       0       0       0       0       0       
      +0       0       0       0       0       0       0       0       0       0       0       0       0       0       0
 10784 ;;Total ram usage:       14 bytes
 10785 ;; Hardware stack levels used: 1
 10786 ;; Hardware stack levels required when called: 9
 10787 ;; This function calls:
 10788 ;;		_EUSART2_IsRxReady
 10789 ;;		_EUSART2_IsTxDone
 10790 ;;		_EUSART2_IsTxReady
 10791 ;;		_EUSART2_Read
 10792 ;;		_EUSART2_Write
 10793 ;; This function is called by:
 10794 ;;		_pn532_transact
 10795 ;; This function uses a non-reentrant model
 10796 ;;
 10797                           
 10798     057E                     _pn532_send_and_capture:	
 10799                           ;psect for function _pn532_send_and_capture
 10800                           
 10801                           
 10802                           ;incstack = 0
 10803                           ; Regs used in _pn532_send_and_capture: [wreg+fsr1l+fsr1h+status,2+status,0+pclath+cstac
      +                          k]
 10804                           ;pn532_send_and_capture@packet stored from wreg
 10805     057E  0140               	movlb	0	; select bank0
 10806     057F  00A7               	movwf	pn532_send_and_capture@packet
 10807     0580                     l4540:
 10808                           
 10809                           ;drivers/pn532.c: 63:     const uint8_t *packet,;drivers/pn532.c: 64:     uint8_t packet
      +                          Len,;drivers/pn532.c: 65:     uint8_t *buffer,;drivers/pn532.c: 66:     uint8_t bufferSi
      +                          ze,;drivers/pn532.c: 67:     uint16_t firstByteTimeoutMs);drivers/pn532.c: 68: {;drivers
      +                          /pn532.c: 69:     uint8_t count = 0;
 10810     0580  01AE               	clrf	pn532_send_and_capture@count
 10811                           
 10812                           ;drivers/pn532.c: 70:     uint16_t idleCounter = 0;
 10813     0581  01AB               	clrf	pn532_send_and_capture@idleCounter
 10814     0582  01AC               	clrf	pn532_send_and_capture@idleCounter+1
 10815                           
 10816                           ;drivers/pn532.c: 71:     uint16_t firstByteCounter = 0;
 10817     0583  01A8               	clrf	pn532_send_and_capture@firstByteCounter
 10818     0584  01A9               	clrf	pn532_send_and_capture@firstByteCounter+1
 10819                           
 10820                           ;drivers/pn532.c: 72:     _Bool receivedAnything = 0;
 10821     0585  01AA               	clrf	pn532_send_and_capture@receivedAnything
 10822     0586                     l4542:
 10823                           
 10824                           ;drivers/pn532.c: 75:     if (RC2STAbits.OERR)
 10825     0586  014C               	movlb	12	; select bank12
 10826     0587  1C9A               	btfss	26,1	;volatile
 10827     0588  2D8A               	goto	u3271
 10828     0589  2D8B               	goto	u3270
 10829     058A                     u3271:
 10830     058A  2D91               	goto	l38
 10831     058B                     u3270:
 10832     058B                     l4544:
 10833                           
 10834                           ;drivers/pn532.c: 76:     {;drivers/pn532.c: 77:         RC2STAbits.CREN = 0;
 10835     058B  121A               	bcf	26,4	;volatile
 10836                           
 10837                           ;drivers/pn532.c: 78:         RC2STAbits.CREN = 1;
 10838     058C  161A               	bsf	26,4	;volatile
 10839     058D  2D91               	goto	l38
 10840     058E                     l4546:
 10841                           
 10842                           ;drivers/pn532.c: 83:     {;drivers/pn532.c: 84:         (void)EUSART2_Read();
 10843     058E  318D  25A9  3185   	fcall	_EUSART2_Read
 10844     0591                     l38:	
 10845                           ;drivers/pn532.c: 85:     }
 10846                           
 10847                           
 10848                           ;drivers/pn532.c: 82:     while (EUSART2_IsRxReady())
 10849     0591  318B  2352  3185   	fcall	_EUSART2_IsRxReady
 10850     0594  3A00               	xorlw	0
 10851     0595  1D03               	skipz
 10852     0596  2D98               	goto	u3281
 10853     0597  2D99               	goto	u3280
 10854     0598                     u3281:
 10855     0598  2D8E               	goto	l4546
 10856     0599                     u3280:
 10857     0599                     l4548:
 10858                           
 10859                           ;drivers/pn532.c: 88:     for (uint8_t i = 0; i < packetLen; i++)
 10860     0599  0140               	movlb	0	; select bank0
 10861     059A  01AD               	clrf	pn532_send_and_capture@i
 10862     059B  2DB5               	goto	l4556
 10863     059C                     l4550:
 10864                           
 10865                           ;drivers/pn532.c: 90:         while (!EUSART2_IsTxReady())
 10866     059C  318C  2443  3185   	fcall	_EUSART2_IsTxReady
 10867     059F  3A00               	xorlw	0
 10868     05A0  1903               	skipnz
 10869     05A1  2DA3               	goto	u3291
 10870     05A2  2DA4               	goto	u3290
 10871     05A3                     u3291:
 10872     05A3  2D9C               	goto	l4550
 10873     05A4                     u3290:
 10874     05A4                     l4552:
 10875                           
 10876                           ;drivers/pn532.c: 94:         EUSART2_Write(packet[i]);
 10877     05A4  0140               	movlb	0	; select bank0
 10878     05A5  082D               	movf	pn532_send_and_capture@i,w
 10879     05A6  0727               	addwf	pn532_send_and_capture@packet,w
 10880     05A7  00A6               	movwf	??_pn532_send_and_capture
 10881     05A8  0826               	movf	??_pn532_send_and_capture,w
 10882     05A9  0086               	movwf	6
 10883     05AA  0187               	clrf	7
 10884     05AB  0801               	movf	1,w
 10885     05AC  00A0               	movwf	EUSART2_Write@txData
 10886     05AD  3187  27FB  3185   	fcall	_EUSART2_Write
 10887     05B0                     l4554:
 10888                           
 10889                           ;drivers/pn532.c: 95:     }
 10890     05B0  3001               	movlw	1
 10891     05B1  0140               	movlb	0	; select bank0
 10892     05B2  00A6               	movwf	??_pn532_send_and_capture
 10893     05B3  0826               	movf	??_pn532_send_and_capture,w
 10894     05B4  07AD               	addwf	pn532_send_and_capture@i,f
 10895     05B5                     l4556:
 10896     05B5  0821               	movf	pn532_send_and_capture@packetLen,w
 10897     05B6  022D               	subwf	pn532_send_and_capture@i,w
 10898     05B7  1C03               	skipc
 10899     05B8  2DBA               	goto	u3301
 10900     05B9  2DBB               	goto	u3300
 10901     05BA                     u3301:
 10902     05BA  2D9C               	goto	l4550
 10903     05BB                     u3300:
 10904     05BB                     l4558:
 10905                           
 10906                           ;drivers/pn532.c: 97:     while (!EUSART2_IsTxDone())
 10907     05BB  318B  232E  3185   	fcall	_EUSART2_IsTxDone
 10908     05BE  3A00               	xorlw	0
 10909     05BF  1903               	skipnz
 10910     05C0  2DC2               	goto	u3311
 10911     05C1  2DC3               	goto	u3310
 10912     05C2                     u3311:
 10913     05C2  2DBB               	goto	l4558
 10914     05C3                     u3310:
 10915     05C3  2E07               	goto	l4582
 10916     05C4                     l4560:
 10917                           
 10918                           ;drivers/pn532.c: 103:     {;drivers/pn532.c: 104:         if (EUSART2_IsRxReady())
 10919     05C4  318B  2352  3185   	fcall	_EUSART2_IsRxReady
 10920     05C7  3A00               	xorlw	0
 10921     05C8  1903               	skipnz
 10922     05C9  2DCB               	goto	u3321
 10923     05CA  2DCC               	goto	u3320
 10924     05CB                     u3321:
 10925     05CB  2DE1               	goto	l4570
 10926     05CC                     u3320:
 10927     05CC                     l4562:
 10928                           
 10929                           ;drivers/pn532.c: 105:         {;drivers/pn532.c: 106:             buffer[count++] = EUS
      +                          ART2_Read();
 10930     05CC  0140               	movlb	0	; select bank0
 10931     05CD  082E               	movf	pn532_send_and_capture@count,w
 10932     05CE  0722               	addwf	pn532_send_and_capture@buffer,w
 10933     05CF  00A6               	movwf	??_pn532_send_and_capture
 10934     05D0  0826               	movf	??_pn532_send_and_capture,w
 10935     05D1  0086               	movwf	6
 10936     05D2  0187               	clrf	7
 10937     05D3  318D  25A9  3185   	fcall	_EUSART2_Read
 10938     05D6  0081               	movwf	1
 10939     05D7                     l4564:
 10940     05D7  3001               	movlw	1
 10941     05D8  0140               	movlb	0	; select bank0
 10942     05D9  00A6               	movwf	??_pn532_send_and_capture
 10943     05DA  0826               	movf	??_pn532_send_and_capture,w
 10944     05DB  07AE               	addwf	pn532_send_and_capture@count,f
 10945     05DC                     l4566:
 10946                           
 10947                           ;drivers/pn532.c: 107:             receivedAnything = 1;
 10948     05DC  01AA               	clrf	pn532_send_and_capture@receivedAnything
 10949     05DD  0AAA               	incf	pn532_send_and_capture@receivedAnything,f
 10950     05DE                     l4568:
 10951                           
 10952                           ;drivers/pn532.c: 108:             idleCounter = 0;
 10953     05DE  01AB               	clrf	pn532_send_and_capture@idleCounter
 10954     05DF  01AC               	clrf	pn532_send_and_capture@idleCounter+1
 10955                           
 10956                           ;drivers/pn532.c: 109:         }
 10957     05E0  2E07               	goto	l4582
 10958     05E1                     l4570:
 10959                           
 10960                           ;drivers/pn532.c: 111:         {;drivers/pn532.c: 112:             _delay((unsigned long
      +                          )((10)*(32000000/4000000.0)));
 10961     05E1  301A               	movlw	26
 10962     05E2                     u4617:
 10963     05E2  0B89               	decfsz	9,f
 10964     05E3  2DE2               	goto	u4617
 10965     05E4  3200               	nop2
 10966     05E5                     l4572:
 10967                           
 10968                           ;drivers/pn532.c: 114:             if (!receivedAnything)
 10969     05E5  0140               	movlb	0	; select bank0
 10970     05E6  082A               	movf	pn532_send_and_capture@receivedAnything,w
 10971     05E7  1D03               	btfss	3,2
 10972     05E8  2DEA               	goto	u3331
 10973     05E9  2DEB               	goto	u3330
 10974     05EA                     u3331:
 10975     05EA  2DF9               	goto	l4578
 10976     05EB                     u3330:
 10977     05EB                     l4574:
 10978                           
 10979                           ;drivers/pn532.c: 115:             {;drivers/pn532.c: 116:                 firstByteCoun
      +                          ter++;
 10980     05EB  3001               	movlw	1
 10981     05EC  07A8               	addwf	pn532_send_and_capture@firstByteCounter,f
 10982     05ED  3000               	movlw	0
 10983     05EE  3DA9               	addwfc	pn532_send_and_capture@firstByteCounter+1,f
 10984                           
 10985                           ;drivers/pn532.c: 118:                 if (firstByteCounter >= 10000)
 10986     05EF  3027               	movlw	39
 10987     05F0  0229               	subwf	pn532_send_and_capture@firstByteCounter+1,w
 10988     05F1  3010               	movlw	16
 10989     05F2  1903               	skipnz
 10990     05F3  0228               	subwf	pn532_send_and_capture@firstByteCounter,w
 10991     05F4  1C03               	skipc
 10992     05F5  2DF7               	goto	u3341
 10993     05F6  2DF8               	goto	u3340
 10994     05F7                     u3341:
 10995     05F7  2E07               	goto	l4582
 10996     05F8                     u3340:
 10997     05F8  2E0E               	goto	l4584
 10998     05F9                     l4578:
 10999                           
 11000                           ;drivers/pn532.c: 124:             {;drivers/pn532.c: 125:                 idleCounter++
      +                          ;
 11001     05F9  3001               	movlw	1
 11002     05FA  07AB               	addwf	pn532_send_and_capture@idleCounter,f
 11003     05FB  3000               	movlw	0
 11004     05FC  3DAC               	addwfc	pn532_send_and_capture@idleCounter+1,f
 11005                           
 11006                           ;drivers/pn532.c: 127:                 if (idleCounter >= 10000)
 11007     05FD  3027               	movlw	39
 11008     05FE  022C               	subwf	pn532_send_and_capture@idleCounter+1,w
 11009     05FF  3010               	movlw	16
 11010     0600  1903               	skipnz
 11011     0601  022B               	subwf	pn532_send_and_capture@idleCounter,w
 11012     0602  1C03               	skipc
 11013     0603  2E05               	goto	u3351
 11014     0604  2E06               	goto	u3350
 11015     0605                     u3351:
 11016     0605  2E07               	goto	l4582
 11017     0606                     u3350:
 11018     0606  2E0E               	goto	l4584
 11019     0607                     l4582:
 11020                           
 11021                           ;drivers/pn532.c: 102:     while (count < bufferSize)
 11022     0607  0140               	movlb	0	; select bank0
 11023     0608  0823               	movf	pn532_send_and_capture@bufferSize,w
 11024     0609  022E               	subwf	pn532_send_and_capture@count,w
 11025     060A  1C03               	skipc
 11026     060B  2E0D               	goto	u3361
 11027     060C  2E0E               	goto	u3360
 11028     060D                     u3361:
 11029     060D  2DC4               	goto	l4560
 11030     060E                     u3360:
 11031     060E                     l4584:
 11032                           
 11033                           ;drivers/pn532.c: 135:     return count;
 11034     060E  082E               	movf	pn532_send_and_capture@count,w
 11035     060F                     l59:
 11036     060F  0008               	return
 11037     0610                     __end_of_pn532_send_and_capture:
 11038                           
 11039                           	psect	text32
 11040     07FB                     __ptext32:	
 11041 ;; *************** function _EUSART2_Write *****************
 11042 ;; Defined at:
 11043 ;;		line 235 in file "mcc_generated_files/uart/src/eusart2.c"
 11044 ;; Parameters:    Size  Location     Type
 11045 ;;  txData          1    0[BANK0 ] unsigned char 
 11046 ;; Auto vars:     Size  Location     Type
 11047 ;;		None
 11048 ;; Return value:  Size  Location     Type
 11049 ;;                  1    wreg      void 
 11050 ;; Registers used:
 11051 ;;		wreg
 11052 ;; Tracked objects:
 11053 ;;		On entry : 0/0
 11054 ;;		On exit  : 0/0
 11055 ;;		Unchanged: 0/0
 11056 ;; Data sizes:     COMMON   BANK0   BANK1   BANK2   BANK3   BANK4   BANK5   BANK6   BANK7   BANK8   BANK9  BANK10  BANK1
      +1  BANK12  BANK13  BANK14  BANK15  BANK16  BANK17  BANK18  BANK19  BANK20  BANK21  BANK22  BANK23  BANK24  BANK25
 11057 ;;      Params:         0       1       0       0       0       0       0       0       0       0       0       0       
      +0       0       0       0       0       0       0       0       0       0       0       0       0       0       0
 11058 ;;      Locals:         0       0       0       0       0       0       0       0       0       0       0       0       
      +0       0       0       0       0       0       0       0       0       0       0       0       0       0       0
 11059 ;;      Temps:          0       0       0       0       0       0       0       0       0       0       0       0       
      +0       0       0       0       0       0       0       0       0       0       0       0       0       0       0
 11060 ;;      Totals:         0       1       0       0       0       0       0       0       0       0       0       0       
      +0       0       0       0       0       0       0       0       0       0       0       0       0       0       0
 11061 ;;Total ram usage:        1 bytes
 11062 ;; Hardware stack levels used: 1
 11063 ;; Hardware stack levels required when called: 7
 11064 ;; This function calls:
 11065 ;;		Nothing
 11066 ;; This function is called by:
 11067 ;;		_pn532_send_and_capture
 11068 ;;		_pn532_uart_write
 11069 ;; This function uses a non-reentrant model
 11070 ;;
 11071                           
 11072     07FB                     _EUSART2_Write:	
 11073                           ;psect for function _EUSART2_Write
 11074                           
 11075     07FB                     l4494:	
 11076                           ;incstack = 0
 11077                           ; Regs used in _EUSART2_Write: [wreg]
 11078                           
 11079                           
 11080                           ;mcc_generated_files/uart/src/eusart2.c: 235: void EUSART2_Write(uint8_t txData);mcc_gen
      +                          erated_files/uart/src/eusart2.c: 236: {;mcc_generated_files/uart/src/eusart2.c: 237:    
      +                           TX2REG = txData;
 11081     07FB  0140               	movlb	0	; select bank0
 11082     07FC  0820               	movf	EUSART2_Write@txData,w
 11083     07FD  014C               	movlb	12	; select bank12
 11084     07FE  0097               	movwf	23	;volatile
 11085     07FF                     l905:
 11086     07FF  0008               	return
 11087     0800                     __end_of_EUSART2_Write:
 11088                           
 11089                           	psect	text33
 11090     0DA9                     __ptext33:	
 11091 ;; *************** function _EUSART2_Read *****************
 11092 ;; Defined at:
 11093 ;;		line 213 in file "mcc_generated_files/uart/src/eusart2.c"
 11094 ;; Parameters:    Size  Location     Type
 11095 ;;		None
 11096 ;; Auto vars:     Size  Location     Type
 11097 ;;		None
 11098 ;; Return value:  Size  Location     Type
 11099 ;;                  1    wreg      unsigned char 
 11100 ;; Registers used:
 11101 ;;		wreg, status,2, status,0, pclath, cstack
 11102 ;; Tracked objects:
 11103 ;;		On entry : 0/0
 11104 ;;		On exit  : 0/0
 11105 ;;		Unchanged: 0/0
 11106 ;; Data sizes:     COMMON   BANK0   BANK1   BANK2   BANK3   BANK4   BANK5   BANK6   BANK7   BANK8   BANK9  BANK10  BANK1
      +1  BANK12  BANK13  BANK14  BANK15  BANK16  BANK17  BANK18  BANK19  BANK20  BANK21  BANK22  BANK23  BANK24  BANK25
 11107 ;;      Params:         0       0       0       0       0       0       0       0       0       0       0       0       
      +0       0       0       0       0       0       0       0       0       0       0       0       0       0       0
 11108 ;;      Locals:         0       0       0       0       0       0       0       0       0       0       0       0       
      +0       0       0       0       0       0       0       0       0       0       0       0       0       0       0
 11109 ;;      Temps:          0       0       0       0       0       0       0       0       0       0       0       0       
      +0       0       0       0       0       0       0       0       0       0       0       0       0       0       0
 11110 ;;      Totals:         0       0       0       0       0       0       0       0       0       0       0       0       
      +0       0       0       0       0       0       0       0       0       0       0       0       0       0       0
 11111 ;;Total ram usage:        0 bytes
 11112 ;; Hardware stack levels used: 1
 11113 ;; Hardware stack levels required when called: 8
 11114 ;; This function calls:
 11115 ;;		NULL
 11116 ;;		_EUSART1_DefaultFramingErrorCallback
 11117 ;;		_EUSART1_DefaultOverrunErrorCallback
 11118 ;;		_EUSART2_DefaultFramingErrorCallback
 11119 ;;		_EUSART2_DefaultOverrunErrorCallback
 11120 ;; This function is called by:
 11121 ;;		_pn532_send_and_capture
 11122 ;; This function uses a non-reentrant model
 11123 ;;
 11124                           
 11125     0DA9                     _EUSART2_Read:	
 11126                           ;psect for function _EUSART2_Read
 11127                           
 11128     0DA9                     l4500:	
 11129                           ;incstack = 0
 11130                           ; Regs used in _EUSART2_Read: [wreg+status,2+status,0+pclath+cstack]
 11131                           
 11132                           
 11133                           ;mcc_generated_files/uart/src/eusart2.c: 215:     eusart2RxLastError.status = 0;
 11134     0DA9  0142               	movlb	2	; select bank2
 11135     0DAA  01E2               	clrf	_eusart2RxLastError^(0+256)	;volatile
 11136     0DAB  01E3               	clrf	(_eusart2RxLastError+1)^(0+256)	;volatile
 11137     0DAC                     l4502:
 11138                           
 11139                           ;mcc_generated_files/uart/src/eusart2.c: 216:     if(RC2STAbits.OERR)
 11140     0DAC  014C               	movlb	12	; select bank12
 11141     0DAD  1C9A               	btfss	26,1	;volatile
 11142     0DAE  2DB0               	goto	u3211
 11143     0DAF  2DB1               	goto	u3210
 11144     0DB0                     u3211:
 11145     0DB0  2DBF               	goto	l4510
 11146     0DB1                     u3210:
 11147     0DB1                     l4504:
 11148                           
 11149                           ;mcc_generated_files/uart/src/eusart2.c: 217:     {;mcc_generated_files/uart/src/eusart2
      +                          .c: 218:         eusart2RxLastError.oerr = 1;
 11150     0DB1  0142               	movlb	2	; select bank2
 11151     0DB2  1562               	bsf	_eusart2RxLastError^(0+256),2	;volatile
 11152     0DB3                     l4506:
 11153                           
 11154                           ;mcc_generated_files/uart/src/eusart2.c: 219:         if(((void*)0) != EUSART2_OverrunEr
      +                          rorHandler)
 11155     0DB3  0141               	movlb	1	; select bank1
 11156     0DB4  0867               	movf	_EUSART2_OverrunErrorHandler^(0+128),w
 11157     0DB5  0468               	iorwf	(_EUSART2_OverrunErrorHandler+1)^(0+128),w
 11158     0DB6  1903               	btfsc	3,2
 11159     0DB7  2DB9               	goto	u3221
 11160     0DB8  2DBA               	goto	u3220
 11161     0DB9                     u3221:
 11162     0DB9  2DBF               	goto	l4510
 11163     0DBA                     u3220:
 11164     0DBA                     l4508:
 11165                           
 11166                           ;mcc_generated_files/uart/src/eusart2.c: 220:         {;mcc_generated_files/uart/src/eus
      +                          art2.c: 221:             EUSART2_OverrunErrorHandler();
 11167     0DBA  0868               	movf	(_EUSART2_OverrunErrorHandler+1)^(0+128),w
 11168     0DBB  008A               	movwf	10
 11169     0DBC  0867               	movf	_EUSART2_OverrunErrorHandler^(0+128),w
 11170     0DBD  000A               	callw
 11171     0DBE  318D               	pagesel	$
 11172     0DBF                     l4510:
 11173                           
 11174                           ;mcc_generated_files/uart/src/eusart2.c: 224:     if(RC2STAbits.FERR)
 11175     0DBF  014C               	movlb	12	; select bank12
 11176     0DC0  1D1A               	btfss	26,2	;volatile
 11177     0DC1  2DC3               	goto	u3231
 11178     0DC2  2DC4               	goto	u3230
 11179     0DC3                     u3231:
 11180     0DC3  2DD2               	goto	l4518
 11181     0DC4                     u3230:
 11182     0DC4                     l4512:
 11183                           
 11184                           ;mcc_generated_files/uart/src/eusart2.c: 225:     {;mcc_generated_files/uart/src/eusart2
      +                          .c: 226:         eusart2RxLastError.ferr = 1;
 11185     0DC4  0142               	movlb	2	; select bank2
 11186     0DC5  14E2               	bsf	_eusart2RxLastError^(0+256),1	;volatile
 11187     0DC6                     l4514:
 11188                           
 11189                           ;mcc_generated_files/uart/src/eusart2.c: 227:         if(((void*)0) != EUSART2_FramingEr
      +                          rorHandler)
 11190     0DC6  0140               	movlb	0	; select bank0
 11191     0DC7  086D               	movf	_EUSART2_FramingErrorHandler,w
 11192     0DC8  046E               	iorwf	_EUSART2_FramingErrorHandler+1,w
 11193     0DC9  1903               	btfsc	3,2
 11194     0DCA  2DCC               	goto	u3241
 11195     0DCB  2DCD               	goto	u3240
 11196     0DCC                     u3241:
 11197     0DCC  2DD2               	goto	l4518
 11198     0DCD                     u3240:
 11199     0DCD                     l4516:
 11200                           
 11201                           ;mcc_generated_files/uart/src/eusart2.c: 228:         {;mcc_generated_files/uart/src/eus
      +                          art2.c: 229:             EUSART2_FramingErrorHandler();
 11202     0DCD  086E               	movf	_EUSART2_FramingErrorHandler+1,w
 11203     0DCE  008A               	movwf	10
 11204     0DCF  086D               	movf	_EUSART2_FramingErrorHandler,w
 11205     0DD0  000A               	callw
 11206     0DD1  318D               	pagesel	$
 11207     0DD2                     l4518:
 11208                           
 11209                           ;mcc_generated_files/uart/src/eusart2.c: 232:     return RC2REG;
 11210     0DD2  014C               	movlb	12	; select bank12
 11211     0DD3  0816               	movf	22,w	;volatile
 11212     0DD4                     l902:
 11213     0DD4  0008               	return
 11214     0DD5                     __end_of_EUSART2_Read:
 11215                           
 11216                           	psect	text34
 11217     0B36                     __ptext34:	
 11218 ;; *************** function _EUSART1_DefaultOverrunErrorCallback *****************
 11219 ;; Defined at:
 11220 ;;		line 245 in file "mcc_generated_files/uart/src/eusart1.c"
 11221 ;; Parameters:    Size  Location     Type
 11222 ;;		None
 11223 ;; Auto vars:     Size  Location     Type
 11224 ;;		None
 11225 ;; Return value:  Size  Location     Type
 11226 ;;                  1    wreg      void 
 11227 ;; Registers used:
 11228 ;;		None
 11229 ;; Tracked objects:
 11230 ;;		On entry : 0/0
 11231 ;;		On exit  : 0/0
 11232 ;;		Unchanged: 0/0
 11233 ;; Data sizes:     COMMON   BANK0   BANK1   BANK2   BANK3   BANK4   BANK5   BANK6   BANK7   BANK8   BANK9  BANK10  BANK1
      +1  BANK12  BANK13  BANK14  BANK15  BANK16  BANK17  BANK18  BANK19  BANK20  BANK21  BANK22  BANK23  BANK24  BANK25
 11234 ;;      Params:         0       0       0       0       0       0       0       0       0       0       0       0       
      +0       0       0       0       0       0       0       0       0       0       0       0       0       0       0
 11235 ;;      Locals:         0       0       0       0       0       0       0       0       0       0       0       0       
      +0       0       0       0       0       0       0       0       0       0       0       0       0       0       0
 11236 ;;      Temps:          0       0       0       0       0       0       0       0       0       0       0       0       
      +0       0       0       0       0       0       0       0       0       0       0       0       0       0       0
 11237 ;;      Totals:         0       0       0       0       0       0       0       0       0       0       0       0       
      +0       0       0       0       0       0       0       0       0       0       0       0       0       0       0
 11238 ;;Total ram usage:        0 bytes
 11239 ;; Hardware stack levels used: 1
 11240 ;; Hardware stack levels required when called: 7
 11241 ;; This function calls:
 11242 ;;		Nothing
 11243 ;; This function is called by:
 11244 ;;		_EUSART1_Initialize
 11245 ;;		_EUSART2_Read
 11246 ;;		_EUSART1_Read
 11247 ;; This function uses a non-reentrant model
 11248 ;;
 11249                           
 11250     0B36                     _EUSART1_DefaultOverrunErrorCallback:	
 11251                           ;psect for function _EUSART1_DefaultOverrunErrorCallback
 11252                           
 11253     0B36                     l4478:	
 11254                           ;incstack = 0
 11255                           ; Regs used in _EUSART1_DefaultOverrunErrorCallback: []
 11256                           
 11257                           
 11258                           ;mcc_generated_files/uart/src/eusart1.c: 248:     RC1STAbits.CREN = 0;
 11259     0B36  014C               	movlb	12	; select bank12
 11260     0B37  1210               	bcf	16,4	;volatile
 11261                           
 11262                           ;mcc_generated_files/uart/src/eusart1.c: 249:     RC1STAbits.CREN = 1;
 11263     0B38  1610               	bsf	16,4	;volatile
 11264     0B39                     l767:
 11265     0B39  0008               	return
 11266     0B3A                     __end_of_EUSART1_DefaultOverrunErrorCallback:
 11267                           
 11268                           	psect	text35
 11269     0B32                     __ptext35:	
 11270 ;; *************** function _EUSART2_DefaultOverrunErrorCallback *****************
 11271 ;; Defined at:
 11272 ;;		line 245 in file "mcc_generated_files/uart/src/eusart2.c"
 11273 ;; Parameters:    Size  Location     Type
 11274 ;;		None
 11275 ;; Auto vars:     Size  Location     Type
 11276 ;;		None
 11277 ;; Return value:  Size  Location     Type
 11278 ;;                  1    wreg      void 
 11279 ;; Registers used:
 11280 ;;		None
 11281 ;; Tracked objects:
 11282 ;;		On entry : 0/0
 11283 ;;		On exit  : 0/0
 11284 ;;		Unchanged: 0/0
 11285 ;; Data sizes:     COMMON   BANK0   BANK1   BANK2   BANK3   BANK4   BANK5   BANK6   BANK7   BANK8   BANK9  BANK10  BANK1
      +1  BANK12  BANK13  BANK14  BANK15  BANK16  BANK17  BANK18  BANK19  BANK20  BANK21  BANK22  BANK23  BANK24  BANK25
 11286 ;;      Params:         0       0       0       0       0       0       0       0       0       0       0       0       
      +0       0       0       0       0       0       0       0       0       0       0       0       0       0       0
 11287 ;;      Locals:         0       0       0       0       0       0       0       0       0       0       0       0       
      +0       0       0       0       0       0       0       0       0       0       0       0       0       0       0
 11288 ;;      Temps:          0       0       0       0       0       0       0       0       0       0       0       0       
      +0       0       0       0       0       0       0       0       0       0       0       0       0       0       0
 11289 ;;      Totals:         0       0       0       0       0       0       0       0       0       0       0       0       
      +0       0       0       0       0       0       0       0       0       0       0       0       0       0       0
 11290 ;;Total ram usage:        0 bytes
 11291 ;; Hardware stack levels used: 1
 11292 ;; Hardware stack levels required when called: 7
 11293 ;; This function calls:
 11294 ;;		Nothing
 11295 ;; This function is called by:
 11296 ;;		_EUSART2_Initialize
 11297 ;;		_EUSART2_Read
 11298 ;;		_EUSART1_Read
 11299 ;; This function uses a non-reentrant model
 11300 ;;
 11301                           
 11302     0B32                     _EUSART2_DefaultOverrunErrorCallback:	
 11303                           ;psect for function _EUSART2_DefaultOverrunErrorCallback
 11304                           
 11305     0B32                     l4480:	
 11306                           ;incstack = 0
 11307                           ; Regs used in _EUSART2_DefaultOverrunErrorCallback: []
 11308                           
 11309                           
 11310                           ;mcc_generated_files/uart/src/eusart2.c: 248:     RC2STAbits.CREN = 0;
 11311     0B32  014C               	movlb	12	; select bank12
 11312     0B33  121A               	bcf	26,4	;volatile
 11313                           
 11314                           ;mcc_generated_files/uart/src/eusart2.c: 249:     RC2STAbits.CREN = 1;
 11315     0B34  161A               	bsf	26,4	;volatile
 11316     0B35                     l911:
 11317     0B35  0008               	return
 11318     0B36                     __end_of_EUSART2_DefaultOverrunErrorCallback:
 11319                           
 11320                           	psect	text36
 11321     0AF8                     __ptext36:	
 11322 ;; *************** function _EUSART1_DefaultFramingErrorCallback *****************
 11323 ;; Defined at:
 11324 ;;		line 240 in file "mcc_generated_files/uart/src/eusart1.c"
 11325 ;; Parameters:    Size  Location     Type
 11326 ;;		None
 11327 ;; Auto vars:     Size  Location     Type
 11328 ;;		None
 11329 ;; Return value:  Size  Location     Type
 11330 ;;                  1    wreg      void 
 11331 ;; Registers used:
 11332 ;;		None
 11333 ;; Tracked objects:
 11334 ;;		On entry : 0/0
 11335 ;;		On exit  : 0/0
 11336 ;;		Unchanged: 0/0
 11337 ;; Data sizes:     COMMON   BANK0   BANK1   BANK2   BANK3   BANK4   BANK5   BANK6   BANK7   BANK8   BANK9  BANK10  BANK1
      +1  BANK12  BANK13  BANK14  BANK15  BANK16  BANK17  BANK18  BANK19  BANK20  BANK21  BANK22  BANK23  BANK24  BANK25
 11338 ;;      Params:         0       0       0       0       0       0       0       0       0       0       0       0       
      +0       0       0       0       0       0       0       0       0       0       0       0       0       0       0
 11339 ;;      Locals:         0       0       0       0       0       0       0       0       0       0       0       0       
      +0       0       0       0       0       0       0       0       0       0       0       0       0       0       0
 11340 ;;      Temps:          0       0       0       0       0       0       0       0       0       0       0       0       
      +0       0       0       0       0       0       0       0       0       0       0       0       0       0       0
 11341 ;;      Totals:         0       0       0       0       0       0       0       0       0       0       0       0       
      +0       0       0       0       0       0       0       0       0       0       0       0       0       0       0
 11342 ;;Total ram usage:        0 bytes
 11343 ;; Hardware stack levels used: 1
 11344 ;; Hardware stack levels required when called: 7
 11345 ;; This function calls:
 11346 ;;		Nothing
 11347 ;; This function is called by:
 11348 ;;		_EUSART1_Initialize
 11349 ;;		_EUSART2_Read
 11350 ;;		_EUSART1_Read
 11351 ;; This function uses a non-reentrant model
 11352 ;;
 11353                           
 11354     0AF8                     _EUSART1_DefaultFramingErrorCallback:	
 11355                           ;psect for function _EUSART1_DefaultFramingErrorCallback
 11356                           
 11357     0AF8                     l764:	
 11358                           ;incstack = 0
 11359                           ; Regs used in _EUSART1_DefaultFramingErrorCallback: []
 11360                           
 11361     0AF8  0008               	return
 11362     0AF9                     __end_of_EUSART1_DefaultFramingErrorCallback:
 11363                           
 11364                           	psect	text37
 11365     0AF7                     __ptext37:	
 11366 ;; *************** function _EUSART2_DefaultFramingErrorCallback *****************
 11367 ;; Defined at:
 11368 ;;		line 240 in file "mcc_generated_files/uart/src/eusart2.c"
 11369 ;; Parameters:    Size  Location     Type
 11370 ;;		None
 11371 ;; Auto vars:     Size  Location     Type
 11372 ;;		None
 11373 ;; Return value:  Size  Location     Type
 11374 ;;                  1    wreg      void 
 11375 ;; Registers used:
 11376 ;;		None
 11377 ;; Tracked objects:
 11378 ;;		On entry : 0/0
 11379 ;;		On exit  : 0/0
 11380 ;;		Unchanged: 0/0
 11381 ;; Data sizes:     COMMON   BANK0   BANK1   BANK2   BANK3   BANK4   BANK5   BANK6   BANK7   BANK8   BANK9  BANK10  BANK1
      +1  BANK12  BANK13  BANK14  BANK15  BANK16  BANK17  BANK18  BANK19  BANK20  BANK21  BANK22  BANK23  BANK24  BANK25
 11382 ;;      Params:         0       0       0       0       0       0       0       0       0       0       0       0       
      +0       0       0       0       0       0       0       0       0       0       0       0       0       0       0
 11383 ;;      Locals:         0       0       0       0       0       0       0       0       0       0       0       0       
      +0       0       0       0       0       0       0       0       0       0       0       0       0       0       0
 11384 ;;      Temps:          0       0       0       0       0       0       0       0       0       0       0       0       
      +0       0       0       0       0       0       0       0       0       0       0       0       0       0       0
 11385 ;;      Totals:         0       0       0       0       0       0       0       0       0       0       0       0       
      +0       0       0       0       0       0       0       0       0       0       0       0       0       0       0
 11386 ;;Total ram usage:        0 bytes
 11387 ;; Hardware stack levels used: 1
 11388 ;; Hardware stack levels required when called: 7
 11389 ;; This function calls:
 11390 ;;		Nothing
 11391 ;; This function is called by:
 11392 ;;		_EUSART2_Initialize
 11393 ;;		_EUSART2_Read
 11394 ;;		_EUSART1_Read
 11395 ;; This function uses a non-reentrant model
 11396 ;;
 11397                           
 11398     0AF7                     _EUSART2_DefaultFramingErrorCallback:	
 11399                           ;psect for function _EUSART2_DefaultFramingErrorCallback
 11400                           
 11401     0AF7                     l908:	
 11402                           ;incstack = 0
 11403                           ; Regs used in _EUSART2_DefaultFramingErrorCallback: []
 11404                           
 11405     0AF7  0008               	return
 11406     0AF8                     __end_of_EUSART2_DefaultFramingErrorCallback:
 11407                           
 11408                           	psect	text38
 11409     0C43                     __ptext38:	
 11410 ;; *************** function _EUSART2_IsTxReady *****************
 11411 ;; Defined at:
 11412 ;;		line 198 in file "mcc_generated_files/uart/src/eusart2.c"
 11413 ;; Parameters:    Size  Location     Type
 11414 ;;		None
 11415 ;; Auto vars:     Size  Location     Type
 11416 ;;		None
 11417 ;; Return value:  Size  Location     Type
 11418 ;;                  1    wreg      _Bool 
 11419 ;; Registers used:
 11420 ;;		wreg, status,2
 11421 ;; Tracked objects:
 11422 ;;		On entry : 0/0
 11423 ;;		On exit  : 0/0
 11424 ;;		Unchanged: 0/0
 11425 ;; Data sizes:     COMMON   BANK0   BANK1   BANK2   BANK3   BANK4   BANK5   BANK6   BANK7   BANK8   BANK9  BANK10  BANK1
      +1  BANK12  BANK13  BANK14  BANK15  BANK16  BANK17  BANK18  BANK19  BANK20  BANK21  BANK22  BANK23  BANK24  BANK25
 11426 ;;      Params:         0       0       0       0       0       0       0       0       0       0       0       0       
      +0       0       0       0       0       0       0       0       0       0       0       0       0       0       0
 11427 ;;      Locals:         0       1       0       0       0       0       0       0       0       0       0       0       
      +0       0       0       0       0       0       0       0       0       0       0       0       0       0       0
 11428 ;;      Temps:          0       0       0       0       0       0       0       0       0       0       0       0       
      +0       0       0       0       0       0       0       0       0       0       0       0       0       0       0
 11429 ;;      Totals:         0       1       0       0       0       0       0       0       0       0       0       0       
      +0       0       0       0       0       0       0       0       0       0       0       0       0       0       0
 11430 ;;Total ram usage:        1 bytes
 11431 ;; Hardware stack levels used: 1
 11432 ;; Hardware stack levels required when called: 7
 11433 ;; This function calls:
 11434 ;;		Nothing
 11435 ;; This function is called by:
 11436 ;;		_pn532_send_and_capture
 11437 ;;		_pn532_uart_write
 11438 ;; This function uses a non-reentrant model
 11439 ;;
 11440                           
 11441     0C43                     _EUSART2_IsTxReady:	
 11442                           ;psect for function _EUSART2_IsTxReady
 11443                           
 11444     0C43                     l4482:	
 11445                           ;incstack = 0
 11446                           ; Regs used in _EUSART2_IsTxReady: [wreg+status,2]
 11447                           
 11448                           
 11449                           ;mcc_generated_files/uart/src/eusart2.c: 200:     return (_Bool)(PIR3bits.TX2IF && TX2ST
      +                          Abits.TXEN);
 11450     0C43  0140               	movlb	0	; select bank0
 11451     0C44  01A0               	clrf	_EUSART2_IsTxReady$1916
 11452     0C45                     l4484:
 11453     0C45  0141               	movlb	1	; select bank1
 11454     0C46  1E0F               	btfss	15,4	;volatile
 11455     0C47  2C49               	goto	u3191
 11456     0C48  2C4A               	goto	u3190
 11457     0C49                     u3191:
 11458     0C49  2C52               	goto	l4490
 11459     0C4A                     u3190:
 11460     0C4A                     l4486:
 11461     0C4A  014C               	movlb	12	; select bank12
 11462     0C4B  1E9B               	btfss	27,5	;volatile
 11463     0C4C  2C4E               	goto	u3201
 11464     0C4D  2C4F               	goto	u3200
 11465     0C4E                     u3201:
 11466     0C4E  2C52               	goto	l4490
 11467     0C4F                     u3200:
 11468     0C4F                     l4488:
 11469     0C4F  0140               	movlb	0	; select bank0
 11470     0C50  01A0               	clrf	_EUSART2_IsTxReady$1916
 11471     0C51  0AA0               	incf	_EUSART2_IsTxReady$1916,f
 11472     0C52                     l4490:
 11473     0C52  0140               	movlb	0	; select bank0
 11474     0C53  0820               	movf	_EUSART2_IsTxReady$1916,w
 11475     0C54                     l889:
 11476     0C54  0008               	return
 11477     0C55                     __end_of_EUSART2_IsTxReady:
 11478                           
 11479                           	psect	text39
 11480     0B2E                     __ptext39:	
 11481 ;; *************** function _EUSART2_IsTxDone *****************
 11482 ;; Defined at:
 11483 ;;		line 203 in file "mcc_generated_files/uart/src/eusart2.c"
 11484 ;; Parameters:    Size  Location     Type
 11485 ;;		None
 11486 ;; Auto vars:     Size  Location     Type
 11487 ;;		None
 11488 ;; Return value:  Size  Location     Type
 11489 ;;                  1    wreg      _Bool 
 11490 ;; Registers used:
 11491 ;;		wreg, status,2, status,0
 11492 ;; Tracked objects:
 11493 ;;		On entry : 0/0
 11494 ;;		On exit  : 0/0
 11495 ;;		Unchanged: 0/0
 11496 ;; Data sizes:     COMMON   BANK0   BANK1   BANK2   BANK3   BANK4   BANK5   BANK6   BANK7   BANK8   BANK9  BANK10  BANK1
      +1  BANK12  BANK13  BANK14  BANK15  BANK16  BANK17  BANK18  BANK19  BANK20  BANK21  BANK22  BANK23  BANK24  BANK25
 11497 ;;      Params:         0       0       0       0       0       0       0       0       0       0       0       0       
      +0       0       0       0       0       0       0       0       0       0       0       0       0       0       0
 11498 ;;      Locals:         0       0       0       0       0       0       0       0       0       0       0       0       
      +0       0       0       0       0       0       0       0       0       0       0       0       0       0       0
 11499 ;;      Temps:          0       0       0       0       0       0       0       0       0       0       0       0       
      +0       0       0       0       0       0       0       0       0       0       0       0       0       0       0
 11500 ;;      Totals:         0       0       0       0       0       0       0       0       0       0       0       0       
      +0       0       0       0       0       0       0       0       0       0       0       0       0       0       0
 11501 ;;Total ram usage:        0 bytes
 11502 ;; Hardware stack levels used: 1
 11503 ;; Hardware stack levels required when called: 7
 11504 ;; This function calls:
 11505 ;;		Nothing
 11506 ;; This function is called by:
 11507 ;;		_pn532_send_and_capture
 11508 ;;		_pn532_uart_write
 11509 ;; This function uses a non-reentrant model
 11510 ;;
 11511                           
 11512     0B2E                     _EUSART2_IsTxDone:	
 11513                           ;psect for function _EUSART2_IsTxDone
 11514                           
 11515     0B2E                     l4496:	
 11516                           ;incstack = 0
 11517                           ; Regs used in _EUSART2_IsTxDone: [wreg+status,2+status,0]
 11518                           
 11519                           
 11520                           ;mcc_generated_files/uart/src/eusart2.c: 205:     return TX2STAbits.TRMT;
 11521     0B2E  014C               	movlb	12	; select bank12
 11522     0B2F  0C1B               	rrf	27,w	;volatile
 11523     0B30  3901               	andlw	1
 11524     0B31                     l892:
 11525     0B31  0008               	return
 11526     0B32                     __end_of_EUSART2_IsTxDone:
 11527                           
 11528                           	psect	text40
 11529     0B52                     __ptext40:	
 11530 ;; *************** function _EUSART2_IsRxReady *****************
 11531 ;; Defined at:
 11532 ;;		line 193 in file "mcc_generated_files/uart/src/eusart2.c"
 11533 ;; Parameters:    Size  Location     Type
 11534 ;;		None
 11535 ;; Auto vars:     Size  Location     Type
 11536 ;;		None
 11537 ;; Return value:  Size  Location     Type
 11538 ;;                  1    wreg      _Bool 
 11539 ;; Registers used:
 11540 ;;		wreg, status,2, status,0
 11541 ;; Tracked objects:
 11542 ;;		On entry : 0/0
 11543 ;;		On exit  : 0/0
 11544 ;;		Unchanged: 0/0
 11545 ;; Data sizes:     COMMON   BANK0   BANK1   BANK2   BANK3   BANK4   BANK5   BANK6   BANK7   BANK8   BANK9  BANK10  BANK1
      +1  BANK12  BANK13  BANK14  BANK15  BANK16  BANK17  BANK18  BANK19  BANK20  BANK21  BANK22  BANK23  BANK24  BANK25
 11546 ;;      Params:         0       0       0       0       0       0       0       0       0       0       0       0       
      +0       0       0       0       0       0       0       0       0       0       0       0       0       0       0
 11547 ;;      Locals:         0       0       0       0       0       0       0       0       0       0       0       0       
      +0       0       0       0       0       0       0       0       0       0       0       0       0       0       0
 11548 ;;      Temps:          0       0       0       0       0       0       0       0       0       0       0       0       
      +0       0       0       0       0       0       0       0       0       0       0       0       0       0       0
 11549 ;;      Totals:         0       0       0       0       0       0       0       0       0       0       0       0       
      +0       0       0       0       0       0       0       0       0       0       0       0       0       0       0
 11550 ;;Total ram usage:        0 bytes
 11551 ;; Hardware stack levels used: 1
 11552 ;; Hardware stack levels required when called: 7
 11553 ;; This function calls:
 11554 ;;		Nothing
 11555 ;; This function is called by:
 11556 ;;		_pn532_send_and_capture
 11557 ;; This function uses a non-reentrant model
 11558 ;;
 11559                           
 11560     0B52                     _EUSART2_IsRxReady:	
 11561                           ;psect for function _EUSART2_IsRxReady
 11562                           
 11563     0B52                     l4522:	
 11564                           ;incstack = 0
 11565                           ; Regs used in _EUSART2_IsRxReady: [wreg+status,2+status,0]
 11566                           
 11567                           
 11568                           ;mcc_generated_files/uart/src/eusart2.c: 195:     return (_Bool)(PIR3bits.RC2IF);
 11569     0B52  0141               	movlb	1	; select bank1
 11570     0B53  0E0F               	swapf	15,w	;volatile
 11571     0B54  0C89               	rrf	9,f
 11572     0B55  3901               	andlw	1
 11573     0B56                     l884:
 11574     0B56  0008               	return
 11575     0B57                     __end_of_EUSART2_IsRxReady:
 11576                           
 11577                           	psect	text41
 11578     0EC6                     __ptext41:	
 11579 ;; *************** function _memcmp *****************
 11580 ;; Defined at:
 11581 ;;		line 3 in file "C:\Program Files\Microchip\xc8\v2.41\pic\sources\c99\common\memcmp.c"
 11582 ;; Parameters:    Size  Location     Type
 11583 ;;  vl              2    0[BANK0 ] PTR const void 
 11584 ;;		 -> main@uid(7), pn532_transact@buffer(32), 
 11585 ;;  vr              2    2[BANK0 ] PTR const void 
 11586 ;;		 -> main@lastUid(7), pn532_transact@expectedAck(6), 
 11587 ;;  n               2    4[BANK0 ] unsigned int 
 11588 ;; Auto vars:     Size  Location     Type
 11589 ;;  r               2    9[BANK0 ] PTR const unsigned char 
 11590 ;;		 -> main@lastUid(7), pn532_transact@expectedAck(6), 
 11591 ;;  l               2    7[BANK0 ] PTR const unsigned char 
 11592 ;;		 -> main@uid(7), pn532_transact@buffer(32), 
 11593 ;; Return value:  Size  Location     Type
 11594 ;;                  2    0[BANK0 ] int 
 11595 ;; Registers used:
 11596 ;;		wreg, fsr0l, fsr0h, fsr1l, fsr1h, status,2, status,0, pclath
 11597 ;; Tracked objects:
 11598 ;;		On entry : 0/0
 11599 ;;		On exit  : 0/0
 11600 ;;		Unchanged: 0/0
 11601 ;; Data sizes:     COMMON   BANK0   BANK1   BANK2   BANK3   BANK4   BANK5   BANK6   BANK7   BANK8   BANK9  BANK10  BANK1
      +1  BANK12  BANK13  BANK14  BANK15  BANK16  BANK17  BANK18  BANK19  BANK20  BANK21  BANK22  BANK23  BANK24  BANK25
 11602 ;;      Params:         0       6       0       0       0       0       0       0       0       0       0       0       
      +0       0       0       0       0       0       0       0       0       0       0       0       0       0       0
 11603 ;;      Locals:         0       4       0       0       0       0       0       0       0       0       0       0       
      +0       0       0       0       0       0       0       0       0       0       0       0       0       0       0
 11604 ;;      Temps:          0       1       0       0       0       0       0       0       0       0       0       0       
      +0       0       0       0       0       0       0       0       0       0       0       0       0       0       0
 11605 ;;      Totals:         0      11       0       0       0       0       0       0       0       0       0       0       
      +0       0       0       0       0       0       0       0       0       0       0       0       0       0       0
 11606 ;;Total ram usage:       11 bytes
 11607 ;; Hardware stack levels used: 1
 11608 ;; Hardware stack levels required when called: 7
 11609 ;; This function calls:
 11610 ;;		Nothing
 11611 ;; This function is called by:
 11612 ;;		_pn532_transact
 11613 ;;		_main
 11614 ;; This function uses a non-reentrant model
 11615 ;;
 11616                           
 11617     0EC6                     _memcmp:	
 11618                           ;psect for function _memcmp
 11619                           
 11620     0EC6                     l4588:	
 11621                           ;incstack = 0
 11622                           ; Regs used in _memcmp: [wreg-fsr1h+status,2+status,0+pclath]
 11623                           
 11624     0EC6  0140               	movlb	0	; select bank0
 11625     0EC7  0821               	movf	memcmp@vl+1,w
 11626     0EC8  00A8               	movwf	memcmp@l+1
 11627     0EC9  0820               	movf	memcmp@vl,w
 11628     0ECA  00A7               	movwf	memcmp@l
 11629     0ECB  0823               	movf	memcmp@vr+1,w
 11630     0ECC  00AA               	movwf	memcmp@r+1
 11631     0ECD  0822               	movf	memcmp@vr,w
 11632     0ECE  00A9               	movwf	memcmp@r
 11633     0ECF  2EDC               	goto	l4592
 11634     0ED0                     l4590:
 11635     0ED0  3001               	movlw	1
 11636     0ED1  02A4               	subwf	memcmp@n,f
 11637     0ED2  3000               	movlw	0
 11638     0ED3  3BA5               	subwfb	memcmp@n+1,f
 11639     0ED4  3001               	movlw	1
 11640     0ED5  07A7               	addwf	memcmp@l,f
 11641     0ED6  3000               	movlw	0
 11642     0ED7  3DA8               	addwfc	memcmp@l+1,f
 11643     0ED8  3001               	movlw	1
 11644     0ED9  07A9               	addwf	memcmp@r,f
 11645     0EDA  3000               	movlw	0
 11646     0EDB  3DAA               	addwfc	memcmp@r+1,f
 11647     0EDC                     l4592:
 11648     0EDC  0824               	movf	memcmp@n,w
 11649     0EDD  0425               	iorwf	memcmp@n+1,w
 11650     0EDE  1903               	btfsc	3,2
 11651     0EDF  2EE1               	goto	u3371
 11652     0EE0  2EE2               	goto	u3370
 11653     0EE1                     u3371:
 11654     0EE1  2EF2               	goto	l4596
 11655     0EE2                     u3370:
 11656     0EE2                     l4594:
 11657     0EE2  0829               	movf	memcmp@r,w
 11658     0EE3  0084               	movwf	4
 11659     0EE4  082A               	movf	memcmp@r+1,w
 11660     0EE5  0085               	movwf	5
 11661     0EE6  0800               	movf	0,w	;code access
 11662     0EE7  00A6               	movwf	??_memcmp
 11663     0EE8  0827               	movf	memcmp@l,w
 11664     0EE9  0086               	movwf	6
 11665     0EEA  0828               	movf	memcmp@l+1,w
 11666     0EEB  0087               	movwf	7
 11667     0EEC  0801               	movf	1,w
 11668     0EED  0626               	xorwf	??_memcmp,w
 11669     0EEE  1903               	skipnz
 11670     0EEF  2EF1               	goto	u3381
 11671     0EF0  2EF2               	goto	u3380
 11672     0EF1                     u3381:
 11673     0EF1  2ED0               	goto	l4590
 11674     0EF2                     u3380:
 11675     0EF2                     l4596:
 11676     0EF2  0824               	movf	memcmp@n,w
 11677     0EF3  0425               	iorwf	memcmp@n+1,w
 11678     0EF4  1D03               	btfss	3,2
 11679     0EF5  2EF7               	goto	u3391
 11680     0EF6  2EF8               	goto	u3390
 11681     0EF7                     u3391:
 11682     0EF7  2EFB               	goto	l4600
 11683     0EF8                     u3390:
 11684     0EF8                     l4598:
 11685     0EF8  01A0               	clrf	?_memcmp
 11686     0EF9  01A1               	clrf	?_memcmp+1
 11687     0EFA  2F09               	goto	l1673
 11688     0EFB                     l4600:
 11689     0EFB  0827               	movf	memcmp@l,w
 11690     0EFC  0086               	movwf	6
 11691     0EFD  0828               	movf	memcmp@l+1,w
 11692     0EFE  0087               	movwf	7
 11693     0EFF  0829               	movf	memcmp@r,w
 11694     0F00  0084               	movwf	4
 11695     0F01  082A               	movf	memcmp@r+1,w
 11696     0F02  0085               	movwf	5
 11697     0F03  0800               	movf	0,w	;code access
 11698     0F04  0201               	subwf	1,w
 11699     0F05  00A0               	movwf	?_memcmp
 11700     0F06  01A1               	clrf	?_memcmp+1
 11701     0F07  1C03               	skipc
 11702     0F08  03A1               	decf	?_memcmp+1,f
 11703     0F09                     l1673:
 11704     0F09  0008               	return
 11705     0F0A                     __end_of_memcmp:
 11706                           
 11707                           	psect	text42
 11708     0BA7                     __ptext42:	
 11709 ;; *************** function _DFPlayer_Stop *****************
 11710 ;; Defined at:
 11711 ;;		line 49 in file "drivers/dfplayer.c"
 11712 ;; Parameters:    Size  Location     Type
 11713 ;;		None
 11714 ;; Auto vars:     Size  Location     Type
 11715 ;;		None
 11716 ;; Return value:  Size  Location     Type
 11717 ;;                  1    wreg      void 
 11718 ;; Registers used:
 11719 ;;		wreg, status,2, status,0, pclath, cstack
 11720 ;; Tracked objects:
 11721 ;;		On entry : 0/0
 11722 ;;		On exit  : 0/0
 11723 ;;		Unchanged: 0/0
 11724 ;; Data sizes:     COMMON   BANK0   BANK1   BANK2   BANK3   BANK4   BANK5   BANK6   BANK7   BANK8   BANK9  BANK10  BANK1
      +1  BANK12  BANK13  BANK14  BANK15  BANK16  BANK17  BANK18  BANK19  BANK20  BANK21  BANK22  BANK23  BANK24  BANK25
 11725 ;;      Params:         0       0       0       0       0       0       0       0       0       0       0       0       
      +0       0       0       0       0       0       0       0       0       0       0       0       0       0       0
 11726 ;;      Locals:         0       0       0       0       0       0       0       0       0       0       0       0       
      +0       0       0       0       0       0       0       0       0       0       0       0       0       0       0
 11727 ;;      Temps:          0       0       0       0       0       0       0       0       0       0       0       0       
      +0       0       0       0       0       0       0       0       0       0       0       0       0       0       0
 11728 ;;      Totals:         0       0       0       0       0       0       0       0       0       0       0       0       
      +0       0       0       0       0       0       0       0       0       0       0       0       0       0       0
 11729 ;;Total ram usage:        0 bytes
 11730 ;; Hardware stack levels used: 1
 11731 ;; Hardware stack levels required when called: 10
 11732 ;; This function calls:
 11733 ;;		_DFPlayer_SendCommand
 11734 ;; This function is called by:
 11735 ;;		_main
 11736 ;; This function uses a non-reentrant model
 11737 ;;
 11738                           
 11739     0BA7                     _DFPlayer_Stop:	
 11740                           ;psect for function _DFPlayer_Stop
 11741                           
 11742     0BA7                     l5408:	
 11743                           ;incstack = 0
 11744                           ; Regs used in _DFPlayer_Stop: [wreg+status,2+status,0+pclath+cstack]
 11745                           
 11746                           
 11747                           ;drivers/dfplayer.c: 51:     DFPlayer_SendCommand(0x16, 0);
 11748     0BA7  3000               	movlw	0
 11749     0BA8  0140               	movlb	0	; select bank0
 11750     0BA9  00A2               	movwf	DFPlayer_SendCommand@parameter
 11751     0BAA  00A3               	movwf	DFPlayer_SendCommand@parameter+1
 11752     0BAB  3016               	movlw	22
 11753     0BAC  318F  2756  318B   	fcall	_DFPlayer_SendCommand
 11754     0BAF                     l1014:
 11755     0BAF  0008               	return
 11756     0BB0                     __end_of_DFPlayer_Stop:
 11757                           
 11758                           	psect	text43
 11759     0BB0                     __ptext43:	
 11760 ;; *************** function _DFPlayer_PlayTrack *****************
 11761 ;; Defined at:
 11762 ;;		line 44 in file "drivers/dfplayer.c"
 11763 ;; Parameters:    Size  Location     Type
 11764 ;;  track           2   15[BANK0 ] unsigned short 
 11765 ;; Auto vars:     Size  Location     Type
 11766 ;;		None
 11767 ;; Return value:  Size  Location     Type
 11768 ;;                  1    wreg      void 
 11769 ;; Registers used:
 11770 ;;		wreg, status,2, status,0, pclath, cstack
 11771 ;; Tracked objects:
 11772 ;;		On entry : 0/0
 11773 ;;		On exit  : 0/0
 11774 ;;		Unchanged: 0/0
 11775 ;; Data sizes:     COMMON   BANK0   BANK1   BANK2   BANK3   BANK4   BANK5   BANK6   BANK7   BANK8   BANK9  BANK10  BANK1
      +1  BANK12  BANK13  BANK14  BANK15  BANK16  BANK17  BANK18  BANK19  BANK20  BANK21  BANK22  BANK23  BANK24  BANK25
 11776 ;;      Params:         0       2       0       0       0       0       0       0       0       0       0       0       
      +0       0       0       0       0       0       0       0       0       0       0       0       0       0       0
 11777 ;;      Locals:         0       0       0       0       0       0       0       0       0       0       0       0       
      +0       0       0       0       0       0       0       0       0       0       0       0       0       0       0
 11778 ;;      Temps:          0       0       0       0       0       0       0       0       0       0       0       0       
      +0       0       0       0       0       0       0       0       0       0       0       0       0       0       0
 11779 ;;      Totals:         0       2       0       0       0       0       0       0       0       0       0       0       
      +0       0       0       0       0       0       0       0       0       0       0       0       0       0       0
 11780 ;;Total ram usage:        2 bytes
 11781 ;; Hardware stack levels used: 1
 11782 ;; Hardware stack levels required when called: 10
 11783 ;; This function calls:
 11784 ;;		_DFPlayer_SendCommand
 11785 ;; This function is called by:
 11786 ;;		_main
 11787 ;; This function uses a non-reentrant model
 11788 ;;
 11789                           
 11790     0BB0                     _DFPlayer_PlayTrack:	
 11791                           ;psect for function _DFPlayer_PlayTrack
 11792                           
 11793     0BB0                     l5406:	
 11794                           ;incstack = 0
 11795                           ; Regs used in _DFPlayer_PlayTrack: [wreg+status,2+status,0+pclath+cstack]
 11796                           
 11797                           
 11798                           ;drivers/dfplayer.c: 44: void DFPlayer_PlayTrack(uint16_t track);drivers/dfplayer.c: 45:
      +                           {;drivers/dfplayer.c: 46:     DFPlayer_SendCommand(0x12, track);
 11799     0BB0  0140               	movlb	0	; select bank0
 11800     0BB1  0830               	movf	DFPlayer_PlayTrack@track+1,w
 11801     0BB2  00A3               	movwf	DFPlayer_SendCommand@parameter+1
 11802     0BB3  082F               	movf	DFPlayer_PlayTrack@track,w
 11803     0BB4  00A2               	movwf	DFPlayer_SendCommand@parameter
 11804     0BB5  3012               	movlw	18
 11805     0BB6  318F  2756  318B   	fcall	_DFPlayer_SendCommand
 11806     0BB9                     l1011:
 11807     0BB9  0008               	return
 11808     0BBA                     __end_of_DFPlayer_PlayTrack:
 11809                           
 11810                           	psect	text44
 11811     0B4D                     __ptext44:	
 11812 ;; *************** function _DFPlayer_Init *****************
 11813 ;; Defined at:
 11814 ;;		line 34 in file "drivers/dfplayer.c"
 11815 ;; Parameters:    Size  Location     Type
 11816 ;;		None
 11817 ;; Auto vars:     Size  Location     Type
 11818 ;;		None
 11819 ;; Return value:  Size  Location     Type
 11820 ;;                  1    wreg      void 
 11821 ;; Registers used:
 11822 ;;		wreg, status,2, status,0, pclath, cstack
 11823 ;; Tracked objects:
 11824 ;;		On entry : 0/0
 11825 ;;		On exit  : 0/0
 11826 ;;		Unchanged: 0/0
 11827 ;; Data sizes:     COMMON   BANK0   BANK1   BANK2   BANK3   BANK4   BANK5   BANK6   BANK7   BANK8   BANK9  BANK10  BANK1
      +1  BANK12  BANK13  BANK14  BANK15  BANK16  BANK17  BANK18  BANK19  BANK20  BANK21  BANK22  BANK23  BANK24  BANK25
 11828 ;;      Params:         0       0       0       0       0       0       0       0       0       0       0       0       
      +0       0       0       0       0       0       0       0       0       0       0       0       0       0       0
 11829 ;;      Locals:         0       0       0       0       0       0       0       0       0       0       0       0       
      +0       0       0       0       0       0       0       0       0       0       0       0       0       0       0
 11830 ;;      Temps:          0       0       0       0       0       0       0       0       0       0       0       0       
      +0       0       0       0       0       0       0       0       0       0       0       0       0       0       0
 11831 ;;      Totals:         0       0       0       0       0       0       0       0       0       0       0       0       
      +0       0       0       0       0       0       0       0       0       0       0       0       0       0       0
 11832 ;;Total ram usage:        0 bytes
 11833 ;; Hardware stack levels used: 1
 11834 ;; Hardware stack levels required when called: 11
 11835 ;; This function calls:
 11836 ;;		_DFPlayer_SetVolume
 11837 ;; This function is called by:
 11838 ;;		_main
 11839 ;; This function uses a non-reentrant model
 11840 ;;
 11841                           
 11842     0B4D                     _DFPlayer_Init:	
 11843                           ;psect for function _DFPlayer_Init
 11844                           
 11845     0B4D                     l5404:	
 11846                           ;incstack = 0
 11847                           ; Regs used in _DFPlayer_Init: [wreg+status,2+status,0+pclath+cstack]
 11848                           
 11849                           
 11850                           ;drivers/dfplayer.c: 36:     DFPlayer_SetVolume(15);
 11851     0B4D  300F               	movlw	15
 11852     0B4E  318B  23F4  318B   	fcall	_DFPlayer_SetVolume
 11853     0B51                     l1005:
 11854     0B51  0008               	return
 11855     0B52                     __end_of_DFPlayer_Init:
 11856                           
 11857                           	psect	text45
 11858     0BF4                     __ptext45:	
 11859 ;; *************** function _DFPlayer_SetVolume *****************
 11860 ;; Defined at:
 11861 ;;		line 39 in file "drivers/dfplayer.c"
 11862 ;; Parameters:    Size  Location     Type
 11863 ;;  volume          1    wreg     unsigned char 
 11864 ;; Auto vars:     Size  Location     Type
 11865 ;;  volume          1   17[BANK0 ] unsigned char 
 11866 ;; Return value:  Size  Location     Type
 11867 ;;                  1    wreg      void 
 11868 ;; Registers used:
 11869 ;;		wreg, status,2, status,0, pclath, cstack
 11870 ;; Tracked objects:
 11871 ;;		On entry : 0/0
 11872 ;;		On exit  : 0/0
 11873 ;;		Unchanged: 0/0
 11874 ;; Data sizes:     COMMON   BANK0   BANK1   BANK2   BANK3   BANK4   BANK5   BANK6   BANK7   BANK8   BANK9  BANK10  BANK1
      +1  BANK12  BANK13  BANK14  BANK15  BANK16  BANK17  BANK18  BANK19  BANK20  BANK21  BANK22  BANK23  BANK24  BANK25
 11875 ;;      Params:         0       0       0       0       0       0       0       0       0       0       0       0       
      +0       0       0       0       0       0       0       0       0       0       0       0       0       0       0
 11876 ;;      Locals:         0       1       0       0       0       0       0       0       0       0       0       0       
      +0       0       0       0       0       0       0       0       0       0       0       0       0       0       0
 11877 ;;      Temps:          0       2       0       0       0       0       0       0       0       0       0       0       
      +0       0       0       0       0       0       0       0       0       0       0       0       0       0       0
 11878 ;;      Totals:         0       3       0       0       0       0       0       0       0       0       0       0       
      +0       0       0       0       0       0       0       0       0       0       0       0       0       0       0
 11879 ;;Total ram usage:        3 bytes
 11880 ;; Hardware stack levels used: 1
 11881 ;; Hardware stack levels required when called: 10
 11882 ;; This function calls:
 11883 ;;		_DFPlayer_SendCommand
 11884 ;; This function is called by:
 11885 ;;		_DFPlayer_Init
 11886 ;; This function uses a non-reentrant model
 11887 ;;
 11888                           
 11889     0BF4                     _DFPlayer_SetVolume:	
 11890                           ;psect for function _DFPlayer_SetVolume
 11891                           
 11892                           
 11893                           ;incstack = 0
 11894                           ; Regs used in _DFPlayer_SetVolume: [wreg+status,2+status,0+pclath+cstack]
 11895                           ;DFPlayer_SetVolume@volume stored from wreg
 11896     0BF4  0140               	movlb	0	; select bank0
 11897     0BF5  00B1               	movwf	DFPlayer_SetVolume@volume
 11898     0BF6                     l5254:
 11899                           
 11900                           ;drivers/dfplayer.c: 39: void DFPlayer_SetVolume(uint8_t volume);drivers/dfplayer.c: 40:
      +                           {;drivers/dfplayer.c: 41:     DFPlayer_SendCommand(0x06, volume);
 11901     0BF6  0831               	movf	DFPlayer_SetVolume@volume,w
 11902     0BF7  00AF               	movwf	??_DFPlayer_SetVolume
 11903     0BF8  01B0               	clrf	??_DFPlayer_SetVolume+1
 11904     0BF9  082F               	movf	??_DFPlayer_SetVolume,w
 11905     0BFA  00A2               	movwf	DFPlayer_SendCommand@parameter
 11906     0BFB  0830               	movf	??_DFPlayer_SetVolume+1,w
 11907     0BFC  00A3               	movwf	DFPlayer_SendCommand@parameter+1
 11908     0BFD  3006               	movlw	6
 11909     0BFE  318F  2756  318B   	fcall	_DFPlayer_SendCommand
 11910     0C01                     l1008:
 11911     0C01  0008               	return
 11912     0C02                     __end_of_DFPlayer_SetVolume:
 11913                           
 11914                           	psect	text46
 11915     0F56                     __ptext46:	
 11916 ;; *************** function _DFPlayer_SendCommand *****************
 11917 ;; Defined at:
 11918 ;;		line 14 in file "drivers/dfplayer.c"
 11919 ;; Parameters:    Size  Location     Type
 11920 ;;  command         1    wreg     unsigned char 
 11921 ;;  parameter       2    2[BANK0 ] unsigned short 
 11922 ;; Auto vars:     Size  Location     Type
 11923 ;;  command         1   10[BANK0 ] unsigned char 
 11924 ;;  checksum        2   11[BANK0 ] unsigned short 
 11925 ;;  low             1   14[BANK0 ] unsigned char 
 11926 ;;  high            1   13[BANK0 ] unsigned char 
 11927 ;; Return value:  Size  Location     Type
 11928 ;;                  1    wreg      void 
 11929 ;; Registers used:
 11930 ;;		wreg, status,2, status,0, pclath, cstack
 11931 ;; Tracked objects:
 11932 ;;		On entry : 0/0
 11933 ;;		On exit  : 0/0
 11934 ;;		Unchanged: 0/0
 11935 ;; Data sizes:     COMMON   BANK0   BANK1   BANK2   BANK3   BANK4   BANK5   BANK6   BANK7   BANK8   BANK9  BANK10  BANK1
      +1  BANK12  BANK13  BANK14  BANK15  BANK16  BANK17  BANK18  BANK19  BANK20  BANK21  BANK22  BANK23  BANK24  BANK25
 11936 ;;      Params:         0       2       0       0       0       0       0       0       0       0       0       0       
      +0       0       0       0       0       0       0       0       0       0       0       0       0       0       0
 11937 ;;      Locals:         0       5       0       0       0       0       0       0       0       0       0       0       
      +0       0       0       0       0       0       0       0       0       0       0       0       0       0       0
 11938 ;;      Temps:          0       6       0       0       0       0       0       0       0       0       0       0       
      +0       0       0       0       0       0       0       0       0       0       0       0       0       0       0
 11939 ;;      Totals:         0      13       0       0       0       0       0       0       0       0       0       0       
      +0       0       0       0       0       0       0       0       0       0       0       0       0       0       0
 11940 ;;Total ram usage:       13 bytes
 11941 ;; Hardware stack levels used: 1
 11942 ;; Hardware stack levels required when called: 9
 11943 ;; This function calls:
 11944 ;;		_dfplayer_uart_write
 11945 ;; This function is called by:
 11946 ;;		_DFPlayer_SetVolume
 11947 ;;		_DFPlayer_PlayTrack
 11948 ;;		_DFPlayer_Stop
 11949 ;; This function uses a non-reentrant model
 11950 ;;
 11951                           
 11952     0F56                     _DFPlayer_SendCommand:	
 11953                           ;psect for function _DFPlayer_SendCommand
 11954                           
 11955                           
 11956                           ;incstack = 0
 11957                           ; Regs used in _DFPlayer_SendCommand: [wreg+status,2+status,0+pclath+cstack]
 11958                           ;DFPlayer_SendCommand@command stored from wreg
 11959     0F56  0140               	movlb	0	; select bank0
 11960     0F57  00AA               	movwf	DFPlayer_SendCommand@command
 11961     0F58                     l4832:
 11962                           
 11963                           ;drivers/dfplayer.c: 14: void DFPlayer_SendCommand(uint8_t command, uint16_t parameter);
      +                          drivers/dfplayer.c: 15: {;drivers/dfplayer.c: 16:     uint8_t high = parameter >> 8;
 11964     0F58  0823               	movf	DFPlayer_SendCommand@parameter+1,w
 11965     0F59  00AD               	movwf	DFPlayer_SendCommand@high
 11966     0F5A                     l4834:
 11967                           
 11968                           ;drivers/dfplayer.c: 17:     uint8_t low = parameter & 0xFF;
 11969     0F5A  0822               	movf	DFPlayer_SendCommand@parameter,w
 11970     0F5B  00AE               	movwf	DFPlayer_SendCommand@low
 11971     0F5C                     l4836:
 11972                           
 11973                           ;drivers/dfplayer.c: 19:     uint16_t checksum =
 11974     0F5C  082A               	movf	DFPlayer_SendCommand@command,w
 11975     0F5D  00A4               	movwf	??_DFPlayer_SendCommand
 11976     0F5E  01A5               	clrf	??_DFPlayer_SendCommand+1
 11977     0F5F  09A4               	comf	??_DFPlayer_SendCommand,f
 11978     0F60  09A5               	comf	??_DFPlayer_SendCommand+1,f
 11979     0F61  0AA4               	incf	??_DFPlayer_SendCommand,f
 11980     0F62  1903               	skipnz
 11981     0F63  0AA5               	incf	??_DFPlayer_SendCommand+1,f
 11982     0F64  0825               	movf	??_DFPlayer_SendCommand+1,w
 11983     0F65  00A7               	movwf	??_DFPlayer_SendCommand+3
 11984     0F66  082D               	movf	DFPlayer_SendCommand@high,w
 11985     0F67  0224               	subwf	??_DFPlayer_SendCommand,w
 11986     0F68  00A6               	movwf	??_DFPlayer_SendCommand+2
 11987     0F69  1C03               	skipc
 11988     0F6A  03A7               	decf	??_DFPlayer_SendCommand+3,f
 11989     0F6B  0827               	movf	??_DFPlayer_SendCommand+3,w
 11990     0F6C  00A9               	movwf	??_DFPlayer_SendCommand+5
 11991     0F6D  082E               	movf	DFPlayer_SendCommand@low,w
 11992     0F6E  0226               	subwf	??_DFPlayer_SendCommand+2,w
 11993     0F6F  00A8               	movwf	??_DFPlayer_SendCommand+4
 11994     0F70  1C03               	skipc
 11995     0F71  03A9               	decf	??_DFPlayer_SendCommand+5,f
 11996     0F72  0828               	movf	??_DFPlayer_SendCommand+4,w
 11997     0F73  3EFB               	addlw	251
 11998     0F74  00AB               	movwf	DFPlayer_SendCommand@checksum
 11999     0F75  30FE               	movlw	254
 12000     0F76  3D29               	addwfc	??_DFPlayer_SendCommand+5,w
 12001     0F77  00AC               	movwf	DFPlayer_SendCommand@checksum+1
 12002     0F78                     l4838:
 12003                           
 12004                           ;drivers/dfplayer.c: 22:     dfplayer_uart_write(0x7E);
 12005     0F78  307E               	movlw	126
 12006     0F79  318C  2420  318F   	fcall	_dfplayer_uart_write
 12007     0F7C                     l4840:
 12008                           
 12009                           ;drivers/dfplayer.c: 23:     dfplayer_uart_write(0xFF);
 12010     0F7C  30FF               	movlw	255
 12011     0F7D  318C  2420  318F   	fcall	_dfplayer_uart_write
 12012     0F80                     l4842:
 12013                           
 12014                           ;drivers/dfplayer.c: 24:     dfplayer_uart_write(0x06);
 12015     0F80  3006               	movlw	6
 12016     0F81  318C  2420  318F   	fcall	_dfplayer_uart_write
 12017     0F84                     l4844:
 12018                           
 12019                           ;drivers/dfplayer.c: 25:     dfplayer_uart_write(command);
 12020     0F84  0140               	movlb	0	; select bank0
 12021     0F85  082A               	movf	DFPlayer_SendCommand@command,w
 12022     0F86  318C  2420  318F   	fcall	_dfplayer_uart_write
 12023     0F89                     l4846:
 12024                           
 12025                           ;drivers/dfplayer.c: 26:     dfplayer_uart_write(0x00);
 12026     0F89  3000               	movlw	0
 12027     0F8A  318C  2420  318F   	fcall	_dfplayer_uart_write
 12028     0F8D                     l4848:
 12029                           
 12030                           ;drivers/dfplayer.c: 27:     dfplayer_uart_write(high);
 12031     0F8D  0140               	movlb	0	; select bank0
 12032     0F8E  082D               	movf	DFPlayer_SendCommand@high,w
 12033     0F8F  318C  2420  318F   	fcall	_dfplayer_uart_write
 12034     0F92                     l4850:
 12035                           
 12036                           ;drivers/dfplayer.c: 28:     dfplayer_uart_write(low);
 12037     0F92  0140               	movlb	0	; select bank0
 12038     0F93  082E               	movf	DFPlayer_SendCommand@low,w
 12039     0F94  318C  2420  318F   	fcall	_dfplayer_uart_write
 12040     0F97                     l4852:
 12041                           
 12042                           ;drivers/dfplayer.c: 29:     dfplayer_uart_write(checksum >> 8);
 12043     0F97  0140               	movlb	0	; select bank0
 12044     0F98  082C               	movf	DFPlayer_SendCommand@checksum+1,w
 12045     0F99  318C  2420  318F   	fcall	_dfplayer_uart_write
 12046     0F9C                     l4854:
 12047                           
 12048                           ;drivers/dfplayer.c: 30:     dfplayer_uart_write(checksum & 0xFF);
 12049     0F9C  0140               	movlb	0	; select bank0
 12050     0F9D  082B               	movf	DFPlayer_SendCommand@checksum,w
 12051     0F9E  318C  2420  318F   	fcall	_dfplayer_uart_write
 12052     0FA1                     l4856:
 12053                           
 12054                           ;drivers/dfplayer.c: 31:     dfplayer_uart_write(0xEF);
 12055     0FA1  30EF               	movlw	239
 12056     0FA2  318C  2420  318F   	fcall	_dfplayer_uart_write
 12057     0FA5                     l1002:
 12058     0FA5  0008               	return
 12059     0FA6                     __end_of_DFPlayer_SendCommand:
 12060                           
 12061                           	psect	text47
 12062     0C20                     __ptext47:	
 12063 ;; *************** function _dfplayer_uart_write *****************
 12064 ;; Defined at:
 12065 ;;		line 4 in file "drivers/dfplayer.c"
 12066 ;; Parameters:    Size  Location     Type
 12067 ;;  data            1    wreg     unsigned char 
 12068 ;; Auto vars:     Size  Location     Type
 12069 ;;  data            1    1[BANK0 ] unsigned char 
 12070 ;; Return value:  Size  Location     Type
 12071 ;;                  1    wreg      void 
 12072 ;; Registers used:
 12073 ;;		wreg, status,2, status,0, pclath, cstack
 12074 ;; Tracked objects:
 12075 ;;		On entry : 0/0
 12076 ;;		On exit  : 0/0
 12077 ;;		Unchanged: 0/0
 12078 ;; Data sizes:     COMMON   BANK0   BANK1   BANK2   BANK3   BANK4   BANK5   BANK6   BANK7   BANK8   BANK9  BANK10  BANK1
      +1  BANK12  BANK13  BANK14  BANK15  BANK16  BANK17  BANK18  BANK19  BANK20  BANK21  BANK22  BANK23  BANK24  BANK25
 12079 ;;      Params:         0       0       0       0       0       0       0       0       0       0       0       0       
      +0       0       0       0       0       0       0       0       0       0       0       0       0       0       0
 12080 ;;      Locals:         0       1       0       0       0       0       0       0       0       0       0       0       
      +0       0       0       0       0       0       0       0       0       0       0       0       0       0       0
 12081 ;;      Temps:          0       0       0       0       0       0       0       0       0       0       0       0       
      +0       0       0       0       0       0       0       0       0       0       0       0       0       0       0
 12082 ;;      Totals:         0       1       0       0       0       0       0       0       0       0       0       0       
      +0       0       0       0       0       0       0       0       0       0       0       0       0       0       0
 12083 ;;Total ram usage:        1 bytes
 12084 ;; Hardware stack levels used: 1
 12085 ;; Hardware stack levels required when called: 8
 12086 ;; This function calls:
 12087 ;;		_EUSART1_IsTxReady
 12088 ;;		_EUSART1_Write
 12089 ;; This function is called by:
 12090 ;;		_DFPlayer_SendCommand
 12091 ;; This function uses a non-reentrant model
 12092 ;;
 12093                           
 12094     0C20                     _dfplayer_uart_write:	
 12095                           ;psect for function _dfplayer_uart_write
 12096                           
 12097                           
 12098                           ;incstack = 0
 12099                           ; Regs used in _dfplayer_uart_write: [wreg+status,2+status,0+pclath+cstack]
 12100                           ;dfplayer_uart_write@data stored from wreg
 12101     0C20  0140               	movlb	0	; select bank0
 12102     0C21  00A1               	movwf	dfplayer_uart_write@data
 12103     0C22                     l4604:
 12104     0C22                     l4606:	
 12105                           ;drivers/dfplayer.c: 4: static void dfplayer_uart_write(uint8_t data);drivers/dfplayer.c
      +                          : 5: {;drivers/dfplayer.c: 6:     while (!EUSART1_IsTxReady())
 12106                           
 12107                           
 12108                           ;drivers/dfplayer.c: 6:     while (!EUSART1_IsTxReady())
 12109     0C22  318C  2431  318C   	fcall	_EUSART1_IsTxReady
 12110     0C25  3A00               	xorlw	0
 12111     0C26  1903               	skipnz
 12112     0C27  2C29               	goto	u3401
 12113     0C28  2C2A               	goto	u3400
 12114     0C29                     u3401:
 12115     0C29  2C22               	goto	l4606
 12116     0C2A                     u3400:
 12117     0C2A                     l4608:
 12118                           
 12119                           ;drivers/dfplayer.c: 11:     EUSART1_Write(data);
 12120     0C2A  0140               	movlb	0	; select bank0
 12121     0C2B  0821               	movf	dfplayer_uart_write@data,w
 12122     0C2C  00A0               	movwf	EUSART1_Write@txData
 12123     0C2D  318B  2348  318C   	fcall	_EUSART1_Write
 12124     0C30                     l999:
 12125     0C30  0008               	return
 12126     0C31                     __end_of_dfplayer_uart_write:
 12127                           
 12128                           	psect	text48
 12129     0B48                     __ptext48:	
 12130 ;; *************** function _EUSART1_Write *****************
 12131 ;; Defined at:
 12132 ;;		line 235 in file "mcc_generated_files/uart/src/eusart1.c"
 12133 ;; Parameters:    Size  Location     Type
 12134 ;;  txData          1    0[BANK0 ] unsigned char 
 12135 ;; Auto vars:     Size  Location     Type
 12136 ;;		None
 12137 ;; Return value:  Size  Location     Type
 12138 ;;                  1    wreg      void 
 12139 ;; Registers used:
 12140 ;;		wreg
 12141 ;; Tracked objects:
 12142 ;;		On entry : 0/0
 12143 ;;		On exit  : 0/0
 12144 ;;		Unchanged: 0/0
 12145 ;; Data sizes:     COMMON   BANK0   BANK1   BANK2   BANK3   BANK4   BANK5   BANK6   BANK7   BANK8   BANK9  BANK10  BANK1
      +1  BANK12  BANK13  BANK14  BANK15  BANK16  BANK17  BANK18  BANK19  BANK20  BANK21  BANK22  BANK23  BANK24  BANK25
 12146 ;;      Params:         0       1       0       0       0       0       0       0       0       0       0       0       
      +0       0       0       0       0       0       0       0       0       0       0       0       0       0       0
 12147 ;;      Locals:         0       0       0       0       0       0       0       0       0       0       0       0       
      +0       0       0       0       0       0       0       0       0       0       0       0       0       0       0
 12148 ;;      Temps:          0       0       0       0       0       0       0       0       0       0       0       0       
      +0       0       0       0       0       0       0       0       0       0       0       0       0       0       0
 12149 ;;      Totals:         0       1       0       0       0       0       0       0       0       0       0       0       
      +0       0       0       0       0       0       0       0       0       0       0       0       0       0       0
 12150 ;;Total ram usage:        1 bytes
 12151 ;; Hardware stack levels used: 1
 12152 ;; Hardware stack levels required when called: 7
 12153 ;; This function calls:
 12154 ;;		Nothing
 12155 ;; This function is called by:
 12156 ;;		_dfplayer_uart_write
 12157 ;; This function uses a non-reentrant model
 12158 ;;
 12159                           
 12160     0B48                     _EUSART1_Write:	
 12161                           ;psect for function _EUSART1_Write
 12162                           
 12163     0B48                     l4538:	
 12164                           ;incstack = 0
 12165                           ; Regs used in _EUSART1_Write: [wreg]
 12166                           
 12167                           
 12168                           ;mcc_generated_files/uart/src/eusart1.c: 235: void EUSART1_Write(uint8_t txData);mcc_gen
      +                          erated_files/uart/src/eusart1.c: 236: {;mcc_generated_files/uart/src/eusart1.c: 237:    
      +                           TX1REG = txData;
 12169     0B48  0140               	movlb	0	; select bank0
 12170     0B49  0820               	movf	EUSART1_Write@txData,w
 12171     0B4A  014C               	movlb	12	; select bank12
 12172     0B4B  008D               	movwf	13	;volatile
 12173     0B4C                     l761:
 12174     0B4C  0008               	return
 12175     0B4D                     __end_of_EUSART1_Write:
 12176                           
 12177                           	psect	text49
 12178     0C31                     __ptext49:	
 12179 ;; *************** function _EUSART1_IsTxReady *****************
 12180 ;; Defined at:
 12181 ;;		line 198 in file "mcc_generated_files/uart/src/eusart1.c"
 12182 ;; Parameters:    Size  Location     Type
 12183 ;;		None
 12184 ;; Auto vars:     Size  Location     Type
 12185 ;;		None
 12186 ;; Return value:  Size  Location     Type
 12187 ;;                  1    wreg      _Bool 
 12188 ;; Registers used:
 12189 ;;		wreg, status,2
 12190 ;; Tracked objects:
 12191 ;;		On entry : 0/0
 12192 ;;		On exit  : 0/0
 12193 ;;		Unchanged: 0/0
 12194 ;; Data sizes:     COMMON   BANK0   BANK1   BANK2   BANK3   BANK4   BANK5   BANK6   BANK7   BANK8   BANK9  BANK10  BANK1
      +1  BANK12  BANK13  BANK14  BANK15  BANK16  BANK17  BANK18  BANK19  BANK20  BANK21  BANK22  BANK23  BANK24  BANK25
 12195 ;;      Params:         0       0       0       0       0       0       0       0       0       0       0       0       
      +0       0       0       0       0       0       0       0       0       0       0       0       0       0       0
 12196 ;;      Locals:         0       1       0       0       0       0       0       0       0       0       0       0       
      +0       0       0       0       0       0       0       0       0       0       0       0       0       0       0
 12197 ;;      Temps:          0       0       0       0       0       0       0       0       0       0       0       0       
      +0       0       0       0       0       0       0       0       0       0       0       0       0       0       0
 12198 ;;      Totals:         0       1       0       0       0       0       0       0       0       0       0       0       
      +0       0       0       0       0       0       0       0       0       0       0       0       0       0       0
 12199 ;;Total ram usage:        1 bytes
 12200 ;; Hardware stack levels used: 1
 12201 ;; Hardware stack levels required when called: 7
 12202 ;; This function calls:
 12203 ;;		Nothing
 12204 ;; This function is called by:
 12205 ;;		_dfplayer_uart_write
 12206 ;; This function uses a non-reentrant model
 12207 ;;
 12208                           
 12209     0C31                     _EUSART1_IsTxReady:	
 12210                           ;psect for function _EUSART1_IsTxReady
 12211                           
 12212     0C31                     l4526:	
 12213                           ;incstack = 0
 12214                           ; Regs used in _EUSART1_IsTxReady: [wreg+status,2]
 12215                           
 12216                           
 12217                           ;mcc_generated_files/uart/src/eusart1.c: 200:     return (_Bool)(PIR3bits.TX1IF && TX1ST
      +                          Abits.TXEN);
 12218     0C31  0140               	movlb	0	; select bank0
 12219     0C32  01A0               	clrf	_EUSART1_IsTxReady$1558
 12220     0C33                     l4528:
 12221     0C33  0141               	movlb	1	; select bank1
 12222     0C34  1D0F               	btfss	15,2	;volatile
 12223     0C35  2C37               	goto	u3251
 12224     0C36  2C38               	goto	u3250
 12225     0C37                     u3251:
 12226     0C37  2C40               	goto	l4534
 12227     0C38                     u3250:
 12228     0C38                     l4530:
 12229     0C38  014C               	movlb	12	; select bank12
 12230     0C39  1E91               	btfss	17,5	;volatile
 12231     0C3A  2C3C               	goto	u3261
 12232     0C3B  2C3D               	goto	u3260
 12233     0C3C                     u3261:
 12234     0C3C  2C40               	goto	l4534
 12235     0C3D                     u3260:
 12236     0C3D                     l4532:
 12237     0C3D  0140               	movlb	0	; select bank0
 12238     0C3E  01A0               	clrf	_EUSART1_IsTxReady$1558
 12239     0C3F  0AA0               	incf	_EUSART1_IsTxReady$1558,f
 12240     0C40                     l4534:
 12241     0C40  0140               	movlb	0	; select bank0
 12242     0C41  0820               	movf	_EUSART1_IsTxReady$1558,w
 12243     0C42                     l745:
 12244     0C42  0008               	return
 12245     0C43                     __end_of_EUSART1_IsTxReady:
 12246                           
 12247                           	psect	intentry
 12248     0004                     __pintentry:	
 12249 ;; *************** function _INTERRUPT_InterruptManager *****************
 12250 ;; Defined at:
 12251 ;;		line 59 in file "mcc_generated_files/system/src/interrupt.c"
 12252 ;; Parameters:    Size  Location     Type
 12253 ;;		None
 12254 ;; Auto vars:     Size  Location     Type
 12255 ;;		None
 12256 ;; Return value:  Size  Location     Type
 12257 ;;                  1    wreg      void 
 12258 ;; Registers used:
 12259 ;;		wreg, fsr0l, fsr0h, fsr1l, fsr1h, status,2, status,0, pclath, cstack
 12260 ;; Tracked objects:
 12261 ;;		On entry : 0/0
 12262 ;;		On exit  : 0/0
 12263 ;;		Unchanged: 0/0
 12264 ;; Data sizes:     COMMON   BANK0   BANK1   BANK2   BANK3   BANK4   BANK5   BANK6   BANK7   BANK8   BANK9  BANK10  BANK1
      +1  BANK12  BANK13  BANK14  BANK15  BANK16  BANK17  BANK18  BANK19  BANK20  BANK21  BANK22  BANK23  BANK24  BANK25
 12265 ;;      Params:         0       0       0       0       0       0       0       0       0       0       0       0       
      +0       0       0       0       0       0       0       0       0       0       0       0       0       0       0
 12266 ;;      Locals:         0       0       0       0       0       0       0       0       0       0       0       0       
      +0       0       0       0       0       0       0       0       0       0       0       0       0       0       0
 12267 ;;      Temps:          0       0       0       0       0       0       0       0       0       0       0       0       
      +0       0       0       0       0       0       0       0       0       0       0       0       0       0       0
 12268 ;;      Totals:         0       0       0       0       0       0       0       0       0       0       0       0       
      +0       0       0       0       0       0       0       0       0       0       0       0       0       0       0
 12269 ;;Total ram usage:        0 bytes
 12270 ;; Hardware stack levels used: 1
 12271 ;; Hardware stack levels required when called: 6
 12272 ;; This function calls:
 12273 ;;		_I2C1_ERROR_ISR
 12274 ;;		_I2C1_ISR
 12275 ;;		_PIN_MANAGER_IOC
 12276 ;; This function is called by:
 12277 ;;		Interrupt level 1
 12278 ;; This function uses a non-reentrant model
 12279 ;;
 12280                           
 12281     0004                     _INTERRUPT_InterruptManager:
 12282                           
 12283                           ;incstack = 0
 12284     0004  147E               	bsf	int$flags,0	;set compiler interrupt flag (level 1)
 12285                           
 12286                           ; Regs used in _INTERRUPT_InterruptManager: [wreg-fsr1h+status,2+status,0+pclath+cstack]
 12287     0005  3180               	pagesel	$
 12288     0006                     i1l4360:
 12289                           
 12290                           ;mcc_generated_files/system/src/interrupt.c: 62:     if(PIE0bits.IOCIE == 1 && PIR0bits.
      +                          IOCIF == 1)
 12291     0006  0141               	movlb	1	; select bank1
 12292     0007  1E16               	btfss	22,4	;volatile
 12293     0008  280A               	goto	u298_21
 12294     0009  280B               	goto	u298_20
 12295     000A                     u298_21:
 12296     000A  2813               	goto	i1l492
 12297     000B                     u298_20:
 12298     000B                     i1l4362:
 12299     000B  1E0C               	btfss	12,4	;volatile
 12300     000C  280E               	goto	u299_21
 12301     000D  280F               	goto	u299_20
 12302     000E                     u299_21:
 12303     000E  2813               	goto	i1l492
 12304     000F                     u299_20:
 12305     000F                     i1l4364:
 12306                           
 12307                           ;mcc_generated_files/system/src/interrupt.c: 63:     {;mcc_generated_files/system/src/in
      +                          terrupt.c: 64:         PIN_MANAGER_IOC();
 12308     000F  318A  22F6  3180   	fcall	_PIN_MANAGER_IOC
 12309                           
 12310                           ;mcc_generated_files/system/src/interrupt.c: 65:     }
 12311     0012  282F               	goto	i1l500
 12312     0013                     i1l492:	
 12313                           ;mcc_generated_files/system/src/interrupt.c: 66:     else if(INTCONbits.PEIE == 1)
 12314                           
 12315     0013  1F0B               	btfss	11,6	;volatile
 12316     0014  2816               	goto	u300_21
 12317     0015  2817               	goto	u300_20
 12318     0016                     u300_21:
 12319     0016  282F               	goto	i1l500
 12320     0017                     u300_20:
 12321     0017                     i1l4366:
 12322                           
 12323                           ;mcc_generated_files/system/src/interrupt.c: 67:     {;mcc_generated_files/system/src/in
      +                          terrupt.c: 68:         if(PIE3bits.BCL1IE == 1 && PIR3bits.BCL1IF == 1)
 12324     0017  1F99               	btfss	25,7	;volatile
 12325     0018  281A               	goto	u301_21
 12326     0019  281B               	goto	u301_20
 12327     001A                     u301_21:
 12328     001A  2823               	goto	i1l495
 12329     001B                     u301_20:
 12330     001B                     i1l4368:
 12331     001B  1F8F               	btfss	15,7	;volatile
 12332     001C  281E               	goto	u302_21
 12333     001D  281F               	goto	u302_20
 12334     001E                     u302_21:
 12335     001E  2823               	goto	i1l495
 12336     001F                     u302_20:
 12337     001F                     i1l4370:
 12338                           
 12339                           ;mcc_generated_files/system/src/interrupt.c: 69:         {;mcc_generated_files/system/sr
      +                          c/interrupt.c: 70:             I2C1_ERROR_ISR();
 12340     001F  318B  2326  3180   	fcall	_I2C1_ERROR_ISR
 12341                           
 12342                           ;mcc_generated_files/system/src/interrupt.c: 71:         }
 12343     0022  282F               	goto	i1l500
 12344     0023                     i1l495:	
 12345                           ;mcc_generated_files/system/src/interrupt.c: 72:         else if(PIE3bits.SSP1IE == 1 &&
      +                           PIR3bits.SSP1IF == 1)
 12346                           
 12347     0023  1F19               	btfss	25,6	;volatile
 12348     0024  2826               	goto	u303_21
 12349     0025  2827               	goto	u303_20
 12350     0026                     u303_21:
 12351     0026  282F               	goto	i1l499
 12352     0027                     u303_20:
 12353     0027                     i1l4372:
 12354     0027  1F0F               	btfss	15,6	;volatile
 12355     0028  282A               	goto	u304_21
 12356     0029  282B               	goto	u304_20
 12357     002A                     u304_21:
 12358     002A  282F               	goto	i1l499
 12359     002B                     u304_20:
 12360     002B                     i1l4374:
 12361                           
 12362                           ;mcc_generated_files/system/src/interrupt.c: 73:         {;mcc_generated_files/system/sr
      +                          c/interrupt.c: 74:             I2C1_ISR();
 12363     002B  318B  232A  3180   	fcall	_I2C1_ISR
 12364                           
 12365                           ;mcc_generated_files/system/src/interrupt.c: 75:         }
 12366     002E  282F               	goto	i1l500
 12367     002F                     i1l499:	
 12368                           ;mcc_generated_files/system/src/interrupt.c: 82:     {;mcc_generated_files/system/src/in
      +                          terrupt.c: 84:     }
 12369                           
 12370     002F                     i1l500:
 12371     002F  107E               	bcf	int$flags,0	;clear compiler interrupt flag (level 1)
 12372     0030  0009               	retfie
 12373     0031                     __end_of_INTERRUPT_InterruptManager:
 12374                           
 12375                           	psect	text51
 12376     0AF6                     __ptext51:	
 12377 ;; *************** function _PIN_MANAGER_IOC *****************
 12378 ;; Defined at:
 12379 ;;		line 138 in file "mcc_generated_files/system/src/pins.c"
 12380 ;; Parameters:    Size  Location     Type
 12381 ;;		None
 12382 ;; Auto vars:     Size  Location     Type
 12383 ;;		None
 12384 ;; Return value:  Size  Location     Type
 12385 ;;                  1    wreg      void 
 12386 ;; Registers used:
 12387 ;;		None
 12388 ;; Tracked objects:
 12389 ;;		On entry : 0/0
 12390 ;;		On exit  : 0/0
 12391 ;;		Unchanged: 0/0
 12392 ;; Data sizes:     COMMON   BANK0   BANK1   BANK2   BANK3   BANK4   BANK5   BANK6   BANK7   BANK8   BANK9  BANK10  BANK1
      +1  BANK12  BANK13  BANK14  BANK15  BANK16  BANK17  BANK18  BANK19  BANK20  BANK21  BANK22  BANK23  BANK24  BANK25
 12393 ;;      Params:         0       0       0       0       0       0       0       0       0       0       0       0       
      +0       0       0       0       0       0       0       0       0       0       0       0       0       0       0
 12394 ;;      Locals:         0       0       0       0       0       0       0       0       0       0       0       0       
      +0       0       0       0       0       0       0       0       0       0       0       0       0       0       0
 12395 ;;      Temps:          0       0       0       0       0       0       0       0       0       0       0       0       
      +0       0       0       0       0       0       0       0       0       0       0       0       0       0       0
 12396 ;;      Totals:         0       0       0       0       0       0       0       0       0       0       0       0       
      +0       0       0       0       0       0       0       0       0       0       0       0       0       0       0
 12397 ;;Total ram usage:        0 bytes
 12398 ;; Hardware stack levels used: 1
 12399 ;; This function calls:
 12400 ;;		Nothing
 12401 ;; This function is called by:
 12402 ;;		_INTERRUPT_InterruptManager
 12403 ;; This function uses a non-reentrant model
 12404 ;;
 12405                           
 12406     0AF6                     _PIN_MANAGER_IOC:	
 12407                           ;psect for function _PIN_MANAGER_IOC
 12408                           
 12409     0AF6                     i1l631:	
 12410                           ;incstack = 0
 12411                           ; Regs used in _PIN_MANAGER_IOC: []
 12412                           
 12413     0AF6  0008               	return
 12414     0AF7                     __end_of_PIN_MANAGER_IOC:
 12415                           
 12416                           	psect	text52
 12417     0B2A                     __ptext52:	
 12418 ;; *************** function _I2C1_ISR *****************
 12419 ;; Defined at:
 12420 ;;		line 219 in file "mcc_generated_files/i2c_host/src/mssp1.c"
 12421 ;; Parameters:    Size  Location     Type
 12422 ;;		None
 12423 ;; Auto vars:     Size  Location     Type
 12424 ;;		None
 12425 ;; Return value:  Size  Location     Type
 12426 ;;                  1    wreg      void 
 12427 ;; Registers used:
 12428 ;;		wreg, fsr0l, fsr0h, fsr1l, fsr1h, status,2, status,0, pclath, cstack
 12429 ;; Tracked objects:
 12430 ;;		On entry : 0/0
 12431 ;;		On exit  : 0/0
 12432 ;;		Unchanged: 0/0
 12433 ;; Data sizes:     COMMON   BANK0   BANK1   BANK2   BANK3   BANK4   BANK5   BANK6   BANK7   BANK8   BANK9  BANK10  BANK1
      +1  BANK12  BANK13  BANK14  BANK15  BANK16  BANK17  BANK18  BANK19  BANK20  BANK21  BANK22  BANK23  BANK24  BANK25
 12434 ;;      Params:         0       0       0       0       0       0       0       0       0       0       0       0       
      +0       0       0       0       0       0       0       0       0       0       0       0       0       0       0
 12435 ;;      Locals:         0       0       0       0       0       0       0       0       0       0       0       0       
      +0       0       0       0       0       0       0       0       0       0       0       0       0       0       0
 12436 ;;      Temps:          0       0       0       0       0       0       0       0       0       0       0       0       
      +0       0       0       0       0       0       0       0       0       0       0       0       0       0       0
 12437 ;;      Totals:         0       0       0       0       0       0       0       0       0       0       0       0       
      +0       0       0       0       0       0       0       0       0       0       0       0       0       0       0
 12438 ;;Total ram usage:        0 bytes
 12439 ;; Hardware stack levels used: 1
 12440 ;; Hardware stack levels required when called: 5
 12441 ;; This function calls:
 12442 ;;		_I2C1_EventHandler
 12443 ;; This function is called by:
 12444 ;;		_INTERRUPT_InterruptManager
 12445 ;; This function uses a non-reentrant model
 12446 ;;
 12447                           
 12448     0B2A                     _I2C1_ISR:	
 12449                           ;psect for function _I2C1_ISR
 12450                           
 12451     0B2A                     i1l4228:	
 12452                           ;incstack = 0
 12453                           ; Regs used in _I2C1_ISR: [wreg-fsr1h+status,2+status,0+pclath+cstack]
 12454                           
 12455                           
 12456                           ;mcc_generated_files/i2c_host/src/mssp1.c: 221:     I2C1_EventHandler();
 12457     0B2A  318E  2683  318B   	fcall	_I2C1_EventHandler
 12458     0B2D                     i1l311:
 12459     0B2D  0008               	return
 12460     0B2E                     __end_of_I2C1_ISR:
 12461                           
 12462                           	psect	text53
 12463     0E83                     __ptext53:	
 12464 ;; *************** function _I2C1_EventHandler *****************
 12465 ;; Defined at:
 12466 ;;		line 256 in file "mcc_generated_files/i2c_host/src/mssp1.c"
 12467 ;; Parameters:    Size  Location     Type
 12468 ;;		None
 12469 ;; Auto vars:     Size  Location     Type
 12470 ;;		None
 12471 ;; Return value:  Size  Location     Type
 12472 ;;                  1    wreg      void 
 12473 ;; Registers used:
 12474 ;;		wreg, fsr0l, fsr0h, fsr1l, fsr1h, status,2, status,0, pclath, cstack
 12475 ;; Tracked objects:
 12476 ;;		On entry : 0/0
 12477 ;;		On exit  : 0/0
 12478 ;;		Unchanged: 0/0
 12479 ;; Data sizes:     COMMON   BANK0   BANK1   BANK2   BANK3   BANK4   BANK5   BANK6   BANK7   BANK8   BANK9  BANK10  BANK1
      +1  BANK12  BANK13  BANK14  BANK15  BANK16  BANK17  BANK18  BANK19  BANK20  BANK21  BANK22  BANK23  BANK24  BANK25
 12480 ;;      Params:         0       0       0       0       0       0       0       0       0       0       0       0       
      +0       0       0       0       0       0       0       0       0       0       0       0       0       0       0
 12481 ;;      Locals:         0       0       0       0       0       0       0       0       0       0       0       0       
      +0       0       0       0       0       0       0       0       0       0       0       0       0       0       0
 12482 ;;      Temps:          2       0       0       0       0       0       0       0       0       0       0       0       
      +0       0       0       0       0       0       0       0       0       0       0       0       0       0       0
 12483 ;;      Totals:         2       0       0       0       0       0       0       0       0       0       0       0       
      +0       0       0       0       0       0       0       0       0       0       0       0       0       0       0
 12484 ;;Total ram usage:        2 bytes
 12485 ;; Hardware stack levels used: 1
 12486 ;; Hardware stack levels required when called: 4
 12487 ;; This function calls:
 12488 ;;		_I2C1_EVENT_ERROR
 12489 ;;		_I2C1_EVENT_IDLE
 12490 ;;		_I2C1_EVENT_NACK
 12491 ;;		_I2C1_EVENT_RESET
 12492 ;;		_I2C1_EVENT_RX
 12493 ;;		_I2C1_EVENT_SEND_RD_ADDR
 12494 ;;		_I2C1_EVENT_SEND_WR_ADDR
 12495 ;;		_I2C1_EVENT_STOP
 12496 ;;		_I2C1_EVENT_TX
 12497 ;;		_I2C1_InterruptClear
 12498 ;;		_I2C1_IsAddr
 12499 ;;		_I2C1_IsData
 12500 ;;		_I2C1_IsNack
 12501 ;; This function is called by:
 12502 ;;		_I2C1_ISR
 12503 ;; This function uses a non-reentrant model
 12504 ;;
 12505                           
 12506     0E83                     _I2C1_EventHandler:	
 12507                           ;psect for function _I2C1_EventHandler
 12508                           
 12509     0E83                     i1l3894:	
 12510                           ;incstack = 0
 12511                           ; Regs used in _I2C1_EventHandler: [wreg-fsr1h+status,2+status,0+pclath+cstack]
 12512                           
 12513                           
 12514                           ;mcc_generated_files/i2c_host/src/mssp1.c: 258:     I2C1_InterruptClear();
 12515     0E83  318A  22FC  318E   	fcall	_I2C1_InterruptClear
 12516     0E86                     i1l3896:
 12517                           
 12518                           ;mcc_generated_files/i2c_host/src/mssp1.c: 259:     if (I2C1_IsAddr() && I2C1_IsNack())
 12519     0E86  318B  2389  318E   	fcall	_I2C1_IsAddr
 12520     0E89  3A00               	xorlw	0
 12521     0E8A  1903               	skipnz
 12522     0E8B  2E8D               	goto	u255_21
 12523     0E8C  2E8E               	goto	u255_20
 12524     0E8D                     u255_21:
 12525     0E8D  2E9C               	goto	i1l3902
 12526     0E8E                     u255_20:
 12527     0E8E                     i1l3898:
 12528     0E8E  318B  2363  318E   	fcall	_I2C1_IsNack
 12529     0E91  3A00               	xorlw	0
 12530     0E92  1903               	skipnz
 12531     0E93  2E95               	goto	u256_21
 12532     0E94  2E96               	goto	u256_20
 12533     0E95                     u256_21:
 12534     0E95  2E9C               	goto	i1l3902
 12535     0E96                     u256_20:
 12536     0E96                     i1l3900:
 12537                           
 12538                           ;mcc_generated_files/i2c_host/src/mssp1.c: 260:     {;mcc_generated_files/i2c_host/src/m
      +                          ssp1.c: 261:         i2c1Status.state = I2C_STATE_NACK;
 12539     0E96  3005               	movlw	5
 12540     0E97  0140               	movlb	0	; select bank0
 12541     0E98  00EC               	movwf	_i2c1Status+13	;volatile
 12542                           
 12543                           ;mcc_generated_files/i2c_host/src/mssp1.c: 262:         i2c1Status.errorState = I2C_ERRO
      +                          R_ADDR_NACK;
 12544     0E99  3001               	movlw	1
 12545     0E9A  00EB               	movwf	_i2c1Status+12	;volatile
 12546                           
 12547                           ;mcc_generated_files/i2c_host/src/mssp1.c: 263:     }
 12548     0E9B  2EB1               	goto	i1l3908
 12549     0E9C                     i1l3902:
 12550     0E9C  318B  2343  318E   	fcall	_I2C1_IsData
 12551     0E9F  3A00               	xorlw	0
 12552     0EA0  1903               	skipnz
 12553     0EA1  2EA3               	goto	u257_21
 12554     0EA2  2EA4               	goto	u257_20
 12555     0EA3                     u257_21:
 12556     0EA3  2EB1               	goto	i1l3908
 12557     0EA4                     u257_20:
 12558     0EA4                     i1l3904:
 12559     0EA4  318B  2363  318E   	fcall	_I2C1_IsNack
 12560     0EA7  3A00               	xorlw	0
 12561     0EA8  1903               	skipnz
 12562     0EA9  2EAB               	goto	u258_21
 12563     0EAA  2EAC               	goto	u258_20
 12564     0EAB                     u258_21:
 12565     0EAB  2EB1               	goto	i1l3908
 12566     0EAC                     u258_20:
 12567     0EAC                     i1l3906:
 12568                           
 12569                           ;mcc_generated_files/i2c_host/src/mssp1.c: 265:     {;mcc_generated_files/i2c_host/src/m
      +                          ssp1.c: 266:         i2c1Status.state = I2C_STATE_NACK;
 12570     0EAC  3005               	movlw	5
 12571     0EAD  0140               	movlb	0	; select bank0
 12572     0EAE  00EC               	movwf	_i2c1Status+13	;volatile
 12573                           
 12574                           ;mcc_generated_files/i2c_host/src/mssp1.c: 267:         i2c1Status.errorState = I2C_ERRO
      +                          R_DATA_NACK;
 12575     0EAF  3002               	movlw	2
 12576     0EB0  00EB               	movwf	_i2c1Status+12	;volatile
 12577     0EB1                     i1l3908:
 12578                           
 12579                           ;mcc_generated_files/i2c_host/src/mssp1.c: 269:     i2c1Status.state = i2c1_eventTable[i
      +                          2c1Status.state]();
 12580     0EB1  0140               	movlb	0	; select bank0
 12581     0EB2  086C               	movf	_i2c1Status+13,w	;volatile
 12582     0EB3  00FA               	movwf	??_I2C1_EventHandler
 12583     0EB4  01FB               	clrf	??_I2C1_EventHandler+1
 12584     0EB5  35FA               	lslf	??_I2C1_EventHandler,f
 12585     0EB6  0DFB               	rlf	??_I2C1_EventHandler+1,f
 12586     0EB7  3074               	movlw	low _i2c1_eventTable
 12587     0EB8  077A               	addwf	??_I2C1_EventHandler,w
 12588     0EB9  0084               	movwf	4
 12589     0EBA  3010               	movlw	high _i2c1_eventTable
 12590     0EBB  3D7B               	addwfc	??_I2C1_EventHandler+1,w
 12591     0EBC  3880               	iorlw	128
 12592     0EBD  0085               	movwf	5
 12593     0EBE  3F01               	moviw [1]fsr0
 12594     0EBF  008A               	movwf	10
 12595     0EC0  3F00               	moviw [0]fsr0
 12596     0EC1  000A               	callw
 12597     0EC2  318E               	pagesel	$
 12598     0EC3  0140               	movlb	0	; select bank0
 12599     0EC4  00EC               	movwf	_i2c1Status+13	;volatile
 12600     0EC5                     i1l329:
 12601     0EC5  0008               	return
 12602     0EC6                     __end_of_I2C1_EventHandler:
 12603                           
 12604                           	psect	text54
 12605     0B63                     __ptext54:	
 12606 ;; *************** function _I2C1_IsNack *****************
 12607 ;; Defined at:
 12608 ;;		line 447 in file "mcc_generated_files/i2c_host/src/mssp1.c"
 12609 ;; Parameters:    Size  Location     Type
 12610 ;;		None
 12611 ;; Auto vars:     Size  Location     Type
 12612 ;;		None
 12613 ;; Return value:  Size  Location     Type
 12614 ;;                  1    wreg      _Bool 
 12615 ;; Registers used:
 12616 ;;		wreg, status,2, status,0
 12617 ;; Tracked objects:
 12618 ;;		On entry : 0/0
 12619 ;;		On exit  : 0/0
 12620 ;;		Unchanged: 0/0
 12621 ;; Data sizes:     COMMON   BANK0   BANK1   BANK2   BANK3   BANK4   BANK5   BANK6   BANK7   BANK8   BANK9  BANK10  BANK1
      +1  BANK12  BANK13  BANK14  BANK15  BANK16  BANK17  BANK18  BANK19  BANK20  BANK21  BANK22  BANK23  BANK24  BANK25
 12622 ;;      Params:         0       0       0       0       0       0       0       0       0       0       0       0       
      +0       0       0       0       0       0       0       0       0       0       0       0       0       0       0
 12623 ;;      Locals:         0       0       0       0       0       0       0       0       0       0       0       0       
      +0       0       0       0       0       0       0       0       0       0       0       0       0       0       0
 12624 ;;      Temps:          0       0       0       0       0       0       0       0       0       0       0       0       
      +0       0       0       0       0       0       0       0       0       0       0       0       0       0       0
 12625 ;;      Totals:         0       0       0       0       0       0       0       0       0       0       0       0       
      +0       0       0       0       0       0       0       0       0       0       0       0       0       0       0
 12626 ;;Total ram usage:        0 bytes
 12627 ;; Hardware stack levels used: 1
 12628 ;; This function calls:
 12629 ;;		Nothing
 12630 ;; This function is called by:
 12631 ;;		_I2C1_EventHandler
 12632 ;; This function uses a non-reentrant model
 12633 ;;
 12634                           
 12635     0B63                     _I2C1_IsNack:	
 12636                           ;psect for function _I2C1_IsNack
 12637                           
 12638     0B63                     i1l3536:	
 12639                           ;incstack = 0
 12640                           ; Regs used in _I2C1_IsNack: [wreg+status,2+status,0]
 12641                           
 12642                           
 12643                           ;mcc_generated_files/i2c_host/src/mssp1.c: 449:     return SSP1CON2bits.ACKSTAT;
 12644     0B63  014D               	movlb	13	; select bank13
 12645     0B64  0E11               	swapf	17,w	;volatile
 12646     0B65  0C89               	rrf	9,f
 12647     0B66  0C89               	rrf	9,f
 12648     0B67  3901               	andlw	1
 12649     0B68                     i1l404:
 12650     0B68  0008               	return
 12651     0B69                     __end_of_I2C1_IsNack:
 12652                           
 12653                           	psect	text55
 12654     0B43                     __ptext55:	
 12655 ;; *************** function _I2C1_IsData *****************
 12656 ;; Defined at:
 12657 ;;		line 452 in file "mcc_generated_files/i2c_host/src/mssp1.c"
 12658 ;; Parameters:    Size  Location     Type
 12659 ;;		None
 12660 ;; Auto vars:     Size  Location     Type
 12661 ;;		None
 12662 ;; Return value:  Size  Location     Type
 12663 ;;                  1    wreg      _Bool 
 12664 ;; Registers used:
 12665 ;;		wreg, status,2, status,0
 12666 ;; Tracked objects:
 12667 ;;		On entry : 0/0
 12668 ;;		On exit  : 0/0
 12669 ;;		Unchanged: 0/0
 12670 ;; Data sizes:     COMMON   BANK0   BANK1   BANK2   BANK3   BANK4   BANK5   BANK6   BANK7   BANK8   BANK9  BANK10  BANK1
      +1  BANK12  BANK13  BANK14  BANK15  BANK16  BANK17  BANK18  BANK19  BANK20  BANK21  BANK22  BANK23  BANK24  BANK25
 12671 ;;      Params:         0       0       0       0       0       0       0       0       0       0       0       0       
      +0       0       0       0       0       0       0       0       0       0       0       0       0       0       0
 12672 ;;      Locals:         0       0       0       0       0       0       0       0       0       0       0       0       
      +0       0       0       0       0       0       0       0       0       0       0       0       0       0       0
 12673 ;;      Temps:          0       0       0       0       0       0       0       0       0       0       0       0       
      +0       0       0       0       0       0       0       0       0       0       0       0       0       0       0
 12674 ;;      Totals:         0       0       0       0       0       0       0       0       0       0       0       0       
      +0       0       0       0       0       0       0       0       0       0       0       0       0       0       0
 12675 ;;Total ram usage:        0 bytes
 12676 ;; Hardware stack levels used: 1
 12677 ;; This function calls:
 12678 ;;		Nothing
 12679 ;; This function is called by:
 12680 ;;		_I2C1_EventHandler
 12681 ;; This function uses a non-reentrant model
 12682 ;;
 12683                           
 12684     0B43                     _I2C1_IsData:	
 12685                           ;psect for function _I2C1_IsData
 12686                           
 12687     0B43                     i1l3540:	
 12688                           ;incstack = 0
 12689                           ; Regs used in _I2C1_IsData: [wreg+status,2+status,0]
 12690                           
 12691                           
 12692                           ;mcc_generated_files/i2c_host/src/mssp1.c: 454:     return (SSP1STATbits.D_nA);
 12693     0B43  014D               	movlb	13	; select bank13
 12694     0B44  0E0F               	swapf	15,w	;volatile
 12695     0B45  0C89               	rrf	9,f
 12696     0B46  3901               	andlw	1
 12697     0B47                     i1l407:
 12698     0B47  0008               	return
 12699     0B48                     __end_of_I2C1_IsData:
 12700                           
 12701                           	psect	text56
 12702     0B89                     __ptext56:	
 12703 ;; *************** function _I2C1_IsAddr *****************
 12704 ;; Defined at:
 12705 ;;		line 457 in file "mcc_generated_files/i2c_host/src/mssp1.c"
 12706 ;; Parameters:    Size  Location     Type
 12707 ;;		None
 12708 ;; Auto vars:     Size  Location     Type
 12709 ;;		None
 12710 ;; Return value:  Size  Location     Type
 12711 ;;                  1    wreg      _Bool 
 12712 ;; Registers used:
 12713 ;;		wreg, status,0
 12714 ;; Tracked objects:
 12715 ;;		On entry : 0/0
 12716 ;;		On exit  : 0/0
 12717 ;;		Unchanged: 0/0
 12718 ;; Data sizes:     COMMON   BANK0   BANK1   BANK2   BANK3   BANK4   BANK5   BANK6   BANK7   BANK8   BANK9  BANK10  BANK1
      +1  BANK12  BANK13  BANK14  BANK15  BANK16  BANK17  BANK18  BANK19  BANK20  BANK21  BANK22  BANK23  BANK24  BANK25
 12719 ;;      Params:         0       0       0       0       0       0       0       0       0       0       0       0       
      +0       0       0       0       0       0       0       0       0       0       0       0       0       0       0
 12720 ;;      Locals:         0       0       0       0       0       0       0       0       0       0       0       0       
      +0       0       0       0       0       0       0       0       0       0       0       0       0       0       0
 12721 ;;      Temps:          0       0       0       0       0       0       0       0       0       0       0       0       
      +0       0       0       0       0       0       0       0       0       0       0       0       0       0       0
 12722 ;;      Totals:         0       0       0       0       0       0       0       0       0       0       0       0       
      +0       0       0       0       0       0       0       0       0       0       0       0       0       0       0
 12723 ;;Total ram usage:        0 bytes
 12724 ;; Hardware stack levels used: 1
 12725 ;; This function calls:
 12726 ;;		Nothing
 12727 ;; This function is called by:
 12728 ;;		_I2C1_EventHandler
 12729 ;; This function uses a non-reentrant model
 12730 ;;
 12731                           
 12732     0B89                     _I2C1_IsAddr:	
 12733                           ;psect for function _I2C1_IsAddr
 12734                           
 12735     0B89                     i1l3532:	
 12736                           ;incstack = 0
 12737                           ; Regs used in _I2C1_IsAddr: [wreg+status,0]
 12738                           
 12739                           
 12740                           ;mcc_generated_files/i2c_host/src/mssp1.c: 459:     return !(SSP1STATbits.D_nA);
 12741     0B89  1003               	clrc
 12742     0B8A  014D               	movlb	13	; select bank13
 12743     0B8B  1E8F               	btfss	15,5	;volatile
 12744     0B8C  1403               	setc
 12745     0B8D  3000               	movlw	0
 12746     0B8E  3D09               	addwfc	9,w
 12747     0B8F                     i1l410:
 12748     0B8F  0008               	return
 12749     0B90                     __end_of_I2C1_IsAddr:
 12750                           
 12751                           	psect	text57
 12752     0B26                     __ptext57:	
 12753 ;; *************** function _I2C1_ERROR_ISR *****************
 12754 ;; Defined at:
 12755 ;;		line 224 in file "mcc_generated_files/i2c_host/src/mssp1.c"
 12756 ;; Parameters:    Size  Location     Type
 12757 ;;		None
 12758 ;; Auto vars:     Size  Location     Type
 12759 ;;		None
 12760 ;; Return value:  Size  Location     Type
 12761 ;;                  1    wreg      void 
 12762 ;; Registers used:
 12763 ;;		wreg, fsr0l, fsr0h, fsr1l, fsr1h, status,2, status,0, pclath, cstack
 12764 ;; Tracked objects:
 12765 ;;		On entry : 0/0
 12766 ;;		On exit  : 0/0
 12767 ;;		Unchanged: 0/0
 12768 ;; Data sizes:     COMMON   BANK0   BANK1   BANK2   BANK3   BANK4   BANK5   BANK6   BANK7   BANK8   BANK9  BANK10  BANK1
      +1  BANK12  BANK13  BANK14  BANK15  BANK16  BANK17  BANK18  BANK19  BANK20  BANK21  BANK22  BANK23  BANK24  BANK25
 12769 ;;      Params:         0       0       0       0       0       0       0       0       0       0       0       0       
      +0       0       0       0       0       0       0       0       0       0       0       0       0       0       0
 12770 ;;      Locals:         0       0       0       0       0       0       0       0       0       0       0       0       
      +0       0       0       0       0       0       0       0       0       0       0       0       0       0       0
 12771 ;;      Temps:          0       0       0       0       0       0       0       0       0       0       0       0       
      +0       0       0       0       0       0       0       0       0       0       0       0       0       0       0
 12772 ;;      Totals:         0       0       0       0       0       0       0       0       0       0       0       0       
      +0       0       0       0       0       0       0       0       0       0       0       0       0       0       0
 12773 ;;Total ram usage:        0 bytes
 12774 ;; Hardware stack levels used: 1
 12775 ;; Hardware stack levels required when called: 5
 12776 ;; This function calls:
 12777 ;;		_I2C1_ErrorEventHandler
 12778 ;; This function is called by:
 12779 ;;		_INTERRUPT_InterruptManager
 12780 ;; This function uses a non-reentrant model
 12781 ;;
 12782                           
 12783     0B26                     _I2C1_ERROR_ISR:	
 12784                           ;psect for function _I2C1_ERROR_ISR
 12785                           
 12786     0B26                     i1l4230:	
 12787                           ;incstack = 0
 12788                           ; Regs used in _I2C1_ERROR_ISR: [wreg-fsr1h+status,2+status,0+pclath+cstack]
 12789                           
 12790                           
 12791                           ;mcc_generated_files/i2c_host/src/mssp1.c: 226:     I2C1_ErrorEventHandler();
 12792     0B26  3187  27D8  318B   	fcall	_I2C1_ErrorEventHandler
 12793     0B29                     i1l314:
 12794     0B29  0008               	return
 12795     0B2A                     __end_of_I2C1_ERROR_ISR:
 12796                           
 12797                           	psect	text58
 12798     07D8                     __ptext58:	
 12799 ;; *************** function _I2C1_ErrorEventHandler *****************
 12800 ;; Defined at:
 12801 ;;		line 272 in file "mcc_generated_files/i2c_host/src/mssp1.c"
 12802 ;; Parameters:    Size  Location     Type
 12803 ;;		None
 12804 ;; Auto vars:     Size  Location     Type
 12805 ;;		None
 12806 ;; Return value:  Size  Location     Type
 12807 ;;                  1    wreg      void 
 12808 ;; Registers used:
 12809 ;;		wreg, fsr0l, fsr0h, fsr1l, fsr1h, status,2, status,0, pclath, cstack
 12810 ;; Tracked objects:
 12811 ;;		On entry : 0/0
 12812 ;;		On exit  : 0/0
 12813 ;;		Unchanged: 0/0
 12814 ;; Data sizes:     COMMON   BANK0   BANK1   BANK2   BANK3   BANK4   BANK5   BANK6   BANK7   BANK8   BANK9  BANK10  BANK1
      +1  BANK12  BANK13  BANK14  BANK15  BANK16  BANK17  BANK18  BANK19  BANK20  BANK21  BANK22  BANK23  BANK24  BANK25
 12815 ;;      Params:         0       0       0       0       0       0       0       0       0       0       0       0       
      +0       0       0       0       0       0       0       0       0       0       0       0       0       0       0
 12816 ;;      Locals:         0       0       0       0       0       0       0       0       0       0       0       0       
      +0       0       0       0       0       0       0       0       0       0       0       0       0       0       0
 12817 ;;      Temps:          2       0       0       0       0       0       0       0       0       0       0       0       
      +0       0       0       0       0       0       0       0       0       0       0       0       0       0       0
 12818 ;;      Totals:         2       0       0       0       0       0       0       0       0       0       0       0       
      +0       0       0       0       0       0       0       0       0       0       0       0       0       0       0
 12819 ;;Total ram usage:        2 bytes
 12820 ;; Hardware stack levels used: 1
 12821 ;; Hardware stack levels required when called: 4
 12822 ;; This function calls:
 12823 ;;		NULL
 12824 ;;		_I2C1_DefaultCallback
 12825 ;;		_I2C1_EVENT_ERROR
 12826 ;;		_I2C1_EVENT_IDLE
 12827 ;;		_I2C1_EVENT_NACK
 12828 ;;		_I2C1_EVENT_RESET
 12829 ;;		_I2C1_EVENT_RX
 12830 ;;		_I2C1_EVENT_SEND_RD_ADDR
 12831 ;;		_I2C1_EVENT_SEND_WR_ADDR
 12832 ;;		_I2C1_EVENT_STOP
 12833 ;;		_I2C1_EVENT_TX
 12834 ;;		_I2C1_ErrorInterruptClear
 12835 ;; This function is called by:
 12836 ;;		_I2C1_ERROR_ISR
 12837 ;; This function uses a non-reentrant model
 12838 ;;
 12839                           
 12840     07D8                     _I2C1_ErrorEventHandler:	
 12841                           ;psect for function _I2C1_ErrorEventHandler
 12842                           
 12843     07D8                     i1l3910:	
 12844                           ;incstack = 0
 12845                           ; Regs used in _I2C1_ErrorEventHandler: [wreg-fsr1h+status,2+status,0+pclath+cstack]
 12846                           
 12847                           
 12848                           ;mcc_generated_files/i2c_host/src/mssp1.c: 274:     i2c1Status.state = I2C_STATE_ERROR;
 12849     07D8  3006               	movlw	6
 12850     07D9  0140               	movlb	0	; select bank0
 12851     07DA  00EC               	movwf	_i2c1Status+13	;volatile
 12852                           
 12853                           ;mcc_generated_files/i2c_host/src/mssp1.c: 275:     i2c1Status.errorState = I2C_ERROR_BU
      +                          S_COLLISION;
 12854     07DB  3003               	movlw	3
 12855     07DC  00EB               	movwf	_i2c1Status+12	;volatile
 12856     07DD                     i1l3912:
 12857                           
 12858                           ;mcc_generated_files/i2c_host/src/mssp1.c: 276:     I2C1_ErrorInterruptClear();
 12859     07DD  318A  22F9  3187   	fcall	_I2C1_ErrorInterruptClear
 12860     07E0                     i1l3914:
 12861                           
 12862                           ;mcc_generated_files/i2c_host/src/mssp1.c: 277:     i2c1Status.state = i2c1_eventTable[i
      +                          2c1Status.state]();
 12863     07E0  0140               	movlb	0	; select bank0
 12864     07E1  086C               	movf	_i2c1Status+13,w	;volatile
 12865     07E2  00FA               	movwf	??_I2C1_ErrorEventHandler
 12866     07E3  01FB               	clrf	??_I2C1_ErrorEventHandler+1
 12867     07E4  35FA               	lslf	??_I2C1_ErrorEventHandler,f
 12868     07E5  0DFB               	rlf	??_I2C1_ErrorEventHandler+1,f
 12869     07E6  3074               	movlw	low _i2c1_eventTable
 12870     07E7  077A               	addwf	??_I2C1_ErrorEventHandler,w
 12871     07E8  0084               	movwf	4
 12872     07E9  3010               	movlw	high _i2c1_eventTable
 12873     07EA  3D7B               	addwfc	??_I2C1_ErrorEventHandler+1,w
 12874     07EB  3880               	iorlw	128
 12875     07EC  0085               	movwf	5
 12876     07ED  3F01               	moviw [1]fsr0
 12877     07EE  008A               	movwf	10
 12878     07EF  3F00               	moviw [0]fsr0
 12879     07F0  000A               	callw
 12880     07F1  3187               	pagesel	$
 12881     07F2  0140               	movlb	0	; select bank0
 12882     07F3  00EC               	movwf	_i2c1Status+13	;volatile
 12883     07F4                     i1l3916:
 12884                           
 12885                           ;mcc_generated_files/i2c_host/src/mssp1.c: 278:     I2C1_Callback();
 12886     07F4  0141               	movlb	1	; select bank1
 12887     07F5  086C               	movf	(_I2C1_Callback+1)^(0+128),w
 12888     07F6  008A               	movwf	10
 12889     07F7  086B               	movf	_I2C1_Callback^(0+128),w
 12890     07F8  000A               	callw
 12891     07F9  3187               	pagesel	$
 12892     07FA                     i1l332:
 12893     07FA  0008               	return
 12894     07FB                     __end_of_I2C1_ErrorEventHandler:
 12895                           
 12896                           	psect	text59
 12897     0B82                     __ptext59:	
 12898 ;; *************** function _I2C1_EVENT_RESET *****************
 12899 ;; Defined at:
 12900 ;;		line 384 in file "mcc_generated_files/i2c_host/src/mssp1.c"
 12901 ;; Parameters:    Size  Location     Type
 12902 ;;		None
 12903 ;; Auto vars:     Size  Location     Type
 12904 ;;		None
 12905 ;; Return value:  Size  Location     Type
 12906 ;;                  1    wreg      enum E8072
 12907 ;; Registers used:
 12908 ;;		wreg, status,2, status,0, pclath, cstack
 12909 ;; Tracked objects:
 12910 ;;		On entry : 0/0
 12911 ;;		On exit  : 0/0
 12912 ;;		Unchanged: 0/0
 12913 ;; Data sizes:     COMMON   BANK0   BANK1   BANK2   BANK3   BANK4   BANK5   BANK6   BANK7   BANK8   BANK9  BANK10  BANK1
      +1  BANK12  BANK13  BANK14  BANK15  BANK16  BANK17  BANK18  BANK19  BANK20  BANK21  BANK22  BANK23  BANK24  BANK25
 12914 ;;      Params:         0       0       0       0       0       0       0       0       0       0       0       0       
      +0       0       0       0       0       0       0       0       0       0       0       0       0       0       0
 12915 ;;      Locals:         0       0       0       0       0       0       0       0       0       0       0       0       
      +0       0       0       0       0       0       0       0       0       0       0       0       0       0       0
 12916 ;;      Temps:          0       0       0       0       0       0       0       0       0       0       0       0       
      +0       0       0       0       0       0       0       0       0       0       0       0       0       0       0
 12917 ;;      Totals:         0       0       0       0       0       0       0       0       0       0       0       0       
      +0       0       0       0       0       0       0       0       0       0       0       0       0       0       0
 12918 ;;Total ram usage:        0 bytes
 12919 ;; Hardware stack levels used: 1
 12920 ;; Hardware stack levels required when called: 1
 12921 ;; This function calls:
 12922 ;;		_I2C1_BusReset
 12923 ;; This function is called by:
 12924 ;;		_I2C1_EVENT_ERROR
 12925 ;;		_I2C1_EventHandler
 12926 ;;		_I2C1_ErrorEventHandler
 12927 ;; This function uses a non-reentrant model
 12928 ;;
 12929                           
 12930     0B82                     _I2C1_EVENT_RESET:	
 12931                           ;psect for function _I2C1_EVENT_RESET
 12932                           
 12933     0B82                     i1l3314:	
 12934                           ;incstack = 0
 12935                           ; Regs used in _I2C1_EVENT_RESET: [wreg+status,2+status,0+pclath+cstack]
 12936                           
 12937                           
 12938                           ;mcc_generated_files/i2c_host/src/mssp1.c: 386:     I2C1_BusReset();
 12939     0B82  318B  230E  318B   	fcall	_I2C1_BusReset
 12940     0B85                     i1l3316:
 12941                           
 12942                           ;mcc_generated_files/i2c_host/src/mssp1.c: 387:     i2c1Status.busy = 0;
 12943     0B85  0140               	movlb	0	; select bank0
 12944     0B86  01DF               	clrf	_i2c1Status	;volatile
 12945     0B87                     i1l3318:
 12946                           
 12947                           ;mcc_generated_files/i2c_host/src/mssp1.c: 388:     return I2C_STATE_IDLE;
 12948     0B87  3000               	movlw	0
 12949     0B88                     i1l371:
 12950     0B88  0008               	return
 12951     0B89                     __end_of_I2C1_EVENT_RESET:
 12952                           
 12953                           	psect	text60
 12954     0B9F                     __ptext60:	
 12955 ;; *************** function _I2C1_EVENT_STOP *****************
 12956 ;; Defined at:
 12957 ;;		line 377 in file "mcc_generated_files/i2c_host/src/mssp1.c"
 12958 ;; Parameters:    Size  Location     Type
 12959 ;;		None
 12960 ;; Auto vars:     Size  Location     Type
 12961 ;;		None
 12962 ;; Return value:  Size  Location     Type
 12963 ;;                  1    wreg      enum E8072
 12964 ;; Registers used:
 12965 ;;		wreg, status,2, status,0, pclath, cstack
 12966 ;; Tracked objects:
 12967 ;;		On entry : 0/0
 12968 ;;		On exit  : 0/0
 12969 ;;		Unchanged: 0/0
 12970 ;; Data sizes:     COMMON   BANK0   BANK1   BANK2   BANK3   BANK4   BANK5   BANK6   BANK7   BANK8   BANK9  BANK10  BANK1
      +1  BANK12  BANK13  BANK14  BANK15  BANK16  BANK17  BANK18  BANK19  BANK20  BANK21  BANK22  BANK23  BANK24  BANK25
 12971 ;;      Params:         0       0       0       0       0       0       0       0       0       0       0       0       
      +0       0       0       0       0       0       0       0       0       0       0       0       0       0       0
 12972 ;;      Locals:         0       0       0       0       0       0       0       0       0       0       0       0       
      +0       0       0       0       0       0       0       0       0       0       0       0       0       0       0
 12973 ;;      Temps:          0       0       0       0       0       0       0       0       0       0       0       0       
      +0       0       0       0       0       0       0       0       0       0       0       0       0       0       0
 12974 ;;      Totals:         0       0       0       0       0       0       0       0       0       0       0       0       
      +0       0       0       0       0       0       0       0       0       0       0       0       0       0       0
 12975 ;;Total ram usage:        0 bytes
 12976 ;; Hardware stack levels used: 1
 12977 ;; Hardware stack levels required when called: 2
 12978 ;; This function calls:
 12979 ;;		_I2C1_Close
 12980 ;;		_I2C1_StopSend
 12981 ;; This function is called by:
 12982 ;;		_I2C1_EVENT_TX
 12983 ;;		_I2C1_EVENT_NACK
 12984 ;;		_I2C1_EventHandler
 12985 ;;		_I2C1_ErrorEventHandler
 12986 ;; This function uses a non-reentrant model
 12987 ;;
 12988                           
 12989     0B9F                     _I2C1_EVENT_STOP:	
 12990                           ;psect for function _I2C1_EVENT_STOP
 12991                           
 12992     0B9F                     i1l3292:	
 12993                           ;incstack = 0
 12994                           ; Regs used in _I2C1_EVENT_STOP: [wreg+status,2+status,0+pclath+cstack]
 12995                           
 12996                           
 12997                           ;mcc_generated_files/i2c_host/src/mssp1.c: 379:     I2C1_StopSend();
 12998     0B9F  318A  22FF  318B   	fcall	_I2C1_StopSend
 12999                           
 13000                           ;mcc_generated_files/i2c_host/src/mssp1.c: 380:     I2C1_Close();
 13001     0BA2  318C  2468  318B   	fcall	_I2C1_Close
 13002     0BA5                     i1l3294:
 13003                           
 13004                           ;mcc_generated_files/i2c_host/src/mssp1.c: 381:     return I2C_STATE_IDLE;
 13005     0BA5  3000               	movlw	0
 13006     0BA6                     i1l368:
 13007     0BA6  0008               	return
 13008     0BA7                     __end_of_I2C1_EVENT_STOP:
 13009                           
 13010                           	psect	text61
 13011     0B5D                     __ptext61:	
 13012 ;; *************** function _I2C1_EVENT_ERROR *****************
 13013 ;; Defined at:
 13014 ;;		line 370 in file "mcc_generated_files/i2c_host/src/mssp1.c"
 13015 ;; Parameters:    Size  Location     Type
 13016 ;;		None
 13017 ;; Auto vars:     Size  Location     Type
 13018 ;;  retEventStat    1    0[COMMON] enum E8072
 13019 ;; Return value:  Size  Location     Type
 13020 ;;                  1    wreg      enum E8072
 13021 ;; Registers used:
 13022 ;;		wreg, status,2, status,0, pclath, cstack
 13023 ;; Tracked objects:
 13024 ;;		On entry : 0/0
 13025 ;;		On exit  : 0/0
 13026 ;;		Unchanged: 0/0
 13027 ;; Data sizes:     COMMON   BANK0   BANK1   BANK2   BANK3   BANK4   BANK5   BANK6   BANK7   BANK8   BANK9  BANK10  BANK1
      +1  BANK12  BANK13  BANK14  BANK15  BANK16  BANK17  BANK18  BANK19  BANK20  BANK21  BANK22  BANK23  BANK24  BANK25
 13028 ;;      Params:         0       0       0       0       0       0       0       0       0       0       0       0       
      +0       0       0       0       0       0       0       0       0       0       0       0       0       0       0
 13029 ;;      Locals:         1       0       0       0       0       0       0       0       0       0       0       0       
      +0       0       0       0       0       0       0       0       0       0       0       0       0       0       0
 13030 ;;      Temps:          0       0       0       0       0       0       0       0       0       0       0       0       
      +0       0       0       0       0       0       0       0       0       0       0       0       0       0       0
 13031 ;;      Totals:         1       0       0       0       0       0       0       0       0       0       0       0       
      +0       0       0       0       0       0       0       0       0       0       0       0       0       0       0
 13032 ;;Total ram usage:        1 bytes
 13033 ;; Hardware stack levels used: 1
 13034 ;; Hardware stack levels required when called: 2
 13035 ;; This function calls:
 13036 ;;		_I2C1_EVENT_RESET
 13037 ;; This function is called by:
 13038 ;;		_I2C1_EventHandler
 13039 ;;		_I2C1_ErrorEventHandler
 13040 ;; This function uses a non-reentrant model
 13041 ;;
 13042                           
 13043     0B5D                     _I2C1_EVENT_ERROR:	
 13044                           ;psect for function _I2C1_EVENT_ERROR
 13045                           
 13046     0B5D                     i1l3620:	
 13047                           ;incstack = 0
 13048                           ; Regs used in _I2C1_EVENT_ERROR: [wreg+status,2+status,0+pclath+cstack]
 13049                           
 13050     0B5D                     i1l3622:
 13051                           
 13052                           ;mcc_generated_files/i2c_host/src/mssp1.c: 373:     retEventState = I2C1_EVENT_RESET();
 13053     0B5D  318B  2382  318B   	fcall	_I2C1_EVENT_RESET
 13054     0B60  00F6               	movwf	I2C1_EVENT_ERROR@retEventState
 13055     0B61                     i1l3624:
 13056                           
 13057                           ;mcc_generated_files/i2c_host/src/mssp1.c: 374:     return retEventState;
 13058     0B61  0876               	movf	I2C1_EVENT_ERROR@retEventState,w
 13059     0B62                     i1l365:
 13060     0B62  0008               	return
 13061     0B63                     __end_of_I2C1_EVENT_ERROR:
 13062                           
 13063                           	psect	text62
 13064     0B57                     __ptext62:	
 13065 ;; *************** function _I2C1_EVENT_NACK *****************
 13066 ;; Defined at:
 13067 ;;		line 363 in file "mcc_generated_files/i2c_host/src/mssp1.c"
 13068 ;; Parameters:    Size  Location     Type
 13069 ;;		None
 13070 ;; Auto vars:     Size  Location     Type
 13071 ;;  retEventStat    1    0[COMMON] enum E8072
 13072 ;; Return value:  Size  Location     Type
 13073 ;;                  1    wreg      enum E8072
 13074 ;; Registers used:
 13075 ;;		wreg, status,2, status,0, pclath, cstack
 13076 ;; Tracked objects:
 13077 ;;		On entry : 0/0
 13078 ;;		On exit  : 0/0
 13079 ;;		Unchanged: 0/0
 13080 ;; Data sizes:     COMMON   BANK0   BANK1   BANK2   BANK3   BANK4   BANK5   BANK6   BANK7   BANK8   BANK9  BANK10  BANK1
      +1  BANK12  BANK13  BANK14  BANK15  BANK16  BANK17  BANK18  BANK19  BANK20  BANK21  BANK22  BANK23  BANK24  BANK25
 13081 ;;      Params:         0       0       0       0       0       0       0       0       0       0       0       0       
      +0       0       0       0       0       0       0       0       0       0       0       0       0       0       0
 13082 ;;      Locals:         1       0       0       0       0       0       0       0       0       0       0       0       
      +0       0       0       0       0       0       0       0       0       0       0       0       0       0       0
 13083 ;;      Temps:          0       0       0       0       0       0       0       0       0       0       0       0       
      +0       0       0       0       0       0       0       0       0       0       0       0       0       0       0
 13084 ;;      Totals:         1       0       0       0       0       0       0       0       0       0       0       0       
      +0       0       0       0       0       0       0       0       0       0       0       0       0       0       0
 13085 ;;Total ram usage:        1 bytes
 13086 ;; Hardware stack levels used: 1
 13087 ;; Hardware stack levels required when called: 3
 13088 ;; This function calls:
 13089 ;;		_I2C1_EVENT_STOP
 13090 ;; This function is called by:
 13091 ;;		_I2C1_EventHandler
 13092 ;;		_I2C1_ErrorEventHandler
 13093 ;; This function uses a non-reentrant model
 13094 ;;
 13095                           
 13096     0B57                     _I2C1_EVENT_NACK:	
 13097                           ;psect for function _I2C1_EVENT_NACK
 13098                           
 13099     0B57                     i1l3612:	
 13100                           ;incstack = 0
 13101                           ; Regs used in _I2C1_EVENT_NACK: [wreg+status,2+status,0+pclath+cstack]
 13102                           
 13103     0B57                     i1l3614:
 13104                           
 13105                           ;mcc_generated_files/i2c_host/src/mssp1.c: 366:     retEventState = I2C1_EVENT_STOP();
 13106     0B57  318B  239F  318B   	fcall	_I2C1_EVENT_STOP
 13107     0B5A  00F6               	movwf	I2C1_EVENT_NACK@retEventState
 13108     0B5B                     i1l3616:
 13109                           
 13110                           ;mcc_generated_files/i2c_host/src/mssp1.c: 367:     return retEventState;
 13111     0B5B  0876               	movf	I2C1_EVENT_NACK@retEventState,w
 13112     0B5C                     i1l362:
 13113     0B5C  0008               	return
 13114     0B5D                     __end_of_I2C1_EVENT_NACK:
 13115                           
 13116                           	psect	text63
 13117     0E43                     __ptext63:	
 13118 ;; *************** function _I2C1_EVENT_RX *****************
 13119 ;; Defined at:
 13120 ;;		line 331 in file "mcc_generated_files/i2c_host/src/mssp1.c"
 13121 ;; Parameters:    Size  Location     Type
 13122 ;;		None
 13123 ;; Auto vars:     Size  Location     Type
 13124 ;;  retEventStat    1    1[COMMON] enum E8072
 13125 ;; Return value:  Size  Location     Type
 13126 ;;                  1    wreg      enum E8072
 13127 ;; Registers used:
 13128 ;;		wreg, fsr0l, fsr0h, fsr1l, fsr1h, status,2, status,0, pclath, cstack
 13129 ;; Tracked objects:
 13130 ;;		On entry : 0/0
 13131 ;;		On exit  : 0/0
 13132 ;;		Unchanged: 0/0
 13133 ;; Data sizes:     COMMON   BANK0   BANK1   BANK2   BANK3   BANK4   BANK5   BANK6   BANK7   BANK8   BANK9  BANK10  BANK1
      +1  BANK12  BANK13  BANK14  BANK15  BANK16  BANK17  BANK18  BANK19  BANK20  BANK21  BANK22  BANK23  BANK24  BANK25
 13134 ;;      Params:         0       0       0       0       0       0       0       0       0       0       0       0       
      +0       0       0       0       0       0       0       0       0       0       0       0       0       0       0
 13135 ;;      Locals:         1       0       0       0       0       0       0       0       0       0       0       0       
      +0       0       0       0       0       0       0       0       0       0       0       0       0       0       0
 13136 ;;      Temps:          1       0       0       0       0       0       0       0       0       0       0       0       
      +0       0       0       0       0       0       0       0       0       0       0       0       0       0       0
 13137 ;;      Totals:         2       0       0       0       0       0       0       0       0       0       0       0       
      +0       0       0       0       0       0       0       0       0       0       0       0       0       0       0
 13138 ;;Total ram usage:        2 bytes
 13139 ;; Hardware stack levels used: 1
 13140 ;; Hardware stack levels required when called: 1
 13141 ;; This function calls:
 13142 ;;		_I2C1_AckSend
 13143 ;;		_I2C1_DataReceive
 13144 ;;		_I2C1_IsRxBufFull
 13145 ;;		_I2C1_NackSend
 13146 ;;		_I2C1_ReceiveEnable
 13147 ;;		_I2C1_RestartDisable
 13148 ;; This function is called by:
 13149 ;;		_I2C1_EventHandler
 13150 ;;		_I2C1_ErrorEventHandler
 13151 ;; This function uses a non-reentrant model
 13152 ;;
 13153                           
 13154     0E43                     _I2C1_EVENT_RX:	
 13155                           ;psect for function _I2C1_EVENT_RX
 13156                           
 13157     0E43                     i1l3586:	
 13158                           ;incstack = 0
 13159                           ; Regs used in _I2C1_EVENT_RX: [wreg-fsr1h+status,2+status,0+pclath+cstack]
 13160                           
 13161                           
 13162                           ;mcc_generated_files/i2c_host/src/mssp1.c: 333:     i2c_host_event_states_t retEventStat
      +                          e = I2C_STATE_RX;
 13163     0E43  3004               	movlw	4
 13164     0E44  00F7               	movwf	I2C1_EVENT_RX@retEventState
 13165     0E45                     i1l3588:
 13166                           
 13167                           ;mcc_generated_files/i2c_host/src/mssp1.c: 335:     if (I2C1_IsRxBufFull())
 13168     0E45  318B  231A  318E   	fcall	_I2C1_IsRxBufFull
 13169     0E48  3A00               	xorlw	0
 13170     0E49  1903               	skipnz
 13171     0E4A  2E4C               	goto	u209_21
 13172     0E4B  2E4D               	goto	u209_20
 13173     0E4C                     u209_21:
 13174     0E4C  2E7E               	goto	i1l3606
 13175     0E4D                     u209_20:
 13176     0E4D                     i1l3590:
 13177                           
 13178                           ;mcc_generated_files/i2c_host/src/mssp1.c: 336:     {;mcc_generated_files/i2c_host/src/m
      +                          ssp1.c: 337:         if (i2c1Status.readLength > 0)
 13179     0E4D  0140               	movlb	0	; select bank0
 13180     0E4E  0868               	movf	_i2c1Status+9,w	;volatile
 13181     0E4F  0469               	iorwf	_i2c1Status+10,w	;volatile
 13182     0E50  1903               	btfsc	3,2
 13183     0E51  2E53               	goto	u210_21
 13184     0E52  2E54               	goto	u210_20
 13185     0E53                     u210_21:
 13186     0E53  2E6B               	goto	i1l3598
 13187     0E54                     u210_20:
 13188     0E54                     i1l3592:
 13189                           
 13190                           ;mcc_generated_files/i2c_host/src/mssp1.c: 338:         {;mcc_generated_files/i2c_host/s
      +                          rc/mssp1.c: 339:             *i2c1Status.readPtr++ = I2C1_DataReceive();
 13191     0E54  318B  2302  318E   	fcall	_I2C1_DataReceive
 13192     0E57  00F6               	movwf	??_I2C1_EVENT_RX
 13193     0E58  3007               	movlw	7
 13194     0E59  3E5F               	addlw	(low (_i2c1Status| 0))& (0+255)
 13195     0E5A  0086               	movwf	6
 13196     0E5B  0187               	clrf	7
 13197     0E5C  3F40               	moviw [0]fsr1
 13198     0E5D  0084               	movwf	4
 13199     0E5E  3F41               	moviw [1]fsr1
 13200     0E5F  0085               	movwf	5
 13201     0E60  0876               	movf	??_I2C1_EVENT_RX,w
 13202     0E61  0080               	movwf	0
 13203     0E62                     i1l3594:
 13204     0E62  3001               	movlw	1
 13205     0E63  0140               	movlb	0	; select bank0
 13206     0E64  07E6               	addwf	low ((_i2c1Status| 0+7)),f	;volatile
 13207     0E65  3000               	movlw	0
 13208     0E66  3DE7               	addwfc	(low ((_i2c1Status| 0+7))+1),f	;volatile
 13209     0E67                     i1l3596:
 13210                           
 13211                           ;mcc_generated_files/i2c_host/src/mssp1.c: 340:             i2c1Status.readLength--;
 13212     0E67  3001               	movlw	1
 13213     0E68  02E8               	subwf	_i2c1Status+9,f	;volatile
 13214     0E69  3000               	movlw	0
 13215     0E6A  3BE9               	subwfb	_i2c1Status+10,f	;volatile
 13216     0E6B                     i1l3598:
 13217                           
 13218                           ;mcc_generated_files/i2c_host/src/mssp1.c: 344:         if (i2c1Status.readLength > 0)
 13219     0E6B  0868               	movf	_i2c1Status+9,w	;volatile
 13220     0E6C  0469               	iorwf	_i2c1Status+10,w	;volatile
 13221     0E6D  1903               	btfsc	3,2
 13222     0E6E  2E70               	goto	u211_21
 13223     0E6F  2E71               	goto	u211_20
 13224     0E70                     u211_21:
 13225     0E70  2E75               	goto	i1l3602
 13226     0E71                     u211_20:
 13227     0E71                     i1l3600:
 13228                           
 13229                           ;mcc_generated_files/i2c_host/src/mssp1.c: 345:         {;mcc_generated_files/i2c_host/s
      +                          rc/mssp1.c: 346:             I2C1_AckSend();
 13230     0E71  318B  2316  318E   	fcall	_I2C1_AckSend
 13231                           
 13232                           ;mcc_generated_files/i2c_host/src/mssp1.c: 347:         }
 13233     0E74  2E81               	goto	i1l3608
 13234     0E75                     i1l3602:
 13235                           
 13236                           ;mcc_generated_files/i2c_host/src/mssp1.c: 349:         {;mcc_generated_files/i2c_host/s
      +                          rc/mssp1.c: 350:             I2C1_RestartDisable();
 13237     0E75  318B  2308  318E   	fcall	_I2C1_RestartDisable
 13238                           
 13239                           ;mcc_generated_files/i2c_host/src/mssp1.c: 351:             I2C1_NackSend();
 13240     0E78  318B  231E  318E   	fcall	_I2C1_NackSend
 13241     0E7B                     i1l3604:
 13242                           
 13243                           ;mcc_generated_files/i2c_host/src/mssp1.c: 352:             retEventState = I2C_STATE_ST
      +                          OP;
 13244     0E7B  3007               	movlw	7
 13245     0E7C  00F7               	movwf	I2C1_EVENT_RX@retEventState
 13246     0E7D  2E81               	goto	i1l3608
 13247     0E7E                     i1l3606:
 13248                           
 13249                           ;mcc_generated_files/i2c_host/src/mssp1.c: 357:     {;mcc_generated_files/i2c_host/src/m
      +                          ssp1.c: 358:         I2C1_ReceiveEnable();
 13250     0E7E  318B  2305  318E   	fcall	_I2C1_ReceiveEnable
 13251     0E81                     i1l3608:
 13252                           
 13253                           ;mcc_generated_files/i2c_host/src/mssp1.c: 360:     return retEventState;
 13254     0E81  0877               	movf	I2C1_EVENT_RX@retEventState,w
 13255     0E82                     i1l359:
 13256     0E82  0008               	return
 13257     0E83                     __end_of_I2C1_EVENT_RX:
 13258                           
 13259                           	psect	text64
 13260     0B7B                     __ptext64:	
 13261 ;; *************** function _I2C1_EVENT_SEND_WR_ADDR *****************
 13262 ;; Defined at:
 13263 ;;		line 299 in file "mcc_generated_files/i2c_host/src/mssp1.c"
 13264 ;; Parameters:    Size  Location     Type
 13265 ;;		None
 13266 ;; Auto vars:     Size  Location     Type
 13267 ;;		None
 13268 ;; Return value:  Size  Location     Type
 13269 ;;                  1    wreg      enum E8072
 13270 ;; Registers used:
 13271 ;;		wreg, status,2, status,0, pclath, cstack
 13272 ;; Tracked objects:
 13273 ;;		On entry : 0/0
 13274 ;;		On exit  : 0/0
 13275 ;;		Unchanged: 0/0
 13276 ;; Data sizes:     COMMON   BANK0   BANK1   BANK2   BANK3   BANK4   BANK5   BANK6   BANK7   BANK8   BANK9  BANK10  BANK1
      +1  BANK12  BANK13  BANK14  BANK15  BANK16  BANK17  BANK18  BANK19  BANK20  BANK21  BANK22  BANK23  BANK24  BANK25
 13277 ;;      Params:         0       0       0       0       0       0       0       0       0       0       0       0       
      +0       0       0       0       0       0       0       0       0       0       0       0       0       0       0
 13278 ;;      Locals:         0       0       0       0       0       0       0       0       0       0       0       0       
      +0       0       0       0       0       0       0       0       0       0       0       0       0       0       0
 13279 ;;      Temps:          0       0       0       0       0       0       0       0       0       0       0       0       
      +0       0       0       0       0       0       0       0       0       0       0       0       0       0       0
 13280 ;;      Totals:         0       0       0       0       0       0       0       0       0       0       0       0       
      +0       0       0       0       0       0       0       0       0       0       0       0       0       0       0
 13281 ;;Total ram usage:        0 bytes
 13282 ;; Hardware stack levels used: 1
 13283 ;; Hardware stack levels required when called: 1
 13284 ;; This function calls:
 13285 ;;		_I2C1_DataTransmit
 13286 ;; This function is called by:
 13287 ;;		_I2C1_EventHandler
 13288 ;;		_I2C1_ErrorEventHandler
 13289 ;; This function uses a non-reentrant model
 13290 ;;
 13291                           
 13292     0B7B                     _I2C1_EVENT_SEND_WR_ADDR:	
 13293                           ;psect for function _I2C1_EVENT_SEND_WR_ADDR
 13294                           
 13295     0B7B                     i1l3556:	
 13296                           ;incstack = 0
 13297                           ; Regs used in _I2C1_EVENT_SEND_WR_ADDR: [wreg+status,2+status,0+pclath+cstack]
 13298                           
 13299                           
 13300                           ;mcc_generated_files/i2c_host/src/mssp1.c: 301:     I2C1_DataTransmit((uint8_t) (i2c1Sta
      +                          tus.address << 1));
 13301     0B7B  0140               	movlb	0	; select bank0
 13302     0B7C  3560               	lslf	_i2c1Status+1,w	;volatile
 13303     0B7D  318B  233E  318B   	fcall	_I2C1_DataTransmit
 13304     0B80                     i1l3558:
 13305                           
 13306                           ;mcc_generated_files/i2c_host/src/mssp1.c: 302:     return I2C_STATE_TX;
 13307     0B80  3003               	movlw	3
 13308     0B81                     i1l344:
 13309     0B81  0008               	return
 13310     0B82                     __end_of_I2C1_EVENT_SEND_WR_ADDR:
 13311                           
 13312                           	psect	text65
 13313     0B97                     __ptext65:	
 13314 ;; *************** function _I2C1_EVENT_SEND_RD_ADDR *****************
 13315 ;; Defined at:
 13316 ;;		line 293 in file "mcc_generated_files/i2c_host/src/mssp1.c"
 13317 ;; Parameters:    Size  Location     Type
 13318 ;;		None
 13319 ;; Auto vars:     Size  Location     Type
 13320 ;;		None
 13321 ;; Return value:  Size  Location     Type
 13322 ;;                  1    wreg      enum E8072
 13323 ;; Registers used:
 13324 ;;		wreg, status,2, status,0, pclath, cstack
 13325 ;; Tracked objects:
 13326 ;;		On entry : 0/0
 13327 ;;		On exit  : 0/0
 13328 ;;		Unchanged: 0/0
 13329 ;; Data sizes:     COMMON   BANK0   BANK1   BANK2   BANK3   BANK4   BANK5   BANK6   BANK7   BANK8   BANK9  BANK10  BANK1
      +1  BANK12  BANK13  BANK14  BANK15  BANK16  BANK17  BANK18  BANK19  BANK20  BANK21  BANK22  BANK23  BANK24  BANK25
 13330 ;;      Params:         0       0       0       0       0       0       0       0       0       0       0       0       
      +0       0       0       0       0       0       0       0       0       0       0       0       0       0       0
 13331 ;;      Locals:         0       0       0       0       0       0       0       0       0       0       0       0       
      +0       0       0       0       0       0       0       0       0       0       0       0       0       0       0
 13332 ;;      Temps:          0       0       0       0       0       0       0       0       0       0       0       0       
      +0       0       0       0       0       0       0       0       0       0       0       0       0       0       0
 13333 ;;      Totals:         0       0       0       0       0       0       0       0       0       0       0       0       
      +0       0       0       0       0       0       0       0       0       0       0       0       0       0       0
 13334 ;;Total ram usage:        0 bytes
 13335 ;; Hardware stack levels used: 1
 13336 ;; Hardware stack levels required when called: 1
 13337 ;; This function calls:
 13338 ;;		_I2C1_DataTransmit
 13339 ;; This function is called by:
 13340 ;;		_I2C1_EventHandler
 13341 ;;		_I2C1_ErrorEventHandler
 13342 ;; This function uses a non-reentrant model
 13343 ;;
 13344                           
 13345     0B97                     _I2C1_EVENT_SEND_RD_ADDR:	
 13346                           ;psect for function _I2C1_EVENT_SEND_RD_ADDR
 13347                           
 13348     0B97                     i1l3550:	
 13349                           ;incstack = 0
 13350                           ; Regs used in _I2C1_EVENT_SEND_RD_ADDR: [wreg+status,2+status,0+pclath+cstack]
 13351                           
 13352                           
 13353                           ;mcc_generated_files/i2c_host/src/mssp1.c: 295:     I2C1_DataTransmit((uint8_t) (i2c1Sta
      +                          tus.address << 1 | 1));
 13354     0B97  1403               	setc
 13355     0B98  0140               	movlb	0	; select bank0
 13356     0B99  0D60               	rlf	_i2c1Status+1,w	;volatile
 13357     0B9A  318B  233E  318B   	fcall	_I2C1_DataTransmit
 13358     0B9D                     i1l3552:
 13359                           
 13360                           ;mcc_generated_files/i2c_host/src/mssp1.c: 296:     return I2C_STATE_RX;
 13361     0B9D  3004               	movlw	4
 13362     0B9E                     i1l341:
 13363     0B9E  0008               	return
 13364     0B9F                     __end_of_I2C1_EVENT_SEND_RD_ADDR:
 13365                           
 13366                           	psect	text66
 13367     0B22                     __ptext66:	
 13368 ;; *************** function _I2C1_EVENT_IDLE *****************
 13369 ;; Defined at:
 13370 ;;		line 287 in file "mcc_generated_files/i2c_host/src/mssp1.c"
 13371 ;; Parameters:    Size  Location     Type
 13372 ;;		None
 13373 ;; Auto vars:     Size  Location     Type
 13374 ;;		None
 13375 ;; Return value:  Size  Location     Type
 13376 ;;                  1    wreg      enum E8072
 13377 ;; Registers used:
 13378 ;;		wreg, status,2
 13379 ;; Tracked objects:
 13380 ;;		On entry : 0/0
 13381 ;;		On exit  : 0/0
 13382 ;;		Unchanged: 0/0
 13383 ;; Data sizes:     COMMON   BANK0   BANK1   BANK2   BANK3   BANK4   BANK5   BANK6   BANK7   BANK8   BANK9  BANK10  BANK1
      +1  BANK12  BANK13  BANK14  BANK15  BANK16  BANK17  BANK18  BANK19  BANK20  BANK21  BANK22  BANK23  BANK24  BANK25
 13384 ;;      Params:         0       0       0       0       0       0       0       0       0       0       0       0       
      +0       0       0       0       0       0       0       0       0       0       0       0       0       0       0
 13385 ;;      Locals:         0       0       0       0       0       0       0       0       0       0       0       0       
      +0       0       0       0       0       0       0       0       0       0       0       0       0       0       0
 13386 ;;      Temps:          0       0       0       0       0       0       0       0       0       0       0       0       
      +0       0       0       0       0       0       0       0       0       0       0       0       0       0       0
 13387 ;;      Totals:         0       0       0       0       0       0       0       0       0       0       0       0       
      +0       0       0       0       0       0       0       0       0       0       0       0       0       0       0
 13388 ;;Total ram usage:        0 bytes
 13389 ;; Hardware stack levels used: 1
 13390 ;; This function calls:
 13391 ;;		Nothing
 13392 ;; This function is called by:
 13393 ;;		_I2C1_EventHandler
 13394 ;;		_I2C1_ErrorEventHandler
 13395 ;; This function uses a non-reentrant model
 13396 ;;
 13397                           
 13398     0B22                     _I2C1_EVENT_IDLE:	
 13399                           ;psect for function _I2C1_EVENT_IDLE
 13400                           
 13401     0B22                     i1l3544:	
 13402                           ;incstack = 0
 13403                           ; Regs used in _I2C1_EVENT_IDLE: [wreg+status,2]
 13404                           
 13405                           
 13406                           ;mcc_generated_files/i2c_host/src/mssp1.c: 289:     i2c1Status.busy = 0;
 13407     0B22  0140               	movlb	0	; select bank0
 13408     0B23  01DF               	clrf	_i2c1Status	;volatile
 13409     0B24                     i1l3546:
 13410                           
 13411                           ;mcc_generated_files/i2c_host/src/mssp1.c: 290:     return I2C_STATE_RESET;
 13412     0B24  3008               	movlw	8
 13413     0B25                     i1l338:
 13414     0B25  0008               	return
 13415     0B26                     __end_of_I2C1_EVENT_IDLE:
 13416                           
 13417                           	psect	text67
 13418     0DD5                     __ptext67:	
 13419 ;; *************** function _I2C1_EVENT_TX *****************
 13420 ;; Defined at:
 13421 ;;		line 305 in file "mcc_generated_files/i2c_host/src/mssp1.c"
 13422 ;; Parameters:    Size  Location     Type
 13423 ;;		None
 13424 ;; Auto vars:     Size  Location     Type
 13425 ;;  retEventStat    1    3[COMMON] enum E8072
 13426 ;; Return value:  Size  Location     Type
 13427 ;;                  1    wreg      enum E8072
 13428 ;; Registers used:
 13429 ;;		wreg, fsr1l, fsr1h, status,2, status,0, pclath, cstack
 13430 ;; Tracked objects:
 13431 ;;		On entry : 0/0
 13432 ;;		On exit  : 0/0
 13433 ;;		Unchanged: 0/0
 13434 ;; Data sizes:     COMMON   BANK0   BANK1   BANK2   BANK3   BANK4   BANK5   BANK6   BANK7   BANK8   BANK9  BANK10  BANK1
      +1  BANK12  BANK13  BANK14  BANK15  BANK16  BANK17  BANK18  BANK19  BANK20  BANK21  BANK22  BANK23  BANK24  BANK25
 13435 ;;      Params:         0       0       0       0       0       0       0       0       0       0       0       0       
      +0       0       0       0       0       0       0       0       0       0       0       0       0       0       0
 13436 ;;      Locals:         1       0       0       0       0       0       0       0       0       0       0       0       
      +0       0       0       0       0       0       0       0       0       0       0       0       0       0       0
 13437 ;;      Temps:          2       0       0       0       0       0       0       0       0       0       0       0       
      +0       0       0       0       0       0       0       0       0       0       0       0       0       0       0
 13438 ;;      Totals:         3       0       0       0       0       0       0       0       0       0       0       0       
      +0       0       0       0       0       0       0       0       0       0       0       0       0       0       0
 13439 ;;Total ram usage:        3 bytes
 13440 ;; Hardware stack levels used: 1
 13441 ;; Hardware stack levels required when called: 3
 13442 ;; This function calls:
 13443 ;;		_I2C1_DataTransmit
 13444 ;;		_I2C1_EVENT_STOP
 13445 ;;		_I2C1_RestartEnable
 13446 ;; This function is called by:
 13447 ;;		_I2C1_EventHandler
 13448 ;;		_I2C1_ErrorEventHandler
 13449 ;; This function uses a non-reentrant model
 13450 ;;
 13451                           
 13452     0DD5                     _I2C1_EVENT_TX:	
 13453                           ;psect for function _I2C1_EVENT_TX
 13454                           
 13455     0DD5                     i1l3562:	
 13456                           ;incstack = 0
 13457                           ; Regs used in _I2C1_EVENT_TX: [wreg+fsr1l+fsr1h+status,2+status,0+pclath+cstack]
 13458                           
 13459     0DD5                     i1l3564:
 13460                           
 13461                           ;mcc_generated_files/i2c_host/src/mssp1.c: 308:     if (i2c1Status.writeLength)
 13462     0DD5  0140               	movlb	0	; select bank0
 13463     0DD6  0864               	movf	_i2c1Status+5,w	;volatile
 13464     0DD7  0465               	iorwf	_i2c1Status+6,w	;volatile
 13465     0DD8  1903               	btfsc	3,2
 13466     0DD9  2DDB               	goto	u207_21
 13467     0DDA  2DDC               	goto	u207_20
 13468     0DDB                     u207_21:
 13469     0DDB  2DF2               	goto	i1l3572
 13470     0DDC                     u207_20:
 13471     0DDC                     i1l3566:
 13472                           
 13473                           ;mcc_generated_files/i2c_host/src/mssp1.c: 309:     {;mcc_generated_files/i2c_host/src/m
      +                          ssp1.c: 310:         i2c1Status.writeLength--;
 13474     0DDC  3001               	movlw	1
 13475     0DDD  02E4               	subwf	_i2c1Status+5,f	;volatile
 13476     0DDE  3000               	movlw	0
 13477     0DDF  3BE5               	subwfb	_i2c1Status+6,f	;volatile
 13478     0DE0                     i1l3568:
 13479                           
 13480                           ;mcc_generated_files/i2c_host/src/mssp1.c: 311:         I2C1_DataTransmit(*i2c1Status.wr
      +                          itePtr++);
 13481     0DE0  0863               	movf	(low ((_i2c1Status| 0+3))+1),w	;volatile
 13482     0DE1  00F8               	movwf	??_I2C1_EVENT_TX+1
 13483     0DE2  0862               	movf	low ((_i2c1Status| 0+3)),w	;volatile
 13484     0DE3  00F7               	movwf	??_I2C1_EVENT_TX
 13485     0DE4  0AE2               	incf	low ((_i2c1Status| 0+3)),f	;volatile
 13486     0DE5  1903               	skipnz
 13487     0DE6  0AE3               	incf	(low ((_i2c1Status| 0+3))+1),f	;volatile
 13488     0DE7  0877               	movf	??_I2C1_EVENT_TX,w
 13489     0DE8  0086               	movwf	6
 13490     0DE9  0878               	movf	??_I2C1_EVENT_TX+1,w
 13491     0DEA  0087               	movwf	7
 13492     0DEB  0801               	movf	1,w
 13493     0DEC  318B  233E  318D   	fcall	_I2C1_DataTransmit
 13494     0DEF                     i1l3570:
 13495                           
 13496                           ;mcc_generated_files/i2c_host/src/mssp1.c: 312:         retEventState = I2C_STATE_TX;
 13497     0DEF  3003               	movlw	3
 13498     0DF0  00F9               	movwf	I2C1_EVENT_TX@retEventState
 13499                           
 13500                           ;mcc_generated_files/i2c_host/src/mssp1.c: 313:     }
 13501     0DF1  2E02               	goto	i1l3582
 13502     0DF2                     i1l3572:
 13503                           
 13504                           ;mcc_generated_files/i2c_host/src/mssp1.c: 315:     {;mcc_generated_files/i2c_host/src/m
      +                          ssp1.c: 316:         if (i2c1Status.switchToRead)
 13505     0DF2  086A               	movf	_i2c1Status+11,w	;volatile
 13506     0DF3  1903               	btfsc	3,2
 13507     0DF4  2DF6               	goto	u208_21
 13508     0DF5  2DF7               	goto	u208_20
 13509     0DF6                     u208_21:
 13510     0DF6  2DFE               	goto	i1l3580
 13511     0DF7                     u208_20:
 13512     0DF7                     i1l3574:
 13513                           
 13514                           ;mcc_generated_files/i2c_host/src/mssp1.c: 317:         {;mcc_generated_files/i2c_host/s
      +                          rc/mssp1.c: 318:             i2c1Status.switchToRead = 0;
 13515     0DF7  01EA               	clrf	_i2c1Status+11	;volatile
 13516     0DF8                     i1l3576:
 13517                           
 13518                           ;mcc_generated_files/i2c_host/src/mssp1.c: 319:             I2C1_RestartEnable();
 13519     0DF8  318B  230B  318D   	fcall	_I2C1_RestartEnable
 13520     0DFB                     i1l3578:
 13521                           
 13522                           ;mcc_generated_files/i2c_host/src/mssp1.c: 320:             retEventState = I2C_STATE_SE
      +                          ND_RD_ADDR;
 13523     0DFB  01F9               	clrf	I2C1_EVENT_TX@retEventState
 13524     0DFC  0AF9               	incf	I2C1_EVENT_TX@retEventState,f
 13525                           
 13526                           ;mcc_generated_files/i2c_host/src/mssp1.c: 321:         }
 13527     0DFD  2E02               	goto	i1l3582
 13528     0DFE                     i1l3580:
 13529                           
 13530                           ;mcc_generated_files/i2c_host/src/mssp1.c: 323:         {;mcc_generated_files/i2c_host/s
      +                          rc/mssp1.c: 324:             retEventState = I2C1_EVENT_STOP();
 13531     0DFE  318B  239F  318D   	fcall	_I2C1_EVENT_STOP
 13532     0E01  00F9               	movwf	I2C1_EVENT_TX@retEventState
 13533     0E02                     i1l3582:
 13534                           
 13535                           ;mcc_generated_files/i2c_host/src/mssp1.c: 328:     return retEventState;
 13536     0E02  0879               	movf	I2C1_EVENT_TX@retEventState,w
 13537     0E03                     i1l351:
 13538     0E03  0008               	return
 13539     0E04                     __end_of_I2C1_EVENT_TX:
 13540                           
 13541                           	psect	text68
 13542     0B0B                     __ptext68:	
 13543 ;; *************** function _I2C1_RestartEnable *****************
 13544 ;; Defined at:
 13545 ;;		line 415 in file "mcc_generated_files/i2c_host/src/mssp1.c"
 13546 ;; Parameters:    Size  Location     Type
 13547 ;;		None
 13548 ;; Auto vars:     Size  Location     Type
 13549 ;;		None
 13550 ;; Return value:  Size  Location     Type
 13551 ;;                  1    wreg      void 
 13552 ;; Registers used:
 13553 ;;		None
 13554 ;; Tracked objects:
 13555 ;;		On entry : 0/0
 13556 ;;		On exit  : 0/0
 13557 ;;		Unchanged: 0/0
 13558 ;; Data sizes:     COMMON   BANK0   BANK1   BANK2   BANK3   BANK4   BANK5   BANK6   BANK7   BANK8   BANK9  BANK10  BANK1
      +1  BANK12  BANK13  BANK14  BANK15  BANK16  BANK17  BANK18  BANK19  BANK20  BANK21  BANK22  BANK23  BANK24  BANK25
 13559 ;;      Params:         0       0       0       0       0       0       0       0       0       0       0       0       
      +0       0       0       0       0       0       0       0       0       0       0       0       0       0       0
 13560 ;;      Locals:         0       0       0       0       0       0       0       0       0       0       0       0       
      +0       0       0       0       0       0       0       0       0       0       0       0       0       0       0
 13561 ;;      Temps:          0       0       0       0       0       0       0       0       0       0       0       0       
      +0       0       0       0       0       0       0       0       0       0       0       0       0       0       0
 13562 ;;      Totals:         0       0       0       0       0       0       0       0       0       0       0       0       
      +0       0       0       0       0       0       0       0       0       0       0       0       0       0       0
 13563 ;;Total ram usage:        0 bytes
 13564 ;; Hardware stack levels used: 1
 13565 ;; This function calls:
 13566 ;;		Nothing
 13567 ;; This function is called by:
 13568 ;;		_I2C1_EVENT_TX
 13569 ;; This function uses a non-reentrant model
 13570 ;;
 13571                           
 13572     0B0B                     _I2C1_RestartEnable:	
 13573                           ;psect for function _I2C1_RestartEnable
 13574                           
 13575     0B0B                     i1l3290:	
 13576                           ;incstack = 0
 13577                           ; Regs used in _I2C1_RestartEnable: []
 13578                           
 13579                           
 13580                           ;mcc_generated_files/i2c_host/src/mssp1.c: 417:     SSP1CON2bits.RSEN = 1;
 13581     0B0B  014D               	movlb	13	; select bank13
 13582     0B0C  1491               	bsf	17,1	;volatile
 13583     0B0D                     i1l386:
 13584     0B0D  0008               	return
 13585     0B0E                     __end_of_I2C1_RestartEnable:
 13586                           
 13587                           	psect	text69
 13588     0B3E                     __ptext69:	
 13589 ;; *************** function _I2C1_DataTransmit *****************
 13590 ;; Defined at:
 13591 ;;		line 399 in file "mcc_generated_files/i2c_host/src/mssp1.c"
 13592 ;; Parameters:    Size  Location     Type
 13593 ;;  data            1    wreg     unsigned char 
 13594 ;; Auto vars:     Size  Location     Type
 13595 ;;  data            1    0[COMMON] unsigned char 
 13596 ;; Return value:  Size  Location     Type
 13597 ;;                  1    wreg      void 
 13598 ;; Registers used:
 13599 ;;		wreg
 13600 ;; Tracked objects:
 13601 ;;		On entry : 0/0
 13602 ;;		On exit  : 0/0
 13603 ;;		Unchanged: 0/0
 13604 ;; Data sizes:     COMMON   BANK0   BANK1   BANK2   BANK3   BANK4   BANK5   BANK6   BANK7   BANK8   BANK9  BANK10  BANK1
      +1  BANK12  BANK13  BANK14  BANK15  BANK16  BANK17  BANK18  BANK19  BANK20  BANK21  BANK22  BANK23  BANK24  BANK25
 13605 ;;      Params:         0       0       0       0       0       0       0       0       0       0       0       0       
      +0       0       0       0       0       0       0       0       0       0       0       0       0       0       0
 13606 ;;      Locals:         1       0       0       0       0       0       0       0       0       0       0       0       
      +0       0       0       0       0       0       0       0       0       0       0       0       0       0       0
 13607 ;;      Temps:          0       0       0       0       0       0       0       0       0       0       0       0       
      +0       0       0       0       0       0       0       0       0       0       0       0       0       0       0
 13608 ;;      Totals:         1       0       0       0       0       0       0       0       0       0       0       0       
      +0       0       0       0       0       0       0       0       0       0       0       0       0       0       0
 13609 ;;Total ram usage:        1 bytes
 13610 ;; Hardware stack levels used: 1
 13611 ;; This function calls:
 13612 ;;		Nothing
 13613 ;; This function is called by:
 13614 ;;		_I2C1_EVENT_SEND_RD_ADDR
 13615 ;;		_I2C1_EVENT_SEND_WR_ADDR
 13616 ;;		_I2C1_EVENT_TX
 13617 ;; This function uses a non-reentrant model
 13618 ;;
 13619                           
 13620     0B3E                     _I2C1_DataTransmit:	
 13621                           ;psect for function _I2C1_DataTransmit
 13622                           
 13623                           
 13624                           ;incstack = 0
 13625                           ; Regs used in _I2C1_DataTransmit: [wreg]
 13626                           ;I2C1_DataTransmit@data stored from wreg
 13627     0B3E  00F6               	movwf	I2C1_DataTransmit@data
 13628     0B3F                     i1l3288:
 13629                           
 13630                           ;mcc_generated_files/i2c_host/src/mssp1.c: 399: static void I2C1_DataTransmit(uint8_t da
      +                          ta);mcc_generated_files/i2c_host/src/mssp1.c: 400: {;mcc_generated_files/i2c_host/src/ms
      +                          sp1.c: 401:     SSP1BUF = data;
 13631     0B3F  0876               	movf	I2C1_DataTransmit@data,w
 13632     0B40  014D               	movlb	13	; select bank13
 13633     0B41  008C               	movwf	12	;volatile
 13634     0B42                     i1l377:
 13635     0B42  0008               	return
 13636     0B43                     __end_of_I2C1_DataTransmit:
 13637                           
 13638                           	psect	text70
 13639     0B08                     __ptext70:	
 13640 ;; *************** function _I2C1_RestartDisable *****************
 13641 ;; Defined at:
 13642 ;;		line 420 in file "mcc_generated_files/i2c_host/src/mssp1.c"
 13643 ;; Parameters:    Size  Location     Type
 13644 ;;		None
 13645 ;; Auto vars:     Size  Location     Type
 13646 ;;		None
 13647 ;; Return value:  Size  Location     Type
 13648 ;;                  1    wreg      void 
 13649 ;; Registers used:
 13650 ;;		None
 13651 ;; Tracked objects:
 13652 ;;		On entry : 0/0
 13653 ;;		On exit  : 0/0
 13654 ;;		Unchanged: 0/0
 13655 ;; Data sizes:     COMMON   BANK0   BANK1   BANK2   BANK3   BANK4   BANK5   BANK6   BANK7   BANK8   BANK9  BANK10  BANK1
      +1  BANK12  BANK13  BANK14  BANK15  BANK16  BANK17  BANK18  BANK19  BANK20  BANK21  BANK22  BANK23  BANK24  BANK25
 13656 ;;      Params:         0       0       0       0       0       0       0       0       0       0       0       0       
      +0       0       0       0       0       0       0       0       0       0       0       0       0       0       0
 13657 ;;      Locals:         0       0       0       0       0       0       0       0       0       0       0       0       
      +0       0       0       0       0       0       0       0       0       0       0       0       0       0       0
 13658 ;;      Temps:          0       0       0       0       0       0       0       0       0       0       0       0       
      +0       0       0       0       0       0       0       0       0       0       0       0       0       0       0
 13659 ;;      Totals:         0       0       0       0       0       0       0       0       0       0       0       0       
      +0       0       0       0       0       0       0       0       0       0       0       0       0       0       0
 13660 ;;Total ram usage:        0 bytes
 13661 ;; Hardware stack levels used: 1
 13662 ;; This function calls:
 13663 ;;		Nothing
 13664 ;; This function is called by:
 13665 ;;		_I2C1_EVENT_RX
 13666 ;; This function uses a non-reentrant model
 13667 ;;
 13668                           
 13669     0B08                     _I2C1_RestartDisable:	
 13670                           ;psect for function _I2C1_RestartDisable
 13671                           
 13672     0B08                     i1l3308:	
 13673                           ;incstack = 0
 13674                           ; Regs used in _I2C1_RestartDisable: []
 13675                           
 13676                           
 13677                           ;mcc_generated_files/i2c_host/src/mssp1.c: 422:     SSP1CON2bits.RSEN = 0;
 13678     0B08  014D               	movlb	13	; select bank13
 13679     0B09  1091               	bcf	17,1	;volatile
 13680     0B0A                     i1l389:
 13681     0B0A  0008               	return
 13682     0B0B                     __end_of_I2C1_RestartDisable:
 13683                           
 13684                           	psect	text71
 13685     0B05                     __ptext71:	
 13686 ;; *************** function _I2C1_ReceiveEnable *****************
 13687 ;; Defined at:
 13688 ;;		line 410 in file "mcc_generated_files/i2c_host/src/mssp1.c"
 13689 ;; Parameters:    Size  Location     Type
 13690 ;;		None
 13691 ;; Auto vars:     Size  Location     Type
 13692 ;;		None
 13693 ;; Return value:  Size  Location     Type
 13694 ;;                  1    wreg      void 
 13695 ;; Registers used:
 13696 ;;		None
 13697 ;; Tracked objects:
 13698 ;;		On entry : 0/0
 13699 ;;		On exit  : 0/0
 13700 ;;		Unchanged: 0/0
 13701 ;; Data sizes:     COMMON   BANK0   BANK1   BANK2   BANK3   BANK4   BANK5   BANK6   BANK7   BANK8   BANK9  BANK10  BANK1
      +1  BANK12  BANK13  BANK14  BANK15  BANK16  BANK17  BANK18  BANK19  BANK20  BANK21  BANK22  BANK23  BANK24  BANK25
 13702 ;;      Params:         0       0       0       0       0       0       0       0       0       0       0       0       
      +0       0       0       0       0       0       0       0       0       0       0       0       0       0       0
 13703 ;;      Locals:         0       0       0       0       0       0       0       0       0       0       0       0       
      +0       0       0       0       0       0       0       0       0       0       0       0       0       0       0
 13704 ;;      Temps:          0       0       0       0       0       0       0       0       0       0       0       0       
      +0       0       0       0       0       0       0       0       0       0       0       0       0       0       0
 13705 ;;      Totals:         0       0       0       0       0       0       0       0       0       0       0       0       
      +0       0       0       0       0       0       0       0       0       0       0       0       0       0       0
 13706 ;;Total ram usage:        0 bytes
 13707 ;; Hardware stack levels used: 1
 13708 ;; This function calls:
 13709 ;;		Nothing
 13710 ;; This function is called by:
 13711 ;;		_I2C1_EVENT_RX
 13712 ;; This function uses a non-reentrant model
 13713 ;;
 13714                           
 13715     0B05                     _I2C1_ReceiveEnable:	
 13716                           ;psect for function _I2C1_ReceiveEnable
 13717                           
 13718     0B05                     i1l3312:	
 13719                           ;incstack = 0
 13720                           ; Regs used in _I2C1_ReceiveEnable: []
 13721                           
 13722                           
 13723                           ;mcc_generated_files/i2c_host/src/mssp1.c: 412:     SSP1CON2bits.RCEN = 1;
 13724     0B05  014D               	movlb	13	; select bank13
 13725     0B06  1591               	bsf	17,3	;volatile
 13726     0B07                     i1l383:
 13727     0B07  0008               	return
 13728     0B08                     __end_of_I2C1_ReceiveEnable:
 13729                           
 13730                           	psect	text72
 13731     0B1E                     __ptext72:	
 13732 ;; *************** function _I2C1_NackSend *****************
 13733 ;; Defined at:
 13734 ;;		line 441 in file "mcc_generated_files/i2c_host/src/mssp1.c"
 13735 ;; Parameters:    Size  Location     Type
 13736 ;;		None
 13737 ;; Auto vars:     Size  Location     Type
 13738 ;;		None
 13739 ;; Return value:  Size  Location     Type
 13740 ;;                  1    wreg      void 
 13741 ;; Registers used:
 13742 ;;		None
 13743 ;; Tracked objects:
 13744 ;;		On entry : 0/0
 13745 ;;		On exit  : 0/0
 13746 ;;		Unchanged: 0/0
 13747 ;; Data sizes:     COMMON   BANK0   BANK1   BANK2   BANK3   BANK4   BANK5   BANK6   BANK7   BANK8   BANK9  BANK10  BANK1
      +1  BANK12  BANK13  BANK14  BANK15  BANK16  BANK17  BANK18  BANK19  BANK20  BANK21  BANK22  BANK23  BANK24  BANK25
 13748 ;;      Params:         0       0       0       0       0       0       0       0       0       0       0       0       
      +0       0       0       0       0       0       0       0       0       0       0       0       0       0       0
 13749 ;;      Locals:         0       0       0       0       0       0       0       0       0       0       0       0       
      +0       0       0       0       0       0       0       0       0       0       0       0       0       0       0
 13750 ;;      Temps:          0       0       0       0       0       0       0       0       0       0       0       0       
      +0       0       0       0       0       0       0       0       0       0       0       0       0       0       0
 13751 ;;      Totals:         0       0       0       0       0       0       0       0       0       0       0       0       
      +0       0       0       0       0       0       0       0       0       0       0       0       0       0       0
 13752 ;;Total ram usage:        0 bytes
 13753 ;; Hardware stack levels used: 1
 13754 ;; This function calls:
 13755 ;;		Nothing
 13756 ;; This function is called by:
 13757 ;;		_I2C1_EVENT_RX
 13758 ;; This function uses a non-reentrant model
 13759 ;;
 13760                           
 13761     0B1E                     _I2C1_NackSend:	
 13762                           ;psect for function _I2C1_NackSend
 13763                           
 13764     0B1E                     i1l3310:	
 13765                           ;incstack = 0
 13766                           ; Regs used in _I2C1_NackSend: []
 13767                           
 13768                           
 13769                           ;mcc_generated_files/i2c_host/src/mssp1.c: 443:     SSP1CON2bits.ACKDT = 1;
 13770     0B1E  014D               	movlb	13	; select bank13
 13771     0B1F  1691               	bsf	17,5	;volatile
 13772                           
 13773                           ;mcc_generated_files/i2c_host/src/mssp1.c: 444:     SSP1CON2bits.ACKEN = 1;
 13774     0B20  1611               	bsf	17,4	;volatile
 13775     0B21                     i1l401:
 13776     0B21  0008               	return
 13777     0B22                     __end_of_I2C1_NackSend:
 13778                           
 13779                           	psect	text73
 13780     0B1A                     __ptext73:	
 13781 ;; *************** function _I2C1_IsRxBufFull *****************
 13782 ;; Defined at:
 13783 ;;		line 462 in file "mcc_generated_files/i2c_host/src/mssp1.c"
 13784 ;; Parameters:    Size  Location     Type
 13785 ;;		None
 13786 ;; Auto vars:     Size  Location     Type
 13787 ;;		None
 13788 ;; Return value:  Size  Location     Type
 13789 ;;                  1    wreg      _Bool 
 13790 ;; Registers used:
 13791 ;;		wreg, status,2, status,0
 13792 ;; Tracked objects:
 13793 ;;		On entry : 0/0
 13794 ;;		On exit  : 0/0
 13795 ;;		Unchanged: 0/0
 13796 ;; Data sizes:     COMMON   BANK0   BANK1   BANK2   BANK3   BANK4   BANK5   BANK6   BANK7   BANK8   BANK9  BANK10  BANK1
      +1  BANK12  BANK13  BANK14  BANK15  BANK16  BANK17  BANK18  BANK19  BANK20  BANK21  BANK22  BANK23  BANK24  BANK25
 13797 ;;      Params:         0       0       0       0       0       0       0       0       0       0       0       0       
      +0       0       0       0       0       0       0       0       0       0       0       0       0       0       0
 13798 ;;      Locals:         0       0       0       0       0       0       0       0       0       0       0       0       
      +0       0       0       0       0       0       0       0       0       0       0       0       0       0       0
 13799 ;;      Temps:          0       0       0       0       0       0       0       0       0       0       0       0       
      +0       0       0       0       0       0       0       0       0       0       0       0       0       0       0
 13800 ;;      Totals:         0       0       0       0       0       0       0       0       0       0       0       0       
      +0       0       0       0       0       0       0       0       0       0       0       0       0       0       0
 13801 ;;Total ram usage:        0 bytes
 13802 ;; Hardware stack levels used: 1
 13803 ;; This function calls:
 13804 ;;		Nothing
 13805 ;; This function is called by:
 13806 ;;		_I2C1_EVENT_RX
 13807 ;; This function uses a non-reentrant model
 13808 ;;
 13809                           
 13810     0B1A                     _I2C1_IsRxBufFull:	
 13811                           ;psect for function _I2C1_IsRxBufFull
 13812                           
 13813     0B1A                     i1l3298:	
 13814                           ;incstack = 0
 13815                           ; Regs used in _I2C1_IsRxBufFull: [wreg+status,2+status,0]
 13816                           
 13817                           
 13818                           ;mcc_generated_files/i2c_host/src/mssp1.c: 464:     return SSP1STATbits.BF;
 13819     0B1A  014D               	movlb	13	; select bank13
 13820     0B1B  080F               	movf	15,w	;volatile
 13821     0B1C  3901               	andlw	1
 13822     0B1D                     i1l413:
 13823     0B1D  0008               	return
 13824     0B1E                     __end_of_I2C1_IsRxBufFull:
 13825                           
 13826                           	psect	text74
 13827     0B02                     __ptext74:	
 13828 ;; *************** function _I2C1_DataReceive *****************
 13829 ;; Defined at:
 13830 ;;		line 394 in file "mcc_generated_files/i2c_host/src/mssp1.c"
 13831 ;; Parameters:    Size  Location     Type
 13832 ;;		None
 13833 ;; Auto vars:     Size  Location     Type
 13834 ;;		None
 13835 ;; Return value:  Size  Location     Type
 13836 ;;                  1    wreg      unsigned char 
 13837 ;; Registers used:
 13838 ;;		wreg
 13839 ;; Tracked objects:
 13840 ;;		On entry : 0/0
 13841 ;;		On exit  : 0/0
 13842 ;;		Unchanged: 0/0
 13843 ;; Data sizes:     COMMON   BANK0   BANK1   BANK2   BANK3   BANK4   BANK5   BANK6   BANK7   BANK8   BANK9  BANK10  BANK1
      +1  BANK12  BANK13  BANK14  BANK15  BANK16  BANK17  BANK18  BANK19  BANK20  BANK21  BANK22  BANK23  BANK24  BANK25
 13844 ;;      Params:         0       0       0       0       0       0       0       0       0       0       0       0       
      +0       0       0       0       0       0       0       0       0       0       0       0       0       0       0
 13845 ;;      Locals:         0       0       0       0       0       0       0       0       0       0       0       0       
      +0       0       0       0       0       0       0       0       0       0       0       0       0       0       0
 13846 ;;      Temps:          0       0       0       0       0       0       0       0       0       0       0       0       
      +0       0       0       0       0       0       0       0       0       0       0       0       0       0       0
 13847 ;;      Totals:         0       0       0       0       0       0       0       0       0       0       0       0       
      +0       0       0       0       0       0       0       0       0       0       0       0       0       0       0
 13848 ;;Total ram usage:        0 bytes
 13849 ;; Hardware stack levels used: 1
 13850 ;; This function calls:
 13851 ;;		Nothing
 13852 ;; This function is called by:
 13853 ;;		_I2C1_EVENT_RX
 13854 ;; This function uses a non-reentrant model
 13855 ;;
 13856                           
 13857     0B02                     _I2C1_DataReceive:	
 13858                           ;psect for function _I2C1_DataReceive
 13859                           
 13860     0B02                     i1l3302:	
 13861                           ;incstack = 0
 13862                           ; Regs used in _I2C1_DataReceive: [wreg]
 13863                           
 13864                           
 13865                           ;mcc_generated_files/i2c_host/src/mssp1.c: 396:     return SSP1BUF;
 13866     0B02  014D               	movlb	13	; select bank13
 13867     0B03  080C               	movf	12,w	;volatile
 13868     0B04                     i1l374:
 13869     0B04  0008               	return
 13870     0B05                     __end_of_I2C1_DataReceive:
 13871                           
 13872                           	psect	text75
 13873     0B16                     __ptext75:	
 13874 ;; *************** function _I2C1_AckSend *****************
 13875 ;; Defined at:
 13876 ;;		line 435 in file "mcc_generated_files/i2c_host/src/mssp1.c"
 13877 ;; Parameters:    Size  Location     Type
 13878 ;;		None
 13879 ;; Auto vars:     Size  Location     Type
 13880 ;;		None
 13881 ;; Return value:  Size  Location     Type
 13882 ;;                  1    wreg      void 
 13883 ;; Registers used:
 13884 ;;		None
 13885 ;; Tracked objects:
 13886 ;;		On entry : 0/0
 13887 ;;		On exit  : 0/0
 13888 ;;		Unchanged: 0/0
 13889 ;; Data sizes:     COMMON   BANK0   BANK1   BANK2   BANK3   BANK4   BANK5   BANK6   BANK7   BANK8   BANK9  BANK10  BANK1
      +1  BANK12  BANK13  BANK14  BANK15  BANK16  BANK17  BANK18  BANK19  BANK20  BANK21  BANK22  BANK23  BANK24  BANK25
 13890 ;;      Params:         0       0       0       0       0       0       0       0       0       0       0       0       
      +0       0       0       0       0       0       0       0       0       0       0       0       0       0       0
 13891 ;;      Locals:         0       0       0       0       0       0       0       0       0       0       0       0       
      +0       0       0       0       0       0       0       0       0       0       0       0       0       0       0
 13892 ;;      Temps:          0       0       0       0       0       0       0       0       0       0       0       0       
      +0       0       0       0       0       0       0       0       0       0       0       0       0       0       0
 13893 ;;      Totals:         0       0       0       0       0       0       0       0       0       0       0       0       
      +0       0       0       0       0       0       0       0       0       0       0       0       0       0       0
 13894 ;;Total ram usage:        0 bytes
 13895 ;; Hardware stack levels used: 1
 13896 ;; This function calls:
 13897 ;;		Nothing
 13898 ;; This function is called by:
 13899 ;;		_I2C1_EVENT_RX
 13900 ;; This function uses a non-reentrant model
 13901 ;;
 13902                           
 13903     0B16                     _I2C1_AckSend:	
 13904                           ;psect for function _I2C1_AckSend
 13905                           
 13906     0B16                     i1l3306:	
 13907                           ;incstack = 0
 13908                           ; Regs used in _I2C1_AckSend: []
 13909                           
 13910                           
 13911                           ;mcc_generated_files/i2c_host/src/mssp1.c: 437:     SSP1CON2bits.ACKDT = 0;
 13912     0B16  014D               	movlb	13	; select bank13
 13913     0B17  1291               	bcf	17,5	;volatile
 13914                           
 13915                           ;mcc_generated_files/i2c_host/src/mssp1.c: 438:     SSP1CON2bits.ACKEN = 1;
 13916     0B18  1611               	bsf	17,4	;volatile
 13917     0B19                     i1l398:
 13918     0B19  0008               	return
 13919     0B1A                     __end_of_I2C1_AckSend:
 13920                           
 13921                           	psect	text76
 13922     0AFF                     __ptext76:	
 13923 ;; *************** function _I2C1_StopSend *****************
 13924 ;; Defined at:
 13925 ;;		line 430 in file "mcc_generated_files/i2c_host/src/mssp1.c"
 13926 ;; Parameters:    Size  Location     Type
 13927 ;;		None
 13928 ;; Auto vars:     Size  Location     Type
 13929 ;;		None
 13930 ;; Return value:  Size  Location     Type
 13931 ;;                  1    wreg      void 
 13932 ;; Registers used:
 13933 ;;		None
 13934 ;; Tracked objects:
 13935 ;;		On entry : 0/0
 13936 ;;		On exit  : 0/0
 13937 ;;		Unchanged: 0/0
 13938 ;; Data sizes:     COMMON   BANK0   BANK1   BANK2   BANK3   BANK4   BANK5   BANK6   BANK7   BANK8   BANK9  BANK10  BANK1
      +1  BANK12  BANK13  BANK14  BANK15  BANK16  BANK17  BANK18  BANK19  BANK20  BANK21  BANK22  BANK23  BANK24  BANK25
 13939 ;;      Params:         0       0       0       0       0       0       0       0       0       0       0       0       
      +0       0       0       0       0       0       0       0       0       0       0       0       0       0       0
 13940 ;;      Locals:         0       0       0       0       0       0       0       0       0       0       0       0       
      +0       0       0       0       0       0       0       0       0       0       0       0       0       0       0
 13941 ;;      Temps:          0       0       0       0       0       0       0       0       0       0       0       0       
      +0       0       0       0       0       0       0       0       0       0       0       0       0       0       0
 13942 ;;      Totals:         0       0       0       0       0       0       0       0       0       0       0       0       
      +0       0       0       0       0       0       0       0       0       0       0       0       0       0       0
 13943 ;;Total ram usage:        0 bytes
 13944 ;; Hardware stack levels used: 1
 13945 ;; This function calls:
 13946 ;;		Nothing
 13947 ;; This function is called by:
 13948 ;;		_I2C1_EVENT_STOP
 13949 ;; This function uses a non-reentrant model
 13950 ;;
 13951                           
 13952     0AFF                     _I2C1_StopSend:	
 13953                           ;psect for function _I2C1_StopSend
 13954                           
 13955     0AFF                     i1l3206:	
 13956                           ;incstack = 0
 13957                           ; Regs used in _I2C1_StopSend: []
 13958                           
 13959                           
 13960                           ;mcc_generated_files/i2c_host/src/mssp1.c: 432:     SSP1CON2bits.PEN = 1;
 13961     0AFF  014D               	movlb	13	; select bank13
 13962     0B00  1511               	bsf	17,2	;volatile
 13963     0B01                     i1l395:
 13964     0B01  0008               	return
 13965     0B02                     __end_of_I2C1_StopSend:
 13966                           
 13967                           	psect	text77
 13968     0C68                     __ptext77:	
 13969 ;; *************** function _I2C1_Close *****************
 13970 ;; Defined at:
 13971 ;;		line 244 in file "mcc_generated_files/i2c_host/src/mssp1.c"
 13972 ;; Parameters:    Size  Location     Type
 13973 ;;		None
 13974 ;; Auto vars:     Size  Location     Type
 13975 ;;		None
 13976 ;; Return value:  Size  Location     Type
 13977 ;;                  1    wreg      void 
 13978 ;; Registers used:
 13979 ;;		status,2, status,0, pclath, cstack
 13980 ;; Tracked objects:
 13981 ;;		On entry : 0/0
 13982 ;;		On exit  : 0/0
 13983 ;;		Unchanged: 0/0
 13984 ;; Data sizes:     COMMON   BANK0   BANK1   BANK2   BANK3   BANK4   BANK5   BANK6   BANK7   BANK8   BANK9  BANK10  BANK1
      +1  BANK12  BANK13  BANK14  BANK15  BANK16  BANK17  BANK18  BANK19  BANK20  BANK21  BANK22  BANK23  BANK24  BANK25
 13985 ;;      Params:         0       0       0       0       0       0       0       0       0       0       0       0       
      +0       0       0       0       0       0       0       0       0       0       0       0       0       0       0
 13986 ;;      Locals:         0       0       0       0       0       0       0       0       0       0       0       0       
      +0       0       0       0       0       0       0       0       0       0       0       0       0       0       0
 13987 ;;      Temps:          0       0       0       0       0       0       0       0       0       0       0       0       
      +0       0       0       0       0       0       0       0       0       0       0       0       0       0       0
 13988 ;;      Totals:         0       0       0       0       0       0       0       0       0       0       0       0       
      +0       0       0       0       0       0       0       0       0       0       0       0       0       0       0
 13989 ;;Total ram usage:        0 bytes
 13990 ;; Hardware stack levels used: 1
 13991 ;; Hardware stack levels required when called: 1
 13992 ;; This function calls:
 13993 ;;		_I2C1_ErrorInterruptClear
 13994 ;;		_I2C1_InterruptClear
 13995 ;;		_I2C1_StatusFlagsClear
 13996 ;; This function is called by:
 13997 ;;		_I2C1_EVENT_STOP
 13998 ;; This function uses a non-reentrant model
 13999 ;;
 14000                           
 14001     0C68                     _I2C1_Close:	
 14002                           ;psect for function _I2C1_Close
 14003                           
 14004     0C68                     i1l3196:	
 14005                           ;incstack = 0
 14006                           ; Regs used in _I2C1_Close: [status,2+status,0+pclath+cstack]
 14007                           
 14008                           
 14009                           ;mcc_generated_files/i2c_host/src/mssp1.c: 246:     i2c1Status.busy = 0;
 14010     0C68  0140               	movlb	0	; select bank0
 14011     0C69  01DF               	clrf	_i2c1Status	;volatile
 14012     0C6A                     i1l3198:
 14013                           
 14014                           ;mcc_generated_files/i2c_host/src/mssp1.c: 247:     i2c1Status.address = 0xFF;
 14015     0C6A  3000               	movlw	0
 14016     0C6B  00E1               	movwf	_i2c1Status+2	;volatile
 14017     0C6C  30FF               	movlw	255
 14018     0C6D  00E0               	movwf	_i2c1Status+1	;volatile
 14019                           
 14020                           ;mcc_generated_files/i2c_host/src/mssp1.c: 248:     i2c1Status.writePtr = ((void*)0);
 14021     0C6E  01E2               	clrf	low ((_i2c1Status| 0+3))	;volatile
 14022     0C6F  01E3               	clrf	(low ((_i2c1Status| 0+3))+1)	;volatile
 14023                           
 14024                           ;mcc_generated_files/i2c_host/src/mssp1.c: 249:     i2c1Status.readPtr = ((void*)0);
 14025     0C70  01E6               	clrf	low ((_i2c1Status| 0+7))	;volatile
 14026     0C71  01E7               	clrf	(low ((_i2c1Status| 0+7))+1)	;volatile
 14027                           
 14028                           ;mcc_generated_files/i2c_host/src/mssp1.c: 250:     i2c1Status.state = I2C_STATE_IDLE;
 14029     0C72  01EC               	clrf	_i2c1Status+13	;volatile
 14030     0C73                     i1l3200:
 14031                           
 14032                           ;mcc_generated_files/i2c_host/src/mssp1.c: 251:     I2C1_InterruptClear();
 14033     0C73  318A  22FC  318C   	fcall	_I2C1_InterruptClear
 14034     0C76                     i1l3202:
 14035                           
 14036                           ;mcc_generated_files/i2c_host/src/mssp1.c: 252:     I2C1_ErrorInterruptClear();
 14037     0C76  318A  22F9  318C   	fcall	_I2C1_ErrorInterruptClear
 14038     0C79                     i1l3204:
 14039                           
 14040                           ;mcc_generated_files/i2c_host/src/mssp1.c: 253:     I2C1_StatusFlagsClear();
 14041     0C79  318B  2312  318C   	fcall	_I2C1_StatusFlagsClear
 14042     0C7C                     i1l323:
 14043     0C7C  0008               	return
 14044     0C7D                     __end_of_I2C1_Close:
 14045                           
 14046                           	psect	text78
 14047     0B12                     __ptext78:	
 14048 ;; *************** function _I2C1_StatusFlagsClear *****************
 14049 ;; Defined at:
 14050 ;;		line 489 in file "mcc_generated_files/i2c_host/src/mssp1.c"
 14051 ;; Parameters:    Size  Location     Type
 14052 ;;		None
 14053 ;; Auto vars:     Size  Location     Type
 14054 ;;		None
 14055 ;; Return value:  Size  Location     Type
 14056 ;;                  1    wreg      void 
 14057 ;; Registers used:
 14058 ;;		None
 14059 ;; Tracked objects:
 14060 ;;		On entry : 0/0
 14061 ;;		On exit  : 0/0
 14062 ;;		Unchanged: 0/0
 14063 ;; Data sizes:     COMMON   BANK0   BANK1   BANK2   BANK3   BANK4   BANK5   BANK6   BANK7   BANK8   BANK9  BANK10  BANK1
      +1  BANK12  BANK13  BANK14  BANK15  BANK16  BANK17  BANK18  BANK19  BANK20  BANK21  BANK22  BANK23  BANK24  BANK25
 14064 ;;      Params:         0       0       0       0       0       0       0       0       0       0       0       0       
      +0       0       0       0       0       0       0       0       0       0       0       0       0       0       0
 14065 ;;      Locals:         0       0       0       0       0       0       0       0       0       0       0       0       
      +0       0       0       0       0       0       0       0       0       0       0       0       0       0       0
 14066 ;;      Temps:          0       0       0       0       0       0       0       0       0       0       0       0       
      +0       0       0       0       0       0       0       0       0       0       0       0       0       0       0
 14067 ;;      Totals:         0       0       0       0       0       0       0       0       0       0       0       0       
      +0       0       0       0       0       0       0       0       0       0       0       0       0       0       0
 14068 ;;Total ram usage:        0 bytes
 14069 ;; Hardware stack levels used: 1
 14070 ;; This function calls:
 14071 ;;		Nothing
 14072 ;; This function is called by:
 14073 ;;		_I2C1_Close
 14074 ;; This function uses a non-reentrant model
 14075 ;;
 14076                           
 14077     0B12                     _I2C1_StatusFlagsClear:	
 14078                           ;psect for function _I2C1_StatusFlagsClear
 14079                           
 14080     0B12                     i1l3146:	
 14081                           ;incstack = 0
 14082                           ; Regs used in _I2C1_StatusFlagsClear: []
 14083                           
 14084                           
 14085                           ;mcc_generated_files/i2c_host/src/mssp1.c: 491:     SSP1CON1bits.WCOL = 0;
 14086     0B12  014D               	movlb	13	; select bank13
 14087     0B13  1390               	bcf	16,7	;volatile
 14088                           
 14089                           ;mcc_generated_files/i2c_host/src/mssp1.c: 492:     SSP1CON1bits.SSPOV = 0;
 14090     0B14  1310               	bcf	16,6	;volatile
 14091     0B15                     i1l428:
 14092     0B15  0008               	return
 14093     0B16                     __end_of_I2C1_StatusFlagsClear:
 14094                           
 14095                           	psect	text79
 14096     0AFC                     __ptext79:	
 14097 ;; *************** function _I2C1_InterruptClear *****************
 14098 ;; Defined at:
 14099 ;;		line 479 in file "mcc_generated_files/i2c_host/src/mssp1.c"
 14100 ;; Parameters:    Size  Location     Type
 14101 ;;		None
 14102 ;; Auto vars:     Size  Location     Type
 14103 ;;		None
 14104 ;; Return value:  Size  Location     Type
 14105 ;;                  1    wreg      void 
 14106 ;; Registers used:
 14107 ;;		None
 14108 ;; Tracked objects:
 14109 ;;		On entry : 0/0
 14110 ;;		On exit  : 0/0
 14111 ;;		Unchanged: 0/0
 14112 ;; Data sizes:     COMMON   BANK0   BANK1   BANK2   BANK3   BANK4   BANK5   BANK6   BANK7   BANK8   BANK9  BANK10  BANK1
      +1  BANK12  BANK13  BANK14  BANK15  BANK16  BANK17  BANK18  BANK19  BANK20  BANK21  BANK22  BANK23  BANK24  BANK25
 14113 ;;      Params:         0       0       0       0       0       0       0       0       0       0       0       0       
      +0       0       0       0       0       0       0       0       0       0       0       0       0       0       0
 14114 ;;      Locals:         0       0       0       0       0       0       0       0       0       0       0       0       
      +0       0       0       0       0       0       0       0       0       0       0       0       0       0       0
 14115 ;;      Temps:          0       0       0       0       0       0       0       0       0       0       0       0       
      +0       0       0       0       0       0       0       0       0       0       0       0       0       0       0
 14116 ;;      Totals:         0       0       0       0       0       0       0       0       0       0       0       0       
      +0       0       0       0       0       0       0       0       0       0       0       0       0       0       0
 14117 ;;Total ram usage:        0 bytes
 14118 ;; Hardware stack levels used: 1
 14119 ;; This function calls:
 14120 ;;		Nothing
 14121 ;; This function is called by:
 14122 ;;		_I2C1_Close
 14123 ;;		_I2C1_EventHandler
 14124 ;; This function uses a non-reentrant model
 14125 ;;
 14126                           
 14127     0AFC                     _I2C1_InterruptClear:	
 14128                           ;psect for function _I2C1_InterruptClear
 14129                           
 14130     0AFC                     i1l3142:	
 14131                           ;incstack = 0
 14132                           ; Regs used in _I2C1_InterruptClear: []
 14133                           
 14134                           
 14135                           ;mcc_generated_files/i2c_host/src/mssp1.c: 481:     PIR3bits.SSP1IF = 0;
 14136     0AFC  0141               	movlb	1	; select bank1
 14137     0AFD  130F               	bcf	15,6	;volatile
 14138     0AFE                     i1l422:
 14139     0AFE  0008               	return
 14140     0AFF                     __end_of_I2C1_InterruptClear:
 14141                           
 14142                           	psect	text80
 14143     0AF9                     __ptext80:	
 14144 ;; *************** function _I2C1_ErrorInterruptClear *****************
 14145 ;; Defined at:
 14146 ;;		line 484 in file "mcc_generated_files/i2c_host/src/mssp1.c"
 14147 ;; Parameters:    Size  Location     Type
 14148 ;;		None
 14149 ;; Auto vars:     Size  Location     Type
 14150 ;;		None
 14151 ;; Return value:  Size  Location     Type
 14152 ;;                  1    wreg      void 
 14153 ;; Registers used:
 14154 ;;		None
 14155 ;; Tracked objects:
 14156 ;;		On entry : 0/0
 14157 ;;		On exit  : 0/0
 14158 ;;		Unchanged: 0/0
 14159 ;; Data sizes:     COMMON   BANK0   BANK1   BANK2   BANK3   BANK4   BANK5   BANK6   BANK7   BANK8   BANK9  BANK10  BANK1
      +1  BANK12  BANK13  BANK14  BANK15  BANK16  BANK17  BANK18  BANK19  BANK20  BANK21  BANK22  BANK23  BANK24  BANK25
 14160 ;;      Params:         0       0       0       0       0       0       0       0       0       0       0       0       
      +0       0       0       0       0       0       0       0       0       0       0       0       0       0       0
 14161 ;;      Locals:         0       0       0       0       0       0       0       0       0       0       0       0       
      +0       0       0       0       0       0       0       0       0       0       0       0       0       0       0
 14162 ;;      Temps:          0       0       0       0       0       0       0       0       0       0       0       0       
      +0       0       0       0       0       0       0       0       0       0       0       0       0       0       0
 14163 ;;      Totals:         0       0       0       0       0       0       0       0       0       0       0       0       
      +0       0       0       0       0       0       0       0       0       0       0       0       0       0       0
 14164 ;;Total ram usage:        0 bytes
 14165 ;; Hardware stack levels used: 1
 14166 ;; This function calls:
 14167 ;;		Nothing
 14168 ;; This function is called by:
 14169 ;;		_I2C1_Close
 14170 ;;		_I2C1_ErrorEventHandler
 14171 ;; This function uses a non-reentrant model
 14172 ;;
 14173                           
 14174     0AF9                     _I2C1_ErrorInterruptClear:	
 14175                           ;psect for function _I2C1_ErrorInterruptClear
 14176                           
 14177     0AF9                     i1l3144:	
 14178                           ;incstack = 0
 14179                           ; Regs used in _I2C1_ErrorInterruptClear: []
 14180                           
 14181                           
 14182                           ;mcc_generated_files/i2c_host/src/mssp1.c: 486:     PIR3bits.BCL1IF = 0;
 14183     0AF9  0141               	movlb	1	; select bank1
 14184     0AFA  138F               	bcf	15,7	;volatile
 14185     0AFB                     i1l425:
 14186     0AFB  0008               	return
 14187     0AFC                     __end_of_I2C1_ErrorInterruptClear:
 14188                           
 14189                           	psect	text81
 14190     0B0E                     __ptext81:	
 14191 ;; *************** function _I2C1_BusReset *****************
 14192 ;; Defined at:
 14193 ;;		line 404 in file "mcc_generated_files/i2c_host/src/mssp1.c"
 14194 ;; Parameters:    Size  Location     Type
 14195 ;;		None
 14196 ;; Auto vars:     Size  Location     Type
 14197 ;;		None
 14198 ;; Return value:  Size  Location     Type
 14199 ;;                  1    wreg      void 
 14200 ;; Registers used:
 14201 ;;		None
 14202 ;; Tracked objects:
 14203 ;;		On entry : 0/0
 14204 ;;		On exit  : 0/0
 14205 ;;		Unchanged: 0/0
 14206 ;; Data sizes:     COMMON   BANK0   BANK1   BANK2   BANK3   BANK4   BANK5   BANK6   BANK7   BANK8   BANK9  BANK10  BANK1
      +1  BANK12  BANK13  BANK14  BANK15  BANK16  BANK17  BANK18  BANK19  BANK20  BANK21  BANK22  BANK23  BANK24  BANK25
 14207 ;;      Params:         0       0       0       0       0       0       0       0       0       0       0       0       
      +0       0       0       0       0       0       0       0       0       0       0       0       0       0       0
 14208 ;;      Locals:         0       0       0       0       0       0       0       0       0       0       0       0       
      +0       0       0       0       0       0       0       0       0       0       0       0       0       0       0
 14209 ;;      Temps:          0       0       0       0       0       0       0       0       0       0       0       0       
      +0       0       0       0       0       0       0       0       0       0       0       0       0       0       0
 14210 ;;      Totals:         0       0       0       0       0       0       0       0       0       0       0       0       
      +0       0       0       0       0       0       0       0       0       0       0       0       0       0       0
 14211 ;;Total ram usage:        0 bytes
 14212 ;; Hardware stack levels used: 1
 14213 ;; This function calls:
 14214 ;;		Nothing
 14215 ;; This function is called by:
 14216 ;;		_I2C1_EVENT_RESET
 14217 ;; This function uses a non-reentrant model
 14218 ;;
 14219                           
 14220     0B0E                     _I2C1_BusReset:	
 14221                           ;psect for function _I2C1_BusReset
 14222                           
 14223     0B0E                     i1l3208:	
 14224                           ;incstack = 0
 14225                           ; Regs used in _I2C1_BusReset: []
 14226                           
 14227                           
 14228                           ;mcc_generated_files/i2c_host/src/mssp1.c: 406:     SSP1CON1bits.SSPEN = 0;
 14229     0B0E  014D               	movlb	13	; select bank13
 14230     0B0F  1290               	bcf	16,5	;volatile
 14231                           
 14232                           ;mcc_generated_files/i2c_host/src/mssp1.c: 407:     SSP1CON1bits.SSPEN = 1;
 14233     0B10  1690               	bsf	16,5	;volatile
 14234     0B11                     i1l380:
 14235     0B11  0008               	return
 14236     0B12                     __end_of_I2C1_BusReset:
 14237                           
 14238                           	psect	text82
 14239     0AF5                     __ptext82:	
 14240 ;; *************** function _I2C1_DefaultCallback *****************
 14241 ;; Defined at:
 14242 ;;		line 281 in file "mcc_generated_files/i2c_host/src/mssp1.c"
 14243 ;; Parameters:    Size  Location     Type
 14244 ;;		None
 14245 ;; Auto vars:     Size  Location     Type
 14246 ;;		None
 14247 ;; Return value:  Size  Location     Type
 14248 ;;                  1    wreg      void 
 14249 ;; Registers used:
 14250 ;;		None
 14251 ;; Tracked objects:
 14252 ;;		On entry : 0/0
 14253 ;;		On exit  : 0/0
 14254 ;;		Unchanged: 0/0
 14255 ;; Data sizes:     COMMON   BANK0   BANK1   BANK2   BANK3   BANK4   BANK5   BANK6   BANK7   BANK8   BANK9  BANK10  BANK1
      +1  BANK12  BANK13  BANK14  BANK15  BANK16  BANK17  BANK18  BANK19  BANK20  BANK21  BANK22  BANK23  BANK24  BANK25
 14256 ;;      Params:         0       0       0       0       0       0       0       0       0       0       0       0       
      +0       0       0       0       0       0       0       0       0       0       0       0       0       0       0
 14257 ;;      Locals:         0       0       0       0       0       0       0       0       0       0       0       0       
      +0       0       0       0       0       0       0       0       0       0       0       0       0       0       0
 14258 ;;      Temps:          0       0       0       0       0       0       0       0       0       0       0       0       
      +0       0       0       0       0       0       0       0       0       0       0       0       0       0       0
 14259 ;;      Totals:         0       0       0       0       0       0       0       0       0       0       0       0       
      +0       0       0       0       0       0       0       0       0       0       0       0       0       0       0
 14260 ;;Total ram usage:        0 bytes
 14261 ;; Hardware stack levels used: 1
 14262 ;; This function calls:
 14263 ;;		Nothing
 14264 ;; This function is called by:
 14265 ;;		_I2C1_Initialize
 14266 ;;		_I2C1_Deinitialize
 14267 ;;		_I2C1_ErrorEventHandler
 14268 ;; This function uses a non-reentrant model
 14269 ;;
 14270                           
 14271     0AF5                     _I2C1_DefaultCallback:	
 14272                           ;psect for function _I2C1_DefaultCallback
 14273                           
 14274     0AF5                     i1l335:	
 14275                           ;incstack = 0
 14276                           ; Regs used in _I2C1_DefaultCallback: []
 14277                           
 14278     0AF5  0008               	return
 14279     0AF6                     __end_of_I2C1_DefaultCallback:
 14280     007E                     btemp	set	126	;btemp
 14281     007E                     int$flags	set	126
 14282     007E                     wtemp0	set	126
 14283                           
 14284                           	psect	config
 14285                           
 14286                           ;Config register CONFIG1 @ 0x8007
 14287                           ;	External Oscillator Selection bits
 14288                           ;	FEXTOSC = ECH, EC (external clock) above 16 MHz
 14289                           ;	Reset Oscillator Selection bits
 14290                           ;	RSTOSC = HFINTOSC_32MHz, HFINTOSC (32 MHz)
 14291                           ;	Clock Out Enable bit
 14292                           ;	CLKOUTEN = OFF, CLKOUT function is disabled; i/o or oscillator function on OSC2
 14293                           ;	VDD Range Analog Calibration Selection bit
 14294                           ;	VDDAR = HI, Internal analog systems are calibrated for operation between VDD = 2.3 - 5
      +                          .5V
 14295     8007                     	org	32775
 14296     8007  3F8F               	dw	16271
 14297                           
 14298                           ;Config register CONFIG2 @ 0x8008
 14299                           ;	Master Clear Enable bit
 14300                           ;	MCLRE = EXTMCLR, If LVP = 0, MCLR pin is MCLR; If LVP = 1, RA3 pin function is MCLR
 14301                           ;	Power-up Timer Selection bits
 14302                           ;	PWRTS = PWRT_OFF, PWRT is disabled
 14303                           ;	WDT Operating Mode bits
 14304                           ;	WDTE = OFF, WDT disabled; SEN is ignored
 14305                           ;	Brown-out Reset Enable bits
 14306                           ;	BOREN = ON, Brown-out Reset enabled, SBOREN bit is ignored
 14307                           ;	DAC Buffer Automatic Range Select Enable bit
 14308                           ;	DACAUTOEN = OFF, DAC Buffer reference range is determined by the REFRNG bit
 14309                           ;	Brown-out Reset Voltage Selection bit
 14310                           ;	BORV = LO, Brown-out Reset Voltage (VBOR) set to 1.9V
 14311                           ;	ZCD Disable bit
 14312                           ;	ZCD = OFF, ZCD module is disabled; ZCD can be enabled by setting the ZCDSEN bit of ZCD
      +                          CON
 14313                           ;	PPSLOCKED One-Way Set Enable bit
 14314                           ;	PPS1WAY = ON, The PPSLOCKED bit can be cleared and set only once after an unlocking se
      +                          quence is executed; once PPSLOCKED is set, all future changes to PPS registers are preve
      +                          nted
 14315                           ;	Stack Overflow/Underflow Reset Enable bit
 14316                           ;	STVREN = ON, Stack Overflow or Underflow will cause a reset
 14317     8008                     	org	32776
 14318     8008  3FE7               	dw	16359
 14319                           
 14320                           ;Config register CONFIG4 @ 0x800A
 14321                           ;	Boot Block Size Selection bits
 14322                           ;	BBSIZE = BB512, 512 words boot block size
 14323                           ;	Boot Block Enable bit
 14324                           ;	BBEN = OFF, Boot Block disabled
 14325                           ;	Storage Area Flash (SAF) Enable bit
 14326                           ;	SAFEN = OFF, SAF disabled
 14327                           ;	Application Block Write Protection bit
 14328                           ;	WRTAPP = OFF, Application Block is NOT write protected
 14329                           ;	Boot Block Write Protection bit
 14330                           ;	WRTB = OFF, Boot Block is NOT write protected
 14331                           ;	Configuration Register Write Protection bit
 14332                           ;	WRTC = OFF, Configuration Register is NOT write protected
 14333                           ;	Data EEPROM Write-Protection bit
 14334                           ;	WRTD = OFF, Data EEPROM is NOT write-protected
 14335                           ;	Storage Area Flash (SAF) Write Protection bit
 14336                           ;	WRTSAF = OFF, SAF is NOT write protected
 14337                           ;	Low Voltage Programming Enable bit
 14338                           ;	LVP = ON, Low Voltage programming enabled. MCLR/Vpp pin function is MCLR. MCLRE Config
      +                          uration bit is ignored
 14339     800A                     	org	32778
 14340     800A  3FFF               	dw	16383
 14341                           
 14342                           ;Config register CONFIG5 @ 0x800B
 14343                           ;	Program Flash Memory Code Protection bit
 14344                           ;	CP = OFF, Program Flash Memory code protection is disabled
 14345                           ;	Data EEPROM Code Protection bit
 14346                           ;	CPD = OFF, EEPROM code protection is disabled
 14347     800B                     	org	32779
 14348     800B  3FFF               	dw	16383

Data Sizes:
    Strings     3
    Constant    140
    Data        9
    BSS         97
    Persistent  32
    Stack       0

Auto Spaces:
    Space          Size  Autos    Used
    COMMON           14      6      12
    BANK0            80     63      79
    BANK1            80     71      79
    BANK2            80     56      68
    BANK3            80      0      64
    BANK4            80      0       0
    BANK5            80      0       0
    BANK6            80      0       0
    BANK7            80      0       0
    BANK8            80      0       0
    BANK9            80      0       0
    BANK10           80      0       0
    BANK11           80      0       0
    BANK12           80      0       0
    BANK13           80      0       0
    BANK14           80      0       0
    BANK15           80      0       0
    BANK16           80      0       0
    BANK17           80      0       0
    BANK18           80      0       0
    BANK19           80      0       0
    BANK20           80      0       0
    BANK21           80      0       0
    BANK22           80      0       0
    BANK23           80      0       0
    BANK24           80      0       0
    BANK25           32      0       0

Pointer List with Targets:

    S210$2$1	PTR unsigned char  size(2) Largest target is 0

    S210$3$1	PTR unsigned char  size(2) Largest target is 0

    S210$4$3	PTR unsigned char  size(2) Largest target is 0

    S210$4$1	PTR unsigned char  size(2) Largest target is 0

    NULL$0	PTR struct . size(2) Largest target is 0

    S210$8$0	PTR FTN()void  size(2) Largest target is 1
		 -> I2C1_DefaultCallback(), 

    S1216$20$0	PTR FTN()void  size(2) Largest target is 1
		 -> EUSART2_DefaultFramingErrorCallback(), EUSART1_DefaultFramingErrorCallback(), 

    S1216$21$0	PTR FTN()void  size(2) Largest target is 1
		 -> EUSART2_DefaultOverrunErrorCallback(), EUSART1_DefaultOverrunErrorCallback(), 

    strncmp@_r	PTR const unsigned char  size(2) Largest target is 3
		 -> STR_1(CODE[3]), 

    strncmp@r	PTR const unsigned char  size(2) Largest target is 3
		 -> STR_1(CODE[3]), 

    strncmp@_l	PTR const unsigned char  size(1) Largest target is 32
		 -> main@text(BANK2[32]), NULL(NULL[0]), 

    strncmp@l	PTR const unsigned char  size(1) Largest target is 32
		 -> main@text(BANK2[32]), NULL(NULL[0]), 

    strlen@s	PTR const unsigned char  size(2) Largest target is 3
		 -> STR_1(CODE[3]), 

    strlen@a	PTR const unsigned char  size(2) Largest target is 3
		 -> STR_1(CODE[3]), 

    strchr@s	PTR const unsigned char  size(1) Largest target is 32
		 -> main@text(BANK2[32]), NULL(NULL[0]), 

    sp__strchr	PTR unsigned char  size(1) Largest target is 32
		 -> main@text(BANK2[32]), NULL(NULL[0]), 

    strstr@h	PTR const unsigned char  size(1) Largest target is 32
		 -> main@text(BANK2[32]), NULL(NULL[0]), 

    strstr@n	PTR const unsigned char  size(2) Largest target is 3
		 -> STR_1(CODE[3]), 

    memcpy@d1	PTR void  size(1) Largest target is 64
		 -> main@text(BANK2[32]), main@lastUid(BANK2[7]), PN532_ReadNdefText@buf(BANK3[64]), 

    memcpy@d	PTR unsigned char  size(1) Largest target is 64
		 -> main@text(BANK2[32]), main@lastUid(BANK2[7]), PN532_ReadNdefText@buf(BANK3[64]), 

    memcpy@s1	PTR const void  size(2) Largest target is 64
		 -> main@uid(BANK2[7]), PN532_ReadNdefText@buf(BANK3[64]), ntag_read4pages@rsp(BANK0[20]), 

    memcpy@s	PTR const unsigned char  size(2) Largest target is 64
		 -> main@uid(BANK2[7]), PN532_ReadNdefText@buf(BANK3[64]), ntag_read4pages@rsp(BANK0[20]), 

    memcmp@vr	PTR const void  size(2) Largest target is 7
		 -> main@lastUid(BANK2[7]), pn532_transact@expectedAck(CODE[6]), 

    memcmp@r	PTR const unsigned char  size(2) Largest target is 7
		 -> main@lastUid(BANK2[7]), pn532_transact@expectedAck(CODE[6]), 

    memcmp@vl	PTR const void  size(2) Largest target is 32
		 -> main@uid(BANK2[7]), pn532_transact@buffer(BANK1[32]), 

    memcmp@l	PTR const unsigned char  size(2) Largest target is 32
		 -> main@uid(BANK2[7]), pn532_transact@buffer(BANK1[32]), 

    atoi@s	PTR const unsigned char  size(1) Largest target is 32
		 -> main@text(BANK2[32]), NULL(NULL[0]), 

    sp__strstr	PTR unsigned char  size(1) Largest target is 32
		 -> main@text(BANK2[32]), NULL(NULL[0]), 

    parse_track_number@text	PTR const unsigned char  size(1) Largest target is 32
		 -> main@text(BANK2[32]), 

    parse_track_number@sep	PTR const unsigned char  size(1) Largest target is 32
		 -> main@text(BANK2[32]), NULL(NULL[0]), 

    EUSART2_OverrunErrorCallbackRegister@callbackHandler	PTR FTN()void  size(2) Largest target is 1
		 -> EUSART2_DefaultOverrunErrorCallback(), EUSART1_DefaultOverrunErrorCallback(), 

    EUSART2_FramingErrorCallbackRegister@callbackHandler	PTR FTN()void  size(2) Largest target is 1
		 -> EUSART2_DefaultFramingErrorCallback(), EUSART1_DefaultFramingErrorCallback(), 

    EUSART2_FramingErrorHandler	PTR FTN()void  size(2) Largest target is 1
		 -> EUSART2_DefaultFramingErrorCallback(), EUSART1_DefaultFramingErrorCallback(), NULL(), 

    EUSART2_OverrunErrorHandler	PTR FTN()void  size(2) Largest target is 1
		 -> EUSART2_DefaultOverrunErrorCallback(), EUSART1_DefaultOverrunErrorCallback(), NULL(), 

    UART2.EventCallbackRegister	PTR FTN(PTR FTN()void ,)void  size(2) Largest target is 1
		 -> NULL(), 

    UART2.ParityErrorCallbackRegister	PTR FTN(PTR FTN()void ,)void  size(2) Largest target is 1
		 -> NULL(), 

    UART2.OverrunErrorCallbackRegister	PTR FTN(PTR FTN()void ,)void  size(2) Largest target is 1
		 -> EUSART2_OverrunErrorCallbackRegister(), EUSART1_OverrunErrorCallbackRegister(), 

    UART2.FramingErrorCallbackRegister	PTR FTN(PTR FTN()void ,)void  size(2) Largest target is 1
		 -> EUSART2_FramingErrorCallbackRegister(), EUSART1_FramingErrorCallbackRegister(), 

    UART2.TxCollisionCallbackRegister	PTR FTN(PTR FTN()void ,)void  size(2) Largest target is 1
		 -> NULL(), 

    UART2.RxCompleteCallbackRegister	PTR FTN(PTR FTN()void ,)void  size(2) Largest target is 1
		 -> NULL(), 

    UART2.TxCompleteCallbackRegister	PTR FTN(PTR FTN()void ,)void  size(2) Largest target is 1
		 -> NULL(), 

    UART2.ErrorGet	PTR FTN()unsigned int  size(2) Largest target is 2
		 -> EUSART2_ErrorGet(), EUSART1_ErrorGet(), 

    UART2.BaudRateGet	PTR FTN()unsigned long  size(2) Largest target is 1
		 -> NULL(), 

    UART2.BaudRateSet	PTR FTN(unsigned long ,)void  size(2) Largest target is 1
		 -> NULL(), 

    UART2.BRGCountGet	PTR FTN()unsigned long  size(2) Largest target is 1
		 -> NULL(), 

    UART2.BRGCountSet	PTR FTN(unsigned long ,)void  size(2) Largest target is 1
		 -> NULL(), 

    UART2.AutoBaudEventEnableGet	PTR FTN()_Bool  size(2) Largest target is 1
		 -> NULL(), 

    UART2.AutoBaudQuery	PTR FTN()_Bool  size(2) Largest target is 1
		 -> EUSART2_AutoBaudQuery(), EUSART1_AutoBaudQuery(), 

    UART2.AutoBaudSet	PTR FTN(_Bool ,)void  size(2) Largest target is 1
		 -> EUSART2_AutoBaudSet(), EUSART1_AutoBaudSet(), 

    UART2.TransmitDisable	PTR FTN()void  size(2) Largest target is 1
		 -> EUSART2_TransmitDisable(), EUSART1_TransmitDisable(), 

    UART2.TransmitEnable	PTR FTN()void  size(2) Largest target is 1
		 -> EUSART2_TransmitEnable(), EUSART1_TransmitEnable(), 

    UART2.IsTxDone	PTR FTN()_Bool  size(2) Largest target is 1
		 -> EUSART1_IsTxDone(), EUSART2_IsTxDone(), 

    UART2.IsTxReady	PTR FTN()_Bool  size(2) Largest target is 1
		 -> EUSART1_IsTxReady(), EUSART2_IsTxReady(), 

    UART2.IsRxReady	PTR FTN()_Bool  size(2) Largest target is 1
		 -> EUSART1_IsRxReady(), EUSART2_IsRxReady(), 

    UART2.Write	PTR FTN(unsigned char ,)void  size(2) Largest target is 1
		 -> EUSART1_Write(), EUSART2_Write(), 

    UART2.Read	PTR FTN()unsigned char  size(2) Largest target is 1
		 -> EUSART1_Read(), EUSART2_Read(), 

    UART2.Deinitialize	PTR FTN()void  size(2) Largest target is 1
		 -> EUSART2_Deinitialize(), EUSART1_Deinitialize(), 

    UART2.Initialize	PTR FTN()void  size(2) Largest target is 1
		 -> EUSART2_Initialize(), EUSART1_Initialize(), 

    EUSART1_OverrunErrorCallbackRegister@callbackHandler	PTR FTN()void  size(2) Largest target is 1
		 -> EUSART2_DefaultOverrunErrorCallback(), EUSART1_DefaultOverrunErrorCallback(), 

    EUSART1_FramingErrorCallbackRegister@callbackHandler	PTR FTN()void  size(2) Largest target is 1
		 -> EUSART2_DefaultFramingErrorCallback(), EUSART1_DefaultFramingErrorCallback(), 

    EUSART1_FramingErrorHandler	PTR FTN()void  size(2) Largest target is 1
		 -> EUSART2_DefaultFramingErrorCallback(), EUSART1_DefaultFramingErrorCallback(), NULL(), 

    EUSART1_OverrunErrorHandler	PTR FTN()void  size(2) Largest target is 1
		 -> EUSART2_DefaultOverrunErrorCallback(), EUSART1_DefaultOverrunErrorCallback(), NULL(), 

    S1216$EventCallbackRegister	PTR FTN(PTR FTN()void ,)void  size(2) Largest target is 1
		 -> NULL(), 

    UART1.EventCallbackRegister	PTR FTN(PTR FTN()void ,)void  size(2) Largest target is 1
		 -> NULL(), 

    S1216$ParityErrorCallbackRegister	PTR FTN(PTR FTN()void ,)void  size(2) Largest target is 1
		 -> NULL(), 

    UART1.ParityErrorCallbackRegister	PTR FTN(PTR FTN()void ,)void  size(2) Largest target is 1
		 -> NULL(), 

    S1216$OverrunErrorCallbackRegister	PTR FTN(PTR FTN()void ,)void  size(2) Largest target is 1
		 -> EUSART2_OverrunErrorCallbackRegister(), EUSART1_OverrunErrorCallbackRegister(), 

    UART1.OverrunErrorCallbackRegister	PTR FTN(PTR FTN()void ,)void  size(2) Largest target is 1
		 -> EUSART2_OverrunErrorCallbackRegister(), EUSART1_OverrunErrorCallbackRegister(), 

    S1216$FramingErrorCallbackRegister	PTR FTN(PTR FTN()void ,)void  size(2) Largest target is 1
		 -> EUSART2_FramingErrorCallbackRegister(), EUSART1_FramingErrorCallbackRegister(), 

    UART1.FramingErrorCallbackRegister	PTR FTN(PTR FTN()void ,)void  size(2) Largest target is 1
		 -> EUSART2_FramingErrorCallbackRegister(), EUSART1_FramingErrorCallbackRegister(), 

    S1216$TxCollisionCallbackRegister	PTR FTN(PTR FTN()void ,)void  size(2) Largest target is 1
		 -> NULL(), 

    UART1.TxCollisionCallbackRegister	PTR FTN(PTR FTN()void ,)void  size(2) Largest target is 1
		 -> NULL(), 

    S1216$RxCompleteCallbackRegister	PTR FTN(PTR FTN()void ,)void  size(2) Largest target is 1
		 -> NULL(), 

    UART1.RxCompleteCallbackRegister	PTR FTN(PTR FTN()void ,)void  size(2) Largest target is 1
		 -> NULL(), 

    S1216$TxCompleteCallbackRegister	PTR FTN(PTR FTN()void ,)void  size(2) Largest target is 1
		 -> NULL(), 

    UART1.TxCompleteCallbackRegister	PTR FTN(PTR FTN()void ,)void  size(2) Largest target is 1
		 -> NULL(), 

    S1216$ErrorGet	PTR FTN()unsigned int  size(2) Largest target is 2
		 -> EUSART2_ErrorGet(), EUSART1_ErrorGet(), 

    UART1.ErrorGet	PTR FTN()unsigned int  size(2) Largest target is 2
		 -> EUSART2_ErrorGet(), EUSART1_ErrorGet(), 

    S1216$BaudRateGet	PTR FTN()unsigned long  size(2) Largest target is 1
		 -> NULL(), 

    UART1.BaudRateGet	PTR FTN()unsigned long  size(2) Largest target is 1
		 -> NULL(), 

    S1216$BaudRateSet	PTR FTN(unsigned long ,)void  size(2) Largest target is 1
		 -> NULL(), 

    UART1.BaudRateSet	PTR FTN(unsigned long ,)void  size(2) Largest target is 1
		 -> NULL(), 

    S1216$BRGCountGet	PTR FTN()unsigned long  size(2) Largest target is 1
		 -> NULL(), 

    UART1.BRGCountGet	PTR FTN()unsigned long  size(2) Largest target is 1
		 -> NULL(), 

    S1216$BRGCountSet	PTR FTN(unsigned long ,)void  size(2) Largest target is 1
		 -> NULL(), 

    UART1.BRGCountSet	PTR FTN(unsigned long ,)void  size(2) Largest target is 1
		 -> NULL(), 

    S1216$AutoBaudEventEnableGet	PTR FTN()_Bool  size(2) Largest target is 1
		 -> NULL(), 

    UART1.AutoBaudEventEnableGet	PTR FTN()_Bool  size(2) Largest target is 1
		 -> NULL(), 

    S1216$AutoBaudQuery	PTR FTN()_Bool  size(2) Largest target is 1
		 -> EUSART2_AutoBaudQuery(), EUSART1_AutoBaudQuery(), 

    UART1.AutoBaudQuery	PTR FTN()_Bool  size(2) Largest target is 1
		 -> EUSART2_AutoBaudQuery(), EUSART1_AutoBaudQuery(), 

    S1216$AutoBaudSet	PTR FTN(_Bool ,)void  size(2) Largest target is 1
		 -> EUSART2_AutoBaudSet(), EUSART1_AutoBaudSet(), 

    UART1.AutoBaudSet	PTR FTN(_Bool ,)void  size(2) Largest target is 1
		 -> EUSART2_AutoBaudSet(), EUSART1_AutoBaudSet(), 

    S1216$TransmitDisable	PTR FTN()void  size(2) Largest target is 1
		 -> EUSART2_TransmitDisable(), EUSART1_TransmitDisable(), 

    UART1.TransmitDisable	PTR FTN()void  size(2) Largest target is 1
		 -> EUSART2_TransmitDisable(), EUSART1_TransmitDisable(), 

    S1216$TransmitEnable	PTR FTN()void  size(2) Largest target is 1
		 -> EUSART2_TransmitEnable(), EUSART1_TransmitEnable(), 

    UART1.TransmitEnable	PTR FTN()void  size(2) Largest target is 1
		 -> EUSART2_TransmitEnable(), EUSART1_TransmitEnable(), 

    S1216$IsTxDone	PTR FTN()_Bool  size(2) Largest target is 1
		 -> EUSART1_IsTxDone(), EUSART2_IsTxDone(), 

    UART1.IsTxDone	PTR FTN()_Bool  size(2) Largest target is 1
		 -> EUSART1_IsTxDone(), EUSART2_IsTxDone(), 

    S1216$IsTxReady	PTR FTN()_Bool  size(2) Largest target is 1
		 -> EUSART1_IsTxReady(), EUSART2_IsTxReady(), 

    UART1.IsTxReady	PTR FTN()_Bool  size(2) Largest target is 1
		 -> EUSART1_IsTxReady(), EUSART2_IsTxReady(), 

    S1216$IsRxReady	PTR FTN()_Bool  size(2) Largest target is 1
		 -> EUSART1_IsRxReady(), EUSART2_IsRxReady(), 

    UART1.IsRxReady	PTR FTN()_Bool  size(2) Largest target is 1
		 -> EUSART1_IsRxReady(), EUSART2_IsRxReady(), 

    S1216$Write	PTR FTN(unsigned char ,)void  size(2) Largest target is 1
		 -> EUSART1_Write(), EUSART2_Write(), 

    UART1.Write	PTR FTN(unsigned char ,)void  size(2) Largest target is 1
		 -> EUSART1_Write(), EUSART2_Write(), 

    S1216$Read	PTR FTN()unsigned char  size(2) Largest target is 1
		 -> EUSART1_Read(), EUSART2_Read(), 

    UART1.Read	PTR FTN()unsigned char  size(2) Largest target is 1
		 -> EUSART1_Read(), EUSART2_Read(), 

    S1216$Deinitialize	PTR FTN()void  size(2) Largest target is 1
		 -> EUSART2_Deinitialize(), EUSART1_Deinitialize(), 

    UART1.Deinitialize	PTR FTN()void  size(2) Largest target is 1
		 -> EUSART2_Deinitialize(), EUSART1_Deinitialize(), 

    S1216$Initialize	PTR FTN()void  size(2) Largest target is 1
		 -> EUSART2_Initialize(), EUSART1_Initialize(), 

    UART1.Initialize	PTR FTN()void  size(2) Largest target is 1
		 -> EUSART2_Initialize(), EUSART1_Initialize(), 

    INT_SetInterruptHandler@InterruptHandler	PTR FTN()void  size(2) Largest target is 1
		 -> INT_DefaultInterruptHandler(), 

    INT_InterruptHandler	PTR FTN()void  size(2) Largest target is 1
		 -> INT_DefaultInterruptHandler(), NULL(), 

    I2C1_Callback	PTR FTN()void  size(2) Largest target is 1
		 -> I2C1_DefaultCallback(), NULL(), 

    I2C1_CallbackRegister@callbackHandler	PTR FTN()void  size(2) Largest target is 1
		 -> I2C1_DefaultCallback(), 

    i2c1_eventTable	const PTR FTN()enum E8072[9] size(2) Largest target is 1
		 -> I2C1_EVENT_RESET(), I2C1_EVENT_STOP(), I2C1_EVENT_ERROR(), I2C1_EVENT_NACK(), 
		 -> I2C1_EVENT_RX(), I2C1_EVENT_TX(), I2C1_EVENT_SEND_WR_ADDR(), I2C1_EVENT_SEND_RD_ADDR(), 
		 -> I2C1_EVENT_IDLE(), 

    S309$readPtr	PTR unsigned char  size(2) Largest target is 0
		 -> NULL(NULL[0]), 

    i2c1Status.readPtr	PTR unsigned char  size(2) Largest target is 0
		 -> NULL(NULL[0]), 

    S309$writePtr	PTR unsigned char  size(2) Largest target is 0
		 -> NULL(NULL[0]), 

    i2c1Status.writePtr	PTR unsigned char  size(2) Largest target is 0
		 -> NULL(NULL[0]), 

    S210$Tasks	PTR FTN()void  size(2) Largest target is 1
		 -> NULL(), 

    I2C1_Host.Tasks	PTR FTN()void  size(2) Largest target is 1
		 -> NULL(), 

    S210$CallbackRegister	PTR FTN(PTR FTN()void ,)void  size(2) Largest target is 1
		 -> I2C1_CallbackRegister(), 

    I2C1_Host.CallbackRegister	PTR FTN(PTR FTN()void ,)void  size(2) Largest target is 1
		 -> I2C1_CallbackRegister(), 

    S210$IsBusy	PTR FTN()_Bool  size(2) Largest target is 1
		 -> I2C1_IsBusy(), 

    I2C1_Host.IsBusy	PTR FTN()_Bool  size(2) Largest target is 1
		 -> I2C1_IsBusy(), 

    S210$ErrorGet	PTR FTN()enum E8063 size(2) Largest target is 1
		 -> I2C1_ErrorGet(), 

    I2C1_Host.ErrorGet	PTR FTN()enum E8063 size(2) Largest target is 1
		 -> I2C1_ErrorGet(), 

    S210$TransferSetup	PTR FTN(PTR struct .,unsigned long ,)_Bool  size(2) Largest target is 1
		 -> NULL(), 

    I2C1_Host.TransferSetup	PTR FTN(PTR struct .,unsigned long ,)_Bool  size(2) Largest target is 1
		 -> NULL(), 

    S210$WriteRead	PTR FTN(unsigned short ,PTR unsigned char ,unsigned int ,PTR unsigned char ,unsigned int ,)_Bool  size(2) Largest target is 1
		 -> I2C1_WriteRead(), 

    I2C1_Host.WriteRead	PTR FTN(unsigned short ,PTR unsigned char ,unsigned int ,PTR unsigned char ,unsigned int ,)_Bool  size(2) Largest target is 1
		 -> I2C1_WriteRead(), 

    S210$Read	PTR FTN(unsigned short ,PTR unsigned char ,unsigned int ,)_Bool  size(2) Largest target is 1
		 -> I2C1_Read(), 

    I2C1_Host.Read	PTR FTN(unsigned short ,PTR unsigned char ,unsigned int ,)_Bool  size(2) Largest target is 1
		 -> I2C1_Read(), 

    S210$Write	PTR FTN(unsigned short ,PTR unsigned char ,unsigned int ,)_Bool  size(2) Largest target is 1
		 -> I2C1_Write(), 

    I2C1_Host.Write	PTR FTN(unsigned short ,PTR unsigned char ,unsigned int ,)_Bool  size(2) Largest target is 1
		 -> I2C1_Write(), 

    S210$Deinitialize	PTR FTN()void  size(2) Largest target is 1
		 -> I2C1_Deinitialize(), 

    I2C1_Host.Deinitialize	PTR FTN()void  size(2) Largest target is 1
		 -> I2C1_Deinitialize(), 

    S210$Initialize	PTR FTN()void  size(2) Largest target is 1
		 -> I2C1_Initialize(), 

    I2C1_Host.Initialize	PTR FTN()void  size(2) Largest target is 1
		 -> I2C1_Initialize(), 

    PN532_ReadNdefText@out	PTR unsigned char  size(1) Largest target is 32
		 -> main@text(BANK2[32]), 

    parse_ndef_text_record@out	PTR unsigned char  size(1) Largest target is 32
		 -> main@text(BANK2[32]), 

    parse_ndef_text_record@payload	PTR const unsigned char  size(1) Largest target is 64
		 -> PN532_ReadNdefText@buf(BANK3[64]), 

    parse_ndef_text_record@rec	PTR const unsigned char  size(1) Largest target is 64
		 -> PN532_ReadNdefText@buf(BANK3[64]), 

    sp__memcpy	PTR void  size(1) Largest target is 64
		 -> main@text(BANK2[32]), main@lastUid(BANK2[7]), PN532_ReadNdefText@buf(BANK3[64]), 

    ntag_read4pages@out16	PTR unsigned char  size(1) Largest target is 64
		 -> PN532_ReadNdefText@buf(BANK3[64]), 

    PN532_ReadPassiveTarget@uidLen	PTR unsigned char  size(1) Largest target is 1
		 -> main@uidLen(BANK2[1]), 

    PN532_ReadPassiveTarget@uid	PTR unsigned char  size(1) Largest target is 7
		 -> main@uid(BANK2[7]), 

    pn532_transact@outLen	PTR unsigned char  size(1) Largest target is 1
		 -> ntag_read4pages@rlen(BANK0[1]), PN532_ReadPassiveTarget@rlen(BANK0[1]), PN532_Init@rlen(BANK0[1]), 

    pn532_transact@out	PTR unsigned char  size(1) Largest target is 24
		 -> ntag_read4pages@rsp(BANK0[20]), PN532_ReadPassiveTarget@rsp(BANK0[24]), PN532_Init@rsp(BANK0[16]), 

    pn532_transact@params	PTR const unsigned char  size(1) Largest target is 4
		 -> ntag_read4pages@params(BANK0[3]), PN532_ReadPassiveTarget@params(BANK0[2]), NULL(NULL[0]), PN532_Init@rfcfg(BANK0[4]), 
		 -> PN532_Init@samcfg(BANK0[3]), 

    pn532_send_and_capture@buffer	PTR unsigned char  size(1) Largest target is 32
		 -> pn532_transact@buffer(BANK1[32]), 

    pn532_send_and_capture@packet	PTR const unsigned char  size(1) Largest target is 21
		 -> pn532_transact@packet(BANK1[21]), 


Critical Paths under _main in COMMON

    None.

Critical Paths under _INTERRUPT_InterruptManager in COMMON

    _I2C1_ISR->_I2C1_EventHandler
    _I2C1_EventHandler->_I2C1_EVENT_TX
    _I2C1_ERROR_ISR->_I2C1_ErrorEventHandler
    _I2C1_ErrorEventHandler->_I2C1_EVENT_TX
    _I2C1_EVENT_TX->_I2C1_DataTransmit
    _I2C1_EVENT_SEND_WR_ADDR->_I2C1_DataTransmit

Critical Paths under _main in BANK0

    _main->_PN532_ReadNdefText
    _parse_track_number->_strstr
    _strstr->_strncmp
    _atoi->___wmul
    _atoi->_isdigit
    _INTERRUPT_Initialize->_INT_SetInterruptHandler
    _I2C1_Initialize->_I2C1_CallbackRegister
    _EUSART2_Initialize->_EUSART2_FramingErrorCallbackRegister
    _EUSART2_Initialize->_EUSART2_OverrunErrorCallbackRegister
    _EUSART1_Initialize->_EUSART1_FramingErrorCallbackRegister
    _EUSART1_Initialize->_EUSART1_OverrunErrorCallbackRegister
    _PN532_ReadPassiveTarget->_pn532_transact
    _PN532_ReadNdefText->_ntag_read4pages
    _parse_ndef_text_record->_memcpy
    _ntag_read4pages->_pn532_transact
    _PN532_Init->_pn532_transact
    _pn532_transact->_pn532_send_and_capture
    _pn532_send_and_capture->_EUSART2_IsTxReady
    _pn532_send_and_capture->_EUSART2_Write
    _DFPlayer_Stop->_DFPlayer_SendCommand
    _DFPlayer_PlayTrack->_DFPlayer_SendCommand
    _DFPlayer_Init->_DFPlayer_SetVolume
    _DFPlayer_SetVolume->_DFPlayer_SendCommand
    _DFPlayer_SendCommand->_dfplayer_uart_write
    _dfplayer_uart_write->_EUSART1_IsTxReady
    _dfplayer_uart_write->_EUSART1_Write

Critical Paths under _INTERRUPT_InterruptManager in BANK0

    None.

Critical Paths under _main in BANK1

    _PN532_ReadPassiveTarget->_pn532_transact
    _ntag_read4pages->_pn532_transact
    _PN532_Init->_pn532_transact

Critical Paths under _INTERRUPT_InterruptManager in BANK1

    None.

Critical Paths under _main in BANK2

    None.

Critical Paths under _INTERRUPT_InterruptManager in BANK2

    None.

Critical Paths under _main in BANK3

    None.

Critical Paths under _INTERRUPT_InterruptManager in BANK3

    None.

Critical Paths under _main in BANK4

    None.

Critical Paths under _INTERRUPT_InterruptManager in BANK4

    None.

Critical Paths under _main in BANK5

    None.

Critical Paths under _INTERRUPT_InterruptManager in BANK5

    None.

Critical Paths under _main in BANK6

    None.

Critical Paths under _INTERRUPT_InterruptManager in BANK6

    None.

Critical Paths under _main in BANK7

    None.

Critical Paths under _INTERRUPT_InterruptManager in BANK7

    None.

Critical Paths under _main in BANK8

    None.

Critical Paths under _INTERRUPT_InterruptManager in BANK8

    None.

Critical Paths under _main in BANK9

    None.

Critical Paths under _INTERRUPT_InterruptManager in BANK9

    None.

Critical Paths under _main in BANK10

    None.

Critical Paths under _INTERRUPT_InterruptManager in BANK10

    None.

Critical Paths under _main in BANK11

    None.

Critical Paths under _INTERRUPT_InterruptManager in BANK11

    None.

Critical Paths under _main in BANK12

    None.

Critical Paths under _INTERRUPT_InterruptManager in BANK12

    None.

Critical Paths under _main in BANK13

    None.

Critical Paths under _INTERRUPT_InterruptManager in BANK13

    None.

Critical Paths under _main in BANK14

    None.

Critical Paths under _INTERRUPT_InterruptManager in BANK14

    None.

Critical Paths under _main in BANK15

    None.

Critical Paths under _INTERRUPT_InterruptManager in BANK15

    None.

Critical Paths under _main in BANK16

    None.

Critical Paths under _INTERRUPT_InterruptManager in BANK16

    None.

Critical Paths under _main in BANK17

    None.

Critical Paths under _INTERRUPT_InterruptManager in BANK17

    None.

Critical Paths under _main in BANK18

    None.

Critical Paths under _INTERRUPT_InterruptManager in BANK18

    None.

Critical Paths under _main in BANK19

    None.

Critical Paths under _INTERRUPT_InterruptManager in BANK19

    None.

Critical Paths under _main in BANK20

    None.

Critical Paths under _INTERRUPT_InterruptManager in BANK20

    None.

Critical Paths under _main in BANK21

    None.

Critical Paths under _INTERRUPT_InterruptManager in BANK21

    None.

Critical Paths under _main in BANK22

    None.

Critical Paths under _INTERRUPT_InterruptManager in BANK22

    None.

Critical Paths under _main in BANK23

    None.

Critical Paths under _INTERRUPT_InterruptManager in BANK23

    None.

Critical Paths under _main in BANK24

    None.

Critical Paths under _INTERRUPT_InterruptManager in BANK24

    None.

Critical Paths under _main in BANK25

    None.

Critical Paths under _INTERRUPT_InterruptManager in BANK25

    None.

Call Graph Tables:

 ---------------------------------------------------------------------------------
 (Depth) Function   	        Calls       Base Space   Used Autos Params    Refs
 ---------------------------------------------------------------------------------
 (0) _main                                                56    56      0   39129
                                              0 BANK2     56    56      0
                      _DFPlayer_Init
                 _DFPlayer_PlayTrack
                      _DFPlayer_Stop
                         _PN532_Init
                 _PN532_ReadNdefText
            _PN532_ReadPassiveTarget
                  _SYSTEM_Initialize
                             _memcmp
                             _memcpy
                 _parse_track_number
 ---------------------------------------------------------------------------------
 (1) _parse_track_number                                   4     2      2    2969
                                             16 BANK0      4     2      2
                               _atoi
                             _strstr
 ---------------------------------------------------------------------------------
 (2) _strstr                                               7     5      2    1453
                                              9 BANK0      7     5      2
                             _strchr
                             _strlen
                            _strncmp
 ---------------------------------------------------------------------------------
 (3) _strncmp                                              9     5      4     541
                                              0 BANK0      9     5      4
 ---------------------------------------------------------------------------------
 (3) _strlen                                               5     3      2     220
                                              0 BANK0      5     3      2
 ---------------------------------------------------------------------------------
 (3) _strchr                                               3     1      2     250
                                              0 BANK0      3     1      2
 ---------------------------------------------------------------------------------
 (2) _atoi                                                 9     7      2    1384
                                              6 BANK0      9     7      2
                             ___wmul
                            _isdigit
                            _isspace
 ---------------------------------------------------------------------------------
 (3) _isspace                                              5     3      2     259
                                              0 BANK0      5     3      2
 ---------------------------------------------------------------------------------
 (3) _isdigit                                              6     4      2     191
                                              0 BANK0      6     4      2
 ---------------------------------------------------------------------------------
 (3) ___wmul                                               6     2      4     536
                                              0 BANK0      6     2      4
 ---------------------------------------------------------------------------------
 (1) _SYSTEM_Initialize                                    0     0      0     971
                   _CLOCK_Initialize
                 _EUSART1_Initialize
                 _EUSART2_Initialize
                    _I2C1_Initialize
               _INTERRUPT_Initialize
             _PIN_MANAGER_Initialize
 ---------------------------------------------------------------------------------
 (2) _PIN_MANAGER_Initialize                               0     0      0       0
 ---------------------------------------------------------------------------------
 (2) _INTERRUPT_Initialize                                 0     0      0     121
            _INT_SetInterruptHandler
 ---------------------------------------------------------------------------------
 (3) _INT_SetInterruptHandler                              2     0      2     121
                                              0 BANK0      2     0      2
 ---------------------------------------------------------------------------------
 (2) _I2C1_Initialize                                      0     0      0     242
              _I2C1_CallbackRegister
              _I2C1_InterruptsEnable
 ---------------------------------------------------------------------------------
 (3) _I2C1_InterruptsEnable                                0     0      0       0
 ---------------------------------------------------------------------------------
 (3) _I2C1_CallbackRegister                                2     0      2     242
                                              0 BANK0      2     0      2
 ---------------------------------------------------------------------------------
 (2) _EUSART2_Initialize                                   0     0      0     304
_EUSART2_FramingErrorCallbackRegiste
_EUSART2_OverrunErrorCallbackRegiste
 ---------------------------------------------------------------------------------
 (3) _EUSART2_OverrunErrorCallbackRegister                 2     0      2     152
                                              0 BANK0      2     0      2
 ---------------------------------------------------------------------------------
 (3) _EUSART2_FramingErrorCallbackRegister                 2     0      2     152
                                              0 BANK0      2     0      2
 ---------------------------------------------------------------------------------
 (2) _EUSART1_Initialize                                   0     0      0     304
_EUSART1_FramingErrorCallbackRegiste
_EUSART1_OverrunErrorCallbackRegiste
 ---------------------------------------------------------------------------------
 (3) _EUSART1_OverrunErrorCallbackRegister                 2     0      2     152
                                              0 BANK0      2     0      2
 ---------------------------------------------------------------------------------
 (3) _EUSART1_FramingErrorCallbackRegister                 2     0      2     152
                                              0 BANK0      2     0      2
 ---------------------------------------------------------------------------------
 (2) _CLOCK_Initialize                                     0     0      0       0
 ---------------------------------------------------------------------------------
 (1) _PN532_ReadPassiveTarget                             32    31      1    8754
                                             25 BANK0     32    31      1
                     _pn532_transact
 ---------------------------------------------------------------------------------
 (1) _PN532_ReadNdefText                                  12    11      1   13257
                                             51 BANK0     12    11      1
                    _ntag_read4pages
             _parse_ndef_text_record
 ---------------------------------------------------------------------------------
 (2) _parse_ndef_text_record                              27    24      3    2951
                                             10 BANK0     27    24      3
                             _memcpy
 ---------------------------------------------------------------------------------
 (2) _ntag_read4pages                                     26    25      1    9344
                                             25 BANK0     26    25      1
                             _memcpy
                     _pn532_transact
 ---------------------------------------------------------------------------------
 (1) _memcpy                                              10     6      4     871
                                              0 BANK0     10     6      4
 ---------------------------------------------------------------------------------
 (1) _PN532_Init                                          25    25      0    8374
                                             25 BANK0     25    25      0
                     _pn532_transact
 ---------------------------------------------------------------------------------
 (2) _pn532_transact                                      81    75      6    8034
                                             15 BANK0     10     4      6
                                              0 BANK1     71    71      0
                             _memcmp
             _pn532_send_and_capture
 ---------------------------------------------------------------------------------
 (3) _pn532_send_and_capture                              14     9      5    1049
                                              1 BANK0     14     9      5
                  _EUSART2_IsRxReady
                   _EUSART2_IsTxDone
                  _EUSART2_IsTxReady
                       _EUSART2_Read
                      _EUSART2_Write
 ---------------------------------------------------------------------------------
 (4) _EUSART2_Write                                        1     0      1     211
                                              0 BANK0      1     0      1
 ---------------------------------------------------------------------------------
 (4) _EUSART2_Read                                         0     0      0       0
                                NULL *
_EUSART1_DefaultFramingErrorCallback *
_EUSART1_DefaultOverrunErrorCallback *
_EUSART2_DefaultFramingErrorCallback *
_EUSART2_DefaultOverrunErrorCallback *
 ---------------------------------------------------------------------------------
 (5) _EUSART2_DefaultOverrunErrorCallback                  0     0      0       0
 ---------------------------------------------------------------------------------
 (5) _EUSART2_DefaultFramingErrorCallback                  0     0      0       0
 ---------------------------------------------------------------------------------
 (5) _EUSART1_DefaultOverrunErrorCallback                  0     0      0       0
 ---------------------------------------------------------------------------------
 (5) _EUSART1_DefaultFramingErrorCallback                  0     0      0       0
 ---------------------------------------------------------------------------------
 (10) NULL(Fake)                                           0     0      0       0
 ---------------------------------------------------------------------------------
 (4) _EUSART2_IsTxReady                                    1     1      0      37
                                              0 BANK0      1     1      0
 ---------------------------------------------------------------------------------
 (4) _EUSART2_IsTxDone                                     0     0      0       0
 ---------------------------------------------------------------------------------
 (4) _EUSART2_IsRxReady                                    0     0      0       0
 ---------------------------------------------------------------------------------
 (1) _memcmp                                              11     5      6     713
                                              0 BANK0     11     5      6
 ---------------------------------------------------------------------------------
 (1) _DFPlayer_Stop                                        0     0      0     778
               _DFPlayer_SendCommand
 ---------------------------------------------------------------------------------
 (1) _DFPlayer_PlayTrack                                   2     0      2     899
                                             15 BANK0      2     0      2
               _DFPlayer_SendCommand
 ---------------------------------------------------------------------------------
 (1) _DFPlayer_Init                                        0     0      0     809
                 _DFPlayer_SetVolume
 ---------------------------------------------------------------------------------
 (2) _DFPlayer_SetVolume                                   3     3      0     809
                                             15 BANK0      3     3      0
               _DFPlayer_SendCommand
 ---------------------------------------------------------------------------------
 (2) _DFPlayer_SendCommand                                13    11      2     778
                                              2 BANK0     13    11      2
                _dfplayer_uart_write
 ---------------------------------------------------------------------------------
 (3) _dfplayer_uart_write                                  1     1      0     189
                                              1 BANK0      1     1      0
                  _EUSART1_IsTxReady
                      _EUSART1_Write
 ---------------------------------------------------------------------------------
 (4) _EUSART1_Write                                        1     0      1     121
                                              0 BANK0      1     0      1
 ---------------------------------------------------------------------------------
 (4) _EUSART1_IsTxReady                                    1     1      0      37
                                              0 BANK0      1     1      0
 ---------------------------------------------------------------------------------
 Estimated maximum stack depth 10
 ---------------------------------------------------------------------------------
 (Depth) Function   	        Calls       Base Space   Used Autos Params    Refs
 ---------------------------------------------------------------------------------
 (7) _INTERRUPT_InterruptManager                           0     0      0     328
                     _I2C1_ERROR_ISR
                           _I2C1_ISR
                    _PIN_MANAGER_IOC
 ---------------------------------------------------------------------------------
 (8) _PIN_MANAGER_IOC                                      0     0      0       0
 ---------------------------------------------------------------------------------
 (8) _I2C1_ISR                                             0     0      0     164
                  _I2C1_EventHandler
 ---------------------------------------------------------------------------------
 (9) _I2C1_EventHandler                                    2     2      0     164
                                              4 COMMON     2     2      0
                   _I2C1_EVENT_ERROR *
                    _I2C1_EVENT_IDLE *
                    _I2C1_EVENT_NACK *
                   _I2C1_EVENT_RESET *
                      _I2C1_EVENT_RX *
            _I2C1_EVENT_SEND_RD_ADDR *
            _I2C1_EVENT_SEND_WR_ADDR *
                    _I2C1_EVENT_STOP *
                      _I2C1_EVENT_TX *
                _I2C1_InterruptClear
                        _I2C1_IsAddr
                        _I2C1_IsData
                        _I2C1_IsNack
 ---------------------------------------------------------------------------------
 (10) _I2C1_IsNack                                         0     0      0       0
 ---------------------------------------------------------------------------------
 (10) _I2C1_IsData                                         0     0      0       0
 ---------------------------------------------------------------------------------
 (10) _I2C1_IsAddr                                         0     0      0       0
 ---------------------------------------------------------------------------------
 (8) _I2C1_ERROR_ISR                                       0     0      0     164
             _I2C1_ErrorEventHandler
 ---------------------------------------------------------------------------------
 (9) _I2C1_ErrorEventHandler                               2     2      0     164
                                              4 COMMON     2     2      0
                                NULL *
               _I2C1_DefaultCallback *
                   _I2C1_EVENT_ERROR *
                    _I2C1_EVENT_IDLE *
                    _I2C1_EVENT_NACK *
                   _I2C1_EVENT_RESET *
                      _I2C1_EVENT_RX *
            _I2C1_EVENT_SEND_RD_ADDR *
            _I2C1_EVENT_SEND_WR_ADDR *
                    _I2C1_EVENT_STOP *
                      _I2C1_EVENT_TX *
           _I2C1_ErrorInterruptClear
 ---------------------------------------------------------------------------------
 (10) _I2C1_EVENT_TX                                       3     3      0      48
                                              1 COMMON     3     3      0
                  _I2C1_DataTransmit
                    _I2C1_EVENT_STOP
                 _I2C1_RestartEnable
 ---------------------------------------------------------------------------------
 (11) _I2C1_RestartEnable                                  0     0      0       0
 ---------------------------------------------------------------------------------
 (10) _I2C1_EVENT_SEND_WR_ADDR                             0     0      0      22
                  _I2C1_DataTransmit
 ---------------------------------------------------------------------------------
 (10) _I2C1_EVENT_SEND_RD_ADDR                             0     0      0      22
                  _I2C1_DataTransmit
 ---------------------------------------------------------------------------------
 (11) _I2C1_DataTransmit                                   1     1      0      22
                                              0 COMMON     1     1      0
 ---------------------------------------------------------------------------------
 (10) _I2C1_EVENT_RX                                       2     2      0      24
                                              0 COMMON     2     2      0
                       _I2C1_AckSend
                   _I2C1_DataReceive
                   _I2C1_IsRxBufFull
                      _I2C1_NackSend
                 _I2C1_ReceiveEnable
                _I2C1_RestartDisable
 ---------------------------------------------------------------------------------
 (11) _I2C1_RestartDisable                                 0     0      0       0
 ---------------------------------------------------------------------------------
 (11) _I2C1_ReceiveEnable                                  0     0      0       0
 ---------------------------------------------------------------------------------
 (11) _I2C1_NackSend                                       0     0      0       0
 ---------------------------------------------------------------------------------
 (11) _I2C1_IsRxBufFull                                    0     0      0       0
 ---------------------------------------------------------------------------------
 (11) _I2C1_DataReceive                                    0     0      0       0
 ---------------------------------------------------------------------------------
 (11) _I2C1_AckSend                                        0     0      0       0
 ---------------------------------------------------------------------------------
 (10) _I2C1_EVENT_NACK                                     1     1      0      24
                                              0 COMMON     1     1      0
                    _I2C1_EVENT_STOP
 ---------------------------------------------------------------------------------
 (11) _I2C1_EVENT_STOP                                     0     0      0       0
                         _I2C1_Close
                      _I2C1_StopSend
 ---------------------------------------------------------------------------------
 (12) _I2C1_StopSend                                       0     0      0       0
 ---------------------------------------------------------------------------------
 (12) _I2C1_Close                                          0     0      0       0
           _I2C1_ErrorInterruptClear
                _I2C1_InterruptClear
              _I2C1_StatusFlagsClear
 ---------------------------------------------------------------------------------
 (13) _I2C1_StatusFlagsClear                               0     0      0       0
 ---------------------------------------------------------------------------------
 (10) _I2C1_InterruptClear                                 0     0      0       0
 ---------------------------------------------------------------------------------
 (13) _I2C1_ErrorInterruptClear                            0     0      0       0
 ---------------------------------------------------------------------------------
 (10) _I2C1_EVENT_IDLE                                     0     0      0       0
 ---------------------------------------------------------------------------------
 (10) _I2C1_EVENT_ERROR                                    1     1      0      24
                                              0 COMMON     1     1      0
                   _I2C1_EVENT_RESET
 ---------------------------------------------------------------------------------
 (10) _I2C1_EVENT_RESET                                    0     0      0       0
                      _I2C1_BusReset
 ---------------------------------------------------------------------------------
 (11) _I2C1_BusReset                                       0     0      0       0
 ---------------------------------------------------------------------------------
 (10) _I2C1_DefaultCallback                                0     0      0       0
 ---------------------------------------------------------------------------------
 (10) NULL(Fake)                                           0     0      0       0
 ---------------------------------------------------------------------------------
 Estimated maximum stack depth 13
 ---------------------------------------------------------------------------------

 Call Graph Graphs:

 _main (ROOT)
   _DFPlayer_Init
     _DFPlayer_SetVolume
       _DFPlayer_SendCommand
         _dfplayer_uart_write
           _EUSART1_IsTxReady
           _EUSART1_Write
   _DFPlayer_PlayTrack
     _DFPlayer_SendCommand
   _DFPlayer_Stop
     _DFPlayer_SendCommand
   _PN532_Init
     _pn532_transact
       _memcmp
       _pn532_send_and_capture
         _EUSART2_IsRxReady
         _EUSART2_IsTxDone
         _EUSART2_IsTxReady
         _EUSART2_Read
           NULL(Fake) *
           _EUSART1_DefaultFramingErrorCallback *
           _EUSART1_DefaultOverrunErrorCallback *
           _EUSART2_DefaultFramingErrorCallback *
           _EUSART2_DefaultOverrunErrorCallback *
         _EUSART2_Write
   _PN532_ReadNdefText
     _ntag_read4pages
       _memcpy
       _pn532_transact
     _parse_ndef_text_record
       _memcpy
   _PN532_ReadPassiveTarget
     _pn532_transact
   _SYSTEM_Initialize
     _CLOCK_Initialize
     _EUSART1_Initialize
       _EUSART1_FramingErrorCallbackRegister
       _EUSART1_OverrunErrorCallbackRegister
     _EUSART2_Initialize
       _EUSART2_FramingErrorCallbackRegister
       _EUSART2_OverrunErrorCallbackRegister
     _I2C1_Initialize
       _I2C1_CallbackRegister
       _I2C1_InterruptsEnable
     _INTERRUPT_Initialize
       _INT_SetInterruptHandler
     _PIN_MANAGER_Initialize
   _memcmp
   _memcpy
   _parse_track_number
     _atoi
       ___wmul
       _isdigit
       _isspace
     _strstr
       _strchr
       _strlen
       _strncmp

 _INTERRUPT_InterruptManager (ROOT)
   _I2C1_ERROR_ISR
     _I2C1_ErrorEventHandler
       NULL(Fake) *
       _I2C1_DefaultCallback *
       _I2C1_EVENT_ERROR *
         _I2C1_EVENT_RESET
           _I2C1_BusReset
       _I2C1_EVENT_IDLE *
       _I2C1_EVENT_NACK *
         _I2C1_EVENT_STOP
           _I2C1_Close
             _I2C1_ErrorInterruptClear
             _I2C1_InterruptClear
             _I2C1_StatusFlagsClear
           _I2C1_StopSend
       _I2C1_EVENT_RESET *
       _I2C1_EVENT_RX *
         _I2C1_AckSend
         _I2C1_DataReceive
         _I2C1_IsRxBufFull
         _I2C1_NackSend
         _I2C1_ReceiveEnable
         _I2C1_RestartDisable
       _I2C1_EVENT_SEND_RD_ADDR *
         _I2C1_DataTransmit
       _I2C1_EVENT_SEND_WR_ADDR *
         _I2C1_DataTransmit
       _I2C1_EVENT_STOP *
       _I2C1_EVENT_TX *
         _I2C1_DataTransmit
         _I2C1_EVENT_STOP
         _I2C1_RestartEnable
       _I2C1_ErrorInterruptClear *
   _I2C1_ISR
     _I2C1_EventHandler
       _I2C1_EVENT_ERROR *
       _I2C1_EVENT_IDLE *
       _I2C1_EVENT_NACK *
       _I2C1_EVENT_RESET *
       _I2C1_EVENT_RX *
       _I2C1_EVENT_SEND_RD_ADDR *
       _I2C1_EVENT_SEND_WR_ADDR *
       _I2C1_EVENT_STOP *
       _I2C1_EVENT_TX *
       _I2C1_InterruptClear *
       _I2C1_IsAddr *
       _I2C1_IsData *
       _I2C1_IsNack *
   _PIN_MANAGER_IOC

 Address spaces:
Name               Size   Autos  Total    Cost      Usage
BIGRAM             7F0      0       0       0        0.0%
EEDATA             100      0       0       0        0.0%
NULL                 0      0       0       0        0.0%
CODE                 0      0       0       0        0.0%
BITCOMMON            E      0       0       1        0.0%
BITSFR0              0      0       0       1        0.0%
SFR0                 0      0       0       1        0.0%
COMMON               E      6       C       2       85.7%
BITSFR1              0      0       0       2        0.0%
SFR1                 0      0       0       2        0.0%
BITSFR2              0      0       0       3        0.0%
SFR2                 0      0       0       3        0.0%
STACK                0      0       0       3        0.0%
BITBANK0            50      0       0       4        0.0%
BITSFR3              0      0       0       4        0.0%
SFR3                 0      0       0       4        0.0%
BANK0               50     3F      4F       5       98.8%
BITSFR4              0      0       0       5        0.0%
SFR4                 0      0       0       5        0.0%
BITSFR5              0      0       0       6        0.0%
SFR5                 0      0       0       6        0.0%
ABS                  0      0     12E       6        0.0%
BITBANK1            50      0       0       7        0.0%
BITSFR6              0      0       0       7        0.0%
SFR6                 0      0       0       7        0.0%
BANK1               50     47      4F       8       98.8%
BITSFR7              0      0       0       8        0.0%
SFR7                 0      0       0       8        0.0%
BITBANK2            50      0       0       9        0.0%
BITSFR8              0      0       0       9        0.0%
SFR8                 0      0       0       9        0.0%
BANK2               50     38      44      10       85.0%
BITSFR9              0      0       0      10        0.0%
SFR9                 0      0       0      10        0.0%
BITBANK3            50      0       0      11        0.0%
BITSFR10             0      0       0      11        0.0%
SFR10                0      0       0      11        0.0%
BANK3               50      0      40      12       80.0%
BITSFR11             0      0       0      12        0.0%
SFR11                0      0       0      12        0.0%
BITBANK4            50      0       0      13        0.0%
BITSFR12             0      0       0      13        0.0%
SFR12                0      0       0      13        0.0%
BANK4               50      0       0      14        0.0%
BITSFR13             0      0       0      14        0.0%
SFR13                0      0       0      14        0.0%
BITBANK5            50      0       0      15        0.0%
BITSFR14             0      0       0      15        0.0%
SFR14                0      0       0      15        0.0%
BANK5               50      0       0      16        0.0%
BITSFR15             0      0       0      16        0.0%
SFR15                0      0       0      16        0.0%
BITBANK6            50      0       0      17        0.0%
BITSFR16             0      0       0      17        0.0%
SFR16                0      0       0      17        0.0%
BANK6               50      0       0      18        0.0%
BITSFR17             0      0       0      18        0.0%
SFR17                0      0       0      18        0.0%
BITBANK7            50      0       0      19        0.0%
BITSFR18             0      0       0      19        0.0%
SFR18                0      0       0      19        0.0%
BANK7               50      0       0      20        0.0%
BITSFR19             0      0       0      20        0.0%
SFR19                0      0       0      20        0.0%
BITBANK8            50      0       0      21        0.0%
BITSFR20             0      0       0      21        0.0%
SFR20                0      0       0      21        0.0%
BANK8               50      0       0      22        0.0%
BITSFR21             0      0       0      22        0.0%
SFR21                0      0       0      22        0.0%
BITBANK9            50      0       0      23        0.0%
BITSFR22             0      0       0      23        0.0%
SFR22                0      0       0      23        0.0%
BANK9               50      0       0      24        0.0%
BITSFR23             0      0       0      24        0.0%
SFR23                0      0       0      24        0.0%
BITBANK10           50      0       0      25        0.0%
BITSFR24             0      0       0      25        0.0%
SFR24                0      0       0      25        0.0%
BANK10              50      0       0      26        0.0%
BITSFR25             0      0       0      26        0.0%
SFR25                0      0       0      26        0.0%
BITBANK11           50      0       0      27        0.0%
BITSFR26             0      0       0      27        0.0%
SFR26                0      0       0      27        0.0%
BANK11              50      0       0      28        0.0%
BITSFR27             0      0       0      28        0.0%
SFR27                0      0       0      28        0.0%
BITBANK12           50      0       0      29        0.0%
BITSFR28             0      0       0      29        0.0%
SFR28                0      0       0      29        0.0%
BANK12              50      0       0      30        0.0%
BITSFR29             0      0       0      30        0.0%
SFR29                0      0       0      30        0.0%
BITBANK13           50      0       0      31        0.0%
BITSFR30             0      0       0      31        0.0%
SFR30                0      0       0      31        0.0%
BANK13              50      0       0      32        0.0%
BITSFR31             0      0       0      32        0.0%
SFR31                0      0       0      32        0.0%
BITBANK14           50      0       0      33        0.0%
BITSFR32             0      0       0      33        0.0%
SFR32                0      0       0      33        0.0%
BANK14              50      0       0      34        0.0%
BITSFR33             0      0       0      34        0.0%
SFR33                0      0       0      34        0.0%
BITBANK15           50      0       0      35        0.0%
BITSFR34             0      0       0      35        0.0%
SFR34                0      0       0      35        0.0%
BANK15              50      0       0      36        0.0%
BITSFR35             0      0       0      36        0.0%
SFR35                0      0       0      36        0.0%
BITBANK16           50      0       0      37        0.0%
BITSFR36             0      0       0      37        0.0%
SFR36                0      0       0      37        0.0%
BANK16              50      0       0      38        0.0%
BITSFR37             0      0       0      38        0.0%
SFR37                0      0       0      38        0.0%
BITBANK17           50      0       0      39        0.0%
BITSFR38             0      0       0      39        0.0%
SFR38                0      0       0      39        0.0%
BANK17              50      0       0      40        0.0%
BITSFR39             0      0       0      40        0.0%
SFR39                0      0       0      40        0.0%
BITBANK18           50      0       0      41        0.0%
BITSFR40             0      0       0      41        0.0%
SFR40                0      0       0      41        0.0%
BANK18              50      0       0      42        0.0%
BITSFR41             0      0       0      42        0.0%
SFR41                0      0       0      42        0.0%
BITBANK19           50      0       0      43        0.0%
BITSFR42             0      0       0      43        0.0%
SFR42                0      0       0      43        0.0%
BANK19              50      0       0      44        0.0%
BITSFR43             0      0       0      44        0.0%
SFR43                0      0       0      44        0.0%
BITBANK20           50      0       0      45        0.0%
BITSFR44             0      0       0      45        0.0%
SFR44                0      0       0      45        0.0%
BANK20              50      0       0      46        0.0%
BITSFR45             0      0       0      46        0.0%
SFR45                0      0       0      46        0.0%
BITBANK21           50      0       0      47        0.0%
BITSFR46             0      0       0      47        0.0%
SFR46                0      0       0      47        0.0%
BANK21              50      0       0      48        0.0%
BITSFR47             0      0       0      48        0.0%
SFR47                0      0       0      48        0.0%
BITBANK22           50      0       0      49        0.0%
BITSFR48             0      0       0      49        0.0%
SFR48                0      0       0      49        0.0%
BANK22              50      0       0      50        0.0%
BITSFR49             0      0       0      50        0.0%
SFR49                0      0       0      50        0.0%
BITBANK23           50      0       0      51        0.0%
BITSFR50             0      0       0      51        0.0%
SFR50                0      0       0      51        0.0%
BANK23              50      0       0      52        0.0%
BITSFR51             0      0       0      52        0.0%
SFR51                0      0       0      52        0.0%
BITBANK24           50      0       0      53        0.0%
BITSFR52             0      0       0      53        0.0%
SFR52                0      0       0      53        0.0%
BANK24              50      0       0      54        0.0%
BITSFR53             0      0       0      54        0.0%
SFR53                0      0       0      54        0.0%
BITBANK25           20      0       0      55        0.0%
BITSFR54             0      0       0      55        0.0%
SFR54                0      0       0      55        0.0%
BANK25              20      0       0      56        0.0%
BITSFR55             0      0       0      56        0.0%
SFR55                0      0       0      56        0.0%
BITSFR56             0      0       0      57        0.0%
SFR56                0      0       0      57        0.0%
DATA                 0      0     12E      57        0.0%
BITSFR57             0      0       0      58        0.0%
SFR57                0      0       0      58        0.0%
BITSFR58             0      0       0      59        0.0%
SFR58                0      0       0      59        0.0%
BITSFR59             0      0       0      60        0.0%
SFR59                0      0       0      60        0.0%
BITSFR60             0      0       0      61        0.0%
SFR60                0      0       0      61        0.0%
BITSFR61             0      0       0      62        0.0%
SFR61                0      0       0      62        0.0%
BITSFR62             0      0       0      63        0.0%
SFR62                0      0       0      63        0.0%
BITSFR63             0      0       0      64        0.0%
SFR63                0      0       0      64        0.0%


Microchip Technology PIC Macro Assembler V2.41 build 20230208172133 
Symbol Table                                                                                   Wed Aug 26 23:32:50 2026

                                ?_parse_track_number 0030                               ??_I2C1_DefaultCallback 0076  
                                                 l38 0591                                                   l63 02A2  
                                                 l72 01B3                                                   l59 060F  
                                                 l97 0714                                      ??_I2C1_NackSend 0076  
                                    ??_I2C1_BusReset 0076                                  ___wmul@multiplicand 0022  
                  __end_ofpn532_transact@expectedAck 108C                                                  l131 03F0  
                                                l124 0E42                                                  l109 0777  
                                                l153 057D                                                  l308 0C1F  
                                                l510 0B6E                                                  l416 0B3D  
                                                l281 0C93                                                  l443 0C67  
                                                l460 0BC3                                                  l628 07D7  
                                                l902 0DD4                                                  l911 0B35  
                                                l487 0BF3                                                  l840 0CFE  
                                                l745 0C42                                                  l761 0B4C  
                                                l905 07FF                                                  l771 0BCF  
                                                l915 0BE7                                                  l908 0AF7  
                                                l764 0AF8                                                  l767 0B39  
                                                l775 0BDB                                                  l919 0C10  
                                                l951 0D3C                                                  l696 0D1D  
                                                l971 0446                                                  l884 0B56  
                                                l892 0B31                                                  l964 0410  
                                                l975 0459                                                  l967 0421  
                                                l976 045B                                                  l889 0C54  
                                                l999 0C30                             PN532_ReadPassiveTarget@i 0057  
       __end_of_EUSART2_FramingErrorCallbackRegister 0BE8               ??_EUSART2_FramingErrorCallbackRegister 0022  
              ?_EUSART2_FramingErrorCallbackRegister 0020                 _EUSART2_FramingErrorCallbackRegister 0BDC  
                          __end_of_I2C1_DataTransmit 0B43                                                  wreg 0009  
                           _I2C1_ErrorInterruptClear 0AF9                                 ??_parse_track_number 0032  
                                       _BAUD1CONbits 0612                                         _BAUD2CONbits 061C  
                                   __end_of_I2C1_ISR 0B2E                                                 l1002 0FA5  
                                               l1011 0BB9                                                 l1005 0B51  
                                               l1014 0BAF                                                 l1008 0C01  
                                               l1166 0D48                                                 l1168 0D5C  
                                               l1700 0CC6                                                 l1711 0FFF  
                                               l5002 0327                                                 l1650 0CAC  
                                               l1707 0CE0                                                 l5012 0334  
                                               l5004 0328                                                 l5100 0781  
                                               l5030 036C                                                 l5022 0354  
                                               l5014 033D                                                 l5006 032D  
                                               l5110 078C                                                 l5102 0783  
                                               l1647 069F                                                 l5032 036E  
                                               l5024 0355                                                 l5016 0341  
                                               l5120 0795                                                 l5112 078E  
                                               l5104 0785                                                 l5200 0F12  
                                               l1673 0F09                                                 l5050 03A1  
                                               l5026 035A                                                 l5130 079A  
                                               l5122 0796                                                 l5114 0790  
                                               l5106 0787                                                 l1658 0D7E  
                                               l5202 0F1F                                                 l5210 0F46  
                                               l4500 0DA9                                                 l5060 03D1  
                                               l5044 0395                                                 l5028 035F  
                                               l5140 07A0                                                 l5132 079B  
                                               l5124 0797                                                 l5116 0792  
                                               l5108 0789                                                 l5220 0617  
                                               l5212 0F4B                                                 l1692 0F55  
                                               l5204 0F32                                                 l4510 0DBF  
                                               l4502 0DAC                                                 l5062 03D8  
                                               l5046 0398                                                 l5038 0380  
                                               l5302 0741                                                 l5070 0C7D  
                                               l5150 07AA                                                 l5142 07A2  
                                               l5134 079C                                                 l5126 0798  
                                               l5118 0794                                                 l5230 063E  
                                               l5214 0F54                                                 l1679 0DA8  
                                               l4600 0EFB                                                 l4512 0DC4  
                                               l4504 0DB1                                                 l5064 03E6  
                                               l5056 03B3                                                 l5048 039E  
                                               l5320 076A                                                 l5304 0743  
                                               l5080 0BBA                                                 l5072 0C82  
                                               l5160 07B5                                                 l5152 07AC  
                                               l5144 07A4                                                 l5136 079D  
                                               l5128 0799                                                 l5240 0675  
                                               l5232 0643                                                 l5224 061B  
                                               l5208 0F34                                                 l5400 0D32  
                                               l4530 0C38                                                 l4522 0B52  
                                               l4514 0DC6                                                 l4506 0DB3  
                                               l4610 0070                                                 l5066 03EF  
                                               l5058 03C0                                                 l5330 04EC  
                                               l5322 0770                                                 l5314 0756  
                                               l5306 0748                                                 l5082 0BBE  
                                               l5074 0C83                                                 l5170 07C1  
                                               l5162 07B7                                                 l5154 07AE  
                                               l5146 07A6                                                 l5138 079E  
                                               l5090 0778                                                 l5242 0689  
                                               l5234 0657                                                 l5226 0625  
                                               l5218 0612                                                 l1698 0CAF  
                                               l4532 0C3D                                                 l4604 0C22  
                                               l5404 0B4D                                                 l4516 0DCD  
                                               l4508 0DBA                                                 l4540 0580  
                                               l4700 01A2                                                 l4620 0080  
                                               l4612 0077                                                 l5260 06CA  
                                               l5340 04FE                                                 l5332 04EE  
                                               l5324 0776                                                 l5316 0758  
                                               l5308 074E                                                 l5084 0BC0  
                                               l5180 0D12                                                 l5076 0C86  
                                               l5172 07C4                                                 l5164 07BA  
                                               l5156 07B0                                                 l5148 07A8  
                                               l5092 077B                                                 l5244 068F  
                                               l5228 063A                                                 l5500 04CE  
                                               l4534 0C40                                                 l4526 0C31  
                                               l4606 0C22                                                 l5254 0BF6  
                                               l5406 0BB0                                                 l4518 0DD2  
                                               l4550 059C                                                 l4542 0586  
                                               l4630 00A0                                                 l4622 0086  
                                               l5342 0506                                                 l5334 04F0  
                                               l5318 0766                                                 l5086 0BC1  
                                               l5182 0D1A                                                 l5190 0CF3  
                                               l5078 0C91                                                 l5174 07C7  
                                               l5166 07BC                                                 l5158 07B2  
                                               l5094 077D                                                 l5246 069B  
                                               l5502 04D2                                                 l4528 0C33  
                                               l4608 0C2A                                                 l5408 0BA7  
                                               l4480 0B32                                                 l4560 05C4  
                                               l4552 05A4                                                 l4544 058B  
                                               l4720 01E4                                                 l4712 01CD  
                                               l4704 01AD                                                 l4640 00CD  
                                               l4632 00AB                                                 l4624 0089  
                                               l4616 0079                                                 l5272 06F2  
                                               l5264 06CC                                                 l5256 06A0  
                                               l4800 0D8E                                                 l5360 052F  
                                               l5344 050D                                                 l5336 04FC  
                                               l5328 04EB                                                 l5088 0BC2  
                                               l5176 0CFF                                                 l5192 0CFB  
                                               l5184 0CE1                                                 l5168 07BE  
                                               l5096 077E                                                 l5504 04D5  
                                               l4538 0B48                                                 l4490 0C52  
                                               l4482 0C43                                                 l4562 05CC  
                                               l4570 05E1                                                 l4554 05B0  
                                               l4546 058E                                                 l4706 01BF  
                                               l4650 00F8                                                 l4642 00D3  
                                               l4634 00B1                                                 l4626 008F  
                                               l4618 007B                                                 l5282 0713  
                                               l5274 0705                                                 l5266 06DC  
                                               l5258 06B5                                                 l4802 0D92  
                                               l5354 051E                                                 l5346 0512  
                                               l5290 0733                                                 l5178 0D0A  
                                               l5186 0CEA                                                 l4810 0C11  
                                               l5194 0BE8                                                 l5098 077F  
                                               l5530 064F                                                 l5506 04D7  
                                               l5450 03F1                                                 l4484 0C45  
                                               l4572 05E5                                                 l4564 05D7  
                                               l4556 05B5                                                 l4548 0599  
                                               l4740 0217                                                 l4732 01F2  
                                               l4660 0112                                                 l4652 00FA  
                                               l4644 00DF                                                 l4628 009B  
                                               l4636 00BC                                                 l5276 070B  
                                               l5268 06F0                                                 l4804 0D98  
                                               l5372 054B                                                 l5348 0517  
                                               l5380 0560                                                 l4820 0BD0  
                                               l5188 0CEB                                                 l4812 0C18  
                                               l5196 0BEB                                                 l4900 0FAE  
                                               l5508 04D9                                                 l5460 0408  
                                               l5452 03F4                                                 l4590 0ED0  
                                               l4486 0C4A                                                 l4478 0B36  
                                               l4494 07FB                                                 l4574 05EB  
                                               l4566 05DC                                                 l4582 0607  
                                               l4558 05BB                                                 l4726 01EB  
                                               l4718 01D6                                                 l4670 0134  
                                               l4662 0115                                                 l4654 0100  
                                               l4646 00E5                                                 l4638 00C2  
                                               l5278 0711                                                 l4806 0D9C  
                                               l5374 0551                                                 l5366 0535  
                                               l5358 0528                                                 l5382 0566  
                                               l5294 0735                                                 l5286 0717  
                                               l4822 0BD7                                                 l4830 0C09  
                                               l4814 0B69                                                 l5390 0C55  
                                               l4910 0FC5                                                 l4902 0FBA  
                                               l5198 0F0C                                                 l5470 0433  
                                               l5462 040D                                                 l5454 03F6  
                                               l4840 0F7C                                                 l4832 0F58  
                                               l4592 0EDC                                                 l4496 0B2E  
                                               l4488 0C4F                                                 l4584 060E  
                                               l4568 05DE                                                 l4760 024D  
                                               l4752 022E                                                 l4680 015A  
                                               l4664 0117                                                 l4672 013A  
                                               l4656 0106                                                 l4648 00F2  
                                               l5384 056C                                                 l5368 0538  
                                               l5296 073B                                                 l5288 071F  
                                               l4816 0BC4                                                 l4824 0BDC  
                                               l4808 0B3A                                                 l4920 0FF1  
                                               l4912 0FC9                                                 l5392 0D20  
                                               l5480 045E                                                 l5472 0439  
                                               l5464 0412                                                 l5456 03F7  
                                               l4850 0F92                                                 l4842 0F80  
                                               l4834 0F5A                                                 l4594 0EE2  
                                               l4578 05F9                                                 l4770 025E  
                                               l4762 0250                                                 l4754 0231  
                                               l4746 0222                                                 l4738 0213  
                                               l4682 016B                                                 l4674 0142  
                                               l4666 0124                                                 l4658 010C  
                                               l5378 055D                                                 l4818 0BCB  
                                               l4826 0BE3                                                 l4930 0CBB  
                                               l4914 0FD2                                                 l4906 0FBD  
                                               l5394 0D2A                                                 l5490 0492  
                                               l5482 0464                                                 l5474 0448  
                                               l5466 041F                                                 l5458 0403  
                                               l4852 0F97                                                 l4844 0F84  
                                               l4836 0F5C                                                 l4596 0EF2  
                                               l4588 0EC6                                                 l4780 0272  
                                               l4756 0241                                                 l4676 0149  
                                               l4668 0129                                                 l4940 0E12  
                                               l4828 0C02                                                 l4860 0D40  
                                               l4932 0CC5                                                 l4924 0CAF  
                                               l4916 0FDB                                                 l4908 0FC1  
                                               l5396 0D2F                                                 l5492 049E  
                                               l5484 0482                                                 l5476 044B  
                                               l5468 042E                                                 l4854 0F9C  
                                               l4846 0F89                                                 l4838 0F78  
                                               l4598 0EF8                                                 l4790 029A  
                                               l4782 0275                                                 l4758 0247  
                                               l4694 018A                                                 l4678 014F  
                                               l4942 0E26                                                 l4862 0D44  
                                               l4926 0CB9                                                 l4918 0FE1  
                                               l5494 04AA                                                 l5486 0484  
                                               l5478 044D                                                 l4856 0FA1  
                                               l4848 0F8D                                                 l4792 02A1  
                                               l4784 0278                                                 l4776 0268  
                                               l4768 025B                                                 l4696 018E  
                                               l4688 0172                                                 l4936 0E06  
                                               l4960 02A5                                                 l4864 0D4D  
                                               l4880 0D77                                                 l4872 0D5D  
                                               l5496 04B0                                                 l5488 048D  
                                               l4786 028F                                                 l4778 026B  
                                               l4698 0198                                                 l4954 0E35  
                                               l4946 0E28                                                 l4938 0E0C  
                                               l4970 02B6                                                 l4962 02AB  
                                               l4866 0D52                                                 l4858 0D3D  
                                               l4874 0D60                                                 l4890 0CCD  
                                               l5498 04BA                                                 l4788 0294  
                                               l4796 0D81                                                 l4956 0E41  
                                               l4948 0E2F                                                 l4980 02D1  
                                               l4972 02BD                                                 l4868 0D58  
                                               l4884 0C94                                                 l4876 0D67  
                                               l4892 0CD1                                                 l4798 0D88  
                                               l4990 02EB                                                 l4982 02D6  
                                               l4974 02C4                                                 l4966 02AD  
                                               l4878 0D76                                                 l4894 0CDA  
                                               l4992 02F0                                                 l4976 02C6  
                                               l4968 02B3                                                 l4888 0CC7  
                                               l4994 0304                                                 l4978 02CD  
                                               l4898 0FA8                                                 l4996 0323  
                                               l4988 02DD                                                 STR_1 108C  
                                  _I2C1_Deinitialize 0000                                                 _LATA 0018  
                                               _LATB 0019                                                 _LATC 001A  
                                               u3200 0C4F                                                 u4000 036C  
                                               _LATD 001B                                                 u3201 0C4E  
                                               u4001 036B                                                 _LATE 001C  
                                               u3210 0DB1                                                 u4010 0374  
                                               u3211 0DB0                                                 u4011 0372  
                                               u3220 0DBA                                                 u3300 05BB  
                                               u4020 0375                                                 u4100 0F54  
                                               u3221 0DB9                                                 u3301 05BA  
                                               u4101 0F53                                                 u3230 0DC4  
                                               u3310 05C3                                                 u4030 037F  
                                               u4110 0625                                                 u3231 0DC3  
                                               u3311 05C2                                                 u4031 037E  
                                               u4111 0624                                                 u3400 0C2A  
                                               u3240 0DCD                                                 u3320 05CC  
                                               u4040 0394                                                 u4200 0733  
                                               u4120 0639                                                 u3401 0C29  
                                               u3241 0DCC                                                 u3321 05CB  
                                               u4041 0393                                                 u4201 0732  
                                               u4121 0638                                                 u3250 0C38  
                                               u3330 05EB                                                 u3410 0077  
                                               u4050 03B2                                                 u4210 073B  
                                               u4130 0689                                                 u3251 0C37  
                                               u3331 05EA                                                 u3411 0076  
                                               u4051 03B1                                                 u4211 073A  
                                               u4131 0688                                                 u3260 0C3D  
                                               u3340 05F8                                                 u3500 01CC  
                                               u3420 0086                                                 u4060 03D1  
                                               u4300 0527                                                 u4220 0740  
                                               u4140 068F                                                 u3261 0C3C  
                                               u3341 05F7                                                 u3501 01CB  
                                               u3421 0085                                                 u4061 03D0  
                                               u4045 0390                                                 u4301 0526  
                                               u4221 073F                                                 u4141 068E  
                                               u3190 0C4A                                                 u3350 0606  
                                               u3270 058B                                                 u3510 01D5  
                                               u3430 0142                                                 u4150 06CA  
                                               u4310 0534                                                 u4230 0748  
                                               u4070 0F12                                                 u3191 0C49  
                                               u3351 0605                                                 u3271 058A  
                                               u3511 01D4                                                 u3431 0141  
                                               u4151 06C9                                                 u4055 03AE  
                                               u4311 0533                                                 u4231 0747  
                                               u4071 0F11                                                 u3360 060E  
                                               u3280 0599                                                 u3600 0272  
                                               u3520 01EA                                                 u3440 0171  
                                               u4160 06F0                                                 u4320 054A  
                                               u4240 074E                                                 u4080 0F32  
                                               u3361 060D                                                 u3281 0598  
                                               u3601 0271                                                 u3521 01E9  
                                               u3441 0170                                                 u4161 06EF  
                                               u4065 03CD                                                 u4321 0549  
                                               u4241 074D                                                 u4081 0F31  
                                               u3370 0EE2                                                 u3290 05A4  
                                               u3610 029A                                                 u3530 01F1  
                                               u3450 0189                                                 u4170 0705  
                                               u4330 0551                                                 u4250 0755  
                                               u4090 0F4B                                                 u3371 0EE1  
                                               u3291 05A3                                                 u3611 0299  
                                               u3531 01F0                                                 u3451 0188  
                                               u4171 0704                                                 u4331 0550  
                                               u4251 0754                                                 u4091 0F4A  
                                               u3380 0EF2                                                 u3540 0212  
                                               u3460 0198                                                 u4180 070B  
                                               u3620 0DA8                                                 u4340 0566  
                                               u4260 0770                                                 u4500 048B  
                                               u3381 0EF1                                                 u3541 0211  
                                               u3461 0197                                                 u4181 070A  
                                               u3621 0DA7                                                 u4341 0565  
                                               u4325 0546                                                 u4261 076F  
                                               u4501 0489                                                 u3390 0EF8  
                                               u3550 0221                                                 u3470 01A2  
                                               u4190 0711                                                 u4350 056C  
                                               u4270 04FC                                                 u3630 0C18  
                                               u3710 0D58                                                 u4510 048C  
                                               u3391 0EF7                                                 u3551 0220  
                                               u3471 01A1                                                 u4191 0710  
                                               u4351 056B                                                 u4271 04FB  
                                               u3631 0C17                                                 u3711 0D57  
                                               u3560 022D                                                 u3480 01AC  
                                               u4360 057C                                                 u4280 0512  
                                               u3640 0BCB                                                 u3720 0D67  
                                               u3800 0FE1                                                 u4520 0492  
                                               u3561 022C                                                 u3545 020E  
                                               u3481 01AB                                                 u4361 057B  
                                               u4281 0511                                                 u3641 0BCA  
                                               u3705 0D4E                                                 u3721 0D66  
                                               u3801 0FE0                                                 u4521 0491  
                                               u3570 024D                                                 u3490 01BF  
                                               u4290 051D                                                 u3650 0BD7  
                                               u3730 0D76                                                 u3810 0FF1  
                                               u4370 0D2F                                                 u4530 049E  
                                               u4450 040D                                                 u3571 024C  
                                               u3491 01BE                                                 u4291 051C  
                                               u3651 0BD6                                                 u3731 0D75  
                                               u3811 0FF0                                                 u4371 0D2E  
                                               u4531 049D                                                 u4451 040C  
                                               u3580 025A                                                 u3900 02C2  
                                               u3660 0BE3                                                 u3740 0CA5  
                                               u3820 0CB9                                                 u4540 04B0  
                                               u4460 0439                                                 u3581 0259  
                                               u3901 02C0                                                 u3661 0BE2  
                                               u3741 0CA3                                                 u3821 0CB8  
                                               u4541 04AF                                                 u4461 0438  
                                               u3590 0267                                                 u3910 02C3  
                                               u3670 0C09                                                 u3750 0CA6  
                                               u3830 0CC5                                                 u4470 0459  
                                               u3591 0266                                                 u4607 06A4  
                                               u3671 0C08                                                 u3831 0CC4  
                                               u4471 0458                                          main@lastUid 0142  
                                               u3840 0E26                                                 u3920 02D6  
                                               u3680 0D44                                                 u3760 0CDA  
                                               u4480 0464                                                 u4617 05E2  
                                               u3841 0E25                                                 u3921 02D5  
                                               u3681 0D43                                                 u3761 0CD9  
                                               u4481 0463                                                 u3850 0E2F  
                                               u3930 02DC                                                 u3770 0FBA  
                                               u4490 0482                                                 u3851 0E2E  
                                               u3931 02DB                                                 u3771 0FB9  
                                               u4491 0481                                                 u3860 0E34  
                                               u3940 0304                                                 u3780 0FD2  
                                               u3861 0E33                                                 u3941 0303  
                                               u3781 0FD1                                                 u4557 03FD  
                                               u3950 032D                                                 u3870 02AB  
                                               u3790 0FDB                                                 u3951 032C  
                                               u3871 02AA                                                 u3695 0D49  
                                               u3791 0FDA                                                 u4567 0418  
                                               u3960 0333                                                 u3880 02BB  
                                               u3961 0332                                                 u3945 0300  
                                               u3881 02B9                                                 u4577 0427  
                                               u3970 0353                                                 u3890 02BC  
                                               u3971 0352                                                 u4587 043F  
                                               u3980 035A                                                 u3981 0359  
                                               u4597 04DF                                                 u3990 035F  
                                               u3991 035E                                                 u3975 034F  
                        parse_ndef_text_record@idLen 0039                                                 _WPUA 1E8D  
                                               _WPUB 1E97                                                 _WPUC 1EA1  
                                               _WPUD 1EAB                                                 _WPUE 1EB5  
                        parse_ndef_text_record@hasId 0036                                        _EUSART1_Write 0B48  
                                      _EUSART2_Write 07FB                                      ??_I2C1_StopSend 0076  
                    pn532_send_and_capture@packetLen 0021                                                 _atoi 0610  
                                               _main 03F1                                       ?_DFPlayer_Init 0076  
                                      ?_EUSART2_Read 0076                                                 fsr0h 0005  
                                               fsr1h 0007                                                 indf0 0000  
                                               fsr0l 0004                                                 indf1 0001  
                                               fsr1l 0006                                       ?_DFPlayer_Stop 0076  
                                               btemp 007E                          _INT_DefaultInterruptHandler 0000  
                         __end_of_PN532_ReadNdefText 057E                                                 start 0031  
                    __end_of_INT_SetInterruptHandler 0B6F                                      _I2C1_EVENT_IDLE 0B22  
                                    _I2C1_EVENT_NACK 0B57                                           _i2c1Status 005F  
                   pn532_send_and_capture@bufferSize 0023                                      _I2C1_EVENT_STOP 0B9F  
                           DFPlayer_SetVolume@volume 0031                                         main@isNewTag 0150  
                                  __end_of_I2C1_Host 1074                                                ?_atoi 0026  
                                              ?_main 0076                                                _IOCAF 1E93  
                                              _IOCBF 1E9D                                                _IOCCF 1EA7  
                                              _IOCAN 1E92                                                _IOCEF 1EBB  
                                              _IOCAP 1E91                                                _IOCBN 1E9C  
                                              _IOCBP 1E9B                                                _IOCCN 1EA6  
                                              _IOCCP 1EA5                                                _IOCEN 1EBA  
                                              _IOCEP 1EB9                                                i1l311 0B2D  
                                              i1l401 0B21                                                i1l314 0B29  
                                              i1l410 0B8F                                                i1l323 0C7C  
                                              i1l332 07FA                                                i1l404 0B68  
                                              i1l500 002F                                                i1l413 0B1D  
                                              i1l341 0B9E                                                i1l422 0AFE  
                                              i1l335 0AF5                                                i1l351 0E03  
                                              i1l407 0B47                                                i1l344 0B81  
                                              i1l425 0AFB                                                i1l329 0EC5  
                                              i1l338 0B25                                                i1l362 0B5C  
                                              i1l371 0B88                                                i1l380 0B11  
                                              i1l428 0B15                                                i1l365 0B62  
                                              i1l374 0B04                                                i1l383 0B07  
                                              i1l359 0E82                                                i1l631 0AF6  
                                              i1l368 0BA6                                                i1l377 0B42  
                                              i1l386 0B0D                                                i1l395 0B01  
                                              i1l492 0013                                                i1l389 0B0A  
                                              i1l398 0B19                                                i1l495 0023  
                                              i1l499 002F                                                _OSCEN 0211  
                                              _UART1 1030                                                _UART2 1000  
                                              _TRISA 0012                                                _TRISB 0013  
                                              _TRISC 0014                                                _TRISD 0015  
                                              _TRISE 0016                             ?_I2C1_EVENT_SEND_RD_ADDR 0076  
                                  ??_I2C1_Initialize 0022         __end_of_EUSART1_FramingErrorCallbackRegister 0BD0  
             ??_EUSART1_FramingErrorCallbackRegister 0022                ?_EUSART1_FramingErrorCallbackRegister 0020  
               _EUSART1_FramingErrorCallbackRegister 0BC4                              __end_of_PIN_MANAGER_IOC 0AF7  
                            ??_I2C1_CallbackRegister 0022                                      __end_of_isdigit 0CAD  
                                  ?_I2C1_IsRxBufFull 0076                                                atoi@n 002C  
                           ?_I2C1_EVENT_SEND_WR_ADDR 0076                                                atoi@s 002E  
                                              main@i 0151                                      __end_of_isspace 0D7F  
                                     ?_EUSART1_Write 0020                                       ?_EUSART2_Write 0020  
                                              pclath 000A                                I2C1_DataTransmit@data 0076  
                  parse_ndef_text_record@shortRecord 0035                    pn532_send_and_capture@idleCounter 002B  
                                 ??_I2C1_IsRxBufFull 0076                                       ??_EUSART2_Read 0020  
                              _EUSART1_AutoBaudQuery 0000                                                status 0003  
                                              wtemp0 007E                                      __end_of_strncmp 1000  
                                       ??_I2C1_Close 0076                                      __initialization 0033  
                           ??_I2C1_ErrorEventHandler 007A                                         __end_of_atoi 06A0  
                         __end_of_EUSART1_Initialize 0D1E                                         __end_of_main 04E9  
                                   _I2C1_EVENT_ERROR 0B5D                                     _I2C1_EVENT_RESET 0B82  
                        ?_INTERRUPT_InterruptManager 0076                                               ??_atoi 0028  
                                             ??_main 0120                             pn532_transact@withWakeup 0031  
       __end_of_EUSART2_OverrunErrorCallbackRegister 0C11               ??_EUSART2_OverrunErrorCallbackRegister 0022  
              ?_EUSART2_OverrunErrorCallbackRegister 0020                 _EUSART2_OverrunErrorCallbackRegister 0C02  
                        DFPlayer_SendCommand@command 002A                                    pn532_transact@cmd 00DD  
                                  pn532_transact@len 00E4                                    pn532_transact@lcs 00D7  
                                  pn532_transact@out 0032  EUSART2_OverrunErrorCallbackRegister@callbackHandler 0020  
EUSART2_FramingErrorCallbackRegister@callbackHandler 0020  EUSART1_OverrunErrorCallbackRegister@callbackHandler 0020  
EUSART1_FramingErrorCallbackRegister@callbackHandler 0020                 I2C1_CallbackRegister@callbackHandler 0020  
                                  pn532_transact@sum 00E1                                    ??_ntag_read4pages 003A  
                                 __end_of_I2C1_Close 0C7D                           __end_of_EUSART2_Initialize 0CFF  
                            ?_pn532_send_and_capture 0021                                _I2C1_InterruptsEnable 0B3A  
                                             _ACTCON 0214                                               _ANSELA 1E8C  
                                             _ANSELB 1E96                                               _ANSELC 1EA0  
                                             _ANSELD 1EAA                                               _ANSELE 1EB4  
                                             _RC1REG 060C                                               _RC2REG 0616  
                                             _RB3PPS 1D97                                               _RC1STA 0610  
                                             _RB4PPS 1D98                                      ??_DFPlayer_Init 0032  
                                             _RC2STA 061A                                               _RD1PPS 1DA5  
                                             _RC3PPS 1D9F                          pn532_send_and_capture@count 002E  
                                             _RC4PPS 1DA0                                               i1l3200 0C73  
                                             _ODCONA 1E8E                                               i1l3202 0C76  
                                             _ODCONB 1E98                                               _ODCONC 1EA2  
                                             i1l3204 0C79                                               _ODCOND 1EAC  
                                             _ODCONE 1EB6                                               i1l3142 0AFC  
                                             i1l3206 0AFF                                               i1l3302 0B02  
                                             i1l3310 0B1E                                               i1l3208 0B0E  
                                             i1l3144 0AF9                                               i1l3312 0B05  
                                             i1l3146 0B12                                               i1l3306 0B16  
                                             i1l3314 0B82                                               i1l3308 0B08  
                                             i1l3316 0B85                                               i1l3318 0B87  
                                             i1l4230 0B26                                               i1l3600 0E71  
                                             u210_20 0E54                                               u210_21 0E53  
                                             i1l3290 0B0B                                               i1l3602 0E75  
                                             i1l3196 0C68                                               i1l3604 0E7B  
                                             i1l3612 0B57                                               i1l3620 0B5D  
                                             i1l3292 0B9F                                               i1l3532 0B89  
                                             i1l3540 0B43                                               i1l4228 0B2A  
                                             i1l3198 0C6A                                               i1l3550 0B97  
                                             i1l3606 0E7E                                               i1l3614 0B57  
                                             i1l3622 0B5D                                               i1l3294 0BA5  
                                             i1l3288 0B3F                                               i1l3544 0B22  
                                             i1l3552 0B9D                                               i1l3608 0E81  
                                             u211_20 0E71                                               i1l3616 0B5B  
                                             i1l3624 0B61                                               i1l3536 0B63  
                                             i1l4360 0006                                               u211_21 0E70  
                                             i1l3298 0B1A                                               i1l3570 0DEF  
                                             i1l3562 0DD5                                               i1l3546 0B24  
                                             i1l4370 001F                                               i1l4362 000B  
                                             i1l3580 0DFE                                               i1l3572 0DF2  
                                             i1l3564 0DD5                                               i1l3556 0B7B  
                                             i1l3900 0E96                                               i1l4372 0027  
                                             i1l4364 000F                                               i1l3574 0DF7  
                                             i1l3582 0E02                                               i1l3566 0DDC  
                                             i1l3558 0B80                                               i1l3590 0E4D  
                                             i1l3910 07D8                                               i1l3902 0E9C  
                                             i1l4374 002B                                               i1l4366 0017  
                                             i1l3576 0DF8                                               i1l3568 0DE0  
                                             i1l3592 0E54                                               i1l3912 07DD  
                                             i1l3904 0EA4                                               i1l4368 001B  
                                             u300_20 0017                                               u300_21 0016  
                                             i1l3578 0DFB                                               i1l3594 0E62  
                                             i1l3586 0E43                                               i1l3914 07E0  
                                             i1l3906 0EAC                                               i1l3596 0E67  
                                             i1l3588 0E45                                               i1l3916 07F4  
                                             i1l3908 0EB1                                               i1l3598 0E6B  
                                             u301_20 001B                                               u301_21 001A  
                                             i1l3894 0E83                                               i1l3896 0E86  
                                             u302_20 001F                                               u302_21 001E  
                                             i1l3898 0E8E                                               u207_20 0DDC  
                                             u303_20 0027                                               u207_21 0DDB  
                                             u303_21 0026                                               u208_20 0DF7  
                                             u304_20 002B                                               u208_21 0DF6  
                                             u304_21 002A                                               _INLVLA 1E90  
                                             _INLVLB 1E9A                                               _INLVLC 1EA4  
                                             _INLVLD 1EAE                                               _INLVLE 1EB8  
                                             u209_20 0E4D                                               u209_21 0E4C  
                           ??_parse_ndef_text_record 002D                                      ??_DFPlayer_Stop 002F  
                                             u255_20 0E8E                                               u255_21 0E8D  
                                             u256_20 0E96                                               u256_21 0E95  
                                             u257_20 0EA4                                               u257_21 0EA3  
                                             u258_20 0EAC                                               u258_21 0EAB  
                                             u298_20 000B                                               u298_21 000A  
                                             u299_20 000F                                               u299_21 000E  
                                             _OSCFRQ 0213                                               _RX1PPS 1E41  
           pn532_send_and_capture@firstByteTimeoutMs 0024                                               _RX2PPS 1E43  
                                             _TX1REG 060D                                               _TX2REG 0617  
                                             _TX1STA 0611                                               _TX2STA 061B  
                            __end_of_I2C1_EVENT_IDLE 0B26                              __end_of_I2C1_EVENT_NACK 0B5D  
                            __end_of_I2C1_EVENT_STOP 0BA7                          __end_of_I2C1_InterruptClear 0AFF  
                                             ___wmul 0D3D                                               _memcmp 0EC6  
                                             _memcpy 0D7F                                   _I2C1_RestartEnable 0B0B  
                                          ?_I2C1_ISR 0076                      __end_of_I2C1_EVENT_SEND_RD_ADDR 0B9F  
                        _EUSART2_FramingErrorHandler 006D                                   ntag_read4pages@rsp 003A  
                                  ?_CLOCK_Initialize 0076                                               _strchr 0CAD  
                       PN532_ReadNdefText@valueStart 005A                                               _strlen 0CC7  
                   parse_ndef_text_record@payloadLen 003F                                               _strstr 0F0A  
                                          ??_isdigit 0022                              pn532_send_and_capture@i 002D  
                                 ??_CLOCK_Initialize 0020                      __end_of_I2C1_EVENT_SEND_WR_ADDR 0B82  
                                ?_I2C1_RestartEnable 0076                                            ??_isspace 0022  
                     __end_of_pn532_send_and_capture 0610         __end_of_EUSART1_OverrunErrorCallbackRegister 0BDC  
             ??_EUSART1_OverrunErrorCallbackRegister 0022                ?_EUSART1_OverrunErrorCallbackRegister 0020  
               _EUSART1_OverrunErrorCallbackRegister 0BD0                             ?_PN532_ReadPassiveTarget 0039  
                                    ??_EUSART1_Write 0021                               pn532_transact@dcsIndex 00DA  
                                    ??_EUSART2_Write 0021              INT_SetInterruptHandler@InterruptHandler 0020  
             pn532_send_and_capture@firstByteCounter 0028                                     ?_PIN_MANAGER_IOC 0076  
                                          ??_strncmp 0024                                    _SYSTEM_Initialize 0C55  
                            __end_of__initialization 006A                                        ??_I2C1_IsAddr 0076  
                                      ??_I2C1_IsData 0076                                        ??_I2C1_IsNack 0076  
                                       ??_PN532_Init 0039                                   ?_SYSTEM_Initialize 0076  
                               ??_I2C1_RestartEnable 0076                                        __end_of_UART1 1060  
                                      __end_of_UART2 1030                               pn532_transact@paramLen 0030  
                                     __pcstackCOMMON 0076                                         __pidataBANK1 0002  
                                       __pidataBANK2 0B90                                  ??_SYSTEM_Initialize 0022  
                         ??_I2C1_ErrorInterruptClear 0076                                           ??_I2C1_ISR 007C  
                         PN532_ReadPassiveTarget@uid 0055                           PN532_ReadPassiveTarget@rsp 003B  
                               __end_of_EUSART2_Read 0DD5          __end_of_EUSART2_DefaultFramingErrorCallback 0AF8  
              ??_EUSART2_DefaultFramingErrorCallback 0020                 ?_EUSART2_DefaultFramingErrorCallback 0076  
                _EUSART2_DefaultFramingErrorCallback 0AF7                                      pn532_transact@i 00DE  
                              __end_of_I2C1_EVENT_RX 0E83                                   __end_of_PN532_Init 0715  
                              __end_of_I2C1_EVENT_TX 0E04                               ?_I2C1_InterruptsEnable 0076  
                                     _pn532_transact 006E                                    _I2C1_EventHandler 0E83  
                          __end_of_SYSTEM_Initialize 0C68                                           __pbssBANK0 005F  
                                         __pbssBANK1 00E7                                           __pbssBANK2 015F  
                                         __pbssBANK3 01A0                                 pn532_transact@buffer 00A0  
                                 ?_I2C1_EventHandler 0076                                 pn532_transact@packet 00C0  
                               pn532_transact@params 002F                                 pn532_transact@outLen 0034  
                               pn532_transact@outMax 0033                                _I2C1_StatusFlagsClear 0B12  
                                   ?_I2C1_EVENT_IDLE 0076                                     ?_I2C1_EVENT_NACK 0076  
                                   ?_I2C1_EVENT_STOP 0076                                  ??_I2C1_EventHandler 007A  
                                         __pmaintext 03F1                                  __end_of_I2C1_IsAddr 0B90  
                                __end_of_I2C1_IsData 0B48                                  __end_of_I2C1_IsNack 0B69  
                                            ?___wmul 0020                                           __pintentry 0004  
                                    _I2C1_Initialize 0C7D                                              ?_memcmp 0020  
                                            ?_memcpy 0020                                     _EUSART1_IsTxDone 0000  
                             _EUSART1_IsTxReady$1558 0020                                   _PN532_ReadNdefText 04E9  
                              __end_of_I2C1_NackSend 0B22                                              ?_strchr 0020  
                                            ?_strlen 0020                                __end_of_I2C1_BusReset 0B12  
                                            ?_strstr 0029                                     _EUSART1_ErrorGet 0000  
                    __end_of_PN532_ReadPassiveTarget 0778                         pn532_send_and_capture@buffer 0022  
                                   _EUSART2_IsTxDone 0B2E                         pn532_send_and_capture@packet 0027  
                             __end_of_pn532_transact 02A3                                       main@lastUidLen 0153  
                            DFPlayer_SendCommand@low 002E                                              _SP1BRGH 060F  
                                            _SP1BRGL 060E                                              _SP2BRGH 0619  
                                            _SP2BRGL 0618                                     _EUSART2_ErrorGet 0000  
                                          _I2C1_Read 0000                                            _I2C1_Host 1060  
                          __end_of_I2C1_EventHandler 0EC6                                              _OSCCON2 020E  
                                            _OSCCON3 020F                                  ?_PN532_ReadNdefText 0053  
                                            _OSCSTAT 0210                               _I2C1_ErrorEventHandler 07D8  
                                            _OSCTUNE 0212                                              _SSP1ADD 068D  
                                            _SLRCONA 1E8F                                              _SLRCONB 1E99  
                                            _SLRCONC 1EA3                                              _SLRCOND 1EAD  
                                            _SLRCONE 1EB7                                              _SSP1BUF 068C  
                                     main@initResult 0156                         pn532_transact@postambleIndex 00D8  
                      parse_ndef_text_record@langLen 003E                             __end_of_I2C1_EVENT_ERROR 0B63  
                           __end_of_I2C1_EVENT_RESET 0B89                        __end_of_I2C1_CallbackRegister 0C20  
                      parse_ndef_text_record@payload 003B                           _parse_ndef_text_record$175 003A  
                                _dfplayer_uart_write 0C20                                _EUSART2_AutoBaudQuery 0000  
                               _EUSART1_Deinitialize 0000                        parse_ndef_text_record@textLen 0041  
                      parse_ndef_text_record@outSize 002C                                __end_of_I2C1_StopSend 0B02  
                             _EUSART1_TransmitEnable 0000                        parse_ndef_text_record@typeLen 003D  
                               ??_PN532_ReadNdefText 0054                           __end_of_DFPlayer_PlayTrack 0BBA  
                                    _ntag_read4pages 0E04                               _parse_ndef_text_record 02A3  
                         __end_of_DFPlayer_SetVolume 0C02                                              __ptext1 0D1E  
                                            __ptext2 0F0A                                              __ptext3 0FA6  
                                            __ptext4 0CC7                                              __ptext5 0CAD  
                                            __ptext6 0610                                              __ptext7 0D5D  
                                            __ptext8 0C94                                              __ptext9 0D3D  
                               ?_dfplayer_uart_write 0076                                              _isdigit 0C94  
                                _I2C1_RestartDisable 0B08          __end_of_EUSART2_DefaultOverrunErrorCallback 0B36  
              ??_EUSART2_DefaultOverrunErrorCallback 0020                 ?_EUSART2_DefaultOverrunErrorCallback 0076  
                _EUSART2_DefaultOverrunErrorCallback 0B32                                      ?_pn532_transact 002F  
                                 _EUSART1_Initialize 0CFF                             ??_PIN_MANAGER_Initialize 0020  
                                            _isspace 0D5D                                        ?_I2C1_AckSend 0076  
                            _INT_SetInterruptHandler 0B69                                      _i2c1_eventTable 1074  
                                            atoi@neg 002A                                  ntag_read4pages@page 004E  
                                ntag_read4pages@rlen 0052                                              clrloop0 0B70  
                                            main@uid 0149                                              _strncmp 0FA6  
                               end_of_initialization 006A                                  ?_EUSART1_Initialize 0076  
                                            memcmp@l 0027                                              memcmp@n 0024  
                                            memcmp@r 0029                                              memcpy@d 0028  
                                            memcpy@n 0022                                              memcpy@s 0026  
                             ?_I2C1_StatusFlagsClear 0076                                              init_ram 0B75  
                        _EUSART1_OverrunErrorHandler 0070                                              initloop 0B76  
                                        _I2C1_IsAddr 0B89                                          _I2C1_IsData 0B43  
                                        _I2C1_IsNack 0B63                                          _I2C1_IsBusy 0000  
                               ?_I2C1_RestartDisable 0076                              __end_of_I2C1_Initialize 0C94  
                                 _EUSART2_Initialize 0CE1                            parse_ndef_text_record@idx 0044  
                          parse_ndef_text_record@rec 0043                            parse_ndef_text_record@tnf 0034  
                          parse_ndef_text_record@out 002B                        PN532_ReadPassiveTarget@params 0053  
                                   _I2C1_DataReceive 0B02                        PN532_ReadPassiveTarget@uidLen 0039  
                    PN532_ReadPassiveTarget@nfcidLen 0058                                 ??_EUSART1_Initialize 0022  
                                            strchr@c 0020                                              strchr@s 0022  
                            pn532_transact@dataStart 00E3                                  ?_EUSART2_Initialize 0076  
                                            strlen@a 0023                                              strlen@s 0020  
                              ??_dfplayer_uart_write 0021                                              strstr@h 002F  
                                            strstr@n 0029                                       ??_I2C1_AckSend 0076  
                                          _TRISAbits 0012                                  EUSART1_Write@txData 0020  
                            pn532_transact@frameSize 00D5                                 ??_EUSART2_Initialize 0022  
                              __end_of_DFPlayer_Init 0B52                              pn532_transact@packetLen 00E6  
                              __end_of_DFPlayer_Stop 0BB0                                         _EUSART1_Read 0000  
                                       _EUSART2_Read 0DA9                                ??_I2C1_RestartDisable 0076  
                                         main@uidLen 0157                                 _EUSART2_Deinitialize 0000  
                             PN532_ReadNdefText@have 005E                              __end_of_ntag_read4pages 0E43  
                             PN532_ReadNdefText@page 005B                               PN532_ReadNdefText@type 0059  
                       __end_of_INTERRUPT_Initialize 0BF4                                       _I2C1_ERROR_ISR 0B26  
                                     __end_of___wmul 0D5D                           __end_of_I2C1_ReceiveEnable 0B08  
                            __end_of_i2c1_eventTable 1086                                       __end_of_memcmp 0F0A  
                                     __end_of_memcpy 0DA9                            ??_INT_SetInterruptHandler 0022  
                            ??_I2C1_InterruptsEnable 0020                                       __end_of_strchr 0CC7  
                                     __end_of_strlen 0CE1                                       __end_of_strstr 0F56  
                                start_initialization 0033                              DFPlayer_PlayTrack@track 002F  
                        PN532_ReadPassiveTarget@rlen 0056                                __end_of_EUSART1_Write 0B4D  
                              __end_of_EUSART2_Write 0800                              _I2C1_EVENT_SEND_RD_ADDR 0B97  
                           __end_of_EUSART2_IsTxDone 0B32                                     ?_I2C1_Initialize 0076  
                            _I2C1_EVENT_SEND_WR_ADDR 0B7B                               __end_of_I2C1_ERROR_ISR 0B2A  
                                   _I2C1_IsRxBufFull 0B1A                                             ??___wmul 0024  
                                        __pdataBANK1 00ED                                          __pdataBANK2 0158  
                                           ??_memcmp 0026                                             ??_memcpy 0024  
                              pn532_transact@dataLen 00D9                                             ??_strchr 0022  
                                           ??_strlen 0022                                             ??_strstr 002B  
                            ?_I2C1_ErrorEventHandler 0076                         __end_of_DFPlayer_SendCommand 0FA6  
                                        __pbssCOMMON 0070                                            ___latbits 0003  
                                      __pcstackBANK0 0020                                        __pcstackBANK1 00A0  
                                      __pcstackBANK2 0120                                  EUSART2_Write@txData 0020  
                          ?_I2C1_ErrorInterruptClear 0076                         __end_of_I2C1_DefaultCallback 0AF6  
                                  ?_I2C1_EVENT_ERROR 0076                                  pn532_transact@i_131 00DC  
                                pn532_transact@i_135 00E0                                    ?_I2C1_EVENT_RESET 0076  
                                 ??_I2C1_EVENT_ERROR 0076                                   ??_I2C1_EVENT_RESET 0076  
                                pn532_transact@count 00E2                                  pn532_transact@start 00E5  
                                   ?_ntag_read4pages 0039                                            _main$2043 0152  
                               __end_of_I2C1_AckSend 0B1A                               _PIN_MANAGER_Initialize 0778  
                                    ?_I2C1_ERROR_ISR 0076                              ?_parse_ndef_text_record 002A  
                                   ??_pn532_transact 0035                                             _I2C1_ISR 0B2A  
                           ??_pn532_send_and_capture 0026                         ??_INTERRUPT_InterruptManager 007C  
                     __end_of_I2C1_ErrorEventHandler 07FB                         parse_ndef_text_record@header 003C  
                       parse_ndef_text_record@isText 0037                                             _BAUD1CON 0612  
                                           _BAUD2CON 061C                         parse_ndef_text_record@recLen 002A  
                                           ?_isdigit 0020                           __end_of_parse_track_number 0D3D  
                                  _EUSART1_IsRxReady 0000                         parse_ndef_text_record@status 0038  
                                           ?_isspace 0020                        I2C1_EVENT_ERROR@retEventState 0076  
                                  _EUSART1_IsTxReady 0C31                                   _DFPlayer_PlayTrack 0BB0  
                            ??_I2C1_StatusFlagsClear 0076                                   ?_EUSART1_IsTxReady 0076  
                           __end_of_I2C1_DataReceive 0B05                            ??_I2C1_EVENT_SEND_RD_ADDR 0076  
                                           ?_strncmp 0020                                   _DFPlayer_SetVolume 0BF4  
                               _INTERRUPT_Initialize 0BE8                         PN532_ReadPassiveTarget@F8585 00ED  
                                  _EUSART2_IsRxReady 0B52                            pn532_transact@paramOutLen 00DF  
                                  _EUSART2_IsTxReady 0C43                                     _CLOCK_Initialize 0BBA  
                                ?_DFPlayer_PlayTrack 002F                                         ?_I2C1_IsAddr 0076  
                                     ___wmul@product 0024                                         ?_I2C1_IsData 0076  
                                           _LATAbits 0018                                         ?_I2C1_IsNack 0076  
                          ??_I2C1_EVENT_SEND_WR_ADDR 0077                                   ?_EUSART2_IsRxReady 0076  
                              _I2C1_CallbackRegister 0C11                                  ??_EUSART1_IsTxReady 0020  
                                 ?_EUSART2_IsTxReady 0076                                            clear_ram0 0B6F  
                                           _PIE0bits 0096                             DFPlayer_SendCommand@high 002D  
                            _PN532_ReadPassiveTarget 0715                                             _PIE3bits 0099  
                          pn532_transact@expectedAck 1086                                  ?_DFPlayer_SetVolume 0076  
                                         _I2C1_Close 0C68                       __end_of_parse_ndef_text_record 03F1  
                                           _PIR0bits 008C                                             _PIR3bits 008F  
                                         _I2C1_Write 0000                                       _I2C1_WriteRead 0000  
                                ??_EUSART2_IsRxReady 0020                                             _SSP1CON1 0690  
                                           _SSP1CON2 0691                                             _SSP1CON3 0692  
                                ??_EUSART2_IsTxReady 0020                                             _SSP1STAT 068F  
                                  ??_PIN_MANAGER_IOC 0076                                 ??_DFPlayer_PlayTrack 0031  
                              ntag_read4pages@params 004F                                    ___wmul@multiplier 0020  
                          __end_of_EUSART1_IsTxReady 0C43                                 ??_DFPlayer_SetVolume 002F  
                              PN532_ReadNdefText@buf 01A0                                PN532_ReadNdefText@len 005C  
                                          main@track 0154                                PN532_ReadNdefText@pos 005D  
                              PN532_ReadNdefText@out 0058                         I2C1_EVENT_NACK@retEventState 0076  
                                       _isspace$2532 0024                                        _I2C1_EVENT_RX 0E43  
                                      _I2C1_EVENT_TX 0DD5                            __end_of_EUSART2_IsRxReady 0B57  
                          __end_of_EUSART2_IsTxReady 0C55                                ?_INTERRUPT_Initialize 0076  
                                _EUSART1_AutoBaudSet 0000                                  _I2C1_InterruptClear 0AFC  
                        _EUSART2_OverrunErrorHandler 00E7                              _EUSART1_TransmitDisable 0000  
                                          memcpy@tmp 0025                                 _DFPlayer_SendCommand 0F56  
                        __end_of_dfplayer_uart_write 0C31                                        _I2C1_Callback 00EB  
                               _I2C1_DefaultCallback 0AF5                                 ?_I2C1_InterruptClear 0076  
                                   PN532_Init@samcfg 004E                                        _I2C1_NackSend 0B1E  
                                      _I2C1_BusReset 0B0E          __end_of_EUSART1_DefaultFramingErrorCallback 0AF9  
              ??_EUSART1_DefaultFramingErrorCallback 0020                 ?_EUSART1_DefaultFramingErrorCallback 0076  
                _EUSART1_DefaultFramingErrorCallback 0AF8                                    ??_I2C1_EVENT_IDLE 0076  
                                  ??_I2C1_EVENT_NACK 0076                                    ??_I2C1_EVENT_STOP 0076  
                      __end_of_I2C1_InterruptsEnable 0B3E                            PN532_ReadNdefText@outSize 0053  
                                     ?_I2C1_EVENT_RX 0076                                       ?_I2C1_EVENT_TX 0076  
                                      _I2C1_ErrorGet 0000                            pn532_transact@responseSum 00DB  
                                           __ptext10 0C55                                             __ptext11 0778  
                                           __ptext20 0CFF                                             __ptext12 0BE8  
                                           __ptext21 0BD0                                             __ptext13 0B69  
                                           __ptext30 006E                                             __ptext22 0BC4  
                                           __ptext14 0C7D                                             __ptext31 057E  
                                           __ptext23 0BBA                                             __ptext15 0B3A  
                                           __ptext40 0B52                                             __ptext32 07FB  
                                           __ptext24 0715                                             __ptext16 0C11  
                                           __ptext41 0EC6                                             __ptext33 0DA9  
                                           __ptext25 04E9                                             __ptext17 0CE1  
                                           __ptext42 0BA7                                             __ptext34 0B36  
                                           __ptext26 02A3                                             __ptext18 0C02  
                                           __ptext51 0AF6                                             __ptext43 0BB0  
                                           __ptext35 0B32                                             __ptext27 0E04  
                                           __ptext19 0BDC                                             __ptext60 0B9F  
                                           __ptext52 0B2A                                             __ptext44 0B4D  
                                           __ptext36 0AF8                                             __ptext28 0D7F  
                                           __ptext61 0B5D                                             __ptext53 0E83  
                                           __ptext45 0BF4                                             __ptext37 0AF7  
                                           __ptext29 06A0                                             __ptext70 0B08  
                                           __ptext62 0B57                                             __ptext54 0B63  
                                           __ptext46 0F56                                             __ptext38 0C43  
                                           __ptext71 0B05                                             __ptext63 0E43  
                                           __ptext55 0B43                                             __ptext47 0C20  
                                           __ptext39 0B2E                                             __ptext80 0AF9  
                                           __ptext72 0B1E                                             __ptext64 0B7B  
                                           __ptext56 0B89                                             __ptext48 0B48  
                                           __ptext81 0B0E                                             __ptext73 0B1A  
                                           __ptext65 0B97                                             __ptext57 0B26  
                                           __ptext49 0C31                                             __ptext82 0AF5  
                                           __ptext74 0B02                                             __ptext66 0B22  
                                           __ptext58 07D8                                             __ptext75 0B16  
                                           __ptext67 0DD5                                             __ptext59 0B82  
                                           __ptext76 0AFF                                             __ptext68 0B0B  
                                           __ptext77 0C68                                             __ptext69 0B3E  
                                           __ptext78 0B12                                             __ptext79 0AFC  
                           __end_of_I2C1_IsRxBufFull 0B1E                                         _SSP1CON1bits 0690  
                                       _SSP1CON2bits 0691                          __end_of_I2C1_RestartDisable 0B0B  
                                 _I2C1_ReceiveEnable 0B05                                  _EUSART2_AutoBaudSet 0000  
                          ??_PN532_ReadPassiveTarget 003A                               ?_I2C1_CallbackRegister 0020  
                               ntag_read4pages@F8594 015F                                           _PN532_Init 06A0  
                                ?_I2C1_ReceiveEnable 0076                                          ?_I2C1_Close 0076  
                                  ?_EUSART2_IsTxDone 0076                        DFPlayer_SendCommand@parameter 0022  
                                      _I2C1_StopSend 0AFF                                ?_DFPlayer_SendCommand 0022  
                                         _RC1STAbits 0610                                           _RC2STAbits 061A  
                                 ??_EUSART2_IsTxDone 0020                              _EUSART2_TransmitDisable 0000  
                                           int$flags 007E                                 ntag_read4pages@out16 0039  
                 __end_of_INTERRUPT_InterruptManager 0031                           _INTERRUPT_InterruptManager 0004  
                              ?_I2C1_DefaultCallback 0076                                         _SSP1STATbits 068F  
                              ??_I2C1_InterruptClear 0076                                             main@text 0122  
                        _EUSART1_FramingErrorHandler 0072                     __end_of_I2C1_ErrorInterruptClear 0AFC  
                                     ?_I2C1_NackSend 0076                                      PN532_Init@F8580 0158  
                                    PN532_Init@F8578 015C                                       ?_I2C1_BusReset 0076  
                               ??_I2C1_ReceiveEnable 0076                               _EUSART2_IsTxReady$1916 0020  
                             parse_track_number@text 0032                                           _INTCONbits 000B  
                                           memcmp@vl 0020                                             memcmp@vr 0022  
                                           memcpy@d1 0029                                             memcpy@s1 0020  
                                       _I2C1_AckSend 0B16                                 _INT_InterruptHandler 0074  
                                           isdigit@c 0020                               ??_INTERRUPT_Initialize 0022  
                       DFPlayer_SendCommand@checksum 002B                           I2C1_EVENT_RX@retEventState 0077  
                                    PN532_Init@rfcfg 004A                                             intlevel1 0000  
                             _pn532_send_and_capture 057E                                             isspace@c 0020  
                                   ??_I2C1_ERROR_ISR 007C                              ?_PIN_MANAGER_Initialize 0076  
                         __end_of_I2C1_RestartEnable 0B0E               pn532_send_and_capture@receivedAnything 002A  
                                     ?_I2C1_StopSend 0076                                            strncmp@_l 0025  
                                          strncmp@_r 0020                               _EUSART2_TransmitEnable 0000  
                           ?_INT_SetInterruptHandler 0020                                parse_track_number@sep 0033  
                                 _eusart1RxLastError 00E9                             __end_of_CLOCK_Initialize 0BC4  
                                      __pstringtext1 1000                                        __pstringtext2 1030  
                                      __pstringtext3 1060                                        __pstringtext4 1074  
                                      __pstringtext5 1086                                        __pstringtext6 0000  
                                     PN532_Init@rlen 0051                                      ??_I2C1_EVENT_RX 0076  
                                    ??_I2C1_EVENT_TX 0077                                           _SSP1DATPPS 1E48  
                                         _SSP1CLKPPS 1E47                                             strncmp@l 0028  
                                           strncmp@n 0022                                             strncmp@r 0026  
        __end_of_EUSART1_DefaultOverrunErrorCallback 0B3A                ??_EUSART1_DefaultOverrunErrorCallback 0020  
               ?_EUSART1_DefaultOverrunErrorCallback 0076                  _EUSART1_DefaultOverrunErrorCallback 0B36  
                            dfplayer_uart_write@data 0021                                    _I2C1_DataTransmit 0B3E  
                                           strstr@nl 002D                                           _TX1STAbits 0611  
                                         _TX2STAbits 061B                                   ?_I2C1_DataTransmit 0076  
                                  ?_I2C1_DataReceive 0076                                        PN532_Init@rsp 003A  
                     __end_of_PIN_MANAGER_Initialize 07D8                        __end_of_I2C1_StatusFlagsClear 0B16  
                                 _eusart2RxLastError 0162                                   ??_I2C1_DataReceive 0076  
                                    _PIN_MANAGER_IOC 0AF6                                   _parse_track_number 0D1E  
                                        ?_PN532_Init 0076                                        _DFPlayer_Init 0B4D  
                         I2C1_EVENT_TX@retEventState 0079                               ??_DFPlayer_SendCommand 0024  
                                      _DFPlayer_Stop 0BA7                                  ??_I2C1_DataTransmit 0076  
