

Microchip MPLAB XC8 Assembler V2.41 build 20230208172133 
                                                                                               Thu Aug 27 10:45:42 2026

Microchip MPLAB XC8 C Compiler v2.41 (Free license) build 20230208172133 Og1 
     1                           	processor	16F18076
     2                           	pagewidth 120
     3                           	opt	flic
     4                           	psect	idataCOMMON,global,class=CODE,delta=2,noexec
     5                           	psect	idataBANK0,global,class=CODE,delta=2,noexec
     6                           	psect	idataBANK1,global,class=CODE,delta=2,noexec
     7                           	psect	idataBANK2,global,class=CODE,delta=2,noexec
     8                           	psect	stringtext1,global,class=STRCODE,delta=2,noexec
     9                           	psect	stringtext2,global,class=STRCODE,delta=2,noexec
    10                           	psect	stringtext3,global,class=STRCODE,delta=2,noexec
    11                           	psect	stringtext4,global,class=STRCODE,delta=2,noexec
    12                           	psect	nvBANK1,global,class=BANK1,space=1,delta=1,noexec
    13                           	psect	stringtext5,global,class=STRCODE,delta=2,noexec
    14                           	psect	stringtext6,global,class=STRCODE,delta=2,noexec
    15                           	psect	cinit,global,class=CODE,merge=1,delta=2
    16                           	psect	bssCOMMON,global,class=COMMON,space=1,delta=1,noexec
    17                           	psect	dataCOMMON,global,class=COMMON,space=1,delta=1,noexec
    18                           	psect	bssBANK0,global,class=BANK0,space=1,delta=1,noexec
    19                           	psect	dataBANK0,global,class=BANK0,space=1,delta=1,noexec
    20                           	psect	dataBANK1,global,class=BANK1,space=1,delta=1,noexec
    21                           	psect	bssBANK2,global,class=BANK2,space=1,delta=1,noexec
    22                           	psect	dataBANK2,global,class=BANK2,space=1,delta=1,noexec
    23                           	psect	bssBANK3,global,class=BANK3,space=1,delta=1,noexec
    24                           	psect	inittext,global,class=CODE,delta=2
    25                           	psect	clrtext,global,class=CODE,delta=2
    26                           	psect	cstackBANK2,global,class=BANK2,space=1,delta=1,noexec
    27                           	psect	cstackBANK1,global,class=BANK1,space=1,delta=1,noexec
    28                           	psect	cstackCOMMON,global,class=COMMON,space=1,delta=1,noexec
    29                           	psect	cstackBANK0,global,class=BANK0,space=1,delta=1,noexec
    30                           	psect	maintext,global,class=CODE,merge=1,split=1,delta=2
    31                           	psect	text1,local,class=CODE,merge=1,delta=2
    32                           	psect	text2,local,class=CODE,merge=1,delta=2,group=2
    33                           	psect	text3,local,class=CODE,merge=1,delta=2,group=2
    34                           	psect	text4,local,class=CODE,merge=1,delta=2,group=2
    35                           	psect	text5,local,class=CODE,merge=1,delta=2,group=2
    36                           	psect	text6,local,class=CODE,merge=1,delta=2,group=2
    37                           	psect	text7,local,class=CODE,merge=1,delta=2,group=2
    38                           	psect	text8,local,class=CODE,merge=1,delta=2,group=2
    39                           	psect	text9,local,class=CODE,merge=1,delta=2,group=1
    40                           	psect	text10,local,class=CODE,merge=1,delta=2
    41                           	psect	text11,local,class=CODE,merge=1,delta=2
    42                           	psect	text12,local,class=CODE,merge=1,delta=2
    43                           	psect	text13,local,class=CODE,merge=1,delta=2
    44                           	psect	text14,local,class=CODE,merge=1,delta=2
    45                           	psect	text15,local,class=CODE,merge=1,delta=2
    46                           	psect	text16,local,class=CODE,merge=1,delta=2
    47                           	psect	text17,local,class=CODE,merge=1,delta=2
    48                           	psect	text18,local,class=CODE,merge=1,delta=2
    49                           	psect	text19,local,class=CODE,merge=1,delta=2
    50                           	psect	text20,local,class=CODE,merge=1,delta=2
    51                           	psect	text21,local,class=CODE,merge=1,delta=2
    52                           	psect	text22,local,class=CODE,merge=1,delta=2
    53                           	psect	text23,local,class=CODE,merge=1,delta=2,group=2
    54                           	psect	text24,local,class=CODE,merge=1,delta=2,group=1
    55                           	psect	text25,local,class=CODE,merge=1,delta=2
    56                           	psect	text26,local,class=CODE,merge=1,delta=2
    57                           	psect	text27,local,class=CODE,merge=1,delta=2
    58                           	psect	text28,local,class=CODE,merge=1,delta=2
    59                           	psect	text29,local,class=CODE,merge=1,delta=2
    60                           	psect	text30,local,class=CODE,merge=1,delta=2
    61                           	psect	text31,local,class=CODE,merge=1,delta=2
    62                           	psect	text32,local,class=CODE,merge=1,delta=2
    63                           	psect	text33,local,class=CODE,merge=1,delta=2
    64                           	psect	text34,local,class=CODE,merge=1,delta=2,group=2
    65                           	psect	text35,local,class=CODE,merge=1,delta=2
    66                           	psect	text36,local,class=CODE,merge=1,delta=2
    67                           	psect	text37,local,class=CODE,merge=1,delta=2
    68                           	psect	text38,local,class=CODE,merge=1,delta=2
    69                           	psect	text39,local,class=CODE,merge=1,delta=2
    70                           	psect	text40,local,class=CODE,merge=1,delta=2
    71                           	psect	text41,local,class=CODE,merge=1,delta=2
    72                           	psect	text42,local,class=CODE,merge=1,delta=2
    73                           	psect	text43,local,class=CODE,merge=1,delta=2,group=2
    74                           	psect	text44,local,class=CODE,merge=1,delta=2
    75                           	psect	text45,local,class=CODE,merge=1,delta=2
    76                           	psect	text46,local,class=CODE,merge=1,delta=2
    77                           	psect	text47,local,class=CODE,merge=1,delta=2
    78                           	psect	text48,local,class=CODE,merge=1,delta=2
    79                           	psect	text49,local,class=CODE,merge=1,delta=2
    80                           	psect	text50,local,class=CODE,merge=1,delta=2
    81                           	psect	text51,local,class=CODE,merge=1,delta=2
    82                           	psect	text52,local,class=CODE,merge=1,delta=2
    83                           	psect	text53,local,class=CODE,merge=1,delta=2
    84                           	psect	text54,local,class=CODE,merge=1,delta=2
    85                           	psect	text55,local,class=CODE,merge=1,delta=2
    86                           	psect	text56,local,class=CODE,merge=1,delta=2
    87                           	psect	text57,local,class=CODE,merge=1,delta=2
    88                           	psect	text58,local,class=CODE,merge=1,delta=2
    89                           	psect	text59,local,class=CODE,merge=1,delta=2
    90                           	psect	text60,local,class=CODE,merge=1,delta=2
    91                           	psect	text61,local,class=CODE,merge=1,delta=2
    92                           	psect	intentry,global,class=CODE,delta=2
    93                           	psect	text63,local,class=CODE,merge=1,delta=2
    94                           	psect	text64,local,class=CODE,merge=1,delta=2
    95                           	psect	text65,local,class=CODE,merge=1,delta=2
    96                           	psect	text66,local,class=CODE,merge=1,delta=2
    97                           	psect	text67,local,class=CODE,merge=1,delta=2
    98                           	psect	text68,local,class=CODE,merge=1,delta=2
    99                           	psect	text69,local,class=CODE,merge=1,delta=2
   100                           	psect	text70,local,class=CODE,merge=1,delta=2
   101                           	psect	text71,local,class=CODE,merge=1,delta=2
   102                           	psect	config,global,abs,ovrld,class=CONFIG,space=4,delta=2,noexec
   103                           	dabs	1,0x7E,2
   104     0000                     
   105                           ; Generated 22/03/2023 GMT
   106                           ; 
   107                           ; Copyright © 2023, Microchip Technology Inc. and its subsidiaries ("Microchip")
   108                           ; All rights reserved.
   109                           ; 
   110                           ; This software is developed by Microchip Technology Inc. and its subsidiaries ("Microch
      +                          ip").
   111                           ; 
   112                           ; Redistribution and use in source and binary forms, with or without modification, are
   113                           ; permitted provided that the following conditions are met:
   114                           ; 
   115                           ;     1. Redistributions of source code must retain the above copyright notice, this lis
      +                          t of
   116                           ;        conditions and the following disclaimer.
   117                           ; 
   118                           ;     2. Redistributions in binary form must reproduce the above copyright notice, this 
      +                          list
   119                           ;        of conditions and the following disclaimer in the documentation and/or other
   120                           ;        materials provided with the distribution. Publication is not required when
   121                           ;        this file is used in an embedded application.
   122                           ; 
   123                           ;     3. Microchip's name may not be used to endorse or promote products derived from th
      +                          is
   124                           ;        software without specific prior written permission.
   125                           ; 
   126                           ; THIS SOFTWARE IS PROVIDED BY MICROCHIP "AS IS" AND ANY EXPRESS OR IMPLIED WARRANTIES,
   127                           ; INCLUDING, BUT NOT LIMITED TO, THE IMPLIED WARRANTIES OF MERCHANTABILITY AND FITNESS F
      +                          OR
   128                           ; PURPOSE ARE DISCLAIMED.  IN NO EVENT SHALL MICROCHIP BE LIABLE FOR ANY DIRECT, INDIREC
      +                          T,
   129                           ; INCIDENTAL, SPECIAL, EXEMPLARY, OR CONSEQUENTIAL DAMAGES (INCLUDING BUT NOT LIMITED TO
   130                           ; PROCUREMENT OF SUBSTITUTE GOODS OR SERVICES; LOSS OF USE, DATA OR PROFITS; OR BUSINESS
   131                           ; INTERRUPTION) HOWSOEVER CAUSED AND ON ANY THEORY OF LIABILITY, WHETHER IN CONTRACT, ST
      +                          RICT
   132                           ; LIABILITY, OR TORT (INCLUDING NEGLIGENCE OR OTHERWISE) ARISING IN ANY WAY OUT OF THE U
      +                          SE OF
   133                           ; THIS SOFTWARE, EVEN IF ADVISED OF THE POSSIBILITY OF SUCH DAMAGE.
   134                           ; 
   135                           ; 
   136                           ; Code-generator required, PIC16F18076 Definitions
   137                           ; 
   138                           ; SFR Addresses
   139     0000                     	;# 
   140     0001                     	;# 
   141     0002                     	;# 
   142     0003                     	;# 
   143     0004                     	;# 
   144     0005                     	;# 
   145     0006                     	;# 
   146     0007                     	;# 
   147     0008                     	;# 
   148     0009                     	;# 
   149     000A                     	;# 
   150     000B                     	;# 
   151     000C                     	;# 
   152     000D                     	;# 
   153     000E                     	;# 
   154     000F                     	;# 
   155     0010                     	;# 
   156     0012                     	;# 
   157     0013                     	;# 
   158     0014                     	;# 
   159     0015                     	;# 
   160     0016                     	;# 
   161     0018                     	;# 
   162     0019                     	;# 
   163     001A                     	;# 
   164     001B                     	;# 
   165     001C                     	;# 
   166     008C                     	;# 
   167     008D                     	;# 
   168     008E                     	;# 
   169     008F                     	;# 
   170     0090                     	;# 
   171     0096                     	;# 
   172     0097                     	;# 
   173     0098                     	;# 
   174     0099                     	;# 
   175     009A                     	;# 
   176     018C                     	;# 
   177     018D                     	;# 
   178     018E                     	;# 
   179     018F                     	;# 
   180     019C                     	;# 
   181     019C                     	;# 
   182     019D                     	;# 
   183     019D                     	;# 
   184     019E                     	;# 
   185     019F                     	;# 
   186     020E                     	;# 
   187     020F                     	;# 
   188     0210                     	;# 
   189     0211                     	;# 
   190     0212                     	;# 
   191     0213                     	;# 
   192     0214                     	;# 
   193     028C                     	;# 
   194     028C                     	;# 
   195     028D                     	;# 
   196     028E                     	;# 
   197     028F                     	;# 
   198     028F                     	;# 
   199     0290                     	;# 
   200     0290                     	;# 
   201     0291                     	;# 
   202     0291                     	;# 
   203     0292                     	;# 
   204     0292                     	;# 
   205     0293                     	;# 
   206     0294                     	;# 
   207     0295                     	;# 
   208     0295                     	;# 
   209     0296                     	;# 
   210     0296                     	;# 
   211     0297                     	;# 
   212     0297                     	;# 
   213     030C                     	;# 
   214     030C                     	;# 
   215     030D                     	;# 
   216     030D                     	;# 
   217     030E                     	;# 
   218     030F                     	;# 
   219     0310                     	;# 
   220     0310                     	;# 
   221     0311                     	;# 
   222     0312                     	;# 
   223     0312                     	;# 
   224     0313                     	;# 
   225     0313                     	;# 
   226     0314                     	;# 
   227     0315                     	;# 
   228     0316                     	;# 
   229     0316                     	;# 
   230     0317                     	;# 
   231     0318                     	;# 
   232     0318                     	;# 
   233     0319                     	;# 
   234     0319                     	;# 
   235     031A                     	;# 
   236     031B                     	;# 
   237     031C                     	;# 
   238     031C                     	;# 
   239     031D                     	;# 
   240     038C                     	;# 
   241     038C                     	;# 
   242     038D                     	;# 
   243     038E                     	;# 
   244     038F                     	;# 
   245     0390                     	;# 
   246     0390                     	;# 
   247     0391                     	;# 
   248     0392                     	;# 
   249     0393                     	;# 
   250     039F                     	;# 
   251     040C                     	;# 
   252     040C                     	;# 
   253     040D                     	;# 
   254     040E                     	;# 
   255     040F                     	;# 
   256     040F                     	;# 
   257     0410                     	;# 
   258     0411                     	;# 
   259     0412                     	;# 
   260     0412                     	;# 
   261     0413                     	;# 
   262     0414                     	;# 
   263     041F                     	;# 
   264     048C                     	;# 
   265     048C                     	;# 
   266     048D                     	;# 
   267     048E                     	;# 
   268     048F                     	;# 
   269     048F                     	;# 
   270     0490                     	;# 
   271     0491                     	;# 
   272     0492                     	;# 
   273     0493                     	;# 
   274     050C                     	;# 
   275     050C                     	;# 
   276     050D                     	;# 
   277     050D                     	;# 
   278     050E                     	;# 
   279     050F                     	;# 
   280     0510                     	;# 
   281     0511                     	;# 
   282     0512                     	;# 
   283     0513                     	;# 
   284     0514                     	;# 
   285     058C                     	;# 
   286     058D                     	;# 
   287     058E                     	;# 
   288     058F                     	;# 
   289     0590                     	;# 
   290     0591                     	;# 
   291     0592                     	;# 
   292     0593                     	;# 
   293     0594                     	;# 
   294     0595                     	;# 
   295     0596                     	;# 
   296     0597                     	;# 
   297     060C                     	;# 
   298     060D                     	;# 
   299     060E                     	;# 
   300     060E                     	;# 
   301     060F                     	;# 
   302     0610                     	;# 
   303     0611                     	;# 
   304     0612                     	;# 
   305     0616                     	;# 
   306     0617                     	;# 
   307     0618                     	;# 
   308     0618                     	;# 
   309     0619                     	;# 
   310     061A                     	;# 
   311     061B                     	;# 
   312     061C                     	;# 
   313     068C                     	;# 
   314     068D                     	;# 
   315     068E                     	;# 
   316     068F                     	;# 
   317     0690                     	;# 
   318     0691                     	;# 
   319     0692                     	;# 
   320     0696                     	;# 
   321     0697                     	;# 
   322     0698                     	;# 
   323     0699                     	;# 
   324     069A                     	;# 
   325     069B                     	;# 
   326     069C                     	;# 
   327     100C                     	;# 
   328     100D                     	;# 
   329     101F                     	;# 
   330     108C                     	;# 
   331     108D                     	;# 
   332     108E                     	;# 
   333     108F                     	;# 
   334     109F                     	;# 
   335     109F                     	;# 
   336     110C                     	;# 
   337     110D                     	;# 
   338     1C8C                     	;# 
   339     1C8C                     	;# 
   340     1C8D                     	;# 
   341     1C8E                     	;# 
   342     1C8E                     	;# 
   343     1C8F                     	;# 
   344     1C90                     	;# 
   345     1C91                     	;# 
   346     1D0C                     	;# 
   347     1D0C                     	;# 
   348     1D0D                     	;# 
   349     1D0E                     	;# 
   350     1D0E                     	;# 
   351     1D0F                     	;# 
   352     1D10                     	;# 
   353     1D10                     	;# 
   354     1D11                     	;# 
   355     1D12                     	;# 
   356     1D12                     	;# 
   357     1D13                     	;# 
   358     1D14                     	;# 
   359     1D14                     	;# 
   360     1D15                     	;# 
   361     1D16                     	;# 
   362     1D16                     	;# 
   363     1D17                     	;# 
   364     1D18                     	;# 
   365     1D19                     	;# 
   366     1D1A                     	;# 
   367     1D1B                     	;# 
   368     1D1B                     	;# 
   369     1D1C                     	;# 
   370     1D1D                     	;# 
   371     1D1D                     	;# 
   372     1D1E                     	;# 
   373     1D1F                     	;# 
   374     1D21                     	;# 
   375     1D21                     	;# 
   376     1D22                     	;# 
   377     1D23                     	;# 
   378     1D24                     	;# 
   379     1D24                     	;# 
   380     1D25                     	;# 
   381     1D26                     	;# 
   382     1D27                     	;# 
   383     1D28                     	;# 
   384     1D29                     	;# 
   385     1D2A                     	;# 
   386     1D2B                     	;# 
   387     1D2C                     	;# 
   388     1D2D                     	;# 
   389     1D2E                     	;# 
   390     1D2F                     	;# 
   391     1D30                     	;# 
   392     1D31                     	;# 
   393     1D32                     	;# 
   394     1D8C                     	;# 
   395     1D8D                     	;# 
   396     1D8E                     	;# 
   397     1D8F                     	;# 
   398     1D90                     	;# 
   399     1D91                     	;# 
   400     1D92                     	;# 
   401     1D93                     	;# 
   402     1D94                     	;# 
   403     1D95                     	;# 
   404     1D96                     	;# 
   405     1D97                     	;# 
   406     1D98                     	;# 
   407     1D99                     	;# 
   408     1D9A                     	;# 
   409     1D9B                     	;# 
   410     1D9C                     	;# 
   411     1D9D                     	;# 
   412     1D9E                     	;# 
   413     1D9F                     	;# 
   414     1DA0                     	;# 
   415     1DA1                     	;# 
   416     1DA2                     	;# 
   417     1DA3                     	;# 
   418     1DA4                     	;# 
   419     1DA5                     	;# 
   420     1DA6                     	;# 
   421     1DA7                     	;# 
   422     1DA8                     	;# 
   423     1DA9                     	;# 
   424     1DAA                     	;# 
   425     1DAB                     	;# 
   426     1DAC                     	;# 
   427     1DAD                     	;# 
   428     1DAE                     	;# 
   429     1E0C                     	;# 
   430     1E0D                     	;# 
   431     1E0E                     	;# 
   432     1E0F                     	;# 
   433     1E10                     	;# 
   434     1E11                     	;# 
   435     1E12                     	;# 
   436     1E19                     	;# 
   437     1E1A                     	;# 
   438     1E1B                     	;# 
   439     1E1E                     	;# 
   440     1E1F                     	;# 
   441     1E39                     	;# 
   442     1E3D                     	;# 
   443     1E3E                     	;# 
   444     1E3F                     	;# 
   445     1E40                     	;# 
   446     1E41                     	;# 
   447     1E41                     	;# 
   448     1E42                     	;# 
   449     1E42                     	;# 
   450     1E43                     	;# 
   451     1E43                     	;# 
   452     1E44                     	;# 
   453     1E44                     	;# 
   454     1E47                     	;# 
   455     1E48                     	;# 
   456     1E49                     	;# 
   457     1E4A                     	;# 
   458     1E4B                     	;# 
   459     1E4C                     	;# 
   460     1E50                     	;# 
   461     1E8C                     	;# 
   462     1E8D                     	;# 
   463     1E8E                     	;# 
   464     1E8F                     	;# 
   465     1E90                     	;# 
   466     1E91                     	;# 
   467     1E92                     	;# 
   468     1E93                     	;# 
   469     1E96                     	;# 
   470     1E97                     	;# 
   471     1E98                     	;# 
   472     1E99                     	;# 
   473     1E9A                     	;# 
   474     1E9B                     	;# 
   475     1E9C                     	;# 
   476     1E9D                     	;# 
   477     1EA0                     	;# 
   478     1EA1                     	;# 
   479     1EA2                     	;# 
   480     1EA3                     	;# 
   481     1EA4                     	;# 
   482     1EA5                     	;# 
   483     1EA6                     	;# 
   484     1EA7                     	;# 
   485     1EAA                     	;# 
   486     1EAB                     	;# 
   487     1EAC                     	;# 
   488     1EAD                     	;# 
   489     1EAE                     	;# 
   490     1EB4                     	;# 
   491     1EB5                     	;# 
   492     1EB6                     	;# 
   493     1EB7                     	;# 
   494     1EB8                     	;# 
   495     1EB9                     	;# 
   496     1EBA                     	;# 
   497     1EBB                     	;# 
   498     1EE3                     	;# 
   499     1EE4                     	;# 
   500     1EEB                     	;# 
   501     1EEC                     	;# 
   502     1EEE                     	;# 
   503     1EEF                     	;# 
   504     1F0C                     	;# 
   505     1F0D                     	;# 
   506     1F0E                     	;# 
   507     1FE4                     	;# 
   508     1FE5                     	;# 
   509     1FE6                     	;# 
   510     1FE7                     	;# 
   511     1FE8                     	;# 
   512     1FE8                     	;# 
   513     1FE9                     	;# 
   514     1FEA                     	;# 
   515     1FEA                     	;# 
   516     1FEB                     	;# 
   517     1FED                     	;# 
   518     1FEE                     	;# 
   519     1FEF                     	;# 
   520     0000                     	;# 
   521     0001                     	;# 
   522     0002                     	;# 
   523     0003                     	;# 
   524     0004                     	;# 
   525     0005                     	;# 
   526     0006                     	;# 
   527     0007                     	;# 
   528     0008                     	;# 
   529     0009                     	;# 
   530     000A                     	;# 
   531     000B                     	;# 
   532     000C                     	;# 
   533     000D                     	;# 
   534     000E                     	;# 
   535     000F                     	;# 
   536     0010                     	;# 
   537     0012                     	;# 
   538     0013                     	;# 
   539     0014                     	;# 
   540     0015                     	;# 
   541     0016                     	;# 
   542     0018                     	;# 
   543     0019                     	;# 
   544     001A                     	;# 
   545     001B                     	;# 
   546     001C                     	;# 
   547     008C                     	;# 
   548     008D                     	;# 
   549     008E                     	;# 
   550     008F                     	;# 
   551     0090                     	;# 
   552     0096                     	;# 
   553     0097                     	;# 
   554     0098                     	;# 
   555     0099                     	;# 
   556     009A                     	;# 
   557     018C                     	;# 
   558     018D                     	;# 
   559     018E                     	;# 
   560     018F                     	;# 
   561     019C                     	;# 
   562     019C                     	;# 
   563     019D                     	;# 
   564     019D                     	;# 
   565     019E                     	;# 
   566     019F                     	;# 
   567     020E                     	;# 
   568     020F                     	;# 
   569     0210                     	;# 
   570     0211                     	;# 
   571     0212                     	;# 
   572     0213                     	;# 
   573     0214                     	;# 
   574     028C                     	;# 
   575     028C                     	;# 
   576     028D                     	;# 
   577     028E                     	;# 
   578     028F                     	;# 
   579     028F                     	;# 
   580     0290                     	;# 
   581     0290                     	;# 
   582     0291                     	;# 
   583     0291                     	;# 
   584     0292                     	;# 
   585     0292                     	;# 
   586     0293                     	;# 
   587     0294                     	;# 
   588     0295                     	;# 
   589     0295                     	;# 
   590     0296                     	;# 
   591     0296                     	;# 
   592     0297                     	;# 
   593     0297                     	;# 
   594     030C                     	;# 
   595     030C                     	;# 
   596     030D                     	;# 
   597     030D                     	;# 
   598     030E                     	;# 
   599     030F                     	;# 
   600     0310                     	;# 
   601     0310                     	;# 
   602     0311                     	;# 
   603     0312                     	;# 
   604     0312                     	;# 
   605     0313                     	;# 
   606     0313                     	;# 
   607     0314                     	;# 
   608     0315                     	;# 
   609     0316                     	;# 
   610     0316                     	;# 
   611     0317                     	;# 
   612     0318                     	;# 
   613     0318                     	;# 
   614     0319                     	;# 
   615     0319                     	;# 
   616     031A                     	;# 
   617     031B                     	;# 
   618     031C                     	;# 
   619     031C                     	;# 
   620     031D                     	;# 
   621     038C                     	;# 
   622     038C                     	;# 
   623     038D                     	;# 
   624     038E                     	;# 
   625     038F                     	;# 
   626     0390                     	;# 
   627     0390                     	;# 
   628     0391                     	;# 
   629     0392                     	;# 
   630     0393                     	;# 
   631     039F                     	;# 
   632     040C                     	;# 
   633     040C                     	;# 
   634     040D                     	;# 
   635     040E                     	;# 
   636     040F                     	;# 
   637     040F                     	;# 
   638     0410                     	;# 
   639     0411                     	;# 
   640     0412                     	;# 
   641     0412                     	;# 
   642     0413                     	;# 
   643     0414                     	;# 
   644     041F                     	;# 
   645     048C                     	;# 
   646     048C                     	;# 
   647     048D                     	;# 
   648     048E                     	;# 
   649     048F                     	;# 
   650     048F                     	;# 
   651     0490                     	;# 
   652     0491                     	;# 
   653     0492                     	;# 
   654     0493                     	;# 
   655     050C                     	;# 
   656     050C                     	;# 
   657     050D                     	;# 
   658     050D                     	;# 
   659     050E                     	;# 
   660     050F                     	;# 
   661     0510                     	;# 
   662     0511                     	;# 
   663     0512                     	;# 
   664     0513                     	;# 
   665     0514                     	;# 
   666     058C                     	;# 
   667     058D                     	;# 
   668     058E                     	;# 
   669     058F                     	;# 
   670     0590                     	;# 
   671     0591                     	;# 
   672     0592                     	;# 
   673     0593                     	;# 
   674     0594                     	;# 
   675     0595                     	;# 
   676     0596                     	;# 
   677     0597                     	;# 
   678     060C                     	;# 
   679     060D                     	;# 
   680     060E                     	;# 
   681     060E                     	;# 
   682     060F                     	;# 
   683     0610                     	;# 
   684     0611                     	;# 
   685     0612                     	;# 
   686     0616                     	;# 
   687     0617                     	;# 
   688     0618                     	;# 
   689     0618                     	;# 
   690     0619                     	;# 
   691     061A                     	;# 
   692     061B                     	;# 
   693     061C                     	;# 
   694     068C                     	;# 
   695     068D                     	;# 
   696     068E                     	;# 
   697     068F                     	;# 
   698     0690                     	;# 
   699     0691                     	;# 
   700     0692                     	;# 
   701     0696                     	;# 
   702     0697                     	;# 
   703     0698                     	;# 
   704     0699                     	;# 
   705     069A                     	;# 
   706     069B                     	;# 
   707     069C                     	;# 
   708     100C                     	;# 
   709     100D                     	;# 
   710     101F                     	;# 
   711     108C                     	;# 
   712     108D                     	;# 
   713     108E                     	;# 
   714     108F                     	;# 
   715     109F                     	;# 
   716     109F                     	;# 
   717     110C                     	;# 
   718     110D                     	;# 
   719     1C8C                     	;# 
   720     1C8C                     	;# 
   721     1C8D                     	;# 
   722     1C8E                     	;# 
   723     1C8E                     	;# 
   724     1C8F                     	;# 
   725     1C90                     	;# 
   726     1C91                     	;# 
   727     1D0C                     	;# 
   728     1D0C                     	;# 
   729     1D0D                     	;# 
   730     1D0E                     	;# 
   731     1D0E                     	;# 
   732     1D0F                     	;# 
   733     1D10                     	;# 
   734     1D10                     	;# 
   735     1D11                     	;# 
   736     1D12                     	;# 
   737     1D12                     	;# 
   738     1D13                     	;# 
   739     1D14                     	;# 
   740     1D14                     	;# 
   741     1D15                     	;# 
   742     1D16                     	;# 
   743     1D16                     	;# 
   744     1D17                     	;# 
   745     1D18                     	;# 
   746     1D19                     	;# 
   747     1D1A                     	;# 
   748     1D1B                     	;# 
   749     1D1B                     	;# 
   750     1D1C                     	;# 
   751     1D1D                     	;# 
   752     1D1D                     	;# 
   753     1D1E                     	;# 
   754     1D1F                     	;# 
   755     1D21                     	;# 
   756     1D21                     	;# 
   757     1D22                     	;# 
   758     1D23                     	;# 
   759     1D24                     	;# 
   760     1D24                     	;# 
   761     1D25                     	;# 
   762     1D26                     	;# 
   763     1D27                     	;# 
   764     1D28                     	;# 
   765     1D29                     	;# 
   766     1D2A                     	;# 
   767     1D2B                     	;# 
   768     1D2C                     	;# 
   769     1D2D                     	;# 
   770     1D2E                     	;# 
   771     1D2F                     	;# 
   772     1D30                     	;# 
   773     1D31                     	;# 
   774     1D32                     	;# 
   775     1D8C                     	;# 
   776     1D8D                     	;# 
   777     1D8E                     	;# 
   778     1D8F                     	;# 
   779     1D90                     	;# 
   780     1D91                     	;# 
   781     1D92                     	;# 
   782     1D93                     	;# 
   783     1D94                     	;# 
   784     1D95                     	;# 
   785     1D96                     	;# 
   786     1D97                     	;# 
   787     1D98                     	;# 
   788     1D99                     	;# 
   789     1D9A                     	;# 
   790     1D9B                     	;# 
   791     1D9C                     	;# 
   792     1D9D                     	;# 
   793     1D9E                     	;# 
   794     1D9F                     	;# 
   795     1DA0                     	;# 
   796     1DA1                     	;# 
   797     1DA2                     	;# 
   798     1DA3                     	;# 
   799     1DA4                     	;# 
   800     1DA5                     	;# 
   801     1DA6                     	;# 
   802     1DA7                     	;# 
   803     1DA8                     	;# 
   804     1DA9                     	;# 
   805     1DAA                     	;# 
   806     1DAB                     	;# 
   807     1DAC                     	;# 
   808     1DAD                     	;# 
   809     1DAE                     	;# 
   810     1E0C                     	;# 
   811     1E0D                     	;# 
   812     1E0E                     	;# 
   813     1E0F                     	;# 
   814     1E10                     	;# 
   815     1E11                     	;# 
   816     1E12                     	;# 
   817     1E19                     	;# 
   818     1E1A                     	;# 
   819     1E1B                     	;# 
   820     1E1E                     	;# 
   821     1E1F                     	;# 
   822     1E39                     	;# 
   823     1E3D                     	;# 
   824     1E3E                     	;# 
   825     1E3F                     	;# 
   826     1E40                     	;# 
   827     1E41                     	;# 
   828     1E41                     	;# 
   829     1E42                     	;# 
   830     1E42                     	;# 
   831     1E43                     	;# 
   832     1E43                     	;# 
   833     1E44                     	;# 
   834     1E44                     	;# 
   835     1E47                     	;# 
   836     1E48                     	;# 
   837     1E49                     	;# 
   838     1E4A                     	;# 
   839     1E4B                     	;# 
   840     1E4C                     	;# 
   841     1E50                     	;# 
   842     1E8C                     	;# 
   843     1E8D                     	;# 
   844     1E8E                     	;# 
   845     1E8F                     	;# 
   846     1E90                     	;# 
   847     1E91                     	;# 
   848     1E92                     	;# 
   849     1E93                     	;# 
   850     1E96                     	;# 
   851     1E97                     	;# 
   852     1E98                     	;# 
   853     1E99                     	;# 
   854     1E9A                     	;# 
   855     1E9B                     	;# 
   856     1E9C                     	;# 
   857     1E9D                     	;# 
   858     1EA0                     	;# 
   859     1EA1                     	;# 
   860     1EA2                     	;# 
   861     1EA3                     	;# 
   862     1EA4                     	;# 
   863     1EA5                     	;# 
   864     1EA6                     	;# 
   865     1EA7                     	;# 
   866     1EAA                     	;# 
   867     1EAB                     	;# 
   868     1EAC                     	;# 
   869     1EAD                     	;# 
   870     1EAE                     	;# 
   871     1EB4                     	;# 
   872     1EB5                     	;# 
   873     1EB6                     	;# 
   874     1EB7                     	;# 
   875     1EB8                     	;# 
   876     1EB9                     	;# 
   877     1EBA                     	;# 
   878     1EBB                     	;# 
   879     1EE3                     	;# 
   880     1EE4                     	;# 
   881     1EEB                     	;# 
   882     1EEC                     	;# 
   883     1EEE                     	;# 
   884     1EEF                     	;# 
   885     1F0C                     	;# 
   886     1F0D                     	;# 
   887     1F0E                     	;# 
   888     1FE4                     	;# 
   889     1FE5                     	;# 
   890     1FE6                     	;# 
   891     1FE7                     	;# 
   892     1FE8                     	;# 
   893     1FE8                     	;# 
   894     1FE9                     	;# 
   895     1FEA                     	;# 
   896     1FEA                     	;# 
   897     1FEB                     	;# 
   898     1FED                     	;# 
   899     1FEE                     	;# 
   900     1FEF                     	;# 
   901     0000                     	;# 
   902     0001                     	;# 
   903     0002                     	;# 
   904     0003                     	;# 
   905     0004                     	;# 
   906     0005                     	;# 
   907     0006                     	;# 
   908     0007                     	;# 
   909     0008                     	;# 
   910     0009                     	;# 
   911     000A                     	;# 
   912     000B                     	;# 
   913     000C                     	;# 
   914     000D                     	;# 
   915     000E                     	;# 
   916     000F                     	;# 
   917     0010                     	;# 
   918     0012                     	;# 
   919     0013                     	;# 
   920     0014                     	;# 
   921     0015                     	;# 
   922     0016                     	;# 
   923     0018                     	;# 
   924     0019                     	;# 
   925     001A                     	;# 
   926     001B                     	;# 
   927     001C                     	;# 
   928     008C                     	;# 
   929     008D                     	;# 
   930     008E                     	;# 
   931     008F                     	;# 
   932     0090                     	;# 
   933     0096                     	;# 
   934     0097                     	;# 
   935     0098                     	;# 
   936     0099                     	;# 
   937     009A                     	;# 
   938     018C                     	;# 
   939     018D                     	;# 
   940     018E                     	;# 
   941     018F                     	;# 
   942     019C                     	;# 
   943     019C                     	;# 
   944     019D                     	;# 
   945     019D                     	;# 
   946     019E                     	;# 
   947     019F                     	;# 
   948     020E                     	;# 
   949     020F                     	;# 
   950     0210                     	;# 
   951     0211                     	;# 
   952     0212                     	;# 
   953     0213                     	;# 
   954     0214                     	;# 
   955     028C                     	;# 
   956     028C                     	;# 
   957     028D                     	;# 
   958     028E                     	;# 
   959     028F                     	;# 
   960     028F                     	;# 
   961     0290                     	;# 
   962     0290                     	;# 
   963     0291                     	;# 
   964     0291                     	;# 
   965     0292                     	;# 
   966     0292                     	;# 
   967     0293                     	;# 
   968     0294                     	;# 
   969     0295                     	;# 
   970     0295                     	;# 
   971     0296                     	;# 
   972     0296                     	;# 
   973     0297                     	;# 
   974     0297                     	;# 
   975     030C                     	;# 
   976     030C                     	;# 
   977     030D                     	;# 
   978     030D                     	;# 
   979     030E                     	;# 
   980     030F                     	;# 
   981     0310                     	;# 
   982     0310                     	;# 
   983     0311                     	;# 
   984     0312                     	;# 
   985     0312                     	;# 
   986     0313                     	;# 
   987     0313                     	;# 
   988     0314                     	;# 
   989     0315                     	;# 
   990     0316                     	;# 
   991     0316                     	;# 
   992     0317                     	;# 
   993     0318                     	;# 
   994     0318                     	;# 
   995     0319                     	;# 
   996     0319                     	;# 
   997     031A                     	;# 
   998     031B                     	;# 
   999     031C                     	;# 
  1000     031C                     	;# 
  1001     031D                     	;# 
  1002     038C                     	;# 
  1003     038C                     	;# 
  1004     038D                     	;# 
  1005     038E                     	;# 
  1006     038F                     	;# 
  1007     0390                     	;# 
  1008     0390                     	;# 
  1009     0391                     	;# 
  1010     0392                     	;# 
  1011     0393                     	;# 
  1012     039F                     	;# 
  1013     040C                     	;# 
  1014     040C                     	;# 
  1015     040D                     	;# 
  1016     040E                     	;# 
  1017     040F                     	;# 
  1018     040F                     	;# 
  1019     0410                     	;# 
  1020     0411                     	;# 
  1021     0412                     	;# 
  1022     0412                     	;# 
  1023     0413                     	;# 
  1024     0414                     	;# 
  1025     041F                     	;# 
  1026     048C                     	;# 
  1027     048C                     	;# 
  1028     048D                     	;# 
  1029     048E                     	;# 
  1030     048F                     	;# 
  1031     048F                     	;# 
  1032     0490                     	;# 
  1033     0491                     	;# 
  1034     0492                     	;# 
  1035     0493                     	;# 
  1036     050C                     	;# 
  1037     050C                     	;# 
  1038     050D                     	;# 
  1039     050D                     	;# 
  1040     050E                     	;# 
  1041     050F                     	;# 
  1042     0510                     	;# 
  1043     0511                     	;# 
  1044     0512                     	;# 
  1045     0513                     	;# 
  1046     0514                     	;# 
  1047     058C                     	;# 
  1048     058D                     	;# 
  1049     058E                     	;# 
  1050     058F                     	;# 
  1051     0590                     	;# 
  1052     0591                     	;# 
  1053     0592                     	;# 
  1054     0593                     	;# 
  1055     0594                     	;# 
  1056     0595                     	;# 
  1057     0596                     	;# 
  1058     0597                     	;# 
  1059     060C                     	;# 
  1060     060D                     	;# 
  1061     060E                     	;# 
  1062     060E                     	;# 
  1063     060F                     	;# 
  1064     0610                     	;# 
  1065     0611                     	;# 
  1066     0612                     	;# 
  1067     0616                     	;# 
  1068     0617                     	;# 
  1069     0618                     	;# 
  1070     0618                     	;# 
  1071     0619                     	;# 
  1072     061A                     	;# 
  1073     061B                     	;# 
  1074     061C                     	;# 
  1075     068C                     	;# 
  1076     068D                     	;# 
  1077     068E                     	;# 
  1078     068F                     	;# 
  1079     0690                     	;# 
  1080     0691                     	;# 
  1081     0692                     	;# 
  1082     0696                     	;# 
  1083     0697                     	;# 
  1084     0698                     	;# 
  1085     0699                     	;# 
  1086     069A                     	;# 
  1087     069B                     	;# 
  1088     069C                     	;# 
  1089     100C                     	;# 
  1090     100D                     	;# 
  1091     101F                     	;# 
  1092     108C                     	;# 
  1093     108D                     	;# 
  1094     108E                     	;# 
  1095     108F                     	;# 
  1096     109F                     	;# 
  1097     109F                     	;# 
  1098     110C                     	;# 
  1099     110D                     	;# 
  1100     1C8C                     	;# 
  1101     1C8C                     	;# 
  1102     1C8D                     	;# 
  1103     1C8E                     	;# 
  1104     1C8E                     	;# 
  1105     1C8F                     	;# 
  1106     1C90                     	;# 
  1107     1C91                     	;# 
  1108     1D0C                     	;# 
  1109     1D0C                     	;# 
  1110     1D0D                     	;# 
  1111     1D0E                     	;# 
  1112     1D0E                     	;# 
  1113     1D0F                     	;# 
  1114     1D10                     	;# 
  1115     1D10                     	;# 
  1116     1D11                     	;# 
  1117     1D12                     	;# 
  1118     1D12                     	;# 
  1119     1D13                     	;# 
  1120     1D14                     	;# 
  1121     1D14                     	;# 
  1122     1D15                     	;# 
  1123     1D16                     	;# 
  1124     1D16                     	;# 
  1125     1D17                     	;# 
  1126     1D18                     	;# 
  1127     1D19                     	;# 
  1128     1D1A                     	;# 
  1129     1D1B                     	;# 
  1130     1D1B                     	;# 
  1131     1D1C                     	;# 
  1132     1D1D                     	;# 
  1133     1D1D                     	;# 
  1134     1D1E                     	;# 
  1135     1D1F                     	;# 
  1136     1D21                     	;# 
  1137     1D21                     	;# 
  1138     1D22                     	;# 
  1139     1D23                     	;# 
  1140     1D24                     	;# 
  1141     1D24                     	;# 
  1142     1D25                     	;# 
  1143     1D26                     	;# 
  1144     1D27                     	;# 
  1145     1D28                     	;# 
  1146     1D29                     	;# 
  1147     1D2A                     	;# 
  1148     1D2B                     	;# 
  1149     1D2C                     	;# 
  1150     1D2D                     	;# 
  1151     1D2E                     	;# 
  1152     1D2F                     	;# 
  1153     1D30                     	;# 
  1154     1D31                     	;# 
  1155     1D32                     	;# 
  1156     1D8C                     	;# 
  1157     1D8D                     	;# 
  1158     1D8E                     	;# 
  1159     1D8F                     	;# 
  1160     1D90                     	;# 
  1161     1D91                     	;# 
  1162     1D92                     	;# 
  1163     1D93                     	;# 
  1164     1D94                     	;# 
  1165     1D95                     	;# 
  1166     1D96                     	;# 
  1167     1D97                     	;# 
  1168     1D98                     	;# 
  1169     1D99                     	;# 
  1170     1D9A                     	;# 
  1171     1D9B                     	;# 
  1172     1D9C                     	;# 
  1173     1D9D                     	;# 
  1174     1D9E                     	;# 
  1175     1D9F                     	;# 
  1176     1DA0                     	;# 
  1177     1DA1                     	;# 
  1178     1DA2                     	;# 
  1179     1DA3                     	;# 
  1180     1DA4                     	;# 
  1181     1DA5                     	;# 
  1182     1DA6                     	;# 
  1183     1DA7                     	;# 
  1184     1DA8                     	;# 
  1185     1DA9                     	;# 
  1186     1DAA                     	;# 
  1187     1DAB                     	;# 
  1188     1DAC                     	;# 
  1189     1DAD                     	;# 
  1190     1DAE                     	;# 
  1191     1E0C                     	;# 
  1192     1E0D                     	;# 
  1193     1E0E                     	;# 
  1194     1E0F                     	;# 
  1195     1E10                     	;# 
  1196     1E11                     	;# 
  1197     1E12                     	;# 
  1198     1E19                     	;# 
  1199     1E1A                     	;# 
  1200     1E1B                     	;# 
  1201     1E1E                     	;# 
  1202     1E1F                     	;# 
  1203     1E39                     	;# 
  1204     1E3D                     	;# 
  1205     1E3E                     	;# 
  1206     1E3F                     	;# 
  1207     1E40                     	;# 
  1208     1E41                     	;# 
  1209     1E41                     	;# 
  1210     1E42                     	;# 
  1211     1E42                     	;# 
  1212     1E43                     	;# 
  1213     1E43                     	;# 
  1214     1E44                     	;# 
  1215     1E44                     	;# 
  1216     1E47                     	;# 
  1217     1E48                     	;# 
  1218     1E49                     	;# 
  1219     1E4A                     	;# 
  1220     1E4B                     	;# 
  1221     1E4C                     	;# 
  1222     1E50                     	;# 
  1223     1E8C                     	;# 
  1224     1E8D                     	;# 
  1225     1E8E                     	;# 
  1226     1E8F                     	;# 
  1227     1E90                     	;# 
  1228     1E91                     	;# 
  1229     1E92                     	;# 
  1230     1E93                     	;# 
  1231     1E96                     	;# 
  1232     1E97                     	;# 
  1233     1E98                     	;# 
  1234     1E99                     	;# 
  1235     1E9A                     	;# 
  1236     1E9B                     	;# 
  1237     1E9C                     	;# 
  1238     1E9D                     	;# 
  1239     1EA0                     	;# 
  1240     1EA1                     	;# 
  1241     1EA2                     	;# 
  1242     1EA3                     	;# 
  1243     1EA4                     	;# 
  1244     1EA5                     	;# 
  1245     1EA6                     	;# 
  1246     1EA7                     	;# 
  1247     1EAA                     	;# 
  1248     1EAB                     	;# 
  1249     1EAC                     	;# 
  1250     1EAD                     	;# 
  1251     1EAE                     	;# 
  1252     1EB4                     	;# 
  1253     1EB5                     	;# 
  1254     1EB6                     	;# 
  1255     1EB7                     	;# 
  1256     1EB8                     	;# 
  1257     1EB9                     	;# 
  1258     1EBA                     	;# 
  1259     1EBB                     	;# 
  1260     1EE3                     	;# 
  1261     1EE4                     	;# 
  1262     1EEB                     	;# 
  1263     1EEC                     	;# 
  1264     1EEE                     	;# 
  1265     1EEF                     	;# 
  1266     1F0C                     	;# 
  1267     1F0D                     	;# 
  1268     1F0E                     	;# 
  1269     1FE4                     	;# 
  1270     1FE5                     	;# 
  1271     1FE6                     	;# 
  1272     1FE7                     	;# 
  1273     1FE8                     	;# 
  1274     1FE8                     	;# 
  1275     1FE9                     	;# 
  1276     1FEA                     	;# 
  1277     1FEA                     	;# 
  1278     1FEB                     	;# 
  1279     1FED                     	;# 
  1280     1FEE                     	;# 
  1281     1FEF                     	;# 
  1282     0000                     	;# 
  1283     0001                     	;# 
  1284     0002                     	;# 
  1285     0003                     	;# 
  1286     0004                     	;# 
  1287     0005                     	;# 
  1288     0006                     	;# 
  1289     0007                     	;# 
  1290     0008                     	;# 
  1291     0009                     	;# 
  1292     000A                     	;# 
  1293     000B                     	;# 
  1294     000C                     	;# 
  1295     000D                     	;# 
  1296     000E                     	;# 
  1297     000F                     	;# 
  1298     0010                     	;# 
  1299     0012                     	;# 
  1300     0013                     	;# 
  1301     0014                     	;# 
  1302     0015                     	;# 
  1303     0016                     	;# 
  1304     0018                     	;# 
  1305     0019                     	;# 
  1306     001A                     	;# 
  1307     001B                     	;# 
  1308     001C                     	;# 
  1309     008C                     	;# 
  1310     008D                     	;# 
  1311     008E                     	;# 
  1312     008F                     	;# 
  1313     0090                     	;# 
  1314     0096                     	;# 
  1315     0097                     	;# 
  1316     0098                     	;# 
  1317     0099                     	;# 
  1318     009A                     	;# 
  1319     018C                     	;# 
  1320     018D                     	;# 
  1321     018E                     	;# 
  1322     018F                     	;# 
  1323     019C                     	;# 
  1324     019C                     	;# 
  1325     019D                     	;# 
  1326     019D                     	;# 
  1327     019E                     	;# 
  1328     019F                     	;# 
  1329     020E                     	;# 
  1330     020F                     	;# 
  1331     0210                     	;# 
  1332     0211                     	;# 
  1333     0212                     	;# 
  1334     0213                     	;# 
  1335     0214                     	;# 
  1336     028C                     	;# 
  1337     028C                     	;# 
  1338     028D                     	;# 
  1339     028E                     	;# 
  1340     028F                     	;# 
  1341     028F                     	;# 
  1342     0290                     	;# 
  1343     0290                     	;# 
  1344     0291                     	;# 
  1345     0291                     	;# 
  1346     0292                     	;# 
  1347     0292                     	;# 
  1348     0293                     	;# 
  1349     0294                     	;# 
  1350     0295                     	;# 
  1351     0295                     	;# 
  1352     0296                     	;# 
  1353     0296                     	;# 
  1354     0297                     	;# 
  1355     0297                     	;# 
  1356     030C                     	;# 
  1357     030C                     	;# 
  1358     030D                     	;# 
  1359     030D                     	;# 
  1360     030E                     	;# 
  1361     030F                     	;# 
  1362     0310                     	;# 
  1363     0310                     	;# 
  1364     0311                     	;# 
  1365     0312                     	;# 
  1366     0312                     	;# 
  1367     0313                     	;# 
  1368     0313                     	;# 
  1369     0314                     	;# 
  1370     0315                     	;# 
  1371     0316                     	;# 
  1372     0316                     	;# 
  1373     0317                     	;# 
  1374     0318                     	;# 
  1375     0318                     	;# 
  1376     0319                     	;# 
  1377     0319                     	;# 
  1378     031A                     	;# 
  1379     031B                     	;# 
  1380     031C                     	;# 
  1381     031C                     	;# 
  1382     031D                     	;# 
  1383     038C                     	;# 
  1384     038C                     	;# 
  1385     038D                     	;# 
  1386     038E                     	;# 
  1387     038F                     	;# 
  1388     0390                     	;# 
  1389     0390                     	;# 
  1390     0391                     	;# 
  1391     0392                     	;# 
  1392     0393                     	;# 
  1393     039F                     	;# 
  1394     040C                     	;# 
  1395     040C                     	;# 
  1396     040D                     	;# 
  1397     040E                     	;# 
  1398     040F                     	;# 
  1399     040F                     	;# 
  1400     0410                     	;# 
  1401     0411                     	;# 
  1402     0412                     	;# 
  1403     0412                     	;# 
  1404     0413                     	;# 
  1405     0414                     	;# 
  1406     041F                     	;# 
  1407     048C                     	;# 
  1408     048C                     	;# 
  1409     048D                     	;# 
  1410     048E                     	;# 
  1411     048F                     	;# 
  1412     048F                     	;# 
  1413     0490                     	;# 
  1414     0491                     	;# 
  1415     0492                     	;# 
  1416     0493                     	;# 
  1417     050C                     	;# 
  1418     050C                     	;# 
  1419     050D                     	;# 
  1420     050D                     	;# 
  1421     050E                     	;# 
  1422     050F                     	;# 
  1423     0510                     	;# 
  1424     0511                     	;# 
  1425     0512                     	;# 
  1426     0513                     	;# 
  1427     0514                     	;# 
  1428     058C                     	;# 
  1429     058D                     	;# 
  1430     058E                     	;# 
  1431     058F                     	;# 
  1432     0590                     	;# 
  1433     0591                     	;# 
  1434     0592                     	;# 
  1435     0593                     	;# 
  1436     0594                     	;# 
  1437     0595                     	;# 
  1438     0596                     	;# 
  1439     0597                     	;# 
  1440     060C                     	;# 
  1441     060D                     	;# 
  1442     060E                     	;# 
  1443     060E                     	;# 
  1444     060F                     	;# 
  1445     0610                     	;# 
  1446     0611                     	;# 
  1447     0612                     	;# 
  1448     0616                     	;# 
  1449     0617                     	;# 
  1450     0618                     	;# 
  1451     0618                     	;# 
  1452     0619                     	;# 
  1453     061A                     	;# 
  1454     061B                     	;# 
  1455     061C                     	;# 
  1456     068C                     	;# 
  1457     068D                     	;# 
  1458     068E                     	;# 
  1459     068F                     	;# 
  1460     0690                     	;# 
  1461     0691                     	;# 
  1462     0692                     	;# 
  1463     0696                     	;# 
  1464     0697                     	;# 
  1465     0698                     	;# 
  1466     0699                     	;# 
  1467     069A                     	;# 
  1468     069B                     	;# 
  1469     069C                     	;# 
  1470     100C                     	;# 
  1471     100D                     	;# 
  1472     101F                     	;# 
  1473     108C                     	;# 
  1474     108D                     	;# 
  1475     108E                     	;# 
  1476     108F                     	;# 
  1477     109F                     	;# 
  1478     109F                     	;# 
  1479     110C                     	;# 
  1480     110D                     	;# 
  1481     1C8C                     	;# 
  1482     1C8C                     	;# 
  1483     1C8D                     	;# 
  1484     1C8E                     	;# 
  1485     1C8E                     	;# 
  1486     1C8F                     	;# 
  1487     1C90                     	;# 
  1488     1C91                     	;# 
  1489     1D0C                     	;# 
  1490     1D0C                     	;# 
  1491     1D0D                     	;# 
  1492     1D0E                     	;# 
  1493     1D0E                     	;# 
  1494     1D0F                     	;# 
  1495     1D10                     	;# 
  1496     1D10                     	;# 
  1497     1D11                     	;# 
  1498     1D12                     	;# 
  1499     1D12                     	;# 
  1500     1D13                     	;# 
  1501     1D14                     	;# 
  1502     1D14                     	;# 
  1503     1D15                     	;# 
  1504     1D16                     	;# 
  1505     1D16                     	;# 
  1506     1D17                     	;# 
  1507     1D18                     	;# 
  1508     1D19                     	;# 
  1509     1D1A                     	;# 
  1510     1D1B                     	;# 
  1511     1D1B                     	;# 
  1512     1D1C                     	;# 
  1513     1D1D                     	;# 
  1514     1D1D                     	;# 
  1515     1D1E                     	;# 
  1516     1D1F                     	;# 
  1517     1D21                     	;# 
  1518     1D21                     	;# 
  1519     1D22                     	;# 
  1520     1D23                     	;# 
  1521     1D24                     	;# 
  1522     1D24                     	;# 
  1523     1D25                     	;# 
  1524     1D26                     	;# 
  1525     1D27                     	;# 
  1526     1D28                     	;# 
  1527     1D29                     	;# 
  1528     1D2A                     	;# 
  1529     1D2B                     	;# 
  1530     1D2C                     	;# 
  1531     1D2D                     	;# 
  1532     1D2E                     	;# 
  1533     1D2F                     	;# 
  1534     1D30                     	;# 
  1535     1D31                     	;# 
  1536     1D32                     	;# 
  1537     1D8C                     	;# 
  1538     1D8D                     	;# 
  1539     1D8E                     	;# 
  1540     1D8F                     	;# 
  1541     1D90                     	;# 
  1542     1D91                     	;# 
  1543     1D92                     	;# 
  1544     1D93                     	;# 
  1545     1D94                     	;# 
  1546     1D95                     	;# 
  1547     1D96                     	;# 
  1548     1D97                     	;# 
  1549     1D98                     	;# 
  1550     1D99                     	;# 
  1551     1D9A                     	;# 
  1552     1D9B                     	;# 
  1553     1D9C                     	;# 
  1554     1D9D                     	;# 
  1555     1D9E                     	;# 
  1556     1D9F                     	;# 
  1557     1DA0                     	;# 
  1558     1DA1                     	;# 
  1559     1DA2                     	;# 
  1560     1DA3                     	;# 
  1561     1DA4                     	;# 
  1562     1DA5                     	;# 
  1563     1DA6                     	;# 
  1564     1DA7                     	;# 
  1565     1DA8                     	;# 
  1566     1DA9                     	;# 
  1567     1DAA                     	;# 
  1568     1DAB                     	;# 
  1569     1DAC                     	;# 
  1570     1DAD                     	;# 
  1571     1DAE                     	;# 
  1572     1E0C                     	;# 
  1573     1E0D                     	;# 
  1574     1E0E                     	;# 
  1575     1E0F                     	;# 
  1576     1E10                     	;# 
  1577     1E11                     	;# 
  1578     1E12                     	;# 
  1579     1E19                     	;# 
  1580     1E1A                     	;# 
  1581     1E1B                     	;# 
  1582     1E1E                     	;# 
  1583     1E1F                     	;# 
  1584     1E39                     	;# 
  1585     1E3D                     	;# 
  1586     1E3E                     	;# 
  1587     1E3F                     	;# 
  1588     1E40                     	;# 
  1589     1E41                     	;# 
  1590     1E41                     	;# 
  1591     1E42                     	;# 
  1592     1E42                     	;# 
  1593     1E43                     	;# 
  1594     1E43                     	;# 
  1595     1E44                     	;# 
  1596     1E44                     	;# 
  1597     1E47                     	;# 
  1598     1E48                     	;# 
  1599     1E49                     	;# 
  1600     1E4A                     	;# 
  1601     1E4B                     	;# 
  1602     1E4C                     	;# 
  1603     1E50                     	;# 
  1604     1E8C                     	;# 
  1605     1E8D                     	;# 
  1606     1E8E                     	;# 
  1607     1E8F                     	;# 
  1608     1E90                     	;# 
  1609     1E91                     	;# 
  1610     1E92                     	;# 
  1611     1E93                     	;# 
  1612     1E96                     	;# 
  1613     1E97                     	;# 
  1614     1E98                     	;# 
  1615     1E99                     	;# 
  1616     1E9A                     	;# 
  1617     1E9B                     	;# 
  1618     1E9C                     	;# 
  1619     1E9D                     	;# 
  1620     1EA0                     	;# 
  1621     1EA1                     	;# 
  1622     1EA2                     	;# 
  1623     1EA3                     	;# 
  1624     1EA4                     	;# 
  1625     1EA5                     	;# 
  1626     1EA6                     	;# 
  1627     1EA7                     	;# 
  1628     1EAA                     	;# 
  1629     1EAB                     	;# 
  1630     1EAC                     	;# 
  1631     1EAD                     	;# 
  1632     1EAE                     	;# 
  1633     1EB4                     	;# 
  1634     1EB5                     	;# 
  1635     1EB6                     	;# 
  1636     1EB7                     	;# 
  1637     1EB8                     	;# 
  1638     1EB9                     	;# 
  1639     1EBA                     	;# 
  1640     1EBB                     	;# 
  1641     1EE3                     	;# 
  1642     1EE4                     	;# 
  1643     1EEB                     	;# 
  1644     1EEC                     	;# 
  1645     1EEE                     	;# 
  1646     1EEF                     	;# 
  1647     1F0C                     	;# 
  1648     1F0D                     	;# 
  1649     1F0E                     	;# 
  1650     1FE4                     	;# 
  1651     1FE5                     	;# 
  1652     1FE6                     	;# 
  1653     1FE7                     	;# 
  1654     1FE8                     	;# 
  1655     1FE8                     	;# 
  1656     1FE9                     	;# 
  1657     1FEA                     	;# 
  1658     1FEA                     	;# 
  1659     1FEB                     	;# 
  1660     1FED                     	;# 
  1661     1FEE                     	;# 
  1662     1FEF                     	;# 
  1663     0000                     	;# 
  1664     0001                     	;# 
  1665     0002                     	;# 
  1666     0003                     	;# 
  1667     0004                     	;# 
  1668     0005                     	;# 
  1669     0006                     	;# 
  1670     0007                     	;# 
  1671     0008                     	;# 
  1672     0009                     	;# 
  1673     000A                     	;# 
  1674     000B                     	;# 
  1675     000C                     	;# 
  1676     000D                     	;# 
  1677     000E                     	;# 
  1678     000F                     	;# 
  1679     0010                     	;# 
  1680     0012                     	;# 
  1681     0013                     	;# 
  1682     0014                     	;# 
  1683     0015                     	;# 
  1684     0016                     	;# 
  1685     0018                     	;# 
  1686     0019                     	;# 
  1687     001A                     	;# 
  1688     001B                     	;# 
  1689     001C                     	;# 
  1690     008C                     	;# 
  1691     008D                     	;# 
  1692     008E                     	;# 
  1693     008F                     	;# 
  1694     0090                     	;# 
  1695     0096                     	;# 
  1696     0097                     	;# 
  1697     0098                     	;# 
  1698     0099                     	;# 
  1699     009A                     	;# 
  1700     018C                     	;# 
  1701     018D                     	;# 
  1702     018E                     	;# 
  1703     018F                     	;# 
  1704     019C                     	;# 
  1705     019C                     	;# 
  1706     019D                     	;# 
  1707     019D                     	;# 
  1708     019E                     	;# 
  1709     019F                     	;# 
  1710     020E                     	;# 
  1711     020F                     	;# 
  1712     0210                     	;# 
  1713     0211                     	;# 
  1714     0212                     	;# 
  1715     0213                     	;# 
  1716     0214                     	;# 
  1717     028C                     	;# 
  1718     028C                     	;# 
  1719     028D                     	;# 
  1720     028E                     	;# 
  1721     028F                     	;# 
  1722     028F                     	;# 
  1723     0290                     	;# 
  1724     0290                     	;# 
  1725     0291                     	;# 
  1726     0291                     	;# 
  1727     0292                     	;# 
  1728     0292                     	;# 
  1729     0293                     	;# 
  1730     0294                     	;# 
  1731     0295                     	;# 
  1732     0295                     	;# 
  1733     0296                     	;# 
  1734     0296                     	;# 
  1735     0297                     	;# 
  1736     0297                     	;# 
  1737     030C                     	;# 
  1738     030C                     	;# 
  1739     030D                     	;# 
  1740     030D                     	;# 
  1741     030E                     	;# 
  1742     030F                     	;# 
  1743     0310                     	;# 
  1744     0310                     	;# 
  1745     0311                     	;# 
  1746     0312                     	;# 
  1747     0312                     	;# 
  1748     0313                     	;# 
  1749     0313                     	;# 
  1750     0314                     	;# 
  1751     0315                     	;# 
  1752     0316                     	;# 
  1753     0316                     	;# 
  1754     0317                     	;# 
  1755     0318                     	;# 
  1756     0318                     	;# 
  1757     0319                     	;# 
  1758     0319                     	;# 
  1759     031A                     	;# 
  1760     031B                     	;# 
  1761     031C                     	;# 
  1762     031C                     	;# 
  1763     031D                     	;# 
  1764     038C                     	;# 
  1765     038C                     	;# 
  1766     038D                     	;# 
  1767     038E                     	;# 
  1768     038F                     	;# 
  1769     0390                     	;# 
  1770     0390                     	;# 
  1771     0391                     	;# 
  1772     0392                     	;# 
  1773     0393                     	;# 
  1774     039F                     	;# 
  1775     040C                     	;# 
  1776     040C                     	;# 
  1777     040D                     	;# 
  1778     040E                     	;# 
  1779     040F                     	;# 
  1780     040F                     	;# 
  1781     0410                     	;# 
  1782     0411                     	;# 
  1783     0412                     	;# 
  1784     0412                     	;# 
  1785     0413                     	;# 
  1786     0414                     	;# 
  1787     041F                     	;# 
  1788     048C                     	;# 
  1789     048C                     	;# 
  1790     048D                     	;# 
  1791     048E                     	;# 
  1792     048F                     	;# 
  1793     048F                     	;# 
  1794     0490                     	;# 
  1795     0491                     	;# 
  1796     0492                     	;# 
  1797     0493                     	;# 
  1798     050C                     	;# 
  1799     050C                     	;# 
  1800     050D                     	;# 
  1801     050D                     	;# 
  1802     050E                     	;# 
  1803     050F                     	;# 
  1804     0510                     	;# 
  1805     0511                     	;# 
  1806     0512                     	;# 
  1807     0513                     	;# 
  1808     0514                     	;# 
  1809     058C                     	;# 
  1810     058D                     	;# 
  1811     058E                     	;# 
  1812     058F                     	;# 
  1813     0590                     	;# 
  1814     0591                     	;# 
  1815     0592                     	;# 
  1816     0593                     	;# 
  1817     0594                     	;# 
  1818     0595                     	;# 
  1819     0596                     	;# 
  1820     0597                     	;# 
  1821     060C                     	;# 
  1822     060D                     	;# 
  1823     060E                     	;# 
  1824     060E                     	;# 
  1825     060F                     	;# 
  1826     0610                     	;# 
  1827     0611                     	;# 
  1828     0612                     	;# 
  1829     0616                     	;# 
  1830     0617                     	;# 
  1831     0618                     	;# 
  1832     0618                     	;# 
  1833     0619                     	;# 
  1834     061A                     	;# 
  1835     061B                     	;# 
  1836     061C                     	;# 
  1837     068C                     	;# 
  1838     068D                     	;# 
  1839     068E                     	;# 
  1840     068F                     	;# 
  1841     0690                     	;# 
  1842     0691                     	;# 
  1843     0692                     	;# 
  1844     0696                     	;# 
  1845     0697                     	;# 
  1846     0698                     	;# 
  1847     0699                     	;# 
  1848     069A                     	;# 
  1849     069B                     	;# 
  1850     069C                     	;# 
  1851     100C                     	;# 
  1852     100D                     	;# 
  1853     101F                     	;# 
  1854     108C                     	;# 
  1855     108D                     	;# 
  1856     108E                     	;# 
  1857     108F                     	;# 
  1858     109F                     	;# 
  1859     109F                     	;# 
  1860     110C                     	;# 
  1861     110D                     	;# 
  1862     1C8C                     	;# 
  1863     1C8C                     	;# 
  1864     1C8D                     	;# 
  1865     1C8E                     	;# 
  1866     1C8E                     	;# 
  1867     1C8F                     	;# 
  1868     1C90                     	;# 
  1869     1C91                     	;# 
  1870     1D0C                     	;# 
  1871     1D0C                     	;# 
  1872     1D0D                     	;# 
  1873     1D0E                     	;# 
  1874     1D0E                     	;# 
  1875     1D0F                     	;# 
  1876     1D10                     	;# 
  1877     1D10                     	;# 
  1878     1D11                     	;# 
  1879     1D12                     	;# 
  1880     1D12                     	;# 
  1881     1D13                     	;# 
  1882     1D14                     	;# 
  1883     1D14                     	;# 
  1884     1D15                     	;# 
  1885     1D16                     	;# 
  1886     1D16                     	;# 
  1887     1D17                     	;# 
  1888     1D18                     	;# 
  1889     1D19                     	;# 
  1890     1D1A                     	;# 
  1891     1D1B                     	;# 
  1892     1D1B                     	;# 
  1893     1D1C                     	;# 
  1894     1D1D                     	;# 
  1895     1D1D                     	;# 
  1896     1D1E                     	;# 
  1897     1D1F                     	;# 
  1898     1D21                     	;# 
  1899     1D21                     	;# 
  1900     1D22                     	;# 
  1901     1D23                     	;# 
  1902     1D24                     	;# 
  1903     1D24                     	;# 
  1904     1D25                     	;# 
  1905     1D26                     	;# 
  1906     1D27                     	;# 
  1907     1D28                     	;# 
  1908     1D29                     	;# 
  1909     1D2A                     	;# 
  1910     1D2B                     	;# 
  1911     1D2C                     	;# 
  1912     1D2D                     	;# 
  1913     1D2E                     	;# 
  1914     1D2F                     	;# 
  1915     1D30                     	;# 
  1916     1D31                     	;# 
  1917     1D32                     	;# 
  1918     1D8C                     	;# 
  1919     1D8D                     	;# 
  1920     1D8E                     	;# 
  1921     1D8F                     	;# 
  1922     1D90                     	;# 
  1923     1D91                     	;# 
  1924     1D92                     	;# 
  1925     1D93                     	;# 
  1926     1D94                     	;# 
  1927     1D95                     	;# 
  1928     1D96                     	;# 
  1929     1D97                     	;# 
  1930     1D98                     	;# 
  1931     1D99                     	;# 
  1932     1D9A                     	;# 
  1933     1D9B                     	;# 
  1934     1D9C                     	;# 
  1935     1D9D                     	;# 
  1936     1D9E                     	;# 
  1937     1D9F                     	;# 
  1938     1DA0                     	;# 
  1939     1DA1                     	;# 
  1940     1DA2                     	;# 
  1941     1DA3                     	;# 
  1942     1DA4                     	;# 
  1943     1DA5                     	;# 
  1944     1DA6                     	;# 
  1945     1DA7                     	;# 
  1946     1DA8                     	;# 
  1947     1DA9                     	;# 
  1948     1DAA                     	;# 
  1949     1DAB                     	;# 
  1950     1DAC                     	;# 
  1951     1DAD                     	;# 
  1952     1DAE                     	;# 
  1953     1E0C                     	;# 
  1954     1E0D                     	;# 
  1955     1E0E                     	;# 
  1956     1E0F                     	;# 
  1957     1E10                     	;# 
  1958     1E11                     	;# 
  1959     1E12                     	;# 
  1960     1E19                     	;# 
  1961     1E1A                     	;# 
  1962     1E1B                     	;# 
  1963     1E1E                     	;# 
  1964     1E1F                     	;# 
  1965     1E39                     	;# 
  1966     1E3D                     	;# 
  1967     1E3E                     	;# 
  1968     1E3F                     	;# 
  1969     1E40                     	;# 
  1970     1E41                     	;# 
  1971     1E41                     	;# 
  1972     1E42                     	;# 
  1973     1E42                     	;# 
  1974     1E43                     	;# 
  1975     1E43                     	;# 
  1976     1E44                     	;# 
  1977     1E44                     	;# 
  1978     1E47                     	;# 
  1979     1E48                     	;# 
  1980     1E49                     	;# 
  1981     1E4A                     	;# 
  1982     1E4B                     	;# 
  1983     1E4C                     	;# 
  1984     1E50                     	;# 
  1985     1E8C                     	;# 
  1986     1E8D                     	;# 
  1987     1E8E                     	;# 
  1988     1E8F                     	;# 
  1989     1E90                     	;# 
  1990     1E91                     	;# 
  1991     1E92                     	;# 
  1992     1E93                     	;# 
  1993     1E96                     	;# 
  1994     1E97                     	;# 
  1995     1E98                     	;# 
  1996     1E99                     	;# 
  1997     1E9A                     	;# 
  1998     1E9B                     	;# 
  1999     1E9C                     	;# 
  2000     1E9D                     	;# 
  2001     1EA0                     	;# 
  2002     1EA1                     	;# 
  2003     1EA2                     	;# 
  2004     1EA3                     	;# 
  2005     1EA4                     	;# 
  2006     1EA5                     	;# 
  2007     1EA6                     	;# 
  2008     1EA7                     	;# 
  2009     1EAA                     	;# 
  2010     1EAB                     	;# 
  2011     1EAC                     	;# 
  2012     1EAD                     	;# 
  2013     1EAE                     	;# 
  2014     1EB4                     	;# 
  2015     1EB5                     	;# 
  2016     1EB6                     	;# 
  2017     1EB7                     	;# 
  2018     1EB8                     	;# 
  2019     1EB9                     	;# 
  2020     1EBA                     	;# 
  2021     1EBB                     	;# 
  2022     1EE3                     	;# 
  2023     1EE4                     	;# 
  2024     1EEB                     	;# 
  2025     1EEC                     	;# 
  2026     1EEE                     	;# 
  2027     1EEF                     	;# 
  2028     1F0C                     	;# 
  2029     1F0D                     	;# 
  2030     1F0E                     	;# 
  2031     1FE4                     	;# 
  2032     1FE5                     	;# 
  2033     1FE6                     	;# 
  2034     1FE7                     	;# 
  2035     1FE8                     	;# 
  2036     1FE8                     	;# 
  2037     1FE9                     	;# 
  2038     1FEA                     	;# 
  2039     1FEA                     	;# 
  2040     1FEB                     	;# 
  2041     1FED                     	;# 
  2042     1FEE                     	;# 
  2043     1FEF                     	;# 
  2044     0000                     	;# 
  2045     0001                     	;# 
  2046     0002                     	;# 
  2047     0003                     	;# 
  2048     0004                     	;# 
  2049     0005                     	;# 
  2050     0006                     	;# 
  2051     0007                     	;# 
  2052     0008                     	;# 
  2053     0009                     	;# 
  2054     000A                     	;# 
  2055     000B                     	;# 
  2056     000C                     	;# 
  2057     000D                     	;# 
  2058     000E                     	;# 
  2059     000F                     	;# 
  2060     0010                     	;# 
  2061     0012                     	;# 
  2062     0013                     	;# 
  2063     0014                     	;# 
  2064     0015                     	;# 
  2065     0016                     	;# 
  2066     0018                     	;# 
  2067     0019                     	;# 
  2068     001A                     	;# 
  2069     001B                     	;# 
  2070     001C                     	;# 
  2071     008C                     	;# 
  2072     008D                     	;# 
  2073     008E                     	;# 
  2074     008F                     	;# 
  2075     0090                     	;# 
  2076     0096                     	;# 
  2077     0097                     	;# 
  2078     0098                     	;# 
  2079     0099                     	;# 
  2080     009A                     	;# 
  2081     018C                     	;# 
  2082     018D                     	;# 
  2083     018E                     	;# 
  2084     018F                     	;# 
  2085     019C                     	;# 
  2086     019C                     	;# 
  2087     019D                     	;# 
  2088     019D                     	;# 
  2089     019E                     	;# 
  2090     019F                     	;# 
  2091     020E                     	;# 
  2092     020F                     	;# 
  2093     0210                     	;# 
  2094     0211                     	;# 
  2095     0212                     	;# 
  2096     0213                     	;# 
  2097     0214                     	;# 
  2098     028C                     	;# 
  2099     028C                     	;# 
  2100     028D                     	;# 
  2101     028E                     	;# 
  2102     028F                     	;# 
  2103     028F                     	;# 
  2104     0290                     	;# 
  2105     0290                     	;# 
  2106     0291                     	;# 
  2107     0291                     	;# 
  2108     0292                     	;# 
  2109     0292                     	;# 
  2110     0293                     	;# 
  2111     0294                     	;# 
  2112     0295                     	;# 
  2113     0295                     	;# 
  2114     0296                     	;# 
  2115     0296                     	;# 
  2116     0297                     	;# 
  2117     0297                     	;# 
  2118     030C                     	;# 
  2119     030C                     	;# 
  2120     030D                     	;# 
  2121     030D                     	;# 
  2122     030E                     	;# 
  2123     030F                     	;# 
  2124     0310                     	;# 
  2125     0310                     	;# 
  2126     0311                     	;# 
  2127     0312                     	;# 
  2128     0312                     	;# 
  2129     0313                     	;# 
  2130     0313                     	;# 
  2131     0314                     	;# 
  2132     0315                     	;# 
  2133     0316                     	;# 
  2134     0316                     	;# 
  2135     0317                     	;# 
  2136     0318                     	;# 
  2137     0318                     	;# 
  2138     0319                     	;# 
  2139     0319                     	;# 
  2140     031A                     	;# 
  2141     031B                     	;# 
  2142     031C                     	;# 
  2143     031C                     	;# 
  2144     031D                     	;# 
  2145     038C                     	;# 
  2146     038C                     	;# 
  2147     038D                     	;# 
  2148     038E                     	;# 
  2149     038F                     	;# 
  2150     0390                     	;# 
  2151     0390                     	;# 
  2152     0391                     	;# 
  2153     0392                     	;# 
  2154     0393                     	;# 
  2155     039F                     	;# 
  2156     040C                     	;# 
  2157     040C                     	;# 
  2158     040D                     	;# 
  2159     040E                     	;# 
  2160     040F                     	;# 
  2161     040F                     	;# 
  2162     0410                     	;# 
  2163     0411                     	;# 
  2164     0412                     	;# 
  2165     0412                     	;# 
  2166     0413                     	;# 
  2167     0414                     	;# 
  2168     041F                     	;# 
  2169     048C                     	;# 
  2170     048C                     	;# 
  2171     048D                     	;# 
  2172     048E                     	;# 
  2173     048F                     	;# 
  2174     048F                     	;# 
  2175     0490                     	;# 
  2176     0491                     	;# 
  2177     0492                     	;# 
  2178     0493                     	;# 
  2179     050C                     	;# 
  2180     050C                     	;# 
  2181     050D                     	;# 
  2182     050D                     	;# 
  2183     050E                     	;# 
  2184     050F                     	;# 
  2185     0510                     	;# 
  2186     0511                     	;# 
  2187     0512                     	;# 
  2188     0513                     	;# 
  2189     0514                     	;# 
  2190     058C                     	;# 
  2191     058D                     	;# 
  2192     058E                     	;# 
  2193     058F                     	;# 
  2194     0590                     	;# 
  2195     0591                     	;# 
  2196     0592                     	;# 
  2197     0593                     	;# 
  2198     0594                     	;# 
  2199     0595                     	;# 
  2200     0596                     	;# 
  2201     0597                     	;# 
  2202     060C                     	;# 
  2203     060D                     	;# 
  2204     060E                     	;# 
  2205     060E                     	;# 
  2206     060F                     	;# 
  2207     0610                     	;# 
  2208     0611                     	;# 
  2209     0612                     	;# 
  2210     0616                     	;# 
  2211     0617                     	;# 
  2212     0618                     	;# 
  2213     0618                     	;# 
  2214     0619                     	;# 
  2215     061A                     	;# 
  2216     061B                     	;# 
  2217     061C                     	;# 
  2218     068C                     	;# 
  2219     068D                     	;# 
  2220     068E                     	;# 
  2221     068F                     	;# 
  2222     0690                     	;# 
  2223     0691                     	;# 
  2224     0692                     	;# 
  2225     0696                     	;# 
  2226     0697                     	;# 
  2227     0698                     	;# 
  2228     0699                     	;# 
  2229     069A                     	;# 
  2230     069B                     	;# 
  2231     069C                     	;# 
  2232     100C                     	;# 
  2233     100D                     	;# 
  2234     101F                     	;# 
  2235     108C                     	;# 
  2236     108D                     	;# 
  2237     108E                     	;# 
  2238     108F                     	;# 
  2239     109F                     	;# 
  2240     109F                     	;# 
  2241     110C                     	;# 
  2242     110D                     	;# 
  2243     1C8C                     	;# 
  2244     1C8C                     	;# 
  2245     1C8D                     	;# 
  2246     1C8E                     	;# 
  2247     1C8E                     	;# 
  2248     1C8F                     	;# 
  2249     1C90                     	;# 
  2250     1C91                     	;# 
  2251     1D0C                     	;# 
  2252     1D0C                     	;# 
  2253     1D0D                     	;# 
  2254     1D0E                     	;# 
  2255     1D0E                     	;# 
  2256     1D0F                     	;# 
  2257     1D10                     	;# 
  2258     1D10                     	;# 
  2259     1D11                     	;# 
  2260     1D12                     	;# 
  2261     1D12                     	;# 
  2262     1D13                     	;# 
  2263     1D14                     	;# 
  2264     1D14                     	;# 
  2265     1D15                     	;# 
  2266     1D16                     	;# 
  2267     1D16                     	;# 
  2268     1D17                     	;# 
  2269     1D18                     	;# 
  2270     1D19                     	;# 
  2271     1D1A                     	;# 
  2272     1D1B                     	;# 
  2273     1D1B                     	;# 
  2274     1D1C                     	;# 
  2275     1D1D                     	;# 
  2276     1D1D                     	;# 
  2277     1D1E                     	;# 
  2278     1D1F                     	;# 
  2279     1D21                     	;# 
  2280     1D21                     	;# 
  2281     1D22                     	;# 
  2282     1D23                     	;# 
  2283     1D24                     	;# 
  2284     1D24                     	;# 
  2285     1D25                     	;# 
  2286     1D26                     	;# 
  2287     1D27                     	;# 
  2288     1D28                     	;# 
  2289     1D29                     	;# 
  2290     1D2A                     	;# 
  2291     1D2B                     	;# 
  2292     1D2C                     	;# 
  2293     1D2D                     	;# 
  2294     1D2E                     	;# 
  2295     1D2F                     	;# 
  2296     1D30                     	;# 
  2297     1D31                     	;# 
  2298     1D32                     	;# 
  2299     1D8C                     	;# 
  2300     1D8D                     	;# 
  2301     1D8E                     	;# 
  2302     1D8F                     	;# 
  2303     1D90                     	;# 
  2304     1D91                     	;# 
  2305     1D92                     	;# 
  2306     1D93                     	;# 
  2307     1D94                     	;# 
  2308     1D95                     	;# 
  2309     1D96                     	;# 
  2310     1D97                     	;# 
  2311     1D98                     	;# 
  2312     1D99                     	;# 
  2313     1D9A                     	;# 
  2314     1D9B                     	;# 
  2315     1D9C                     	;# 
  2316     1D9D                     	;# 
  2317     1D9E                     	;# 
  2318     1D9F                     	;# 
  2319     1DA0                     	;# 
  2320     1DA1                     	;# 
  2321     1DA2                     	;# 
  2322     1DA3                     	;# 
  2323     1DA4                     	;# 
  2324     1DA5                     	;# 
  2325     1DA6                     	;# 
  2326     1DA7                     	;# 
  2327     1DA8                     	;# 
  2328     1DA9                     	;# 
  2329     1DAA                     	;# 
  2330     1DAB                     	;# 
  2331     1DAC                     	;# 
  2332     1DAD                     	;# 
  2333     1DAE                     	;# 
  2334     1E0C                     	;# 
  2335     1E0D                     	;# 
  2336     1E0E                     	;# 
  2337     1E0F                     	;# 
  2338     1E10                     	;# 
  2339     1E11                     	;# 
  2340     1E12                     	;# 
  2341     1E19                     	;# 
  2342     1E1A                     	;# 
  2343     1E1B                     	;# 
  2344     1E1E                     	;# 
  2345     1E1F                     	;# 
  2346     1E39                     	;# 
  2347     1E3D                     	;# 
  2348     1E3E                     	;# 
  2349     1E3F                     	;# 
  2350     1E40                     	;# 
  2351     1E41                     	;# 
  2352     1E41                     	;# 
  2353     1E42                     	;# 
  2354     1E42                     	;# 
  2355     1E43                     	;# 
  2356     1E43                     	;# 
  2357     1E44                     	;# 
  2358     1E44                     	;# 
  2359     1E47                     	;# 
  2360     1E48                     	;# 
  2361     1E49                     	;# 
  2362     1E4A                     	;# 
  2363     1E4B                     	;# 
  2364     1E4C                     	;# 
  2365     1E50                     	;# 
  2366     1E8C                     	;# 
  2367     1E8D                     	;# 
  2368     1E8E                     	;# 
  2369     1E8F                     	;# 
  2370     1E90                     	;# 
  2371     1E91                     	;# 
  2372     1E92                     	;# 
  2373     1E93                     	;# 
  2374     1E96                     	;# 
  2375     1E97                     	;# 
  2376     1E98                     	;# 
  2377     1E99                     	;# 
  2378     1E9A                     	;# 
  2379     1E9B                     	;# 
  2380     1E9C                     	;# 
  2381     1E9D                     	;# 
  2382     1EA0                     	;# 
  2383     1EA1                     	;# 
  2384     1EA2                     	;# 
  2385     1EA3                     	;# 
  2386     1EA4                     	;# 
  2387     1EA5                     	;# 
  2388     1EA6                     	;# 
  2389     1EA7                     	;# 
  2390     1EAA                     	;# 
  2391     1EAB                     	;# 
  2392     1EAC                     	;# 
  2393     1EAD                     	;# 
  2394     1EAE                     	;# 
  2395     1EB4                     	;# 
  2396     1EB5                     	;# 
  2397     1EB6                     	;# 
  2398     1EB7                     	;# 
  2399     1EB8                     	;# 
  2400     1EB9                     	;# 
  2401     1EBA                     	;# 
  2402     1EBB                     	;# 
  2403     1EE3                     	;# 
  2404     1EE4                     	;# 
  2405     1EEB                     	;# 
  2406     1EEC                     	;# 
  2407     1EEE                     	;# 
  2408     1EEF                     	;# 
  2409     1F0C                     	;# 
  2410     1F0D                     	;# 
  2411     1F0E                     	;# 
  2412     1FE4                     	;# 
  2413     1FE5                     	;# 
  2414     1FE6                     	;# 
  2415     1FE7                     	;# 
  2416     1FE8                     	;# 
  2417     1FE8                     	;# 
  2418     1FE9                     	;# 
  2419     1FEA                     	;# 
  2420     1FEA                     	;# 
  2421     1FEB                     	;# 
  2422     1FED                     	;# 
  2423     1FEE                     	;# 
  2424     1FEF                     	;# 
  2425     0000                     	;# 
  2426     0001                     	;# 
  2427     0002                     	;# 
  2428     0003                     	;# 
  2429     0004                     	;# 
  2430     0005                     	;# 
  2431     0006                     	;# 
  2432     0007                     	;# 
  2433     0008                     	;# 
  2434     0009                     	;# 
  2435     000A                     	;# 
  2436     000B                     	;# 
  2437     000C                     	;# 
  2438     000D                     	;# 
  2439     000E                     	;# 
  2440     000F                     	;# 
  2441     0010                     	;# 
  2442     0012                     	;# 
  2443     0013                     	;# 
  2444     0014                     	;# 
  2445     0015                     	;# 
  2446     0016                     	;# 
  2447     0018                     	;# 
  2448     0019                     	;# 
  2449     001A                     	;# 
  2450     001B                     	;# 
  2451     001C                     	;# 
  2452     008C                     	;# 
  2453     008D                     	;# 
  2454     008E                     	;# 
  2455     008F                     	;# 
  2456     0090                     	;# 
  2457     0096                     	;# 
  2458     0097                     	;# 
  2459     0098                     	;# 
  2460     0099                     	;# 
  2461     009A                     	;# 
  2462     018C                     	;# 
  2463     018D                     	;# 
  2464     018E                     	;# 
  2465     018F                     	;# 
  2466     019C                     	;# 
  2467     019C                     	;# 
  2468     019D                     	;# 
  2469     019D                     	;# 
  2470     019E                     	;# 
  2471     019F                     	;# 
  2472     020E                     	;# 
  2473     020F                     	;# 
  2474     0210                     	;# 
  2475     0211                     	;# 
  2476     0212                     	;# 
  2477     0213                     	;# 
  2478     0214                     	;# 
  2479     028C                     	;# 
  2480     028C                     	;# 
  2481     028D                     	;# 
  2482     028E                     	;# 
  2483     028F                     	;# 
  2484     028F                     	;# 
  2485     0290                     	;# 
  2486     0290                     	;# 
  2487     0291                     	;# 
  2488     0291                     	;# 
  2489     0292                     	;# 
  2490     0292                     	;# 
  2491     0293                     	;# 
  2492     0294                     	;# 
  2493     0295                     	;# 
  2494     0295                     	;# 
  2495     0296                     	;# 
  2496     0296                     	;# 
  2497     0297                     	;# 
  2498     0297                     	;# 
  2499     030C                     	;# 
  2500     030C                     	;# 
  2501     030D                     	;# 
  2502     030D                     	;# 
  2503     030E                     	;# 
  2504     030F                     	;# 
  2505     0310                     	;# 
  2506     0310                     	;# 
  2507     0311                     	;# 
  2508     0312                     	;# 
  2509     0312                     	;# 
  2510     0313                     	;# 
  2511     0313                     	;# 
  2512     0314                     	;# 
  2513     0315                     	;# 
  2514     0316                     	;# 
  2515     0316                     	;# 
  2516     0317                     	;# 
  2517     0318                     	;# 
  2518     0318                     	;# 
  2519     0319                     	;# 
  2520     0319                     	;# 
  2521     031A                     	;# 
  2522     031B                     	;# 
  2523     031C                     	;# 
  2524     031C                     	;# 
  2525     031D                     	;# 
  2526     038C                     	;# 
  2527     038C                     	;# 
  2528     038D                     	;# 
  2529     038E                     	;# 
  2530     038F                     	;# 
  2531     0390                     	;# 
  2532     0390                     	;# 
  2533     0391                     	;# 
  2534     0392                     	;# 
  2535     0393                     	;# 
  2536     039F                     	;# 
  2537     040C                     	;# 
  2538     040C                     	;# 
  2539     040D                     	;# 
  2540     040E                     	;# 
  2541     040F                     	;# 
  2542     040F                     	;# 
  2543     0410                     	;# 
  2544     0411                     	;# 
  2545     0412                     	;# 
  2546     0412                     	;# 
  2547     0413                     	;# 
  2548     0414                     	;# 
  2549     041F                     	;# 
  2550     048C                     	;# 
  2551     048C                     	;# 
  2552     048D                     	;# 
  2553     048E                     	;# 
  2554     048F                     	;# 
  2555     048F                     	;# 
  2556     0490                     	;# 
  2557     0491                     	;# 
  2558     0492                     	;# 
  2559     0493                     	;# 
  2560     050C                     	;# 
  2561     050C                     	;# 
  2562     050D                     	;# 
  2563     050D                     	;# 
  2564     050E                     	;# 
  2565     050F                     	;# 
  2566     0510                     	;# 
  2567     0511                     	;# 
  2568     0512                     	;# 
  2569     0513                     	;# 
  2570     0514                     	;# 
  2571     058C                     	;# 
  2572     058D                     	;# 
  2573     058E                     	;# 
  2574     058F                     	;# 
  2575     0590                     	;# 
  2576     0591                     	;# 
  2577     0592                     	;# 
  2578     0593                     	;# 
  2579     0594                     	;# 
  2580     0595                     	;# 
  2581     0596                     	;# 
  2582     0597                     	;# 
  2583     060C                     	;# 
  2584     060D                     	;# 
  2585     060E                     	;# 
  2586     060E                     	;# 
  2587     060F                     	;# 
  2588     0610                     	;# 
  2589     0611                     	;# 
  2590     0612                     	;# 
  2591     0616                     	;# 
  2592     0617                     	;# 
  2593     0618                     	;# 
  2594     0618                     	;# 
  2595     0619                     	;# 
  2596     061A                     	;# 
  2597     061B                     	;# 
  2598     061C                     	;# 
  2599     068C                     	;# 
  2600     068D                     	;# 
  2601     068E                     	;# 
  2602     068F                     	;# 
  2603     0690                     	;# 
  2604     0691                     	;# 
  2605     0692                     	;# 
  2606     0696                     	;# 
  2607     0697                     	;# 
  2608     0698                     	;# 
  2609     0699                     	;# 
  2610     069A                     	;# 
  2611     069B                     	;# 
  2612     069C                     	;# 
  2613     100C                     	;# 
  2614     100D                     	;# 
  2615     101F                     	;# 
  2616     108C                     	;# 
  2617     108D                     	;# 
  2618     108E                     	;# 
  2619     108F                     	;# 
  2620     109F                     	;# 
  2621     109F                     	;# 
  2622     110C                     	;# 
  2623     110D                     	;# 
  2624     1C8C                     	;# 
  2625     1C8C                     	;# 
  2626     1C8D                     	;# 
  2627     1C8E                     	;# 
  2628     1C8E                     	;# 
  2629     1C8F                     	;# 
  2630     1C90                     	;# 
  2631     1C91                     	;# 
  2632     1D0C                     	;# 
  2633     1D0C                     	;# 
  2634     1D0D                     	;# 
  2635     1D0E                     	;# 
  2636     1D0E                     	;# 
  2637     1D0F                     	;# 
  2638     1D10                     	;# 
  2639     1D10                     	;# 
  2640     1D11                     	;# 
  2641     1D12                     	;# 
  2642     1D12                     	;# 
  2643     1D13                     	;# 
  2644     1D14                     	;# 
  2645     1D14                     	;# 
  2646     1D15                     	;# 
  2647     1D16                     	;# 
  2648     1D16                     	;# 
  2649     1D17                     	;# 
  2650     1D18                     	;# 
  2651     1D19                     	;# 
  2652     1D1A                     	;# 
  2653     1D1B                     	;# 
  2654     1D1B                     	;# 
  2655     1D1C                     	;# 
  2656     1D1D                     	;# 
  2657     1D1D                     	;# 
  2658     1D1E                     	;# 
  2659     1D1F                     	;# 
  2660     1D21                     	;# 
  2661     1D21                     	;# 
  2662     1D22                     	;# 
  2663     1D23                     	;# 
  2664     1D24                     	;# 
  2665     1D24                     	;# 
  2666     1D25                     	;# 
  2667     1D26                     	;# 
  2668     1D27                     	;# 
  2669     1D28                     	;# 
  2670     1D29                     	;# 
  2671     1D2A                     	;# 
  2672     1D2B                     	;# 
  2673     1D2C                     	;# 
  2674     1D2D                     	;# 
  2675     1D2E                     	;# 
  2676     1D2F                     	;# 
  2677     1D30                     	;# 
  2678     1D31                     	;# 
  2679     1D32                     	;# 
  2680     1D8C                     	;# 
  2681     1D8D                     	;# 
  2682     1D8E                     	;# 
  2683     1D8F                     	;# 
  2684     1D90                     	;# 
  2685     1D91                     	;# 
  2686     1D92                     	;# 
  2687     1D93                     	;# 
  2688     1D94                     	;# 
  2689     1D95                     	;# 
  2690     1D96                     	;# 
  2691     1D97                     	;# 
  2692     1D98                     	;# 
  2693     1D99                     	;# 
  2694     1D9A                     	;# 
  2695     1D9B                     	;# 
  2696     1D9C                     	;# 
  2697     1D9D                     	;# 
  2698     1D9E                     	;# 
  2699     1D9F                     	;# 
  2700     1DA0                     	;# 
  2701     1DA1                     	;# 
  2702     1DA2                     	;# 
  2703     1DA3                     	;# 
  2704     1DA4                     	;# 
  2705     1DA5                     	;# 
  2706     1DA6                     	;# 
  2707     1DA7                     	;# 
  2708     1DA8                     	;# 
  2709     1DA9                     	;# 
  2710     1DAA                     	;# 
  2711     1DAB                     	;# 
  2712     1DAC                     	;# 
  2713     1DAD                     	;# 
  2714     1DAE                     	;# 
  2715     1E0C                     	;# 
  2716     1E0D                     	;# 
  2717     1E0E                     	;# 
  2718     1E0F                     	;# 
  2719     1E10                     	;# 
  2720     1E11                     	;# 
  2721     1E12                     	;# 
  2722     1E19                     	;# 
  2723     1E1A                     	;# 
  2724     1E1B                     	;# 
  2725     1E1E                     	;# 
  2726     1E1F                     	;# 
  2727     1E39                     	;# 
  2728     1E3D                     	;# 
  2729     1E3E                     	;# 
  2730     1E3F                     	;# 
  2731     1E40                     	;# 
  2732     1E41                     	;# 
  2733     1E41                     	;# 
  2734     1E42                     	;# 
  2735     1E42                     	;# 
  2736     1E43                     	;# 
  2737     1E43                     	;# 
  2738     1E44                     	;# 
  2739     1E44                     	;# 
  2740     1E47                     	;# 
  2741     1E48                     	;# 
  2742     1E49                     	;# 
  2743     1E4A                     	;# 
  2744     1E4B                     	;# 
  2745     1E4C                     	;# 
  2746     1E50                     	;# 
  2747     1E8C                     	;# 
  2748     1E8D                     	;# 
  2749     1E8E                     	;# 
  2750     1E8F                     	;# 
  2751     1E90                     	;# 
  2752     1E91                     	;# 
  2753     1E92                     	;# 
  2754     1E93                     	;# 
  2755     1E96                     	;# 
  2756     1E97                     	;# 
  2757     1E98                     	;# 
  2758     1E99                     	;# 
  2759     1E9A                     	;# 
  2760     1E9B                     	;# 
  2761     1E9C                     	;# 
  2762     1E9D                     	;# 
  2763     1EA0                     	;# 
  2764     1EA1                     	;# 
  2765     1EA2                     	;# 
  2766     1EA3                     	;# 
  2767     1EA4                     	;# 
  2768     1EA5                     	;# 
  2769     1EA6                     	;# 
  2770     1EA7                     	;# 
  2771     1EAA                     	;# 
  2772     1EAB                     	;# 
  2773     1EAC                     	;# 
  2774     1EAD                     	;# 
  2775     1EAE                     	;# 
  2776     1EB4                     	;# 
  2777     1EB5                     	;# 
  2778     1EB6                     	;# 
  2779     1EB7                     	;# 
  2780     1EB8                     	;# 
  2781     1EB9                     	;# 
  2782     1EBA                     	;# 
  2783     1EBB                     	;# 
  2784     1EE3                     	;# 
  2785     1EE4                     	;# 
  2786     1EEB                     	;# 
  2787     1EEC                     	;# 
  2788     1EEE                     	;# 
  2789     1EEF                     	;# 
  2790     1F0C                     	;# 
  2791     1F0D                     	;# 
  2792     1F0E                     	;# 
  2793     1FE4                     	;# 
  2794     1FE5                     	;# 
  2795     1FE6                     	;# 
  2796     1FE7                     	;# 
  2797     1FE8                     	;# 
  2798     1FE8                     	;# 
  2799     1FE9                     	;# 
  2800     1FEA                     	;# 
  2801     1FEA                     	;# 
  2802     1FEB                     	;# 
  2803     1FED                     	;# 
  2804     1FEE                     	;# 
  2805     1FEF                     	;# 
  2806     0000                     	;# 
  2807     0001                     	;# 
  2808     0002                     	;# 
  2809     0003                     	;# 
  2810     0004                     	;# 
  2811     0005                     	;# 
  2812     0006                     	;# 
  2813     0007                     	;# 
  2814     0008                     	;# 
  2815     0009                     	;# 
  2816     000A                     	;# 
  2817     000B                     	;# 
  2818     000C                     	;# 
  2819     000D                     	;# 
  2820     000E                     	;# 
  2821     000F                     	;# 
  2822     0010                     	;# 
  2823     0012                     	;# 
  2824     0013                     	;# 
  2825     0014                     	;# 
  2826     0015                     	;# 
  2827     0016                     	;# 
  2828     0018                     	;# 
  2829     0019                     	;# 
  2830     001A                     	;# 
  2831     001B                     	;# 
  2832     001C                     	;# 
  2833     008C                     	;# 
  2834     008D                     	;# 
  2835     008E                     	;# 
  2836     008F                     	;# 
  2837     0090                     	;# 
  2838     0096                     	;# 
  2839     0097                     	;# 
  2840     0098                     	;# 
  2841     0099                     	;# 
  2842     009A                     	;# 
  2843     018C                     	;# 
  2844     018D                     	;# 
  2845     018E                     	;# 
  2846     018F                     	;# 
  2847     019C                     	;# 
  2848     019C                     	;# 
  2849     019D                     	;# 
  2850     019D                     	;# 
  2851     019E                     	;# 
  2852     019F                     	;# 
  2853     020E                     	;# 
  2854     020F                     	;# 
  2855     0210                     	;# 
  2856     0211                     	;# 
  2857     0212                     	;# 
  2858     0213                     	;# 
  2859     0214                     	;# 
  2860     028C                     	;# 
  2861     028C                     	;# 
  2862     028D                     	;# 
  2863     028E                     	;# 
  2864     028F                     	;# 
  2865     028F                     	;# 
  2866     0290                     	;# 
  2867     0290                     	;# 
  2868     0291                     	;# 
  2869     0291                     	;# 
  2870     0292                     	;# 
  2871     0292                     	;# 
  2872     0293                     	;# 
  2873     0294                     	;# 
  2874     0295                     	;# 
  2875     0295                     	;# 
  2876     0296                     	;# 
  2877     0296                     	;# 
  2878     0297                     	;# 
  2879     0297                     	;# 
  2880     030C                     	;# 
  2881     030C                     	;# 
  2882     030D                     	;# 
  2883     030D                     	;# 
  2884     030E                     	;# 
  2885     030F                     	;# 
  2886     0310                     	;# 
  2887     0310                     	;# 
  2888     0311                     	;# 
  2889     0312                     	;# 
  2890     0312                     	;# 
  2891     0313                     	;# 
  2892     0313                     	;# 
  2893     0314                     	;# 
  2894     0315                     	;# 
  2895     0316                     	;# 
  2896     0316                     	;# 
  2897     0317                     	;# 
  2898     0318                     	;# 
  2899     0318                     	;# 
  2900     0319                     	;# 
  2901     0319                     	;# 
  2902     031A                     	;# 
  2903     031B                     	;# 
  2904     031C                     	;# 
  2905     031C                     	;# 
  2906     031D                     	;# 
  2907     038C                     	;# 
  2908     038C                     	;# 
  2909     038D                     	;# 
  2910     038E                     	;# 
  2911     038F                     	;# 
  2912     0390                     	;# 
  2913     0390                     	;# 
  2914     0391                     	;# 
  2915     0392                     	;# 
  2916     0393                     	;# 
  2917     039F                     	;# 
  2918     040C                     	;# 
  2919     040C                     	;# 
  2920     040D                     	;# 
  2921     040E                     	;# 
  2922     040F                     	;# 
  2923     040F                     	;# 
  2924     0410                     	;# 
  2925     0411                     	;# 
  2926     0412                     	;# 
  2927     0412                     	;# 
  2928     0413                     	;# 
  2929     0414                     	;# 
  2930     041F                     	;# 
  2931     048C                     	;# 
  2932     048C                     	;# 
  2933     048D                     	;# 
  2934     048E                     	;# 
  2935     048F                     	;# 
  2936     048F                     	;# 
  2937     0490                     	;# 
  2938     0491                     	;# 
  2939     0492                     	;# 
  2940     0493                     	;# 
  2941     050C                     	;# 
  2942     050C                     	;# 
  2943     050D                     	;# 
  2944     050D                     	;# 
  2945     050E                     	;# 
  2946     050F                     	;# 
  2947     0510                     	;# 
  2948     0511                     	;# 
  2949     0512                     	;# 
  2950     0513                     	;# 
  2951     0514                     	;# 
  2952     058C                     	;# 
  2953     058D                     	;# 
  2954     058E                     	;# 
  2955     058F                     	;# 
  2956     0590                     	;# 
  2957     0591                     	;# 
  2958     0592                     	;# 
  2959     0593                     	;# 
  2960     0594                     	;# 
  2961     0595                     	;# 
  2962     0596                     	;# 
  2963     0597                     	;# 
  2964     060C                     	;# 
  2965     060D                     	;# 
  2966     060E                     	;# 
  2967     060E                     	;# 
  2968     060F                     	;# 
  2969     0610                     	;# 
  2970     0611                     	;# 
  2971     0612                     	;# 
  2972     0616                     	;# 
  2973     0617                     	;# 
  2974     0618                     	;# 
  2975     0618                     	;# 
  2976     0619                     	;# 
  2977     061A                     	;# 
  2978     061B                     	;# 
  2979     061C                     	;# 
  2980     068C                     	;# 
  2981     068D                     	;# 
  2982     068E                     	;# 
  2983     068F                     	;# 
  2984     0690                     	;# 
  2985     0691                     	;# 
  2986     0692                     	;# 
  2987     0696                     	;# 
  2988     0697                     	;# 
  2989     0698                     	;# 
  2990     0699                     	;# 
  2991     069A                     	;# 
  2992     069B                     	;# 
  2993     069C                     	;# 
  2994     100C                     	;# 
  2995     100D                     	;# 
  2996     101F                     	;# 
  2997     108C                     	;# 
  2998     108D                     	;# 
  2999     108E                     	;# 
  3000     108F                     	;# 
  3001     109F                     	;# 
  3002     109F                     	;# 
  3003     110C                     	;# 
  3004     110D                     	;# 
  3005     1C8C                     	;# 
  3006     1C8C                     	;# 
  3007     1C8D                     	;# 
  3008     1C8E                     	;# 
  3009     1C8E                     	;# 
  3010     1C8F                     	;# 
  3011     1C90                     	;# 
  3012     1C91                     	;# 
  3013     1D0C                     	;# 
  3014     1D0C                     	;# 
  3015     1D0D                     	;# 
  3016     1D0E                     	;# 
  3017     1D0E                     	;# 
  3018     1D0F                     	;# 
  3019     1D10                     	;# 
  3020     1D10                     	;# 
  3021     1D11                     	;# 
  3022     1D12                     	;# 
  3023     1D12                     	;# 
  3024     1D13                     	;# 
  3025     1D14                     	;# 
  3026     1D14                     	;# 
  3027     1D15                     	;# 
  3028     1D16                     	;# 
  3029     1D16                     	;# 
  3030     1D17                     	;# 
  3031     1D18                     	;# 
  3032     1D19                     	;# 
  3033     1D1A                     	;# 
  3034     1D1B                     	;# 
  3035     1D1B                     	;# 
  3036     1D1C                     	;# 
  3037     1D1D                     	;# 
  3038     1D1D                     	;# 
  3039     1D1E                     	;# 
  3040     1D1F                     	;# 
  3041     1D21                     	;# 
  3042     1D21                     	;# 
  3043     1D22                     	;# 
  3044     1D23                     	;# 
  3045     1D24                     	;# 
  3046     1D24                     	;# 
  3047     1D25                     	;# 
  3048     1D26                     	;# 
  3049     1D27                     	;# 
  3050     1D28                     	;# 
  3051     1D29                     	;# 
  3052     1D2A                     	;# 
  3053     1D2B                     	;# 
  3054     1D2C                     	;# 
  3055     1D2D                     	;# 
  3056     1D2E                     	;# 
  3057     1D2F                     	;# 
  3058     1D30                     	;# 
  3059     1D31                     	;# 
  3060     1D32                     	;# 
  3061     1D8C                     	;# 
  3062     1D8D                     	;# 
  3063     1D8E                     	;# 
  3064     1D8F                     	;# 
  3065     1D90                     	;# 
  3066     1D91                     	;# 
  3067     1D92                     	;# 
  3068     1D93                     	;# 
  3069     1D94                     	;# 
  3070     1D95                     	;# 
  3071     1D96                     	;# 
  3072     1D97                     	;# 
  3073     1D98                     	;# 
  3074     1D99                     	;# 
  3075     1D9A                     	;# 
  3076     1D9B                     	;# 
  3077     1D9C                     	;# 
  3078     1D9D                     	;# 
  3079     1D9E                     	;# 
  3080     1D9F                     	;# 
  3081     1DA0                     	;# 
  3082     1DA1                     	;# 
  3083     1DA2                     	;# 
  3084     1DA3                     	;# 
  3085     1DA4                     	;# 
  3086     1DA5                     	;# 
  3087     1DA6                     	;# 
  3088     1DA7                     	;# 
  3089     1DA8                     	;# 
  3090     1DA9                     	;# 
  3091     1DAA                     	;# 
  3092     1DAB                     	;# 
  3093     1DAC                     	;# 
  3094     1DAD                     	;# 
  3095     1DAE                     	;# 
  3096     1E0C                     	;# 
  3097     1E0D                     	;# 
  3098     1E0E                     	;# 
  3099     1E0F                     	;# 
  3100     1E10                     	;# 
  3101     1E11                     	;# 
  3102     1E12                     	;# 
  3103     1E19                     	;# 
  3104     1E1A                     	;# 
  3105     1E1B                     	;# 
  3106     1E1E                     	;# 
  3107     1E1F                     	;# 
  3108     1E39                     	;# 
  3109     1E3D                     	;# 
  3110     1E3E                     	;# 
  3111     1E3F                     	;# 
  3112     1E40                     	;# 
  3113     1E41                     	;# 
  3114     1E41                     	;# 
  3115     1E42                     	;# 
  3116     1E42                     	;# 
  3117     1E43                     	;# 
  3118     1E43                     	;# 
  3119     1E44                     	;# 
  3120     1E44                     	;# 
  3121     1E47                     	;# 
  3122     1E48                     	;# 
  3123     1E49                     	;# 
  3124     1E4A                     	;# 
  3125     1E4B                     	;# 
  3126     1E4C                     	;# 
  3127     1E50                     	;# 
  3128     1E8C                     	;# 
  3129     1E8D                     	;# 
  3130     1E8E                     	;# 
  3131     1E8F                     	;# 
  3132     1E90                     	;# 
  3133     1E91                     	;# 
  3134     1E92                     	;# 
  3135     1E93                     	;# 
  3136     1E96                     	;# 
  3137     1E97                     	;# 
  3138     1E98                     	;# 
  3139     1E99                     	;# 
  3140     1E9A                     	;# 
  3141     1E9B                     	;# 
  3142     1E9C                     	;# 
  3143     1E9D                     	;# 
  3144     1EA0                     	;# 
  3145     1EA1                     	;# 
  3146     1EA2                     	;# 
  3147     1EA3                     	;# 
  3148     1EA4                     	;# 
  3149     1EA5                     	;# 
  3150     1EA6                     	;# 
  3151     1EA7                     	;# 
  3152     1EAA                     	;# 
  3153     1EAB                     	;# 
  3154     1EAC                     	;# 
  3155     1EAD                     	;# 
  3156     1EAE                     	;# 
  3157     1EB4                     	;# 
  3158     1EB5                     	;# 
  3159     1EB6                     	;# 
  3160     1EB7                     	;# 
  3161     1EB8                     	;# 
  3162     1EB9                     	;# 
  3163     1EBA                     	;# 
  3164     1EBB                     	;# 
  3165     1EE3                     	;# 
  3166     1EE4                     	;# 
  3167     1EEB                     	;# 
  3168     1EEC                     	;# 
  3169     1EEE                     	;# 
  3170     1EEF                     	;# 
  3171     1F0C                     	;# 
  3172     1F0D                     	;# 
  3173     1F0E                     	;# 
  3174     1FE4                     	;# 
  3175     1FE5                     	;# 
  3176     1FE6                     	;# 
  3177     1FE7                     	;# 
  3178     1FE8                     	;# 
  3179     1FE8                     	;# 
  3180     1FE9                     	;# 
  3181     1FEA                     	;# 
  3182     1FEA                     	;# 
  3183     1FEB                     	;# 
  3184     1FED                     	;# 
  3185     1FEE                     	;# 
  3186     1FEF                     	;# 
  3187     0000                     	;# 
  3188     0001                     	;# 
  3189     0002                     	;# 
  3190     0003                     	;# 
  3191     0004                     	;# 
  3192     0005                     	;# 
  3193     0006                     	;# 
  3194     0007                     	;# 
  3195     0008                     	;# 
  3196     0009                     	;# 
  3197     000A                     	;# 
  3198     000B                     	;# 
  3199     000C                     	;# 
  3200     000D                     	;# 
  3201     000E                     	;# 
  3202     000F                     	;# 
  3203     0010                     	;# 
  3204     0012                     	;# 
  3205     0013                     	;# 
  3206     0014                     	;# 
  3207     0015                     	;# 
  3208     0016                     	;# 
  3209     0018                     	;# 
  3210     0019                     	;# 
  3211     001A                     	;# 
  3212     001B                     	;# 
  3213     001C                     	;# 
  3214     008C                     	;# 
  3215     008D                     	;# 
  3216     008E                     	;# 
  3217     008F                     	;# 
  3218     0090                     	;# 
  3219     0096                     	;# 
  3220     0097                     	;# 
  3221     0098                     	;# 
  3222     0099                     	;# 
  3223     009A                     	;# 
  3224     018C                     	;# 
  3225     018D                     	;# 
  3226     018E                     	;# 
  3227     018F                     	;# 
  3228     019C                     	;# 
  3229     019C                     	;# 
  3230     019D                     	;# 
  3231     019D                     	;# 
  3232     019E                     	;# 
  3233     019F                     	;# 
  3234     020E                     	;# 
  3235     020F                     	;# 
  3236     0210                     	;# 
  3237     0211                     	;# 
  3238     0212                     	;# 
  3239     0213                     	;# 
  3240     0214                     	;# 
  3241     028C                     	;# 
  3242     028C                     	;# 
  3243     028D                     	;# 
  3244     028E                     	;# 
  3245     028F                     	;# 
  3246     028F                     	;# 
  3247     0290                     	;# 
  3248     0290                     	;# 
  3249     0291                     	;# 
  3250     0291                     	;# 
  3251     0292                     	;# 
  3252     0292                     	;# 
  3253     0293                     	;# 
  3254     0294                     	;# 
  3255     0295                     	;# 
  3256     0295                     	;# 
  3257     0296                     	;# 
  3258     0296                     	;# 
  3259     0297                     	;# 
  3260     0297                     	;# 
  3261     030C                     	;# 
  3262     030C                     	;# 
  3263     030D                     	;# 
  3264     030D                     	;# 
  3265     030E                     	;# 
  3266     030F                     	;# 
  3267     0310                     	;# 
  3268     0310                     	;# 
  3269     0311                     	;# 
  3270     0312                     	;# 
  3271     0312                     	;# 
  3272     0313                     	;# 
  3273     0313                     	;# 
  3274     0314                     	;# 
  3275     0315                     	;# 
  3276     0316                     	;# 
  3277     0316                     	;# 
  3278     0317                     	;# 
  3279     0318                     	;# 
  3280     0318                     	;# 
  3281     0319                     	;# 
  3282     0319                     	;# 
  3283     031A                     	;# 
  3284     031B                     	;# 
  3285     031C                     	;# 
  3286     031C                     	;# 
  3287     031D                     	;# 
  3288     038C                     	;# 
  3289     038C                     	;# 
  3290     038D                     	;# 
  3291     038E                     	;# 
  3292     038F                     	;# 
  3293     0390                     	;# 
  3294     0390                     	;# 
  3295     0391                     	;# 
  3296     0392                     	;# 
  3297     0393                     	;# 
  3298     039F                     	;# 
  3299     040C                     	;# 
  3300     040C                     	;# 
  3301     040D                     	;# 
  3302     040E                     	;# 
  3303     040F                     	;# 
  3304     040F                     	;# 
  3305     0410                     	;# 
  3306     0411                     	;# 
  3307     0412                     	;# 
  3308     0412                     	;# 
  3309     0413                     	;# 
  3310     0414                     	;# 
  3311     041F                     	;# 
  3312     048C                     	;# 
  3313     048C                     	;# 
  3314     048D                     	;# 
  3315     048E                     	;# 
  3316     048F                     	;# 
  3317     048F                     	;# 
  3318     0490                     	;# 
  3319     0491                     	;# 
  3320     0492                     	;# 
  3321     0493                     	;# 
  3322     050C                     	;# 
  3323     050C                     	;# 
  3324     050D                     	;# 
  3325     050D                     	;# 
  3326     050E                     	;# 
  3327     050F                     	;# 
  3328     0510                     	;# 
  3329     0511                     	;# 
  3330     0512                     	;# 
  3331     0513                     	;# 
  3332     0514                     	;# 
  3333     058C                     	;# 
  3334     058D                     	;# 
  3335     058E                     	;# 
  3336     058F                     	;# 
  3337     0590                     	;# 
  3338     0591                     	;# 
  3339     0592                     	;# 
  3340     0593                     	;# 
  3341     0594                     	;# 
  3342     0595                     	;# 
  3343     0596                     	;# 
  3344     0597                     	;# 
  3345     060C                     	;# 
  3346     060D                     	;# 
  3347     060E                     	;# 
  3348     060E                     	;# 
  3349     060F                     	;# 
  3350     0610                     	;# 
  3351     0611                     	;# 
  3352     0612                     	;# 
  3353     0616                     	;# 
  3354     0617                     	;# 
  3355     0618                     	;# 
  3356     0618                     	;# 
  3357     0619                     	;# 
  3358     061A                     	;# 
  3359     061B                     	;# 
  3360     061C                     	;# 
  3361     068C                     	;# 
  3362     068D                     	;# 
  3363     068E                     	;# 
  3364     068F                     	;# 
  3365     0690                     	;# 
  3366     0691                     	;# 
  3367     0692                     	;# 
  3368     0696                     	;# 
  3369     0697                     	;# 
  3370     0698                     	;# 
  3371     0699                     	;# 
  3372     069A                     	;# 
  3373     069B                     	;# 
  3374     069C                     	;# 
  3375     100C                     	;# 
  3376     100D                     	;# 
  3377     101F                     	;# 
  3378     108C                     	;# 
  3379     108D                     	;# 
  3380     108E                     	;# 
  3381     108F                     	;# 
  3382     109F                     	;# 
  3383     109F                     	;# 
  3384     110C                     	;# 
  3385     110D                     	;# 
  3386     1C8C                     	;# 
  3387     1C8C                     	;# 
  3388     1C8D                     	;# 
  3389     1C8E                     	;# 
  3390     1C8E                     	;# 
  3391     1C8F                     	;# 
  3392     1C90                     	;# 
  3393     1C91                     	;# 
  3394     1D0C                     	;# 
  3395     1D0C                     	;# 
  3396     1D0D                     	;# 
  3397     1D0E                     	;# 
  3398     1D0E                     	;# 
  3399     1D0F                     	;# 
  3400     1D10                     	;# 
  3401     1D10                     	;# 
  3402     1D11                     	;# 
  3403     1D12                     	;# 
  3404     1D12                     	;# 
  3405     1D13                     	;# 
  3406     1D14                     	;# 
  3407     1D14                     	;# 
  3408     1D15                     	;# 
  3409     1D16                     	;# 
  3410     1D16                     	;# 
  3411     1D17                     	;# 
  3412     1D18                     	;# 
  3413     1D19                     	;# 
  3414     1D1A                     	;# 
  3415     1D1B                     	;# 
  3416     1D1B                     	;# 
  3417     1D1C                     	;# 
  3418     1D1D                     	;# 
  3419     1D1D                     	;# 
  3420     1D1E                     	;# 
  3421     1D1F                     	;# 
  3422     1D21                     	;# 
  3423     1D21                     	;# 
  3424     1D22                     	;# 
  3425     1D23                     	;# 
  3426     1D24                     	;# 
  3427     1D24                     	;# 
  3428     1D25                     	;# 
  3429     1D26                     	;# 
  3430     1D27                     	;# 
  3431     1D28                     	;# 
  3432     1D29                     	;# 
  3433     1D2A                     	;# 
  3434     1D2B                     	;# 
  3435     1D2C                     	;# 
  3436     1D2D                     	;# 
  3437     1D2E                     	;# 
  3438     1D2F                     	;# 
  3439     1D30                     	;# 
  3440     1D31                     	;# 
  3441     1D32                     	;# 
  3442     1D8C                     	;# 
  3443     1D8D                     	;# 
  3444     1D8E                     	;# 
  3445     1D8F                     	;# 
  3446     1D90                     	;# 
  3447     1D91                     	;# 
  3448     1D92                     	;# 
  3449     1D93                     	;# 
  3450     1D94                     	;# 
  3451     1D95                     	;# 
  3452     1D96                     	;# 
  3453     1D97                     	;# 
  3454     1D98                     	;# 
  3455     1D99                     	;# 
  3456     1D9A                     	;# 
  3457     1D9B                     	;# 
  3458     1D9C                     	;# 
  3459     1D9D                     	;# 
  3460     1D9E                     	;# 
  3461     1D9F                     	;# 
  3462     1DA0                     	;# 
  3463     1DA1                     	;# 
  3464     1DA2                     	;# 
  3465     1DA3                     	;# 
  3466     1DA4                     	;# 
  3467     1DA5                     	;# 
  3468     1DA6                     	;# 
  3469     1DA7                     	;# 
  3470     1DA8                     	;# 
  3471     1DA9                     	;# 
  3472     1DAA                     	;# 
  3473     1DAB                     	;# 
  3474     1DAC                     	;# 
  3475     1DAD                     	;# 
  3476     1DAE                     	;# 
  3477     1E0C                     	;# 
  3478     1E0D                     	;# 
  3479     1E0E                     	;# 
  3480     1E0F                     	;# 
  3481     1E10                     	;# 
  3482     1E11                     	;# 
  3483     1E12                     	;# 
  3484     1E19                     	;# 
  3485     1E1A                     	;# 
  3486     1E1B                     	;# 
  3487     1E1E                     	;# 
  3488     1E1F                     	;# 
  3489     1E39                     	;# 
  3490     1E3D                     	;# 
  3491     1E3E                     	;# 
  3492     1E3F                     	;# 
  3493     1E40                     	;# 
  3494     1E41                     	;# 
  3495     1E41                     	;# 
  3496     1E42                     	;# 
  3497     1E42                     	;# 
  3498     1E43                     	;# 
  3499     1E43                     	;# 
  3500     1E44                     	;# 
  3501     1E44                     	;# 
  3502     1E47                     	;# 
  3503     1E48                     	;# 
  3504     1E49                     	;# 
  3505     1E4A                     	;# 
  3506     1E4B                     	;# 
  3507     1E4C                     	;# 
  3508     1E50                     	;# 
  3509     1E8C                     	;# 
  3510     1E8D                     	;# 
  3511     1E8E                     	;# 
  3512     1E8F                     	;# 
  3513     1E90                     	;# 
  3514     1E91                     	;# 
  3515     1E92                     	;# 
  3516     1E93                     	;# 
  3517     1E96                     	;# 
  3518     1E97                     	;# 
  3519     1E98                     	;# 
  3520     1E99                     	;# 
  3521     1E9A                     	;# 
  3522     1E9B                     	;# 
  3523     1E9C                     	;# 
  3524     1E9D                     	;# 
  3525     1EA0                     	;# 
  3526     1EA1                     	;# 
  3527     1EA2                     	;# 
  3528     1EA3                     	;# 
  3529     1EA4                     	;# 
  3530     1EA5                     	;# 
  3531     1EA6                     	;# 
  3532     1EA7                     	;# 
  3533     1EAA                     	;# 
  3534     1EAB                     	;# 
  3535     1EAC                     	;# 
  3536     1EAD                     	;# 
  3537     1EAE                     	;# 
  3538     1EB4                     	;# 
  3539     1EB5                     	;# 
  3540     1EB6                     	;# 
  3541     1EB7                     	;# 
  3542     1EB8                     	;# 
  3543     1EB9                     	;# 
  3544     1EBA                     	;# 
  3545     1EBB                     	;# 
  3546     1EE3                     	;# 
  3547     1EE4                     	;# 
  3548     1EEB                     	;# 
  3549     1EEC                     	;# 
  3550     1EEE                     	;# 
  3551     1EEF                     	;# 
  3552     1F0C                     	;# 
  3553     1F0D                     	;# 
  3554     1F0E                     	;# 
  3555     1FE4                     	;# 
  3556     1FE5                     	;# 
  3557     1FE6                     	;# 
  3558     1FE7                     	;# 
  3559     1FE8                     	;# 
  3560     1FE8                     	;# 
  3561     1FE9                     	;# 
  3562     1FEA                     	;# 
  3563     1FEA                     	;# 
  3564     1FEB                     	;# 
  3565     1FED                     	;# 
  3566     1FEE                     	;# 
  3567     1FEF                     	;# 
  3568     0000                     	;# 
  3569     0001                     	;# 
  3570     0002                     	;# 
  3571     0003                     	;# 
  3572     0004                     	;# 
  3573     0005                     	;# 
  3574     0006                     	;# 
  3575     0007                     	;# 
  3576     0008                     	;# 
  3577     0009                     	;# 
  3578     000A                     	;# 
  3579     000B                     	;# 
  3580     000C                     	;# 
  3581     000D                     	;# 
  3582     000E                     	;# 
  3583     000F                     	;# 
  3584     0010                     	;# 
  3585     0012                     	;# 
  3586     0013                     	;# 
  3587     0014                     	;# 
  3588     0015                     	;# 
  3589     0016                     	;# 
  3590     0018                     	;# 
  3591     0019                     	;# 
  3592     001A                     	;# 
  3593     001B                     	;# 
  3594     001C                     	;# 
  3595     008C                     	;# 
  3596     008D                     	;# 
  3597     008E                     	;# 
  3598     008F                     	;# 
  3599     0090                     	;# 
  3600     0096                     	;# 
  3601     0097                     	;# 
  3602     0098                     	;# 
  3603     0099                     	;# 
  3604     009A                     	;# 
  3605     018C                     	;# 
  3606     018D                     	;# 
  3607     018E                     	;# 
  3608     018F                     	;# 
  3609     019C                     	;# 
  3610     019C                     	;# 
  3611     019D                     	;# 
  3612     019D                     	;# 
  3613     019E                     	;# 
  3614     019F                     	;# 
  3615     020E                     	;# 
  3616     020F                     	;# 
  3617     0210                     	;# 
  3618     0211                     	;# 
  3619     0212                     	;# 
  3620     0213                     	;# 
  3621     0214                     	;# 
  3622     028C                     	;# 
  3623     028C                     	;# 
  3624     028D                     	;# 
  3625     028E                     	;# 
  3626     028F                     	;# 
  3627     028F                     	;# 
  3628     0290                     	;# 
  3629     0290                     	;# 
  3630     0291                     	;# 
  3631     0291                     	;# 
  3632     0292                     	;# 
  3633     0292                     	;# 
  3634     0293                     	;# 
  3635     0294                     	;# 
  3636     0295                     	;# 
  3637     0295                     	;# 
  3638     0296                     	;# 
  3639     0296                     	;# 
  3640     0297                     	;# 
  3641     0297                     	;# 
  3642     030C                     	;# 
  3643     030C                     	;# 
  3644     030D                     	;# 
  3645     030D                     	;# 
  3646     030E                     	;# 
  3647     030F                     	;# 
  3648     0310                     	;# 
  3649     0310                     	;# 
  3650     0311                     	;# 
  3651     0312                     	;# 
  3652     0312                     	;# 
  3653     0313                     	;# 
  3654     0313                     	;# 
  3655     0314                     	;# 
  3656     0315                     	;# 
  3657     0316                     	;# 
  3658     0316                     	;# 
  3659     0317                     	;# 
  3660     0318                     	;# 
  3661     0318                     	;# 
  3662     0319                     	;# 
  3663     0319                     	;# 
  3664     031A                     	;# 
  3665     031B                     	;# 
  3666     031C                     	;# 
  3667     031C                     	;# 
  3668     031D                     	;# 
  3669     038C                     	;# 
  3670     038C                     	;# 
  3671     038D                     	;# 
  3672     038E                     	;# 
  3673     038F                     	;# 
  3674     0390                     	;# 
  3675     0390                     	;# 
  3676     0391                     	;# 
  3677     0392                     	;# 
  3678     0393                     	;# 
  3679     039F                     	;# 
  3680     040C                     	;# 
  3681     040C                     	;# 
  3682     040D                     	;# 
  3683     040E                     	;# 
  3684     040F                     	;# 
  3685     040F                     	;# 
  3686     0410                     	;# 
  3687     0411                     	;# 
  3688     0412                     	;# 
  3689     0412                     	;# 
  3690     0413                     	;# 
  3691     0414                     	;# 
  3692     041F                     	;# 
  3693     048C                     	;# 
  3694     048C                     	;# 
  3695     048D                     	;# 
  3696     048E                     	;# 
  3697     048F                     	;# 
  3698     048F                     	;# 
  3699     0490                     	;# 
  3700     0491                     	;# 
  3701     0492                     	;# 
  3702     0493                     	;# 
  3703     050C                     	;# 
  3704     050C                     	;# 
  3705     050D                     	;# 
  3706     050D                     	;# 
  3707     050E                     	;# 
  3708     050F                     	;# 
  3709     0510                     	;# 
  3710     0511                     	;# 
  3711     0512                     	;# 
  3712     0513                     	;# 
  3713     0514                     	;# 
  3714     058C                     	;# 
  3715     058D                     	;# 
  3716     058E                     	;# 
  3717     058F                     	;# 
  3718     0590                     	;# 
  3719     0591                     	;# 
  3720     0592                     	;# 
  3721     0593                     	;# 
  3722     0594                     	;# 
  3723     0595                     	;# 
  3724     0596                     	;# 
  3725     0597                     	;# 
  3726     060C                     	;# 
  3727     060D                     	;# 
  3728     060E                     	;# 
  3729     060E                     	;# 
  3730     060F                     	;# 
  3731     0610                     	;# 
  3732     0611                     	;# 
  3733     0612                     	;# 
  3734     0616                     	;# 
  3735     0617                     	;# 
  3736     0618                     	;# 
  3737     0618                     	;# 
  3738     0619                     	;# 
  3739     061A                     	;# 
  3740     061B                     	;# 
  3741     061C                     	;# 
  3742     068C                     	;# 
  3743     068D                     	;# 
  3744     068E                     	;# 
  3745     068F                     	;# 
  3746     0690                     	;# 
  3747     0691                     	;# 
  3748     0692                     	;# 
  3749     0696                     	;# 
  3750     0697                     	;# 
  3751     0698                     	;# 
  3752     0699                     	;# 
  3753     069A                     	;# 
  3754     069B                     	;# 
  3755     069C                     	;# 
  3756     100C                     	;# 
  3757     100D                     	;# 
  3758     101F                     	;# 
  3759     108C                     	;# 
  3760     108D                     	;# 
  3761     108E                     	;# 
  3762     108F                     	;# 
  3763     109F                     	;# 
  3764     109F                     	;# 
  3765     110C                     	;# 
  3766     110D                     	;# 
  3767     1C8C                     	;# 
  3768     1C8C                     	;# 
  3769     1C8D                     	;# 
  3770     1C8E                     	;# 
  3771     1C8E                     	;# 
  3772     1C8F                     	;# 
  3773     1C90                     	;# 
  3774     1C91                     	;# 
  3775     1D0C                     	;# 
  3776     1D0C                     	;# 
  3777     1D0D                     	;# 
  3778     1D0E                     	;# 
  3779     1D0E                     	;# 
  3780     1D0F                     	;# 
  3781     1D10                     	;# 
  3782     1D10                     	;# 
  3783     1D11                     	;# 
  3784     1D12                     	;# 
  3785     1D12                     	;# 
  3786     1D13                     	;# 
  3787     1D14                     	;# 
  3788     1D14                     	;# 
  3789     1D15                     	;# 
  3790     1D16                     	;# 
  3791     1D16                     	;# 
  3792     1D17                     	;# 
  3793     1D18                     	;# 
  3794     1D19                     	;# 
  3795     1D1A                     	;# 
  3796     1D1B                     	;# 
  3797     1D1B                     	;# 
  3798     1D1C                     	;# 
  3799     1D1D                     	;# 
  3800     1D1D                     	;# 
  3801     1D1E                     	;# 
  3802     1D1F                     	;# 
  3803     1D21                     	;# 
  3804     1D21                     	;# 
  3805     1D22                     	;# 
  3806     1D23                     	;# 
  3807     1D24                     	;# 
  3808     1D24                     	;# 
  3809     1D25                     	;# 
  3810     1D26                     	;# 
  3811     1D27                     	;# 
  3812     1D28                     	;# 
  3813     1D29                     	;# 
  3814     1D2A                     	;# 
  3815     1D2B                     	;# 
  3816     1D2C                     	;# 
  3817     1D2D                     	;# 
  3818     1D2E                     	;# 
  3819     1D2F                     	;# 
  3820     1D30                     	;# 
  3821     1D31                     	;# 
  3822     1D32                     	;# 
  3823     1D8C                     	;# 
  3824     1D8D                     	;# 
  3825     1D8E                     	;# 
  3826     1D8F                     	;# 
  3827     1D90                     	;# 
  3828     1D91                     	;# 
  3829     1D92                     	;# 
  3830     1D93                     	;# 
  3831     1D94                     	;# 
  3832     1D95                     	;# 
  3833     1D96                     	;# 
  3834     1D97                     	;# 
  3835     1D98                     	;# 
  3836     1D99                     	;# 
  3837     1D9A                     	;# 
  3838     1D9B                     	;# 
  3839     1D9C                     	;# 
  3840     1D9D                     	;# 
  3841     1D9E                     	;# 
  3842     1D9F                     	;# 
  3843     1DA0                     	;# 
  3844     1DA1                     	;# 
  3845     1DA2                     	;# 
  3846     1DA3                     	;# 
  3847     1DA4                     	;# 
  3848     1DA5                     	;# 
  3849     1DA6                     	;# 
  3850     1DA7                     	;# 
  3851     1DA8                     	;# 
  3852     1DA9                     	;# 
  3853     1DAA                     	;# 
  3854     1DAB                     	;# 
  3855     1DAC                     	;# 
  3856     1DAD                     	;# 
  3857     1DAE                     	;# 
  3858     1E0C                     	;# 
  3859     1E0D                     	;# 
  3860     1E0E                     	;# 
  3861     1E0F                     	;# 
  3862     1E10                     	;# 
  3863     1E11                     	;# 
  3864     1E12                     	;# 
  3865     1E19                     	;# 
  3866     1E1A                     	;# 
  3867     1E1B                     	;# 
  3868     1E1E                     	;# 
  3869     1E1F                     	;# 
  3870     1E39                     	;# 
  3871     1E3D                     	;# 
  3872     1E3E                     	;# 
  3873     1E3F                     	;# 
  3874     1E40                     	;# 
  3875     1E41                     	;# 
  3876     1E41                     	;# 
  3877     1E42                     	;# 
  3878     1E42                     	;# 
  3879     1E43                     	;# 
  3880     1E43                     	;# 
  3881     1E44                     	;# 
  3882     1E44                     	;# 
  3883     1E47                     	;# 
  3884     1E48                     	;# 
  3885     1E49                     	;# 
  3886     1E4A                     	;# 
  3887     1E4B                     	;# 
  3888     1E4C                     	;# 
  3889     1E50                     	;# 
  3890     1E8C                     	;# 
  3891     1E8D                     	;# 
  3892     1E8E                     	;# 
  3893     1E8F                     	;# 
  3894     1E90                     	;# 
  3895     1E91                     	;# 
  3896     1E92                     	;# 
  3897     1E93                     	;# 
  3898     1E96                     	;# 
  3899     1E97                     	;# 
  3900     1E98                     	;# 
  3901     1E99                     	;# 
  3902     1E9A                     	;# 
  3903     1E9B                     	;# 
  3904     1E9C                     	;# 
  3905     1E9D                     	;# 
  3906     1EA0                     	;# 
  3907     1EA1                     	;# 
  3908     1EA2                     	;# 
  3909     1EA3                     	;# 
  3910     1EA4                     	;# 
  3911     1EA5                     	;# 
  3912     1EA6                     	;# 
  3913     1EA7                     	;# 
  3914     1EAA                     	;# 
  3915     1EAB                     	;# 
  3916     1EAC                     	;# 
  3917     1EAD                     	;# 
  3918     1EAE                     	;# 
  3919     1EB4                     	;# 
  3920     1EB5                     	;# 
  3921     1EB6                     	;# 
  3922     1EB7                     	;# 
  3923     1EB8                     	;# 
  3924     1EB9                     	;# 
  3925     1EBA                     	;# 
  3926     1EBB                     	;# 
  3927     1EE3                     	;# 
  3928     1EE4                     	;# 
  3929     1EEB                     	;# 
  3930     1EEC                     	;# 
  3931     1EEE                     	;# 
  3932     1EEF                     	;# 
  3933     1F0C                     	;# 
  3934     1F0D                     	;# 
  3935     1F0E                     	;# 
  3936     1FE4                     	;# 
  3937     1FE5                     	;# 
  3938     1FE6                     	;# 
  3939     1FE7                     	;# 
  3940     1FE8                     	;# 
  3941     1FE8                     	;# 
  3942     1FE9                     	;# 
  3943     1FEA                     	;# 
  3944     1FEA                     	;# 
  3945     1FEB                     	;# 
  3946     1FED                     	;# 
  3947     1FEE                     	;# 
  3948     1FEF                     	;# 
  3949     0000                     	;# 
  3950     0001                     	;# 
  3951     0002                     	;# 
  3952     0003                     	;# 
  3953     0004                     	;# 
  3954     0005                     	;# 
  3955     0006                     	;# 
  3956     0007                     	;# 
  3957     0008                     	;# 
  3958     0009                     	;# 
  3959     000A                     	;# 
  3960     000B                     	;# 
  3961     000C                     	;# 
  3962     000D                     	;# 
  3963     000E                     	;# 
  3964     000F                     	;# 
  3965     0010                     	;# 
  3966     0012                     	;# 
  3967     0013                     	;# 
  3968     0014                     	;# 
  3969     0015                     	;# 
  3970     0016                     	;# 
  3971     0018                     	;# 
  3972     0019                     	;# 
  3973     001A                     	;# 
  3974     001B                     	;# 
  3975     001C                     	;# 
  3976     008C                     	;# 
  3977     008D                     	;# 
  3978     008E                     	;# 
  3979     008F                     	;# 
  3980     0090                     	;# 
  3981     0096                     	;# 
  3982     0097                     	;# 
  3983     0098                     	;# 
  3984     0099                     	;# 
  3985     009A                     	;# 
  3986     018C                     	;# 
  3987     018D                     	;# 
  3988     018E                     	;# 
  3989     018F                     	;# 
  3990     019C                     	;# 
  3991     019C                     	;# 
  3992     019D                     	;# 
  3993     019D                     	;# 
  3994     019E                     	;# 
  3995     019F                     	;# 
  3996     020E                     	;# 
  3997     020F                     	;# 
  3998     0210                     	;# 
  3999     0211                     	;# 
  4000     0212                     	;# 
  4001     0213                     	;# 
  4002     0214                     	;# 
  4003     028C                     	;# 
  4004     028C                     	;# 
  4005     028D                     	;# 
  4006     028E                     	;# 
  4007     028F                     	;# 
  4008     028F                     	;# 
  4009     0290                     	;# 
  4010     0290                     	;# 
  4011     0291                     	;# 
  4012     0291                     	;# 
  4013     0292                     	;# 
  4014     0292                     	;# 
  4015     0293                     	;# 
  4016     0294                     	;# 
  4017     0295                     	;# 
  4018     0295                     	;# 
  4019     0296                     	;# 
  4020     0296                     	;# 
  4021     0297                     	;# 
  4022     0297                     	;# 
  4023     030C                     	;# 
  4024     030C                     	;# 
  4025     030D                     	;# 
  4026     030D                     	;# 
  4027     030E                     	;# 
  4028     030F                     	;# 
  4029     0310                     	;# 
  4030     0310                     	;# 
  4031     0311                     	;# 
  4032     0312                     	;# 
  4033     0312                     	;# 
  4034     0313                     	;# 
  4035     0313                     	;# 
  4036     0314                     	;# 
  4037     0315                     	;# 
  4038     0316                     	;# 
  4039     0316                     	;# 
  4040     0317                     	;# 
  4041     0318                     	;# 
  4042     0318                     	;# 
  4043     0319                     	;# 
  4044     0319                     	;# 
  4045     031A                     	;# 
  4046     031B                     	;# 
  4047     031C                     	;# 
  4048     031C                     	;# 
  4049     031D                     	;# 
  4050     038C                     	;# 
  4051     038C                     	;# 
  4052     038D                     	;# 
  4053     038E                     	;# 
  4054     038F                     	;# 
  4055     0390                     	;# 
  4056     0390                     	;# 
  4057     0391                     	;# 
  4058     0392                     	;# 
  4059     0393                     	;# 
  4060     039F                     	;# 
  4061     040C                     	;# 
  4062     040C                     	;# 
  4063     040D                     	;# 
  4064     040E                     	;# 
  4065     040F                     	;# 
  4066     040F                     	;# 
  4067     0410                     	;# 
  4068     0411                     	;# 
  4069     0412                     	;# 
  4070     0412                     	;# 
  4071     0413                     	;# 
  4072     0414                     	;# 
  4073     041F                     	;# 
  4074     048C                     	;# 
  4075     048C                     	;# 
  4076     048D                     	;# 
  4077     048E                     	;# 
  4078     048F                     	;# 
  4079     048F                     	;# 
  4080     0490                     	;# 
  4081     0491                     	;# 
  4082     0492                     	;# 
  4083     0493                     	;# 
  4084     050C                     	;# 
  4085     050C                     	;# 
  4086     050D                     	;# 
  4087     050D                     	;# 
  4088     050E                     	;# 
  4089     050F                     	;# 
  4090     0510                     	;# 
  4091     0511                     	;# 
  4092     0512                     	;# 
  4093     0513                     	;# 
  4094     0514                     	;# 
  4095     058C                     	;# 
  4096     058D                     	;# 
  4097     058E                     	;# 
  4098     058F                     	;# 
  4099     0590                     	;# 
  4100     0591                     	;# 
  4101     0592                     	;# 
  4102     0593                     	;# 
  4103     0594                     	;# 
  4104     0595                     	;# 
  4105     0596                     	;# 
  4106     0597                     	;# 
  4107     060C                     	;# 
  4108     060D                     	;# 
  4109     060E                     	;# 
  4110     060E                     	;# 
  4111     060F                     	;# 
  4112     0610                     	;# 
  4113     0611                     	;# 
  4114     0612                     	;# 
  4115     0616                     	;# 
  4116     0617                     	;# 
  4117     0618                     	;# 
  4118     0618                     	;# 
  4119     0619                     	;# 
  4120     061A                     	;# 
  4121     061B                     	;# 
  4122     061C                     	;# 
  4123     068C                     	;# 
  4124     068D                     	;# 
  4125     068E                     	;# 
  4126     068F                     	;# 
  4127     0690                     	;# 
  4128     0691                     	;# 
  4129     0692                     	;# 
  4130     0696                     	;# 
  4131     0697                     	;# 
  4132     0698                     	;# 
  4133     0699                     	;# 
  4134     069A                     	;# 
  4135     069B                     	;# 
  4136     069C                     	;# 
  4137     100C                     	;# 
  4138     100D                     	;# 
  4139     101F                     	;# 
  4140     108C                     	;# 
  4141     108D                     	;# 
  4142     108E                     	;# 
  4143     108F                     	;# 
  4144     109F                     	;# 
  4145     109F                     	;# 
  4146     110C                     	;# 
  4147     110D                     	;# 
  4148     1C8C                     	;# 
  4149     1C8C                     	;# 
  4150     1C8D                     	;# 
  4151     1C8E                     	;# 
  4152     1C8E                     	;# 
  4153     1C8F                     	;# 
  4154     1C90                     	;# 
  4155     1C91                     	;# 
  4156     1D0C                     	;# 
  4157     1D0C                     	;# 
  4158     1D0D                     	;# 
  4159     1D0E                     	;# 
  4160     1D0E                     	;# 
  4161     1D0F                     	;# 
  4162     1D10                     	;# 
  4163     1D10                     	;# 
  4164     1D11                     	;# 
  4165     1D12                     	;# 
  4166     1D12                     	;# 
  4167     1D13                     	;# 
  4168     1D14                     	;# 
  4169     1D14                     	;# 
  4170     1D15                     	;# 
  4171     1D16                     	;# 
  4172     1D16                     	;# 
  4173     1D17                     	;# 
  4174     1D18                     	;# 
  4175     1D19                     	;# 
  4176     1D1A                     	;# 
  4177     1D1B                     	;# 
  4178     1D1B                     	;# 
  4179     1D1C                     	;# 
  4180     1D1D                     	;# 
  4181     1D1D                     	;# 
  4182     1D1E                     	;# 
  4183     1D1F                     	;# 
  4184     1D21                     	;# 
  4185     1D21                     	;# 
  4186     1D22                     	;# 
  4187     1D23                     	;# 
  4188     1D24                     	;# 
  4189     1D24                     	;# 
  4190     1D25                     	;# 
  4191     1D26                     	;# 
  4192     1D27                     	;# 
  4193     1D28                     	;# 
  4194     1D29                     	;# 
  4195     1D2A                     	;# 
  4196     1D2B                     	;# 
  4197     1D2C                     	;# 
  4198     1D2D                     	;# 
  4199     1D2E                     	;# 
  4200     1D2F                     	;# 
  4201     1D30                     	;# 
  4202     1D31                     	;# 
  4203     1D32                     	;# 
  4204     1D8C                     	;# 
  4205     1D8D                     	;# 
  4206     1D8E                     	;# 
  4207     1D8F                     	;# 
  4208     1D90                     	;# 
  4209     1D91                     	;# 
  4210     1D92                     	;# 
  4211     1D93                     	;# 
  4212     1D94                     	;# 
  4213     1D95                     	;# 
  4214     1D96                     	;# 
  4215     1D97                     	;# 
  4216     1D98                     	;# 
  4217     1D99                     	;# 
  4218     1D9A                     	;# 
  4219     1D9B                     	;# 
  4220     1D9C                     	;# 
  4221     1D9D                     	;# 
  4222     1D9E                     	;# 
  4223     1D9F                     	;# 
  4224     1DA0                     	;# 
  4225     1DA1                     	;# 
  4226     1DA2                     	;# 
  4227     1DA3                     	;# 
  4228     1DA4                     	;# 
  4229     1DA5                     	;# 
  4230     1DA6                     	;# 
  4231     1DA7                     	;# 
  4232     1DA8                     	;# 
  4233     1DA9                     	;# 
  4234     1DAA                     	;# 
  4235     1DAB                     	;# 
  4236     1DAC                     	;# 
  4237     1DAD                     	;# 
  4238     1DAE                     	;# 
  4239     1E0C                     	;# 
  4240     1E0D                     	;# 
  4241     1E0E                     	;# 
  4242     1E0F                     	;# 
  4243     1E10                     	;# 
  4244     1E11                     	;# 
  4245     1E12                     	;# 
  4246     1E19                     	;# 
  4247     1E1A                     	;# 
  4248     1E1B                     	;# 
  4249     1E1E                     	;# 
  4250     1E1F                     	;# 
  4251     1E39                     	;# 
  4252     1E3D                     	;# 
  4253     1E3E                     	;# 
  4254     1E3F                     	;# 
  4255     1E40                     	;# 
  4256     1E41                     	;# 
  4257     1E41                     	;# 
  4258     1E42                     	;# 
  4259     1E42                     	;# 
  4260     1E43                     	;# 
  4261     1E43                     	;# 
  4262     1E44                     	;# 
  4263     1E44                     	;# 
  4264     1E47                     	;# 
  4265     1E48                     	;# 
  4266     1E49                     	;# 
  4267     1E4A                     	;# 
  4268     1E4B                     	;# 
  4269     1E4C                     	;# 
  4270     1E50                     	;# 
  4271     1E8C                     	;# 
  4272     1E8D                     	;# 
  4273     1E8E                     	;# 
  4274     1E8F                     	;# 
  4275     1E90                     	;# 
  4276     1E91                     	;# 
  4277     1E92                     	;# 
  4278     1E93                     	;# 
  4279     1E96                     	;# 
  4280     1E97                     	;# 
  4281     1E98                     	;# 
  4282     1E99                     	;# 
  4283     1E9A                     	;# 
  4284     1E9B                     	;# 
  4285     1E9C                     	;# 
  4286     1E9D                     	;# 
  4287     1EA0                     	;# 
  4288     1EA1                     	;# 
  4289     1EA2                     	;# 
  4290     1EA3                     	;# 
  4291     1EA4                     	;# 
  4292     1EA5                     	;# 
  4293     1EA6                     	;# 
  4294     1EA7                     	;# 
  4295     1EAA                     	;# 
  4296     1EAB                     	;# 
  4297     1EAC                     	;# 
  4298     1EAD                     	;# 
  4299     1EAE                     	;# 
  4300     1EB4                     	;# 
  4301     1EB5                     	;# 
  4302     1EB6                     	;# 
  4303     1EB7                     	;# 
  4304     1EB8                     	;# 
  4305     1EB9                     	;# 
  4306     1EBA                     	;# 
  4307     1EBB                     	;# 
  4308     1EE3                     	;# 
  4309     1EE4                     	;# 
  4310     1EEB                     	;# 
  4311     1EEC                     	;# 
  4312     1EEE                     	;# 
  4313     1EEF                     	;# 
  4314     1F0C                     	;# 
  4315     1F0D                     	;# 
  4316     1F0E                     	;# 
  4317     1FE4                     	;# 
  4318     1FE5                     	;# 
  4319     1FE6                     	;# 
  4320     1FE7                     	;# 
  4321     1FE8                     	;# 
  4322     1FE8                     	;# 
  4323     1FE9                     	;# 
  4324     1FEA                     	;# 
  4325     1FEA                     	;# 
  4326     1FEB                     	;# 
  4327     1FED                     	;# 
  4328     1FEE                     	;# 
  4329     1FEF                     	;# 
  4330                           
  4331 ;; Function _INT_DefaultInterruptHandler is unused but had its address taken
  4332     0000                     
  4333 ;; Function _EUSART1_Deinitialize is unused but had its address taken
  4334     0000                     
  4335 ;; Function _EUSART1_TransmitEnable is unused but had its address taken
  4336     0000                     
  4337 ;; Function _EUSART1_TransmitDisable is unused but had its address taken
  4338     0000                     
  4339 ;; Function _EUSART1_AutoBaudSet is unused but had its address taken
  4340     0000                     
  4341 ;; Function _EUSART1_AutoBaudQuery is unused but had its address taken
  4342     0000                     
  4343 ;; Function _EUSART1_ErrorGet is unused but had its address taken
  4344     0000                     
  4345 ;; Function _EUSART2_Deinitialize is unused but had its address taken
  4346     0000                     
  4347 ;; Function _EUSART2_TransmitEnable is unused but had its address taken
  4348     0000                     
  4349 ;; Function _EUSART2_TransmitDisable is unused but had its address taken
  4350     0000                     
  4351 ;; Function _EUSART2_AutoBaudSet is unused but had its address taken
  4352     0000                     
  4353 ;; Function _EUSART2_AutoBaudQuery is unused but had its address taken
  4354     0000                     
  4355 ;; Function _EUSART2_ErrorGet is unused but had its address taken
  4356     0000                     
  4357                           	psect	idataCOMMON
  4358     0003                     __pidataCOMMON:
  4359                           
  4360                           ;initializer for _isOn
  4361     0003  3401               	retlw	1
  4362                           
  4363                           	psect	idataBANK0
  4364     08FB                     __pidataBANK0:
  4365                           
  4366                           ;initializer for PN532_ReadPassiveTarget@F8516
  4367     08FB  3401               	retlw	1
  4368     08FC  3400               	retlw	0
  4369                           
  4370                           ;initializer for _currentVolume
  4371     08FD  3408               	retlw	8
  4372                           
  4373                           	psect	idataBANK1
  4374     08F8                     __pidataBANK1:
  4375                           
  4376                           ;initializer for PN532_Init@F8509
  4377     08F8  3401               	retlw	1
  4378     08F9  3414               	retlw	20
  4379     08FA  3400               	retlw	0
  4380                           
  4381                           	psect	idataBANK2
  4382     091A                     __pidataBANK2:
  4383                           
  4384                           ;initializer for PN532_Init@F8511
  4385     091A  3405               	retlw	5
  4386     091B  34FF               	retlw	255
  4387     091C  3401               	retlw	1
  4388     091D  3402               	retlw	2
  4389                           
  4390                           	psect	stringtext1
  4391     1000                     __pstringtext1:
  4392     1000                     _UART2:
  4393     1000  34BA               	retlw	low _EUSART2_Initialize
  4394     1001  340A               	retlw	high _EUSART2_Initialize
  4395     1002  3400               	retlw	0
  4396     1003  3400               	retlw	0
  4397     1004  34A6               	retlw	low _EUSART2_Read
  4398     1005  340B               	retlw	high _EUSART2_Read
  4399     1006  3416               	retlw	low _EUSART2_Write
  4400     1007  3409               	retlw	high _EUSART2_Write
  4401     1008  34FB               	retlw	low _EUSART2_IsRxReady
  4402     1009  3407               	retlw	high _EUSART2_IsRxReady
  4403     100A  3400               	retlw	low _EUSART2_IsTxReady
  4404     100B  340A               	retlw	high _EUSART2_IsTxReady
  4405     100C  3412               	retlw	low _EUSART2_IsTxDone
  4406     100D  3409               	retlw	high _EUSART2_IsTxDone
  4407     100E  3400               	retlw	0
  4408     100F  3400               	retlw	0
  4409     1010  3400               	retlw	0
  4410     1011  3400               	retlw	0
  4411     1012  3400               	retlw	0
  4412     1013  3400               	retlw	0
  4413     1014  3400               	retlw	0
  4414     1015  3400               	retlw	0
  4415     1016  3400               	retlw	0
  4416     1017  3400               	retlw	0
  4417     1018  3400               	retlw	0
  4418     1019  3400               	retlw	0
  4419     101A  3400               	retlw	0
  4420     101B  3400               	retlw	0
  4421     101C  3400               	retlw	0
  4422     101D  3400               	retlw	0
  4423     101E  3400               	retlw	0
  4424     101F  3400               	retlw	0
  4425     1020  3400               	retlw	0
  4426     1021  3400               	retlw	0
  4427     1022  3400               	retlw	0
  4428     1023  3400               	retlw	0
  4429     1024  3400               	retlw	0
  4430     1025  3400               	retlw	0
  4431     1026  3400               	retlw	0
  4432     1027  3400               	retlw	0
  4433     1028  349D               	retlw	low _EUSART2_FramingErrorCallbackRegister
  4434     1029  3409               	retlw	high _EUSART2_FramingErrorCallbackRegister
  4435     102A  34A9               	retlw	low _EUSART2_OverrunErrorCallbackRegister
  4436     102B  3409               	retlw	high _EUSART2_OverrunErrorCallbackRegister
  4437     102C  3400               	retlw	0
  4438     102D  3400               	retlw	0
  4439     102E  3400               	retlw	0
  4440     102F  3400               	retlw	0
  4441     1030                     __end_of_UART2:
  4442                           
  4443                           	psect	stringtext2
  4444     1030                     __pstringtext2:
  4445     1030                     _UART1:
  4446     1030  34D6               	retlw	low _EUSART1_Initialize
  4447     1031  340A               	retlw	high _EUSART1_Initialize
  4448     1032  3400               	retlw	0
  4449     1033  3400               	retlw	0
  4450     1034  347C               	retlw	low _EUSART1_Read
  4451     1035  340B               	retlw	high _EUSART1_Read
  4452     1036  3406               	retlw	low _EUSART1_Write
  4453     1037  3409               	retlw	high _EUSART1_Write
  4454     1038  3442               	retlw	low _EUSART1_IsRxReady
  4455     1039  3409               	retlw	high _EUSART1_IsRxReady
  4456     103A  34E2               	retlw	low _EUSART1_IsTxReady
  4457     103B  3409               	retlw	high _EUSART1_IsTxReady
  4458     103C  3402               	retlw	low _EUSART1_IsTxDone
  4459     103D  3409               	retlw	high _EUSART1_IsTxDone
  4460     103E  3400               	retlw	0
  4461     103F  3400               	retlw	0
  4462     1040  3400               	retlw	0
  4463     1041  3400               	retlw	0
  4464     1042  3400               	retlw	0
  4465     1043  3400               	retlw	0
  4466     1044  3400               	retlw	0
  4467     1045  3400               	retlw	0
  4468     1046  3400               	retlw	0
  4469     1047  3400               	retlw	0
  4470     1048  3400               	retlw	0
  4471     1049  3400               	retlw	0
  4472     104A  3400               	retlw	0
  4473     104B  3400               	retlw	0
  4474     104C  3400               	retlw	0
  4475     104D  3400               	retlw	0
  4476     104E  3400               	retlw	0
  4477     104F  3400               	retlw	0
  4478     1050  3400               	retlw	0
  4479     1051  3400               	retlw	0
  4480     1052  3400               	retlw	0
  4481     1053  3400               	retlw	0
  4482     1054  3400               	retlw	0
  4483     1055  3400               	retlw	0
  4484     1056  3400               	retlw	0
  4485     1057  3400               	retlw	0
  4486     1058  3485               	retlw	low _EUSART1_FramingErrorCallbackRegister
  4487     1059  3409               	retlw	high _EUSART1_FramingErrorCallbackRegister
  4488     105A  3491               	retlw	low _EUSART1_OverrunErrorCallbackRegister
  4489     105B  3409               	retlw	high _EUSART1_OverrunErrorCallbackRegister
  4490     105C  3400               	retlw	0
  4491     105D  3400               	retlw	0
  4492     105E  3400               	retlw	0
  4493     105F  3400               	retlw	0
  4494     1060                     __end_of_UART1:
  4495                           
  4496                           	psect	stringtext3
  4497     1060                     __pstringtext3:
  4498     1060                     _QUAD_TABLE:
  4499     1060  3400               	retlw	0
  4500     1061  34FF               	retlw	-1
  4501     1062  3401               	retlw	1
  4502     1063  3400               	retlw	0
  4503     1064  3401               	retlw	1
  4504     1065  3400               	retlw	0
  4505     1066  3400               	retlw	0
  4506     1067  34FF               	retlw	-1
  4507     1068  34FF               	retlw	-1
  4508     1069  3400               	retlw	0
  4509     106A  3400               	retlw	0
  4510     106B  3401               	retlw	1
  4511     106C  3400               	retlw	0
  4512     106D  3401               	retlw	1
  4513     106E  34FF               	retlw	-1
  4514     106F  3400               	retlw	0
  4515     1070                     __end_of_QUAD_TABLE:
  4516                           
  4517                           	psect	stringtext4
  4518     1070                     __pstringtext4:
  4519     1070                     pn532_transact@expectedAck:
  4520     1070  3400               	retlw	0
  4521     1071  3400               	retlw	0
  4522     1072  34FF               	retlw	255
  4523     1073  3400               	retlw	0
  4524     1074  34FF               	retlw	255
  4525     1075  3400               	retlw	0
  4526     1076                     __end_ofpn532_transact@expectedAck:
  4527                           
  4528                           	psect	nvBANK1
  4529     00E7                     __pnvBANK1:
  4530     00E7                     _VOL_B_InterruptHandler:
  4531     00E7                     	ds	2
  4532     00E9                     _VOL_A_InterruptHandler:
  4533     00E9                     	ds	2
  4534     00EB                     _POWER_InterruptHandler:
  4535     00EB                     	ds	2
  4536     000C                     _PORTAbits	set	12
  4537     000E                     _PORTCbits	set	14
  4538     0018                     _LATAbits	set	24
  4539     0012                     _TRISAbits	set	18
  4540     0016                     _TRISE	set	22
  4541     0015                     _TRISD	set	21
  4542     0014                     _TRISC	set	20
  4543     0013                     _TRISB	set	19
  4544     0012                     _TRISA	set	18
  4545     001C                     _LATE	set	28
  4546     001B                     _LATD	set	27
  4547     001A                     _LATC	set	26
  4548     0019                     _LATB	set	25
  4549     0018                     _LATA	set	24
  4550     000B                     _INTCONbits	set	11
  4551     008F                     _PIR3bits	set	143
  4552     0096                     _PIE0bits	set	150
  4553     008C                     _PIR0bits	set	140
  4554     0214                     _ACTCON	set	532
  4555     0212                     _OSCTUNE	set	530
  4556     0210                     _OSCSTAT	set	528
  4557     0213                     _OSCFRQ	set	531
  4558     0211                     _OSCEN	set	529
  4559     020F                     _OSCCON3	set	527
  4560     020E                     _OSCCON2	set	526
  4561     0617                     _TX2REG	set	1559
  4562     0616                     _RC2REG	set	1558
  4563     061C                     _BAUD2CONbits	set	1564
  4564     061B                     _TX2STAbits	set	1563
  4565     0619                     _SP2BRGH	set	1561
  4566     0618                     _SP2BRGL	set	1560
  4567     061B                     _TX2STA	set	1563
  4568     061A                     _RC2STA	set	1562
  4569     061C                     _BAUD2CON	set	1564
  4570     060D                     _TX1REG	set	1549
  4571     060C                     _RC1REG	set	1548
  4572     0612                     _BAUD1CONbits	set	1554
  4573     0611                     _TX1STAbits	set	1553
  4574     0610                     _RC1STAbits	set	1552
  4575     060F                     _SP1BRGH	set	1551
  4576     060E                     _SP1BRGL	set	1550
  4577     0611                     _TX1STA	set	1553
  4578     0610                     _RC1STA	set	1552
  4579     0612                     _BAUD1CON	set	1554
  4580     061A                     _RC2STAbits	set	1562
  4581     1D98                     _RB4PPS	set	7576
  4582     1DA5                     _RD1PPS	set	7589
  4583     1D97                     _RB3PPS	set	7575
  4584     1E41                     _RX1PPS	set	7745
  4585     1E43                     _RX2PPS	set	7747
  4586     1E8D                     _WPUAbits	set	7821
  4587     1EA1                     _WPUCbits	set	7841
  4588     1EA7                     _IOCCFbits	set	7847
  4589     1E93                     _IOCAFbits	set	7827
  4590     1EBB                     _IOCEF	set	7867
  4591     1EBA                     _IOCEN	set	7866
  4592     1EB9                     _IOCEP	set	7865
  4593     1EA7                     _IOCCF	set	7847
  4594     1EA6                     _IOCCN	set	7846
  4595     1EA5                     _IOCCP	set	7845
  4596     1E9D                     _IOCBF	set	7837
  4597     1E9C                     _IOCBN	set	7836
  4598     1E9B                     _IOCBP	set	7835
  4599     1E93                     _IOCAF	set	7827
  4600     1E92                     _IOCAN	set	7826
  4601     1E91                     _IOCAP	set	7825
  4602     1EB8                     _INLVLE	set	7864
  4603     1EAE                     _INLVLD	set	7854
  4604     1EA4                     _INLVLC	set	7844
  4605     1E9A                     _INLVLB	set	7834
  4606     1E90                     _INLVLA	set	7824
  4607     1EB7                     _SLRCONE	set	7863
  4608     1EAD                     _SLRCOND	set	7853
  4609     1EA3                     _SLRCONC	set	7843
  4610     1E99                     _SLRCONB	set	7833
  4611     1E8F                     _SLRCONA	set	7823
  4612     1EB6                     _ODCONE	set	7862
  4613     1EAC                     _ODCOND	set	7852
  4614     1EA2                     _ODCONC	set	7842
  4615     1E98                     _ODCONB	set	7832
  4616     1E8E                     _ODCONA	set	7822
  4617     1EB5                     _WPUE	set	7861
  4618     1EAB                     _WPUD	set	7851
  4619     1EA1                     _WPUC	set	7841
  4620     1E97                     _WPUB	set	7831
  4621     1E8D                     _WPUA	set	7821
  4622     1EB4                     _ANSELE	set	7860
  4623     1EAA                     _ANSELD	set	7850
  4624     1EA0                     _ANSELC	set	7840
  4625     1E96                     _ANSELB	set	7830
  4626     1E8C                     _ANSELA	set	7820
  4627                           
  4628                           	psect	stringtext5
  4629     1076                     __pstringtext5:
  4630     1076                     STR_1:
  4631     1076  343A               	retlw	58	;':'
  4632     1077  343A               	retlw	58	;':'
  4633     1078  3400               	retlw	0
  4634                           
  4635                           	psect	stringtext6
  4636     0000                     __pstringtext6:
  4637                           
  4638                           	psect	cinit
  4639     0016                     start_initialization:	
  4640                           ; #config settings
  4641                           
  4642     0016                     __initialization:
  4643                           
  4644                           ; Initialize objects allocated to COMMON
  4645     0016  3180  2003  3180   	fcall	__pidataCOMMON	;fetch initializer
  4646     0019  00F9               	movwf	__pdataCOMMON& (0+127)
  4647                           
  4648                           ; Initialize objects allocated to BANK0
  4649     001A  30FB               	movlw	low __pidataBANK0
  4650     001B  0084               	movwf	4
  4651     001C  3088               	movlw	(high __pidataBANK0)| (0+128)
  4652     001D  0085               	movwf	5
  4653     001E  306B               	movlw	low __pdataBANK0
  4654     001F  0086               	movwf	6
  4655     0020  3000               	movlw	high __pdataBANK0
  4656     0021  0087               	movwf	7
  4657     0022  3003               	movlw	3
  4658     0023  3189  213C  3180   	fcall	init_ram
  4659                           
  4660                           ; Initialize objects allocated to BANK1
  4661     0026  30F8               	movlw	low __pidataBANK1
  4662     0027  0084               	movwf	4
  4663     0028  3088               	movlw	(high __pidataBANK1)| (0+128)
  4664     0029  0085               	movwf	5
  4665     002A  30ED               	movlw	low __pdataBANK1
  4666     002B  0086               	movwf	6
  4667     002C  3000               	movlw	high __pdataBANK1
  4668     002D  0087               	movwf	7
  4669     002E  3003               	movlw	3
  4670     002F  3189  213C  3180   	fcall	init_ram
  4671                           
  4672                           ; Initialize objects allocated to BANK2
  4673     0032  301A               	movlw	low __pidataBANK2
  4674     0033  0084               	movwf	4
  4675     0034  3089               	movlw	(high __pidataBANK2)| (0+128)
  4676     0035  0085               	movwf	5
  4677     0036  3060               	movlw	low __pdataBANK2
  4678     0037  0086               	movwf	6
  4679     0038  3001               	movlw	high __pdataBANK2
  4680     0039  0087               	movwf	7
  4681     003A  3004               	movlw	4
  4682     003B  3189  213C  3180   	fcall	init_ram
  4683                           
  4684                           ; Clear objects allocated to COMMON
  4685     003E  01F6               	clrf	__pbssCOMMON& (0+127)
  4686     003F  01F7               	clrf	(__pbssCOMMON+1)& (0+127)
  4687     0040  01F8               	clrf	(__pbssCOMMON+2)& (0+127)
  4688                           
  4689                           ; Clear objects allocated to BANK0
  4690     0041  3059               	movlw	low __pbssBANK0
  4691     0042  0084               	movwf	4
  4692     0043  3000               	movlw	high __pbssBANK0
  4693     0044  0085               	movwf	5
  4694     0045  3012               	movlw	18
  4695     0046  3189  2136  3180   	fcall	clear_ram0
  4696                           
  4697                           ; Clear objects allocated to BANK2
  4698     0049  3055               	movlw	low __pbssBANK2
  4699     004A  0084               	movwf	4
  4700     004B  3001               	movlw	high __pbssBANK2
  4701     004C  0085               	movwf	5
  4702     004D  300B               	movlw	11
  4703     004E  3189  2136  3180   	fcall	clear_ram0
  4704                           
  4705                           ; Clear objects allocated to BANK3
  4706     0051  30A0               	movlw	low __pbssBANK3
  4707     0052  0084               	movwf	4
  4708     0053  3001               	movlw	high __pbssBANK3
  4709     0054  0085               	movwf	5
  4710     0055  3040               	movlw	64
  4711     0056  3189  2136  3180   	fcall	clear_ram0
  4712     0059                     end_of_initialization:	
  4713                           ;End of C runtime variable initialization code
  4714                           
  4715     0059                     __end_of__initialization:
  4716     0059  107E               	bcf	int$flags,0	;clear compiler interrupt flag (level 1)
  4717     005A  0140               	movlb	0
  4718     005B  3183  2BE0         	ljmp	_main	;jump to C main() function
  4719                           
  4720                           	psect	bssCOMMON
  4721     0076                     __pbssCOMMON:
  4722     0076                     _encoderRawDelta:
  4723     0076                     	ds	2
  4724     0078                     _encoderLastAB:
  4725     0078                     	ds	1
  4726                           
  4727                           	psect	dataCOMMON
  4728     0079                     __pdataCOMMON:
  4729     0079                     _isOn:
  4730     0079                     	ds	1
  4731                           
  4732                           	psect	bssBANK0
  4733     0059                     __pbssBANK0:
  4734     0059                     _powerButtonCallback:
  4735     0059                     	ds	2
  4736     005B                     _EUSART2_OverrunErrorHandler:
  4737     005B                     	ds	2
  4738     005D                     _EUSART2_FramingErrorHandler:
  4739     005D                     	ds	2
  4740     005F                     _eusart2RxLastError:
  4741     005F                     	ds	2
  4742     0061                     _EUSART1_OverrunErrorHandler:
  4743     0061                     	ds	2
  4744     0063                     _EUSART1_FramingErrorHandler:
  4745     0063                     	ds	2
  4746     0065                     _eusart1RxLastError:
  4747     0065                     	ds	2
  4748     0067                     _INT_InterruptHandler:
  4749     0067                     	ds	2
  4750     0069                     _powerPressLatched:
  4751     0069                     	ds	1
  4752     006A                     _powerFallingEdgeSeen:
  4753     006A                     	ds	1
  4754                           
  4755                           	psect	dataBANK0
  4756     006B                     __pdataBANK0:
  4757     006B                     PN532_ReadPassiveTarget@F8516:
  4758     006B                     	ds	2
  4759     006D                     _currentVolume:
  4760     006D                     	ds	1
  4761                           
  4762                           	psect	dataBANK1
  4763     00ED                     __pdataBANK1:
  4764     00ED                     PN532_Init@F8509:
  4765     00ED                     	ds	3
  4766                           
  4767                           	psect	bssBANK2
  4768     0155                     __pbssBANK2:
  4769     0155                     ntag_read4pages@F8525:
  4770     0155                     	ds	3
  4771     0158                     _lastUidLen:
  4772     0158                     	ds	1
  4773     0159                     _lastUid:
  4774     0159                     	ds	7
  4775                           
  4776                           	psect	dataBANK2
  4777     0160                     __pdataBANK2:
  4778     0160                     PN532_Init@F8511:
  4779     0160                     	ds	4
  4780                           
  4781                           	psect	bssBANK3
  4782     01A0                     __pbssBANK3:
  4783     01A0                     PN532_ReadNdefText@buf:
  4784     01A0                     	ds	64
  4785                           
  4786                           	psect	inittext
  4787     093C                     init_ram:
  4788     093C  00FE               	movwf	btemp
  4789     093D                     initloop:
  4790     093D  0012               	moviw fsr0++
  4791     093E  001E               	movwi fsr1++
  4792     093F  0BFE               	decfsz	btemp,f
  4793     0940  293D               	goto	initloop
  4794     0941  3400               	retlw	0
  4795                           
  4796                           	psect	clrtext
  4797     0936                     clear_ram0:	
  4798                           ;	Called with FSR0 containing the base address, and
  4799                           ;	WREG with the size to clear
  4800                           
  4801     0936  0064               	clrwdt	;clear the watchdog before getting into this loop
  4802     0937                     clrloop0:
  4803     0937  0180               	clrf	0	;clear RAM location pointed to by FSR
  4804     0938  3101               	addfsr 0,1
  4805     0939  0B89               	decfsz	9,f	;Have we reached the end of clearing yet?
  4806     093A  2937               	goto	clrloop0	;have we reached the end yet?
  4807     093B  3400               	retlw	0	;all done for this memory range, return
  4808                           
  4809                           	psect	cstackBANK2
  4810     0120                     __pcstackBANK2:
  4811     0120                     PN532_ReadNdefText@out:
  4812                           
  4813                           ; 1 bytes @ 0x0
  4814     0120                     	ds	1
  4815     0121                     PN532_ReadNdefText@type:
  4816                           
  4817                           ; 1 bytes @ 0x1
  4818     0121                     	ds	1
  4819     0122                     PN532_ReadNdefText@valueStart:
  4820                           
  4821                           ; 1 bytes @ 0x2
  4822     0122                     	ds	1
  4823     0123                     PN532_ReadNdefText@page:
  4824                           
  4825                           ; 1 bytes @ 0x3
  4826     0123                     	ds	1
  4827     0124                     PN532_ReadNdefText@len:
  4828                           
  4829                           ; 1 bytes @ 0x4
  4830     0124                     	ds	1
  4831     0125                     PN532_ReadNdefText@pos:
  4832                           
  4833                           ; 1 bytes @ 0x5
  4834     0125                     	ds	1
  4835     0126                     PN532_ReadNdefText@have:
  4836                           
  4837                           ; 1 bytes @ 0x6
  4838     0126                     	ds	1
  4839     0127                     main@text:
  4840                           
  4841                           ; 32 bytes @ 0x7
  4842     0127                     	ds	32
  4843     0147                     main@uid:
  4844                           
  4845                           ; 7 bytes @ 0x27
  4846     0147                     	ds	7
  4847     014E                     main@isNewTag:
  4848                           
  4849                           ; 1 bytes @ 0x2E
  4850     014E                     	ds	1
  4851     014F                     main@i:
  4852                           
  4853                           ; 1 bytes @ 0x2F
  4854     014F                     	ds	1
  4855     0150                     _main$1409:
  4856                           
  4857                           ; 1 bytes @ 0x30
  4858     0150                     	ds	1
  4859     0151                     main@track:
  4860                           
  4861                           ; 2 bytes @ 0x31
  4862     0151                     	ds	2
  4863     0153                     main@initResult:
  4864                           
  4865                           ; 1 bytes @ 0x33
  4866     0153                     	ds	1
  4867     0154                     main@uidLen:
  4868                           
  4869                           ; 1 bytes @ 0x34
  4870     0154                     	ds	1
  4871                           
  4872                           	psect	cstackBANK1
  4873     00A0                     __pcstackBANK1:
  4874     00A0                     pn532_transact@buffer:
  4875                           
  4876                           ; 32 bytes @ 0x0
  4877     00A0                     	ds	32
  4878     00C0                     pn532_transact@packet:
  4879                           
  4880                           ; 21 bytes @ 0x20
  4881     00C0                     	ds	21
  4882     00D5                     pn532_transact@frameSize:
  4883                           
  4884                           ; 2 bytes @ 0x35
  4885     00D5                     	ds	2
  4886     00D7                     pn532_transact@lcs:
  4887                           
  4888                           ; 1 bytes @ 0x37
  4889     00D7                     	ds	1
  4890     00D8                     pn532_transact@postambleIndex:
  4891                           
  4892                           ; 1 bytes @ 0x38
  4893     00D8                     	ds	1
  4894     00D9                     pn532_transact@dataLen:
  4895                           
  4896                           ; 1 bytes @ 0x39
  4897     00D9                     	ds	1
  4898     00DA                     pn532_transact@dcsIndex:
  4899                           
  4900                           ; 1 bytes @ 0x3A
  4901     00DA                     	ds	1
  4902     00DB                     pn532_transact@responseSum:
  4903                           
  4904                           ; 1 bytes @ 0x3B
  4905     00DB                     	ds	1
  4906     00DC                     pn532_transact@i_131:
  4907                           
  4908                           ; 1 bytes @ 0x3C
  4909     00DC                     	ds	1
  4910     00DD                     pn532_transact@cmd:
  4911                           
  4912                           ; 1 bytes @ 0x3D
  4913     00DD                     	ds	1
  4914     00DE                     pn532_transact@i:
  4915                           
  4916                           ; 1 bytes @ 0x3E
  4917     00DE                     	ds	1
  4918     00DF                     pn532_transact@paramOutLen:
  4919                           
  4920                           ; 1 bytes @ 0x3F
  4921     00DF                     	ds	1
  4922     00E0                     pn532_transact@i_135:
  4923                           
  4924                           ; 1 bytes @ 0x40
  4925     00E0                     	ds	1
  4926     00E1                     pn532_transact@sum:
  4927                           
  4928                           ; 1 bytes @ 0x41
  4929     00E1                     	ds	1
  4930     00E2                     pn532_transact@count:
  4931                           
  4932                           ; 1 bytes @ 0x42
  4933     00E2                     	ds	1
  4934     00E3                     pn532_transact@dataStart:
  4935                           
  4936                           ; 1 bytes @ 0x43
  4937     00E3                     	ds	1
  4938     00E4                     pn532_transact@len:
  4939                           
  4940                           ; 1 bytes @ 0x44
  4941     00E4                     	ds	1
  4942     00E5                     pn532_transact@start:
  4943                           
  4944                           ; 1 bytes @ 0x45
  4945     00E5                     	ds	1
  4946     00E6                     pn532_transact@packetLen:
  4947                           
  4948                           ; 1 bytes @ 0x46
  4949     00E6                     	ds	1
  4950                           
  4951                           	psect	cstackCOMMON
  4952     0070                     __pcstackCOMMON:
  4953     0070                     ?_EUSART2_IsTxReady:
  4954     0070                     ?_EUSART2_IsTxDone:	
  4955                           ; 1 bytes @ 0x0
  4956                           
  4957     0070                     ?_EUSART2_Read:	
  4958                           ; 1 bytes @ 0x0
  4959                           
  4960     0070                     ?_EUSART2_IsRxReady:	
  4961                           ; 1 bytes @ 0x0
  4962                           
  4963     0070                     ?_CLOCK_Initialize:	
  4964                           ; 1 bytes @ 0x0
  4965                           
  4966     0070                     ?_PIN_MANAGER_Initialize:	
  4967                           ; 1 bytes @ 0x0
  4968                           
  4969     0070                     ?_EUSART1_Initialize:	
  4970                           ; 1 bytes @ 0x0
  4971                           
  4972     0070                     ?_EUSART2_Initialize:	
  4973                           ; 1 bytes @ 0x0
  4974                           
  4975     0070                     ?_INTERRUPT_Initialize:	
  4976                           ; 1 bytes @ 0x0
  4977                           
  4978     0070                     ?_PIN_MANAGER_IOC:	
  4979                           ; 1 bytes @ 0x0
  4980                           
  4981     0070                     ?_POWER_DefaultInterruptHandler:	
  4982                           ; 1 bytes @ 0x0
  4983                           
  4984     0070                     ??_POWER_DefaultInterruptHandler:	
  4985                           ; 1 bytes @ 0x0
  4986                           
  4987     0070                     ?_VOL_A_DefaultInterruptHandler:	
  4988                           ; 1 bytes @ 0x0
  4989                           
  4990     0070                     ??_VOL_A_DefaultInterruptHandler:	
  4991                           ; 1 bytes @ 0x0
  4992                           
  4993     0070                     ?_VOL_B_DefaultInterruptHandler:	
  4994                           ; 1 bytes @ 0x0
  4995                           
  4996     0070                     ??_VOL_B_DefaultInterruptHandler:	
  4997                           ; 1 bytes @ 0x0
  4998                           
  4999     0070                     ?_POWER_ISR:	
  5000                           ; 1 bytes @ 0x0
  5001                           
  5002     0070                     ??_POWER_ISR:	
  5003                           ; 1 bytes @ 0x0
  5004                           
  5005     0070                     ?_VOL_A_ISR:	
  5006                           ; 1 bytes @ 0x0
  5007                           
  5008     0070                     ?_VOL_B_ISR:	
  5009                           ; 1 bytes @ 0x0
  5010                           
  5011     0070                     ?_EUSART1_Read:	
  5012                           ; 1 bytes @ 0x0
  5013                           
  5014     0070                     ?_EUSART1_IsRxReady:	
  5015                           ; 1 bytes @ 0x0
  5016                           
  5017     0070                     ?_EUSART1_IsTxReady:	
  5018                           ; 1 bytes @ 0x0
  5019                           
  5020     0070                     ?_EUSART1_IsTxDone:	
  5021                           ; 1 bytes @ 0x0
  5022                           
  5023     0070                     ?_EUSART1_DefaultFramingErrorCallback:	
  5024                           ; 1 bytes @ 0x0
  5025                           
  5026     0070                     ?_EUSART1_DefaultOverrunErrorCallback:	
  5027                           ; 1 bytes @ 0x0
  5028                           
  5029     0070                     ?_EUSART2_DefaultFramingErrorCallback:	
  5030                           ; 1 bytes @ 0x0
  5031                           
  5032     0070                     ?_EUSART2_DefaultOverrunErrorCallback:	
  5033                           ; 1 bytes @ 0x0
  5034                           
  5035     0070                     ?_DFPlayer_Stop:	
  5036                           ; 1 bytes @ 0x0
  5037                           
  5038     0070                     ?_DFPlayer_Init:	
  5039                           ; 1 bytes @ 0x0
  5040                           
  5041     0070                     ?_RotaryEncoder_Tasks:	
  5042                           ; 1 bytes @ 0x0
  5043                           
  5044     0070                     ?_DFPlayer_FadeOutAndStop:	
  5045                           ; 1 bytes @ 0x0
  5046                           
  5047     0070                     ?_PN532_Init:	
  5048                           ; 1 bytes @ 0x0
  5049                           
  5050     0070                     ?_SYSTEM_Initialize:	
  5051                           ; 1 bytes @ 0x0
  5052                           
  5053     0070                     ?_INTERRUPT_InterruptManager:	
  5054                           ; 1 bytes @ 0x0
  5055                           
  5056     0070                     ?_on_power_button_pressed:	
  5057                           ; 1 bytes @ 0x0
  5058                           
  5059     0070                     ?_dfplayer_uart_write:	
  5060                           ; 1 bytes @ 0x0
  5061                           
  5062     0070                     ?_dfplayer_uart_clear_overrun:	
  5063                           ; 1 bytes @ 0x0
  5064                           
  5065     0070                     ?_DFPlayer_AdjustVolume:	
  5066                           ; 1 bytes @ 0x0
  5067                           
  5068     0070                     ?_encoder_isr:	
  5069                           ; 1 bytes @ 0x0
  5070                           
  5071     0070                     ??_encoder_isr:	
  5072                           ; 1 bytes @ 0x0
  5073                           
  5074     0070                     ?_power_isr:	
  5075                           ; 1 bytes @ 0x0
  5076                           
  5077     0070                     ??_power_isr:	
  5078                           ; 1 bytes @ 0x0
  5079                           
  5080     0070                     ?_main:	
  5081                           ; 1 bytes @ 0x0
  5082                           
  5083                           
  5084                           ; 2 bytes @ 0x0
  5085     0070                     	ds	2
  5086     0072                     encoder_isr@index:
  5087                           
  5088                           ; 1 bytes @ 0x2
  5089     0072                     	ds	1
  5090     0073                     encoder_isr@ab:
  5091                           
  5092                           ; 1 bytes @ 0x3
  5093     0073                     	ds	1
  5094     0074                     ??_EUSART2_IsTxReady:
  5095     0074                     ?_EUSART2_Write:	
  5096                           ; 1 bytes @ 0x4
  5097                           
  5098     0074                     ??_EUSART2_IsTxDone:	
  5099                           ; 1 bytes @ 0x4
  5100                           
  5101     0074                     ??_EUSART2_Read:	
  5102                           ; 1 bytes @ 0x4
  5103                           
  5104     0074                     ??_EUSART2_IsRxReady:	
  5105                           ; 1 bytes @ 0x4
  5106                           
  5107     0074                     ??_memcmp:	
  5108                           ; 1 bytes @ 0x4
  5109                           
  5110     0074                     ??_memcpy:	
  5111                           ; 1 bytes @ 0x4
  5112                           
  5113     0074                     ??_CLOCK_Initialize:	
  5114                           ; 1 bytes @ 0x4
  5115                           
  5116     0074                     ?_INT_SetInterruptHandler:	
  5117                           ; 1 bytes @ 0x4
  5118                           
  5119     0074                     ??_PIN_MANAGER_IOC:	
  5120                           ; 1 bytes @ 0x4
  5121                           
  5122     0074                     ?_POWER_SetInterruptHandler:	
  5123                           ; 1 bytes @ 0x4
  5124                           
  5125     0074                     ?_VOL_A_SetInterruptHandler:	
  5126                           ; 1 bytes @ 0x4
  5127                           
  5128     0074                     ?_VOL_B_SetInterruptHandler:	
  5129                           ; 1 bytes @ 0x4
  5130                           
  5131     0074                     ??_VOL_A_ISR:	
  5132                           ; 1 bytes @ 0x4
  5133                           
  5134     0074                     ??_VOL_B_ISR:	
  5135                           ; 1 bytes @ 0x4
  5136                           
  5137     0074                     ??_EUSART1_Read:	
  5138                           ; 1 bytes @ 0x4
  5139                           
  5140     0074                     ?_EUSART1_Write:	
  5141                           ; 1 bytes @ 0x4
  5142                           
  5143     0074                     ??_EUSART1_IsRxReady:	
  5144                           ; 1 bytes @ 0x4
  5145                           
  5146     0074                     ??_EUSART1_IsTxReady:	
  5147                           ; 1 bytes @ 0x4
  5148                           
  5149     0074                     ??_EUSART1_IsTxDone:	
  5150                           ; 1 bytes @ 0x4
  5151                           
  5152     0074                     ?_EUSART1_FramingErrorCallbackRegister:	
  5153                           ; 1 bytes @ 0x4
  5154                           
  5155     0074                     ?_EUSART1_OverrunErrorCallbackRegister:	
  5156                           ; 1 bytes @ 0x4
  5157                           
  5158     0074                     ??_EUSART1_DefaultFramingErrorCallback:	
  5159                           ; 1 bytes @ 0x4
  5160                           
  5161     0074                     ??_EUSART1_DefaultOverrunErrorCallback:	
  5162                           ; 1 bytes @ 0x4
  5163                           
  5164     0074                     ?_EUSART2_FramingErrorCallbackRegister:	
  5165                           ; 1 bytes @ 0x4
  5166                           
  5167     0074                     ?_EUSART2_OverrunErrorCallbackRegister:	
  5168                           ; 1 bytes @ 0x4
  5169                           
  5170     0074                     ??_EUSART2_DefaultFramingErrorCallback:	
  5171                           ; 1 bytes @ 0x4
  5172                           
  5173     0074                     ??_EUSART2_DefaultOverrunErrorCallback:	
  5174                           ; 1 bytes @ 0x4
  5175                           
  5176     0074                     ??_memset:	
  5177                           ; 1 bytes @ 0x4
  5178                           
  5179     0074                     ??_strncmp:	
  5180                           ; 1 bytes @ 0x4
  5181                           
  5182     0074                     ?_strchr:	
  5183                           ; 1 bytes @ 0x4
  5184                           
  5185     0074                     ??_INTERRUPT_InterruptManager:	
  5186                           ; 1 bytes @ 0x4
  5187                           
  5188     0074                     ??_dfplayer_uart_clear_overrun:	
  5189                           ; 1 bytes @ 0x4
  5190                           
  5191     0074                     ??___wmul:	
  5192                           ; 1 bytes @ 0x4
  5193                           
  5194     0074                     ??___awdiv:	
  5195                           ; 1 bytes @ 0x4
  5196                           
  5197     0074                     ?_isspace:	
  5198                           ; 1 bytes @ 0x4
  5199                           
  5200     0074                     ?_isdigit:	
  5201                           ; 2 bytes @ 0x4
  5202                           
  5203     0074                     ?_strlen:	
  5204                           ; 2 bytes @ 0x4
  5205                           
  5206     0074                     _EUSART1_IsTxReady$893:	
  5207                           ; 2 bytes @ 0x4
  5208                           
  5209     0074                     EUSART1_Write@txData:	
  5210                           ; 1 bytes @ 0x4
  5211                           
  5212     0074                     _EUSART2_IsTxReady$1251:	
  5213                           ; 1 bytes @ 0x4
  5214                           
  5215     0074                     EUSART2_Write@txData:	
  5216                           ; 1 bytes @ 0x4
  5217                           
  5218     0074                     INT_SetInterruptHandler@InterruptHandler:	
  5219                           ; 1 bytes @ 0x4
  5220                           
  5221     0074                     POWER_SetInterruptHandler@InterruptHandler:	
  5222                           ; 2 bytes @ 0x4
  5223                           
  5224     0074                     VOL_A_SetInterruptHandler@InterruptHandler:	
  5225                           ; 2 bytes @ 0x4
  5226                           
  5227     0074                     VOL_B_SetInterruptHandler@InterruptHandler:	
  5228                           ; 2 bytes @ 0x4
  5229                           
  5230     0074                     EUSART1_FramingErrorCallbackRegister@callbackHandler:	
  5231                           ; 2 bytes @ 0x4
  5232                           
  5233     0074                     EUSART1_OverrunErrorCallbackRegister@callbackHandler:	
  5234                           ; 2 bytes @ 0x4
  5235                           
  5236     0074                     EUSART2_FramingErrorCallbackRegister@callbackHandler:	
  5237                           ; 2 bytes @ 0x4
  5238                           
  5239     0074                     EUSART2_OverrunErrorCallbackRegister@callbackHandler:	
  5240                           ; 2 bytes @ 0x4
  5241                           
  5242     0074                     ___wmul@product:	
  5243                           ; 2 bytes @ 0x4
  5244                           
  5245     0074                     isdigit@c:	
  5246                           ; 2 bytes @ 0x4
  5247                           
  5248     0074                     isspace@c:	
  5249                           ; 2 bytes @ 0x4
  5250                           
  5251     0074                     strchr@c:	
  5252                           ; 2 bytes @ 0x4
  5253                           
  5254     0074                     strlen@s:	
  5255                           ; 2 bytes @ 0x4
  5256                           
  5257                           
  5258                           ; 2 bytes @ 0x4
  5259     0074                     	ds	1
  5260     0075                     ??_EUSART2_Write:
  5261     0075                     ??_EUSART1_Write:	
  5262                           ; 1 bytes @ 0x5
  5263                           
  5264     0075                     ??_pn532_send_and_capture:	
  5265                           ; 1 bytes @ 0x5
  5266                           
  5267     0075                     ??_dfplayer_uart_write:	
  5268                           ; 1 bytes @ 0x5
  5269                           
  5270     0075                     dfplayer_uart_write@data:	
  5271                           ; 1 bytes @ 0x5
  5272                           
  5273                           
  5274                           ; 1 bytes @ 0x5
  5275     0075                     	ds	1
  5276     0076                     ??_PIN_MANAGER_Initialize:
  5277     0076                     ??_EUSART1_Initialize:	
  5278                           ; 1 bytes @ 0x6
  5279                           
  5280     0076                     ??_EUSART2_Initialize:	
  5281                           ; 1 bytes @ 0x6
  5282                           
  5283     0076                     ??_INTERRUPT_Initialize:	
  5284                           ; 1 bytes @ 0x6
  5285                           
  5286     0076                     ??_INT_SetInterruptHandler:	
  5287                           ; 1 bytes @ 0x6
  5288                           
  5289     0076                     ??_POWER_SetInterruptHandler:	
  5290                           ; 1 bytes @ 0x6
  5291                           
  5292     0076                     ??_VOL_A_SetInterruptHandler:	
  5293                           ; 1 bytes @ 0x6
  5294                           
  5295     0076                     ??_VOL_B_SetInterruptHandler:	
  5296                           ; 1 bytes @ 0x6
  5297                           
  5298     0076                     ??_EUSART1_FramingErrorCallbackRegister:	
  5299                           ; 1 bytes @ 0x6
  5300                           
  5301     0076                     ??_EUSART1_OverrunErrorCallbackRegister:	
  5302                           ; 1 bytes @ 0x6
  5303                           
  5304     0076                     ??_EUSART2_FramingErrorCallbackRegister:	
  5305                           ; 1 bytes @ 0x6
  5306                           
  5307     0076                     ??_EUSART2_OverrunErrorCallbackRegister:	
  5308                           ; 1 bytes @ 0x6
  5309                           
  5310     0076                     ??_DFPlayer_Stop:	
  5311                           ; 1 bytes @ 0x6
  5312                           
  5313     0076                     ??_DFPlayer_Init:	
  5314                           ; 1 bytes @ 0x6
  5315                           
  5316     0076                     ??_DFPlayer_PlayTrack:	
  5317                           ; 1 bytes @ 0x6
  5318                           
  5319     0076                     ??_strchr:	
  5320                           ; 1 bytes @ 0x6
  5321                           
  5322     0076                     ??_ntag_read4pages:	
  5323                           ; 1 bytes @ 0x6
  5324                           
  5325     0076                     ??_SYSTEM_Initialize:	
  5326                           ; 1 bytes @ 0x6
  5327                           
  5328     0076                     ??_parse_track_number:	
  5329                           ; 1 bytes @ 0x6
  5330                           
  5331     0076                     ??_on_power_button_pressed:	
  5332                           ; 1 bytes @ 0x6
  5333                           
  5334                           
  5335                           	psect	cstackBANK0
  5336     0020                     __pcstackBANK0:	
  5337                           ; 1 bytes @ 0x6
  5338                           
  5339     0020                     ?_memcpy:
  5340     0020                     ?_memset:	
  5341                           ; 1 bytes @ 0x0
  5342                           
  5343     0020                     ?_RotaryEncoder_Init:	
  5344                           ; 1 bytes @ 0x0
  5345                           
  5346     0020                     ??_isspace:	
  5347                           ; 1 bytes @ 0x0
  5348                           
  5349     0020                     ??_isdigit:	
  5350                           ; 1 bytes @ 0x0
  5351                           
  5352     0020                     ??_strlen:	
  5353                           ; 1 bytes @ 0x0
  5354                           
  5355     0020                     ?_pn532_send_and_capture:	
  5356                           ; 1 bytes @ 0x0
  5357                           
  5358     0020                     ?_dfplayer_wait_for_ack:	
  5359                           ; 1 bytes @ 0x0
  5360                           
  5361     0020                     ?_memcmp:	
  5362                           ; 1 bytes @ 0x0
  5363                           
  5364     0020                     ?_strncmp:	
  5365                           ; 2 bytes @ 0x0
  5366                           
  5367     0020                     ?___wmul:	
  5368                           ; 2 bytes @ 0x0
  5369                           
  5370     0020                     ?___awdiv:	
  5371                           ; 2 bytes @ 0x0
  5372                           
  5373     0020                     pn532_send_and_capture@packetLen:	
  5374                           ; 2 bytes @ 0x0
  5375                           
  5376     0020                     strchr@s:	
  5377                           ; 1 bytes @ 0x0
  5378                           
  5379     0020                     RotaryEncoder_Init@onPowerButtonPressed:	
  5380                           ; 1 bytes @ 0x0
  5381                           
  5382     0020                     ___wmul@multiplier:	
  5383                           ; 2 bytes @ 0x0
  5384                           
  5385     0020                     ___awdiv@divisor:	
  5386                           ; 2 bytes @ 0x0
  5387                           
  5388     0020                     memcmp@vl:	
  5389                           ; 2 bytes @ 0x0
  5390                           
  5391     0020                     memcpy@s1:	
  5392                           ; 2 bytes @ 0x0
  5393                           
  5394     0020                     memset@c:	
  5395                           ; 2 bytes @ 0x0
  5396                           
  5397     0020                     strncmp@_r:	
  5398                           ; 2 bytes @ 0x0
  5399                           
  5400     0020                     dfplayer_wait_for_ack@timeout_us:	
  5401                           ; 2 bytes @ 0x0
  5402                           
  5403                           
  5404                           ; 4 bytes @ 0x0
  5405     0020                     	ds	1
  5406     0021                     pn532_send_and_capture@buffer:
  5407     0021                     strlen@a:	
  5408                           ; 1 bytes @ 0x1
  5409                           
  5410                           
  5411                           ; 2 bytes @ 0x1
  5412     0021                     	ds	1
  5413     0022                     ??_RotaryEncoder_Init:
  5414     0022                     pn532_send_and_capture@bufferSize:	
  5415                           ; 1 bytes @ 0x2
  5416                           
  5417     0022                     _isspace$2089:	
  5418                           ; 1 bytes @ 0x2
  5419                           
  5420     0022                     ___wmul@multiplicand:	
  5421                           ; 1 bytes @ 0x2
  5422                           
  5423     0022                     ___awdiv@dividend:	
  5424                           ; 2 bytes @ 0x2
  5425                           
  5426     0022                     memcmp@vr:	
  5427                           ; 2 bytes @ 0x2
  5428                           
  5429     0022                     memcpy@n:	
  5430                           ; 2 bytes @ 0x2
  5431                           
  5432     0022                     memset@n:	
  5433                           ; 2 bytes @ 0x2
  5434                           
  5435     0022                     strncmp@n:	
  5436                           ; 2 bytes @ 0x2
  5437                           
  5438                           
  5439                           ; 2 bytes @ 0x2
  5440     0022                     	ds	1
  5441     0023                     pn532_send_and_capture@firstByteTimeoutMs:
  5442                           
  5443                           ; 2 bytes @ 0x3
  5444     0023                     	ds	1
  5445     0024                     ??_dfplayer_wait_for_ack:
  5446     0024                     ?_atoi:	
  5447                           ; 1 bytes @ 0x4
  5448                           
  5449     0024                     ___awdiv@counter:	
  5450                           ; 2 bytes @ 0x4
  5451                           
  5452     0024                     memcpy@tmp:	
  5453                           ; 1 bytes @ 0x4
  5454                           
  5455     0024                     memset@dest:	
  5456                           ; 1 bytes @ 0x4
  5457                           
  5458     0024                     strncmp@_l:	
  5459                           ; 1 bytes @ 0x4
  5460                           
  5461     0024                     memcmp@n:	
  5462                           ; 1 bytes @ 0x4
  5463                           
  5464                           
  5465                           ; 2 bytes @ 0x4
  5466     0024                     	ds	1
  5467     0025                     pn532_send_and_capture@packet:
  5468     0025                     ___awdiv@sign:	
  5469                           ; 1 bytes @ 0x5
  5470                           
  5471     0025                     memcpy@s:	
  5472                           ; 1 bytes @ 0x5
  5473                           
  5474     0025                     memset@k:	
  5475                           ; 2 bytes @ 0x5
  5476                           
  5477     0025                     strncmp@r:	
  5478                           ; 2 bytes @ 0x5
  5479                           
  5480                           
  5481                           ; 2 bytes @ 0x5
  5482     0025                     	ds	1
  5483     0026                     ??_atoi:
  5484     0026                     pn532_send_and_capture@firstByteCounter:	
  5485                           ; 1 bytes @ 0x6
  5486                           
  5487     0026                     ___awdiv@quotient:	
  5488                           ; 2 bytes @ 0x6
  5489                           
  5490     0026                     memcmp@l:	
  5491                           ; 2 bytes @ 0x6
  5492                           
  5493                           
  5494                           ; 2 bytes @ 0x6
  5495     0026                     	ds	1
  5496     0027                     memcpy@d:
  5497     0027                     memset@s:	
  5498                           ; 1 bytes @ 0x7
  5499                           
  5500     0027                     strncmp@l:	
  5501                           ; 1 bytes @ 0x7
  5502                           
  5503                           
  5504                           ; 1 bytes @ 0x7
  5505     0027                     	ds	1
  5506     0028                     ?_strstr:
  5507     0028                     pn532_send_and_capture@receivedAnything:	
  5508                           ; 1 bytes @ 0x8
  5509                           
  5510     0028                     memcpy@d1:	
  5511                           ; 1 bytes @ 0x8
  5512                           
  5513     0028                     atoi@neg:	
  5514                           ; 1 bytes @ 0x8
  5515                           
  5516     0028                     memcmp@r:	
  5517                           ; 2 bytes @ 0x8
  5518                           
  5519     0028                     strstr@n:	
  5520                           ; 2 bytes @ 0x8
  5521                           
  5522     0028                     dfplayer_wait_for_ack@frame:	
  5523                           ; 2 bytes @ 0x8
  5524                           
  5525                           
  5526                           ; 10 bytes @ 0x8
  5527     0028                     	ds	1
  5528     0029                     ?_parse_ndef_text_record:
  5529     0029                     parse_ndef_text_record@recLen:	
  5530                           ; 1 bytes @ 0x9
  5531                           
  5532     0029                     pn532_send_and_capture@idleCounter:	
  5533                           ; 1 bytes @ 0x9
  5534                           
  5535                           
  5536                           ; 2 bytes @ 0x9
  5537     0029                     	ds	1
  5538     002A                     ??_strstr:
  5539     002A                     parse_ndef_text_record@out:	
  5540                           ; 1 bytes @ 0xA
  5541                           
  5542     002A                     atoi@n:	
  5543                           ; 1 bytes @ 0xA
  5544                           
  5545                           
  5546                           ; 2 bytes @ 0xA
  5547     002A                     	ds	1
  5548     002B                     pn532_send_and_capture@i:
  5549     002B                     parse_ndef_text_record@outSize:	
  5550                           ; 1 bytes @ 0xB
  5551                           
  5552                           
  5553                           ; 1 bytes @ 0xB
  5554     002B                     	ds	1
  5555     002C                     ??_parse_ndef_text_record:
  5556     002C                     pn532_send_and_capture@count:	
  5557                           ; 1 bytes @ 0xC
  5558                           
  5559     002C                     atoi@s:	
  5560                           ; 1 bytes @ 0xC
  5561                           
  5562     002C                     strstr@nl:	
  5563                           ; 1 bytes @ 0xC
  5564                           
  5565                           
  5566                           ; 2 bytes @ 0xC
  5567     002C                     	ds	1
  5568     002D                     ?_pn532_transact:
  5569     002D                     pn532_transact@params:	
  5570                           ; 1 bytes @ 0xD
  5571                           
  5572                           
  5573                           ; 1 bytes @ 0xD
  5574     002D                     	ds	1
  5575     002E                     pn532_transact@paramLen:
  5576     002E                     strstr@h:	
  5577                           ; 1 bytes @ 0xE
  5578                           
  5579                           
  5580                           ; 1 bytes @ 0xE
  5581     002E                     	ds	1
  5582     002F                     ?_parse_track_number:
  5583     002F                     pn532_transact@withWakeup:	
  5584                           ; 2 bytes @ 0xF
  5585                           
  5586                           
  5587                           ; 1 bytes @ 0xF
  5588     002F                     	ds	1
  5589     0030                     pn532_transact@out:
  5590                           
  5591                           ; 1 bytes @ 0x10
  5592     0030                     	ds	1
  5593     0031                     pn532_transact@outMax:
  5594     0031                     parse_track_number@text:	
  5595                           ; 1 bytes @ 0x11
  5596                           
  5597                           
  5598                           ; 1 bytes @ 0x11
  5599     0031                     	ds	1
  5600     0032                     pn532_transact@outLen:
  5601     0032                     parse_track_number@sep:	
  5602                           ; 1 bytes @ 0x12
  5603                           
  5604     0032                     _dfplayer_wait_for_ack$1447:	
  5605                           ; 1 bytes @ 0x12
  5606                           
  5607                           
  5608                           ; 1 bytes @ 0x12
  5609     0032                     	ds	1
  5610     0033                     ??_pn532_transact:
  5611     0033                     parse_ndef_text_record@tnf:	
  5612                           ; 1 bytes @ 0x13
  5613                           
  5614     0033                     dfplayer_wait_for_ack@count:	
  5615                           ; 1 bytes @ 0x13
  5616                           
  5617                           
  5618                           ; 1 bytes @ 0x13
  5619     0033                     	ds	1
  5620     0034                     ?_DFPlayer_SendCommand:
  5621     0034                     parse_ndef_text_record@shortRecord:	
  5622                           ; 1 bytes @ 0x14
  5623                           
  5624     0034                     DFPlayer_SendCommand@parameter:	
  5625                           ; 1 bytes @ 0x14
  5626                           
  5627                           
  5628                           ; 2 bytes @ 0x14
  5629     0034                     	ds	1
  5630     0035                     parse_ndef_text_record@hasId:
  5631                           
  5632                           ; 1 bytes @ 0x15
  5633     0035                     	ds	1
  5634     0036                     parse_ndef_text_record@isText:
  5635     0036                     DFPlayer_SendCommand@waitForAck:	
  5636                           ; 1 bytes @ 0x16
  5637                           
  5638                           
  5639                           ; 1 bytes @ 0x16
  5640     0036                     	ds	1
  5641     0037                     ??_PN532_Init:
  5642     0037                     ?_PN532_ReadPassiveTarget:	
  5643                           ; 1 bytes @ 0x17
  5644                           
  5645     0037                     ?_ntag_read4pages:	
  5646                           ; 1 bytes @ 0x17
  5647                           
  5648     0037                     ??_DFPlayer_SendCommand:	
  5649                           ; 1 bytes @ 0x17
  5650                           
  5651     0037                     PN532_ReadPassiveTarget@uidLen:	
  5652                           ; 1 bytes @ 0x17
  5653                           
  5654     0037                     ntag_read4pages@out16:	
  5655                           ; 1 bytes @ 0x17
  5656                           
  5657     0037                     parse_ndef_text_record@status:	
  5658                           ; 1 bytes @ 0x17
  5659                           
  5660                           
  5661                           ; 1 bytes @ 0x17
  5662     0037                     	ds	1
  5663     0038                     ??_PN532_ReadPassiveTarget:
  5664     0038                     parse_ndef_text_record@idLen:	
  5665                           ; 1 bytes @ 0x18
  5666                           
  5667     0038                     PN532_Init@rsp:	
  5668                           ; 1 bytes @ 0x18
  5669                           
  5670     0038                     ntag_read4pages@rsp:	
  5671                           ; 16 bytes @ 0x18
  5672                           
  5673                           
  5674                           ; 20 bytes @ 0x18
  5675     0038                     	ds	1
  5676     0039                     _parse_ndef_text_record$175:
  5677     0039                     PN532_ReadPassiveTarget@rsp:	
  5678                           ; 1 bytes @ 0x19
  5679                           
  5680                           
  5681                           ; 24 bytes @ 0x19
  5682     0039                     	ds	1
  5683     003A                     parse_ndef_text_record@payload:
  5684                           
  5685                           ; 1 bytes @ 0x1A
  5686     003A                     	ds	1
  5687     003B                     parse_ndef_text_record@header:
  5688                           
  5689                           ; 1 bytes @ 0x1B
  5690     003B                     	ds	1
  5691     003C                     parse_ndef_text_record@typeLen:
  5692                           
  5693                           ; 1 bytes @ 0x1C
  5694     003C                     	ds	1
  5695     003D                     parse_ndef_text_record@langLen:
  5696     003D                     DFPlayer_SendCommand@command:	
  5697                           ; 1 bytes @ 0x1D
  5698                           
  5699                           
  5700                           ; 1 bytes @ 0x1D
  5701     003D                     	ds	1
  5702     003E                     parse_ndef_text_record@payloadLen:
  5703     003E                     DFPlayer_SendCommand@checksum:	
  5704                           ; 2 bytes @ 0x1E
  5705                           
  5706                           
  5707                           ; 2 bytes @ 0x1E
  5708     003E                     	ds	2
  5709     0040                     DFPlayer_SendCommand@high:
  5710     0040                     parse_ndef_text_record@textLen:	
  5711                           ; 1 bytes @ 0x20
  5712                           
  5713                           
  5714                           ; 2 bytes @ 0x20
  5715     0040                     	ds	1
  5716     0041                     DFPlayer_SendCommand@low:
  5717                           
  5718                           ; 1 bytes @ 0x21
  5719     0041                     	ds	1
  5720     0042                     parse_ndef_text_record@rec:
  5721     0042                     DFPlayer_SendCommand@feedback:	
  5722                           ; 1 bytes @ 0x22
  5723                           
  5724                           
  5725                           ; 1 bytes @ 0x22
  5726     0042                     	ds	1
  5727     0043                     ?_DFPlayer_PlayTrack:
  5728     0043                     ?_DFPlayer_SetVolume:	
  5729                           ; 1 bytes @ 0x23
  5730                           
  5731     0043                     parse_ndef_text_record@idx:	
  5732                           ; 1 bytes @ 0x23
  5733                           
  5734     0043                     DFPlayer_SetVolume@waitForAck:	
  5735                           ; 1 bytes @ 0x23
  5736                           
  5737     0043                     DFPlayer_PlayTrack@track:	
  5738                           ; 1 bytes @ 0x23
  5739                           
  5740                           
  5741                           ; 2 bytes @ 0x23
  5742     0043                     	ds	1
  5743     0044                     ??_DFPlayer_SetVolume:
  5744                           
  5745                           ; 1 bytes @ 0x24
  5746     0044                     	ds	2
  5747     0046                     DFPlayer_SetVolume@volume:
  5748                           
  5749                           ; 1 bytes @ 0x26
  5750     0046                     	ds	1
  5751     0047                     ??_DFPlayer_FadeOutAndStop:
  5752     0047                     ??_DFPlayer_AdjustVolume:	
  5753                           ; 1 bytes @ 0x27
  5754                           
  5755                           
  5756                           ; 1 bytes @ 0x27
  5757     0047                     	ds	1
  5758     0048                     DFPlayer_AdjustVolume@delta:
  5759     0048                     PN532_Init@rfcfg:	
  5760                           ; 1 bytes @ 0x28
  5761                           
  5762                           
  5763                           ; 4 bytes @ 0x28
  5764     0048                     	ds	1
  5765     0049                     DFPlayer_FadeOutAndStop@startVolume:
  5766     0049                     DFPlayer_AdjustVolume@volume:	
  5767                           ; 1 bytes @ 0x29
  5768                           
  5769                           
  5770                           ; 2 bytes @ 0x29
  5771     0049                     	ds	2
  5772     004B                     ??_RotaryEncoder_Tasks:
  5773                           
  5774                           ; 1 bytes @ 0x2B
  5775     004B                     	ds	1
  5776     004C                     ntag_read4pages@page:
  5777     004C                     PN532_Init@samcfg:	
  5778                           ; 1 bytes @ 0x2C
  5779                           
  5780                           
  5781                           ; 3 bytes @ 0x2C
  5782     004C                     	ds	1
  5783     004D                     RotaryEncoder_Tasks@delta:
  5784     004D                     ntag_read4pages@params:	
  5785                           ; 2 bytes @ 0x2D
  5786                           
  5787                           
  5788                           ; 3 bytes @ 0x2D
  5789     004D                     	ds	2
  5790     004F                     PN532_Init@rlen:
  5791     004F                     RotaryEncoder_Tasks@steps:	
  5792                           ; 1 bytes @ 0x2F
  5793                           
  5794                           
  5795                           ; 1 bytes @ 0x2F
  5796     004F                     	ds	1
  5797     0050                     ntag_read4pages@rlen:
  5798                           
  5799                           ; 1 bytes @ 0x30
  5800     0050                     	ds	1
  5801     0051                     ?_PN532_ReadNdefText:
  5802     0051                     PN532_ReadNdefText@outSize:	
  5803                           ; 1 bytes @ 0x31
  5804                           
  5805     0051                     PN532_ReadPassiveTarget@params:	
  5806                           ; 1 bytes @ 0x31
  5807                           
  5808                           
  5809                           ; 2 bytes @ 0x31
  5810     0051                     	ds	1
  5811     0052                     ??_PN532_ReadNdefText:
  5812                           
  5813                           ; 1 bytes @ 0x32
  5814     0052                     	ds	1
  5815     0053                     PN532_ReadPassiveTarget@uid:
  5816                           
  5817                           ; 1 bytes @ 0x33
  5818     0053                     	ds	1
  5819     0054                     PN532_ReadPassiveTarget@rlen:
  5820                           
  5821                           ; 1 bytes @ 0x34
  5822     0054                     	ds	1
  5823     0055                     PN532_ReadPassiveTarget@i:
  5824                           
  5825                           ; 1 bytes @ 0x35
  5826     0055                     	ds	1
  5827     0056                     PN532_ReadPassiveTarget@nfcidLen:
  5828                           
  5829                           ; 1 bytes @ 0x36
  5830     0056                     	ds	1
  5831     0057                     ??_main:
  5832                           
  5833                           ; 1 bytes @ 0x37
  5834     0057                     	ds	2
  5835                           
  5836                           	psect	maintext
  5837     03E0                     __pmaintext:	
  5838 ;;
  5839 ;;Main: autosize = 0, tempsize = 2, incstack = 0, save=0
  5840 ;;
  5841 ;; *************** function _main *****************
  5842 ;; Defined at:
  5843 ;;		line 80 in file "main.c"
  5844 ;; Parameters:    Size  Location     Type
  5845 ;;		None
  5846 ;; Auto vars:     Size  Location     Type
  5847 ;;  track           2   49[BANK2 ] unsigned short 
  5848 ;;  text           32    7[BANK2 ] unsigned char [32]
  5849 ;;  i               1   47[BANK2 ] unsigned char 
  5850 ;;  isNewTag        1   46[BANK2 ] _Bool 
  5851 ;;  uid             7   39[BANK2 ] unsigned char [7]
  5852 ;;  uidLen          1   52[BANK2 ] unsigned char 
  5853 ;;  initResult      1   51[BANK2 ] unsigned char 
  5854 ;; Return value:  Size  Location     Type
  5855 ;;                  2  751[None  ] int 
  5856 ;; Registers used:
  5857 ;;		wreg, fsr0l, fsr0h, fsr1l, fsr1h, status,2, status,0, pclath, cstack
  5858 ;; Tracked objects:
  5859 ;;		On entry : B3F/0
  5860 ;;		On exit  : 0/0
  5861 ;;		Unchanged: 0/0
  5862 ;; Data sizes:     COMMON   BANK0   BANK1   BANK2   BANK3   BANK4   BANK5   BANK6   BANK7   BANK8   BANK9  BANK10  BANK1
      +1  BANK12  BANK13  BANK14  BANK15  BANK16  BANK17  BANK18  BANK19  BANK20  BANK21  BANK22  BANK23  BANK24  BANK25
  5863 ;;      Params:         0       0       0       0       0       0       0       0       0       0       0       0       
      +0       0       0       0       0       0       0       0       0       0       0       0       0       0       0
  5864 ;;      Locals:         0       0       0      46       0       0       0       0       0       0       0       0       
      +0       0       0       0       0       0       0       0       0       0       0       0       0       0       0
  5865 ;;      Temps:          0       2       0       0       0       0       0       0       0       0       0       0       
      +0       0       0       0       0       0       0       0       0       0       0       0       0       0       0
  5866 ;;      Totals:         0       2       0      46       0       0       0       0       0       0       0       0       
      +0       0       0       0       0       0       0       0       0       0       0       0       0       0       0
  5867 ;;Total ram usage:       48 bytes
  5868 ;; Hardware stack levels required when called: 11
  5869 ;; This function calls:
  5870 ;;		_DFPlayer_FadeOutAndStop
  5871 ;;		_DFPlayer_Init
  5872 ;;		_DFPlayer_PlayTrack
  5873 ;;		_PN532_Init
  5874 ;;		_PN532_ReadNdefText
  5875 ;;		_PN532_ReadPassiveTarget
  5876 ;;		_RotaryEncoder_Init
  5877 ;;		_RotaryEncoder_Tasks
  5878 ;;		_SYSTEM_Initialize
  5879 ;;		_memcmp
  5880 ;;		_memcpy
  5881 ;;		_parse_track_number
  5882 ;; This function is called by:
  5883 ;;		Startup code after reset
  5884 ;; This function uses a non-reentrant model
  5885 ;;
  5886                           
  5887     03E0                     _main:	
  5888                           ;psect for function _main
  5889                           
  5890     03E0                     l5510:	
  5891                           ;incstack = 0
  5892                           ; Regs used in _main: [wreg-fsr1h+status,2+status,0+pclath+cstack]
  5893                           
  5894                           
  5895                           ;main.c: 82:     SYSTEM_Initialize();
  5896     03E0  318A  220F  3183   	fcall	_SYSTEM_Initialize
  5897     03E3                     l5512:
  5898                           
  5899                           ;main.c: 84:     (INTCONbits.GIE = 1);
  5900     03E3  178B               	bsf	11,7	;volatile
  5901     03E4                     l5514:
  5902                           
  5903                           ;main.c: 85:     (INTCONbits.PEIE = 1);
  5904     03E4  170B               	bsf	11,6	;volatile
  5905     03E5                     l5516:
  5906     03E5  0140               	movlb	0	; select bank0
  5907     03E6  1092               	bcf	18,1	;volatile
  5908     03E7                     l5518:
  5909     03E7  1498               	bsf	24,1	;volatile
  5910     03E8                     l5520:
  5911                           
  5912                           ;main.c: 89:     _delay((unsigned long)((1000)*(32000000/4000.0)));
  5913     03E8  3029               	movlw	41
  5914     03E9  0140               	movlb	0	; select bank0
  5915     03EA  00D8               	movwf	??_main+1
  5916     03EB  3096               	movlw	150
  5917     03EC  00D7               	movwf	??_main
  5918     03ED  307F               	movlw	127
  5919     03EE                     u5587:
  5920     03EE  0B89               	decfsz	9,f
  5921     03EF  2BEE               	goto	u5587
  5922     03F0  0BD7               	decfsz	??_main,f
  5923     03F1  2BEE               	goto	u5587
  5924     03F2  0BD8               	decfsz	??_main+1,f
  5925     03F3  2BEE               	goto	u5587
  5926     03F4                     l5522:
  5927                           
  5928                           ;main.c: 91:     uint8_t initResult = PN532_Init();
  5929     03F4  318F  2712  3183   	fcall	_PN532_Init
  5930     03F7  0142               	movlb	2	; select bank2
  5931     03F8  00D3               	movwf	main@initResult^(0+256)
  5932     03F9                     l5524:
  5933                           
  5934                           ;main.c: 92:     if (initResult != 0)
  5935     03F9  0853               	movf	main@initResult^(0+256),w
  5936     03FA  1903               	btfsc	3,2
  5937     03FB  2BFD               	goto	u5461
  5938     03FC  2BFE               	goto	u5460
  5939     03FD                     u5461:
  5940     03FD  2C38               	goto	l767
  5941     03FE                     u5460:
  5942     03FE                     l5526:
  5943                           
  5944                           ;main.c: 98:         {;main.c: 99:             for (uint8_t i = 0; i < initResult; i++)
  5945     03FE  0142               	movlb	2	; select bank2
  5946     03FF  01CF               	clrf	main@i^(0+256)
  5947     0400  2C25               	goto	l5534
  5948     0401                     l760:	
  5949                           ;main.c: 100:             {;main.c: 101:                 do { LATAbits.LATA1 = 1; } whil
      +                          e(0);
  5950                           
  5951     0401  0140               	movlb	0	; select bank0
  5952     0402  1498               	bsf	24,1	;volatile
  5953     0403                     l5528:
  5954                           
  5955                           ;main.c: 102:                 _delay((unsigned long)((200)*(32000000/4000.0)));
  5956     0403  3009               	movlw	9
  5957     0404  0140               	movlb	0	; select bank0
  5958     0405  00D8               	movwf	??_main+1
  5959     0406  301E               	movlw	30
  5960     0407  00D7               	movwf	??_main
  5961     0408  30E4               	movlw	228
  5962     0409                     u5597:
  5963     0409  0B89               	decfsz	9,f
  5964     040A  2C09               	goto	u5597
  5965     040B  0BD7               	decfsz	??_main,f
  5966     040C  2C09               	goto	u5597
  5967     040D  0BD8               	decfsz	??_main+1,f
  5968     040E  2C09               	goto	u5597
  5969     040F  0000               	nop
  5970     0410                     l5530:
  5971     0410  0140               	movlb	0	; select bank0
  5972     0411  1098               	bcf	24,1	;volatile
  5973     0412                     l763:
  5974                           
  5975                           ;main.c: 104:                 _delay((unsigned long)((200)*(32000000/4000.0)));
  5976     0412  3009               	movlw	9
  5977     0413  0140               	movlb	0	; select bank0
  5978     0414  00D8               	movwf	??_main+1
  5979     0415  301E               	movlw	30
  5980     0416  00D7               	movwf	??_main
  5981     0417  30E4               	movlw	228
  5982     0418                     u5607:
  5983     0418  0B89               	decfsz	9,f
  5984     0419  2C18               	goto	u5607
  5985     041A  0BD7               	decfsz	??_main,f
  5986     041B  2C18               	goto	u5607
  5987     041C  0BD8               	decfsz	??_main+1,f
  5988     041D  2C18               	goto	u5607
  5989     041E  0000               	nop
  5990     041F                     l5532:
  5991                           
  5992                           ;main.c: 105:             }
  5993     041F  3001               	movlw	1
  5994     0420  0140               	movlb	0	; select bank0
  5995     0421  00D7               	movwf	??_main
  5996     0422  0857               	movf	??_main,w
  5997     0423  0142               	movlb	2	; select bank2
  5998     0424  07CF               	addwf	main@i^(0+256),f
  5999     0425                     l5534:
  6000     0425  0853               	movf	main@initResult^(0+256),w
  6001     0426  024F               	subwf	main@i^(0+256),w
  6002     0427  1C03               	skipc
  6003     0428  2C2A               	goto	u5471
  6004     0429  2C2B               	goto	u5470
  6005     042A                     u5471:
  6006     042A  2C01               	goto	l760
  6007     042B                     u5470:
  6008     042B                     l5536:
  6009                           
  6010                           ;main.c: 106:             _delay((unsigned long)((1000)*(32000000/4000.0)));
  6011     042B  3029               	movlw	41
  6012     042C  0140               	movlb	0	; select bank0
  6013     042D  00D8               	movwf	??_main+1
  6014     042E  3096               	movlw	150
  6015     042F  00D7               	movwf	??_main
  6016     0430  307F               	movlw	127
  6017     0431                     u5617:
  6018     0431  0B89               	decfsz	9,f
  6019     0432  2C31               	goto	u5617
  6020     0433  0BD7               	decfsz	??_main,f
  6021     0434  2C31               	goto	u5617
  6022     0435  0BD8               	decfsz	??_main+1,f
  6023     0436  2C31               	goto	u5617
  6024     0437  2BFE               	goto	l5526
  6025     0438                     l767:	
  6026                           ;main.c: 109:     do { LATAbits.LATA1 = 0; } while(0);
  6027                           
  6028     0438  0140               	movlb	0	; select bank0
  6029     0439  1098               	bcf	24,1	;volatile
  6030     043A                     l5538:
  6031                           
  6032                           ;main.c: 111:     DFPlayer_Init();
  6033     043A  3189  2151  3183   	fcall	_DFPlayer_Init
  6034     043D                     l5540:
  6035                           
  6036                           ;main.c: 112:     RotaryEncoder_Init(on_power_button_pressed);
  6037     043D  306B               	movlw	low _on_power_button_pressed
  6038     043E  0140               	movlb	0	; select bank0
  6039     043F  00A0               	movwf	RotaryEncoder_Init@onPowerButtonPressed
  6040     0440  300A               	movlw	high _on_power_button_pressed
  6041     0441  00A1               	movwf	RotaryEncoder_Init@onPowerButtonPressed+1
  6042     0442  318C  2425  3183   	fcall	_RotaryEncoder_Init
  6043     0445                     l5542:
  6044                           
  6045                           ;main.c: 115:     {;main.c: 116:         RotaryEncoder_Tasks();
  6046     0445  318E  2638  3183   	fcall	_RotaryEncoder_Tasks
  6047     0448                     l5544:
  6048                           
  6049                           ;main.c: 118:         uint8_t uid[7];;main.c: 119:         uint8_t uidLen;;main.c: 121: 
      +                                  if (isOn && PN532_ReadPassiveTarget(uid, &uidLen))
  6050     0448  0879               	movf	_isOn,w
  6051     0449  1903               	btfsc	3,2
  6052     044A  2C4C               	goto	u5481
  6053     044B  2C4D               	goto	u5480
  6054     044C                     u5481:
  6055     044C  2CCE               	goto	l5568
  6056     044D                     u5480:
  6057     044D                     l5546:
  6058     044D  3054               	movlw	(low (main@uidLen| (0+256)))& (0+255)
  6059     044E  0140               	movlb	0	; select bank0
  6060     044F  00B7               	movwf	PN532_ReadPassiveTarget@uidLen
  6061     0450  3047               	movlw	(low (main@uid| (0+256)))& (0+255)
  6062     0451  318D  2579  3183   	fcall	_PN532_ReadPassiveTarget
  6063     0454  3A00               	xorlw	0
  6064     0455  1903               	skipnz
  6065     0456  2C58               	goto	u5491
  6066     0457  2C59               	goto	u5490
  6067     0458                     u5491:
  6068     0458  2CCE               	goto	l5568
  6069     0459                     u5490:
  6070     0459                     l771:	
  6071                           ;main.c: 122:         {;main.c: 123:             do { LATAbits.LATA1 = 1; } while(0);
  6072                           
  6073     0459  0140               	movlb	0	; select bank0
  6074     045A  1498               	bsf	24,1	;volatile
  6075     045B                     l772:
  6076                           
  6077                           ;main.c: 125:             _Bool isNewTag = (uidLen != lastUidLen) || (memcmp(uid, lastUi
      +                          d, uidLen) != 0);
  6078     045B  0142               	movlb	2	; select bank2
  6079     045C  01D0               	clrf	_main$1409^(0+256)
  6080     045D  0AD0               	incf	_main$1409^(0+256),f
  6081     045E                     l5548:
  6082     045E  0854               	movf	main@uidLen^(0+256),w
  6083     045F  0658               	xorwf	_lastUidLen^(0+256),w
  6084     0460  1D03               	skipz
  6085     0461  2C63               	goto	u5501
  6086     0462  2C64               	goto	u5500
  6087     0463                     u5501:
  6088     0463  2C82               	goto	l5554
  6089     0464                     u5500:
  6090     0464                     l5550:
  6091     0464  3047               	movlw	low main@uid
  6092     0465  0140               	movlb	0	; select bank0
  6093     0466  00A0               	movwf	memcmp@vl
  6094     0467  3001               	movlw	high main@uid
  6095     0468  00A1               	movwf	memcmp@vl+1
  6096     0469  3059               	movlw	low _lastUid
  6097     046A  00A2               	movwf	memcmp@vr
  6098     046B  3001               	movlw	high _lastUid
  6099     046C  00A3               	movwf	memcmp@vr+1
  6100     046D  0142               	movlb	2	; select bank2
  6101     046E  0854               	movf	main@uidLen^(0+256),w
  6102     046F  0140               	movlb	0	; select bank0
  6103     0470  00D7               	movwf	??_main
  6104     0471  01D8               	clrf	??_main+1
  6105     0472  0857               	movf	??_main,w
  6106     0473  00A4               	movwf	memcmp@n
  6107     0474  0858               	movf	??_main+1,w
  6108     0475  00A5               	movwf	memcmp@n+1
  6109     0476  318C  248F  3183   	fcall	_memcmp
  6110     0479  0140               	movlb	0	; select bank0
  6111     047A  0820               	movf	?_memcmp,w
  6112     047B  0421               	iorwf	?_memcmp+1,w
  6113     047C  1D03               	btfss	3,2
  6114     047D  2C7F               	goto	u5511
  6115     047E  2C80               	goto	u5510
  6116     047F                     u5511:
  6117     047F  2C82               	goto	l5554
  6118     0480                     u5510:
  6119     0480                     l5552:
  6120     0480  0142               	movlb	2	; select bank2
  6121     0481  01D0               	clrf	_main$1409^(0+256)
  6122     0482                     l5554:
  6123     0482  0142               	movlb	2	; select bank2
  6124     0483  0850               	movf	_main$1409^(0+256),w
  6125     0484  1D03               	btfss	3,2
  6126     0485  2C87               	goto	u5521
  6127     0486  2C89               	goto	u5520
  6128     0487                     u5521:
  6129     0487  3001               	movlw	1
  6130     0488  2C8A               	goto	u5530
  6131     0489                     u5520:
  6132     0489  3000               	movlw	0
  6133     048A                     u5530:
  6134     048A  00CE               	movwf	main@isNewTag^(0+256)
  6135     048B                     l5556:
  6136                           
  6137                           ;main.c: 126:             if (isNewTag)
  6138     048B  084E               	movf	main@isNewTag^(0+256),w
  6139     048C  1903               	btfsc	3,2
  6140     048D  2C8F               	goto	u5541
  6141     048E  2C90               	goto	u5540
  6142     048F                     u5541:
  6143     048F  2CDB               	goto	l5576
  6144     0490                     u5540:
  6145     0490                     l5558:
  6146                           
  6147                           ;main.c: 127:             {;main.c: 128:                 char text[32];;main.c: 129:    
      +                                       if (PN532_ReadNdefText(text, sizeof(text)))
  6148     0490  3020               	movlw	32
  6149     0491  0140               	movlb	0	; select bank0
  6150     0492  00D1               	movwf	PN532_ReadNdefText@outSize
  6151     0493  3027               	movlw	(low (main@text| (0+256)))& (0+255)
  6152     0494  3184  24EB  3183   	fcall	_PN532_ReadNdefText
  6153     0497  3A00               	xorlw	0
  6154     0498  1903               	skipnz
  6155     0499  2C9B               	goto	u5551
  6156     049A  2C9C               	goto	u5550
  6157     049B                     u5551:
  6158     049B  2CB8               	goto	l776
  6159     049C                     u5550:
  6160     049C                     l5560:
  6161                           
  6162                           ;main.c: 130:                 {;main.c: 131:                     uint16_t track = parse_
      +                          track_number(text);
  6163     049C  3027               	movlw	(low (main@text| (0+256)))& (0+255)
  6164     049D  318A  22F3  3183   	fcall	_parse_track_number
  6165     04A0  0140               	movlb	0	; select bank0
  6166     04A1  0830               	movf	?_parse_track_number+1,w
  6167     04A2  0142               	movlb	2	; select bank2
  6168     04A3  00D2               	movwf	(main@track+1)^(0+256)
  6169     04A4  0140               	movlb	0	; select bank0
  6170     04A5  082F               	movf	?_parse_track_number,w
  6171     04A6  0142               	movlb	2	; select bank2
  6172     04A7  00D1               	movwf	main@track^(0+256)
  6173     04A8                     l5562:
  6174                           
  6175                           ;main.c: 132:                     if (track > 0)
  6176     04A8  0851               	movf	main@track^(0+256),w
  6177     04A9  0452               	iorwf	(main@track+1)^(0+256),w
  6178     04AA  1903               	btfsc	3,2
  6179     04AB  2CAD               	goto	u5561
  6180     04AC  2CAE               	goto	u5560
  6181     04AD                     u5561:
  6182     04AD  2CB8               	goto	l776
  6183     04AE                     u5560:
  6184     04AE                     l5564:
  6185                           
  6186                           ;main.c: 133:                     {;main.c: 134:                         DFPlayer_PlayTr
      +                          ack(track);
  6187     04AE  0852               	movf	(main@track+1)^(0+256),w
  6188     04AF  0140               	movlb	0	; select bank0
  6189     04B0  00C4               	movwf	DFPlayer_PlayTrack@track+1
  6190     04B1  0142               	movlb	2	; select bank2
  6191     04B2  0851               	movf	main@track^(0+256),w
  6192     04B3  0140               	movlb	0	; select bank0
  6193     04B4  00C3               	movwf	DFPlayer_PlayTrack@track
  6194     04B5  3189  2179  3183   	fcall	_DFPlayer_PlayTrack
  6195     04B8                     l776:	
  6196                           ;main.c: 136:                 }
  6197                           
  6198                           
  6199                           ;main.c: 137:                 memcpy(lastUid, uid, uidLen);
  6200     04B8  3047               	movlw	low main@uid
  6201     04B9  0140               	movlb	0	; select bank0
  6202     04BA  00A0               	movwf	memcpy@s1
  6203     04BB  3001               	movlw	high main@uid
  6204     04BC  00A1               	movwf	memcpy@s1+1
  6205     04BD  0142               	movlb	2	; select bank2
  6206     04BE  0854               	movf	main@uidLen^(0+256),w
  6207     04BF  0140               	movlb	0	; select bank0
  6208     04C0  00D7               	movwf	??_main
  6209     04C1  01D8               	clrf	??_main+1
  6210     04C2  0857               	movf	??_main,w
  6211     04C3  00A2               	movwf	memcpy@n
  6212     04C4  0858               	movf	??_main+1,w
  6213     04C5  00A3               	movwf	memcpy@n+1
  6214     04C6  3059               	movlw	(low (_lastUid| (0+256)))& (0+255)
  6215     04C7  318B  23D0  3183   	fcall	_memcpy
  6216     04CA                     l5566:
  6217                           
  6218                           ;main.c: 138:                 lastUidLen = uidLen;
  6219     04CA  0142               	movlb	2	; select bank2
  6220     04CB  0854               	movf	main@uidLen^(0+256),w
  6221     04CC  00D8               	movwf	_lastUidLen^(0+256)
  6222     04CD  2CDB               	goto	l5576
  6223     04CE                     l5568:
  6224                           
  6225                           ;main.c: 142:         {;main.c: 143:             if (lastUidLen != 0)
  6226     04CE  0142               	movlb	2	; select bank2
  6227     04CF  0858               	movf	_lastUidLen^(0+256),w
  6228     04D0  1903               	btfsc	3,2
  6229     04D1  2CD3               	goto	u5571
  6230     04D2  2CD4               	goto	u5570
  6231     04D3                     u5571:
  6232     04D3  2CD7               	goto	l5572
  6233     04D4                     u5570:
  6234     04D4                     l5570:
  6235                           
  6236                           ;main.c: 144:             {;main.c: 148:                 DFPlayer_FadeOutAndStop();
  6237     04D4  318B  2354  3183   	fcall	_DFPlayer_FadeOutAndStop
  6238     04D7                     l5572:
  6239                           
  6240                           ;main.c: 151:             lastUidLen = 0;
  6241     04D7  0142               	movlb	2	; select bank2
  6242     04D8  01D8               	clrf	_lastUidLen^(0+256)
  6243     04D9                     l5574:
  6244     04D9  0140               	movlb	0	; select bank0
  6245     04DA  1098               	bcf	24,1	;volatile
  6246     04DB                     l5576:
  6247                           
  6248                           ;main.c: 155:         _delay((unsigned long)((150)*(32000000/4000.0)));
  6249     04DB  3007               	movlw	7
  6250     04DC  0140               	movlb	0	; select bank0
  6251     04DD  00D8               	movwf	??_main+1
  6252     04DE  3017               	movlw	23
  6253     04DF  00D7               	movwf	??_main
  6254     04E0  306A               	movlw	106
  6255     04E1                     u5627:
  6256     04E1  0B89               	decfsz	9,f
  6257     04E2  2CE1               	goto	u5627
  6258     04E3  0BD7               	decfsz	??_main,f
  6259     04E4  2CE1               	goto	u5627
  6260     04E5  0BD8               	decfsz	??_main+1,f
  6261     04E6  2CE1               	goto	u5627
  6262     04E7  0000               	nop
  6263     04E8  2C45               	goto	l5542
  6264     04E9  3180  2814         	ljmp	start
  6265     04EB                     __end_of_main:
  6266                           
  6267                           	psect	text1
  6268     0AF3                     __ptext1:	
  6269 ;; *************** function _parse_track_number *****************
  6270 ;; Defined at:
  6271 ;;		line 48 in file "main.c"
  6272 ;; Parameters:    Size  Location     Type
  6273 ;;  text            1    wreg     PTR const unsigned char 
  6274 ;;		 -> main@text(32), 
  6275 ;; Auto vars:     Size  Location     Type
  6276 ;;  text            1   17[BANK0 ] PTR const unsigned char 
  6277 ;;		 -> main@text(32), 
  6278 ;;  sep             1   18[BANK0 ] PTR const unsigned char 
  6279 ;;		 -> main@text(32), NULL(0), 
  6280 ;; Return value:  Size  Location     Type
  6281 ;;                  2   15[BANK0 ] unsigned short 
  6282 ;; Registers used:
  6283 ;;		wreg, fsr0l, fsr0h, fsr1l, fsr1h, status,2, status,0, pclath, cstack
  6284 ;; Tracked objects:
  6285 ;;		On entry : 0/0
  6286 ;;		On exit  : 0/0
  6287 ;;		Unchanged: 0/0
  6288 ;; Data sizes:     COMMON   BANK0   BANK1   BANK2   BANK3   BANK4   BANK5   BANK6   BANK7   BANK8   BANK9  BANK10  BANK1
      +1  BANK12  BANK13  BANK14  BANK15  BANK16  BANK17  BANK18  BANK19  BANK20  BANK21  BANK22  BANK23  BANK24  BANK25
  6289 ;;      Params:         0       2       0       0       0       0       0       0       0       0       0       0       
      +0       0       0       0       0       0       0       0       0       0       0       0       0       0       0
  6290 ;;      Locals:         0       2       0       0       0       0       0       0       0       0       0       0       
      +0       0       0       0       0       0       0       0       0       0       0       0       0       0       0
  6291 ;;      Temps:          0       0       0       0       0       0       0       0       0       0       0       0       
      +0       0       0       0       0       0       0       0       0       0       0       0       0       0       0
  6292 ;;      Totals:         0       4       0       0       0       0       0       0       0       0       0       0       
      +0       0       0       0       0       0       0       0       0       0       0       0       0       0       0
  6293 ;;Total ram usage:        4 bytes
  6294 ;; Hardware stack levels used: 1
  6295 ;; Hardware stack levels required when called: 6
  6296 ;; This function calls:
  6297 ;;		_atoi
  6298 ;;		_strstr
  6299 ;; This function is called by:
  6300 ;;		_main
  6301 ;; This function uses a non-reentrant model
  6302 ;;
  6303                           
  6304     0AF3                     _parse_track_number:	
  6305                           ;psect for function _parse_track_number
  6306                           
  6307                           
  6308                           ;incstack = 0
  6309                           ; Regs used in _parse_track_number: [wreg-fsr1h+status,2+status,0+pclath+cstack]
  6310                           ;parse_track_number@text stored from wreg
  6311     0AF3  0140               	movlb	0	; select bank0
  6312     0AF4  00B1               	movwf	parse_track_number@text
  6313     0AF5                     l5416:
  6314                           
  6315                           ;main.c: 48: static uint16_t parse_track_number(const char *text);main.c: 49: {;main.c: 
      +                          50:     const char *sep = strstr(text, "::");
  6316     0AF5  3076               	movlw	low (STR_1| (0+32768))
  6317     0AF6  00A8               	movwf	strstr@n
  6318     0AF7  3090               	movlw	high (STR_1| (0+32768))
  6319     0AF8  00A9               	movwf	strstr@n+1
  6320     0AF9  0831               	movf	parse_track_number@text,w
  6321     0AFA  318C  24D3  318A   	fcall	_strstr
  6322     0AFD  0140               	movlb	0	; select bank0
  6323     0AFE  00B2               	movwf	parse_track_number@sep
  6324     0AFF                     l5418:
  6325                           
  6326                           ;main.c: 51:     if (sep == ((void*)0))
  6327     0AFF  0832               	movf	parse_track_number@sep,w
  6328     0B00  1D03               	btfss	3,2
  6329     0B01  2B03               	goto	u5341
  6330     0B02  2B04               	goto	u5340
  6331     0B03                     u5341:
  6332     0B03  2B07               	goto	l5424
  6333     0B04                     u5340:
  6334     0B04                     l5420:
  6335                           
  6336                           ;main.c: 52:     {;main.c: 53:         return 0;
  6337     0B04  01AF               	clrf	?_parse_track_number
  6338     0B05  01B0               	clrf	?_parse_track_number+1
  6339     0B06  2B11               	goto	l738
  6340     0B07                     l5424:
  6341                           
  6342                           ;main.c: 55:     return (uint16_t)atoi(sep + 2);
  6343     0B07  0832               	movf	parse_track_number@sep,w
  6344     0B08  3E02               	addlw	2
  6345     0B09  3186  26BF  318A   	fcall	_atoi
  6346     0B0C  0140               	movlb	0	; select bank0
  6347     0B0D  0825               	movf	?_atoi+1,w
  6348     0B0E  00B0               	movwf	?_parse_track_number+1
  6349     0B0F  0824               	movf	?_atoi,w
  6350     0B10  00AF               	movwf	?_parse_track_number
  6351     0B11                     l738:
  6352     0B11  0008               	return
  6353     0B12                     __end_of_parse_track_number:
  6354                           
  6355                           	psect	text2
  6356     0CD3                     __ptext2:	
  6357 ;; *************** function _strstr *****************
  6358 ;; Defined at:
  6359 ;;		line 4 in file "C:\Program Files\Microchip\xc8\v2.41\pic\sources\c99\common\strstr.c"
  6360 ;; Parameters:    Size  Location     Type
  6361 ;;  h               1    wreg     PTR const unsigned char 
  6362 ;;		 -> main@text(32), NULL(0), 
  6363 ;;  n               2    8[BANK0 ] PTR const unsigned char 
  6364 ;;		 -> STR_1(3), 
  6365 ;; Auto vars:     Size  Location     Type
  6366 ;;  h               1   14[BANK0 ] PTR const unsigned char 
  6367 ;;		 -> main@text(32), NULL(0), 
  6368 ;;  nl              2   12[BANK0 ] unsigned int 
  6369 ;; Return value:  Size  Location     Type
  6370 ;;                  1    wreg      PTR unsigned char 
  6371 ;; Registers used:
  6372 ;;		wreg, fsr0l, fsr0h, fsr1l, fsr1h, status,2, status,0, pclath, cstack
  6373 ;; Tracked objects:
  6374 ;;		On entry : 0/0
  6375 ;;		On exit  : 0/0
  6376 ;;		Unchanged: 0/0
  6377 ;; Data sizes:     COMMON   BANK0   BANK1   BANK2   BANK3   BANK4   BANK5   BANK6   BANK7   BANK8   BANK9  BANK10  BANK1
      +1  BANK12  BANK13  BANK14  BANK15  BANK16  BANK17  BANK18  BANK19  BANK20  BANK21  BANK22  BANK23  BANK24  BANK25
  6378 ;;      Params:         0       2       0       0       0       0       0       0       0       0       0       0       
      +0       0       0       0       0       0       0       0       0       0       0       0       0       0       0
  6379 ;;      Locals:         0       3       0       0       0       0       0       0       0       0       0       0       
      +0       0       0       0       0       0       0       0       0       0       0       0       0       0       0
  6380 ;;      Temps:          0       2       0       0       0       0       0       0       0       0       0       0       
      +0       0       0       0       0       0       0       0       0       0       0       0       0       0       0
  6381 ;;      Totals:         0       7       0       0       0       0       0       0       0       0       0       0       
      +0       0       0       0       0       0       0       0       0       0       0       0       0       0       0
  6382 ;;Total ram usage:        7 bytes
  6383 ;; Hardware stack levels used: 1
  6384 ;; Hardware stack levels required when called: 5
  6385 ;; This function calls:
  6386 ;;		_strchr
  6387 ;;		_strlen
  6388 ;;		_strncmp
  6389 ;; This function is called by:
  6390 ;;		_parse_track_number
  6391 ;; This function uses a non-reentrant model
  6392 ;;
  6393                           
  6394     0CD3                     _strstr:	
  6395                           ;psect for function _strstr
  6396                           
  6397                           
  6398                           ;incstack = 0
  6399                           ; Regs used in _strstr: [wreg-fsr1h+status,2+status,0+pclath+cstack]
  6400                           ;strstr@h stored from wreg
  6401     0CD3  0140               	movlb	0	; select bank0
  6402     0CD4  00AE               	movwf	strstr@h
  6403     0CD5                     l5162:
  6404     0CD5  0828               	movf	strstr@n,w
  6405     0CD6  0429               	iorwf	strstr@n+1,w
  6406     0CD7  1903               	btfsc	3,2
  6407     0CD8  2CDA               	goto	u4891
  6408     0CD9  2CDB               	goto	u4890
  6409     0CDA                     u4891:
  6410     0CDA  2D1D               	goto	l5178
  6411     0CDB                     u4890:
  6412     0CDB                     l5164:
  6413     0CDB  0829               	movf	strstr@n+1,w
  6414     0CDC  00F5               	movwf	strlen@s+1
  6415     0CDD  0828               	movf	strstr@n,w
  6416     0CDE  00F4               	movwf	strlen@s
  6417     0CDF  318A  229F  318C   	fcall	_strlen
  6418     0CE2  0875               	movf	?_strlen+1,w
  6419     0CE3  0140               	movlb	0	; select bank0
  6420     0CE4  00AD               	movwf	strstr@nl+1
  6421     0CE5  0874               	movf	?_strlen,w
  6422     0CE6  00AC               	movwf	strstr@nl
  6423     0CE7  2D0F               	goto	l5174
  6424     0CE8                     l5166:
  6425     0CE8  0829               	movf	strstr@n+1,w
  6426     0CE9  00A1               	movwf	strncmp@_r+1
  6427     0CEA  0828               	movf	strstr@n,w
  6428     0CEB  00A0               	movwf	strncmp@_r
  6429     0CEC  082D               	movf	strstr@nl+1,w
  6430     0CED  00A3               	movwf	strncmp@n+1
  6431     0CEE  082C               	movf	strstr@nl,w
  6432     0CEF  00A2               	movwf	strncmp@n
  6433     0CF0  082E               	movf	strstr@h,w
  6434     0CF1  318D  251F  318C   	fcall	_strncmp
  6435     0CF4  0140               	movlb	0	; select bank0
  6436     0CF5  0820               	movf	?_strncmp,w
  6437     0CF6  0421               	iorwf	?_strncmp+1,w
  6438     0CF7  1D03               	btfss	3,2
  6439     0CF8  2CFA               	goto	u4901
  6440     0CF9  2CFB               	goto	u4900
  6441     0CFA                     u4901:
  6442     0CFA  2CFD               	goto	l5172
  6443     0CFB                     u4900:
  6444     0CFB                     l5168:
  6445     0CFB  082E               	movf	strstr@h,w
  6446     0CFC  2D1E               	goto	l1610
  6447     0CFD                     l5172:
  6448     0CFD  0828               	movf	strstr@n,w
  6449     0CFE  0084               	movwf	4
  6450     0CFF  0829               	movf	strstr@n+1,w
  6451     0D00  0085               	movwf	5
  6452     0D01  0800               	movf	0,w	;code access
  6453     0D02  00AA               	movwf	??_strstr
  6454     0D03  01AB               	clrf	??_strstr+1
  6455     0D04  082A               	movf	??_strstr,w
  6456     0D05  00F4               	movwf	strchr@c
  6457     0D06  082B               	movf	??_strstr+1,w
  6458     0D07  00F5               	movwf	strchr@c+1
  6459     0D08  082E               	movf	strstr@h,w
  6460     0D09  3E01               	addlw	1
  6461     0D0A  318A  2285  318C   	fcall	_strchr
  6462     0D0D  0140               	movlb	0	; select bank0
  6463     0D0E  00AE               	movwf	strstr@h
  6464     0D0F                     l5174:
  6465     0D0F  082E               	movf	strstr@h,w
  6466     0D10  1903               	btfsc	3,2
  6467     0D11  2D13               	goto	u4911
  6468     0D12  2D14               	goto	u4910
  6469     0D13                     u4911:
  6470     0D13  2D1D               	goto	l5178
  6471     0D14                     u4910:
  6472     0D14                     l5176:
  6473     0D14  082E               	movf	strstr@h,w
  6474     0D15  0086               	movwf	6
  6475     0D16  3001               	movlw	1	; select bank2/3
  6476     0D17  0087               	movwf	7
  6477     0D18  0801               	movf	1,w
  6478     0D19  1D03               	btfss	3,2
  6479     0D1A  2D1C               	goto	u4921
  6480     0D1B  2D1D               	goto	u4920
  6481     0D1C                     u4921:
  6482     0D1C  2CE8               	goto	l5166
  6483     0D1D                     u4920:
  6484     0D1D                     l5178:
  6485     0D1D  3000               	movlw	0
  6486     0D1E                     l1610:
  6487     0D1E  0008               	return
  6488     0D1F                     __end_of_strstr:
  6489                           
  6490                           	psect	text3
  6491     0D1F                     __ptext3:	
  6492 ;; *************** function _strncmp *****************
  6493 ;; Defined at:
  6494 ;;		line 3 in file "C:\Program Files\Microchip\xc8\v2.41\pic\sources\c99\common\strncmp.c"
  6495 ;; Parameters:    Size  Location     Type
  6496 ;;  _l              1    wreg     PTR const unsigned char 
  6497 ;;		 -> main@text(32), NULL(0), 
  6498 ;;  _r              2    0[BANK0 ] PTR const unsigned char 
  6499 ;;		 -> STR_1(3), 
  6500 ;;  n               2    2[BANK0 ] unsigned int 
  6501 ;; Auto vars:     Size  Location     Type
  6502 ;;  _l              1    4[BANK0 ] PTR const unsigned char 
  6503 ;;		 -> main@text(32), NULL(0), 
  6504 ;;  r               2    5[BANK0 ] PTR const unsigned char 
  6505 ;;		 -> STR_1(3), 
  6506 ;;  l               1    7[BANK0 ] PTR const unsigned char 
  6507 ;;		 -> main@text(32), NULL(0), 
  6508 ;; Return value:  Size  Location     Type
  6509 ;;                  2    0[BANK0 ] int 
  6510 ;; Registers used:
  6511 ;;		wreg, fsr0l, fsr0h, fsr1l, fsr1h, status,2, status,0, pclath
  6512 ;; Tracked objects:
  6513 ;;		On entry : 0/0
  6514 ;;		On exit  : 0/0
  6515 ;;		Unchanged: 0/0
  6516 ;; Data sizes:     COMMON   BANK0   BANK1   BANK2   BANK3   BANK4   BANK5   BANK6   BANK7   BANK8   BANK9  BANK10  BANK1
      +1  BANK12  BANK13  BANK14  BANK15  BANK16  BANK17  BANK18  BANK19  BANK20  BANK21  BANK22  BANK23  BANK24  BANK25
  6517 ;;      Params:         0       4       0       0       0       0       0       0       0       0       0       0       
      +0       0       0       0       0       0       0       0       0       0       0       0       0       0       0
  6518 ;;      Locals:         0       4       0       0       0       0       0       0       0       0       0       0       
      +0       0       0       0       0       0       0       0       0       0       0       0       0       0       0
  6519 ;;      Temps:          1       0       0       0       0       0       0       0       0       0       0       0       
      +0       0       0       0       0       0       0       0       0       0       0       0       0       0       0
  6520 ;;      Totals:         1       8       0       0       0       0       0       0       0       0       0       0       
      +0       0       0       0       0       0       0       0       0       0       0       0       0       0       0
  6521 ;;Total ram usage:        9 bytes
  6522 ;; Hardware stack levels used: 1
  6523 ;; Hardware stack levels required when called: 4
  6524 ;; This function calls:
  6525 ;;		Nothing
  6526 ;; This function is called by:
  6527 ;;		_strstr
  6528 ;; This function uses a non-reentrant model
  6529 ;;
  6530                           
  6531     0D1F                     _strncmp:	
  6532                           ;psect for function _strncmp
  6533                           
  6534                           
  6535                           ;incstack = 0
  6536                           ; Regs used in _strncmp: [wreg-fsr1h+status,2+status,0+pclath]
  6537                           ;strncmp@_l stored from wreg
  6538     0D1F  0140               	movlb	0	; select bank0
  6539     0D20  00A4               	movwf	strncmp@_l
  6540     0D21                     l4880:
  6541     0D21  0824               	movf	strncmp@_l,w
  6542     0D22  00A7               	movwf	strncmp@l
  6543     0D23  0821               	movf	strncmp@_r+1,w
  6544     0D24  00A6               	movwf	strncmp@r+1
  6545     0D25  0820               	movf	strncmp@_r,w
  6546     0D26  00A5               	movwf	strncmp@r
  6547     0D27                     l4882:
  6548     0D27  3001               	movlw	1
  6549     0D28  02A2               	subwf	strncmp@n,f
  6550     0D29  3000               	movlw	0
  6551     0D2A  3BA3               	subwfb	strncmp@n+1,f
  6552     0D2B  0A22               	incf	strncmp@n,w
  6553     0D2C  1D03               	skipz
  6554     0D2D  2D32               	goto	u4591
  6555     0D2E  0A23               	incf	strncmp@n+1,w
  6556     0D2F  1D03               	btfss	3,2
  6557     0D30  2D32               	goto	u4591
  6558     0D31  2D33               	goto	u4590
  6559     0D32                     u4591:
  6560     0D32  2D42               	goto	l4894
  6561     0D33                     u4590:
  6562     0D33                     l4884:
  6563     0D33  01A0               	clrf	?_strncmp
  6564     0D34  01A1               	clrf	?_strncmp+1
  6565     0D35  2D78               	goto	l1629
  6566     0D36                     l4888:
  6567     0D36  3001               	movlw	1
  6568     0D37  00F4               	movwf	??_strncmp
  6569     0D38  0874               	movf	??_strncmp,w
  6570     0D39  07A7               	addwf	strncmp@l,f
  6571     0D3A                     l4890:
  6572     0D3A  3001               	movlw	1
  6573     0D3B  07A5               	addwf	strncmp@r,f
  6574     0D3C  3000               	movlw	0
  6575     0D3D  3DA6               	addwfc	strncmp@r+1,f
  6576     0D3E                     l4892:
  6577     0D3E  3001               	movlw	1
  6578     0D3F  02A2               	subwf	strncmp@n,f
  6579     0D40  3000               	movlw	0
  6580     0D41  3BA3               	subwfb	strncmp@n+1,f
  6581     0D42                     l4894:
  6582     0D42  0827               	movf	strncmp@l,w
  6583     0D43  0086               	movwf	6
  6584     0D44  3001               	movlw	1	; select bank2/3
  6585     0D45  0087               	movwf	7
  6586     0D46  0801               	movf	1,w
  6587     0D47  1903               	btfsc	3,2
  6588     0D48  2D4A               	goto	u4601
  6589     0D49  2D4B               	goto	u4600
  6590     0D4A                     u4601:
  6591     0D4A  2D6A               	goto	l4902
  6592     0D4B                     u4600:
  6593     0D4B                     l4896:
  6594     0D4B  0825               	movf	strncmp@r,w
  6595     0D4C  0084               	movwf	4
  6596     0D4D  0826               	movf	strncmp@r+1,w
  6597     0D4E  0085               	movwf	5
  6598     0D4F  0012               	moviw fsr0++
  6599     0D50  1903               	btfsc	3,2
  6600     0D51  2D53               	goto	u4611
  6601     0D52  2D54               	goto	u4610
  6602     0D53                     u4611:
  6603     0D53  2D6A               	goto	l4902
  6604     0D54                     u4610:
  6605     0D54                     l4898:
  6606     0D54  0822               	movf	strncmp@n,w
  6607     0D55  0423               	iorwf	strncmp@n+1,w
  6608     0D56  1903               	btfsc	3,2
  6609     0D57  2D59               	goto	u4621
  6610     0D58  2D5A               	goto	u4620
  6611     0D59                     u4621:
  6612     0D59  2D6A               	goto	l4902
  6613     0D5A                     u4620:
  6614     0D5A                     l4900:
  6615     0D5A  0825               	movf	strncmp@r,w
  6616     0D5B  0084               	movwf	4
  6617     0D5C  0826               	movf	strncmp@r+1,w
  6618     0D5D  0085               	movwf	5
  6619     0D5E  0800               	movf	0,w	;code access
  6620     0D5F  00F4               	movwf	??_strncmp
  6621     0D60  0827               	movf	strncmp@l,w
  6622     0D61  0086               	movwf	6
  6623     0D62  3001               	movlw	1	; select bank2/3
  6624     0D63  0087               	movwf	7
  6625     0D64  0801               	movf	1,w
  6626     0D65  0674               	xorwf	??_strncmp,w
  6627     0D66  1903               	skipnz
  6628     0D67  2D69               	goto	u4631
  6629     0D68  2D6A               	goto	u4630
  6630     0D69                     u4631:
  6631     0D69  2D36               	goto	l4888
  6632     0D6A                     u4630:
  6633     0D6A                     l4902:
  6634     0D6A  0827               	movf	strncmp@l,w
  6635     0D6B  0086               	movwf	6
  6636     0D6C  3001               	movlw	1	; select bank2/3
  6637     0D6D  0087               	movwf	7
  6638     0D6E  0825               	movf	strncmp@r,w
  6639     0D6F  0084               	movwf	4
  6640     0D70  0826               	movf	strncmp@r+1,w
  6641     0D71  0085               	movwf	5
  6642     0D72  0800               	movf	0,w	;code access
  6643     0D73  0201               	subwf	1,w
  6644     0D74  00A0               	movwf	?_strncmp
  6645     0D75  01A1               	clrf	?_strncmp+1
  6646     0D76  1C03               	skipc
  6647     0D77  03A1               	decf	?_strncmp+1,f
  6648     0D78                     l1629:
  6649     0D78  0008               	return
  6650     0D79                     __end_of_strncmp:
  6651                           
  6652                           	psect	text4
  6653     0A9F                     __ptext4:	
  6654 ;; *************** function _strlen *****************
  6655 ;; Defined at:
  6656 ;;		line 5 in file "C:\Program Files\Microchip\xc8\v2.41\pic\sources\c99\common\strlen.c"
  6657 ;; Parameters:    Size  Location     Type
  6658 ;;  s               2    4[COMMON] PTR const unsigned char 
  6659 ;;		 -> STR_1(3), 
  6660 ;; Auto vars:     Size  Location     Type
  6661 ;;  a               2    1[BANK0 ] PTR const unsigned char 
  6662 ;;		 -> STR_1(3), 
  6663 ;; Return value:  Size  Location     Type
  6664 ;;                  2    4[COMMON] unsigned int 
  6665 ;; Registers used:
  6666 ;;		wreg, fsr0l, fsr0h, status,2, status,0
  6667 ;; Tracked objects:
  6668 ;;		On entry : 0/0
  6669 ;;		On exit  : 0/0
  6670 ;;		Unchanged: 0/0
  6671 ;; Data sizes:     COMMON   BANK0   BANK1   BANK2   BANK3   BANK4   BANK5   BANK6   BANK7   BANK8   BANK9  BANK10  BANK1
      +1  BANK12  BANK13  BANK14  BANK15  BANK16  BANK17  BANK18  BANK19  BANK20  BANK21  BANK22  BANK23  BANK24  BANK25
  6672 ;;      Params:         2       0       0       0       0       0       0       0       0       0       0       0       
      +0       0       0       0       0       0       0       0       0       0       0       0       0       0       0
  6673 ;;      Locals:         0       2       0       0       0       0       0       0       0       0       0       0       
      +0       0       0       0       0       0       0       0       0       0       0       0       0       0       0
  6674 ;;      Temps:          0       1       0       0       0       0       0       0       0       0       0       0       
      +0       0       0       0       0       0       0       0       0       0       0       0       0       0       0
  6675 ;;      Totals:         2       3       0       0       0       0       0       0       0       0       0       0       
      +0       0       0       0       0       0       0       0       0       0       0       0       0       0       0
  6676 ;;Total ram usage:        5 bytes
  6677 ;; Hardware stack levels used: 1
  6678 ;; Hardware stack levels required when called: 4
  6679 ;; This function calls:
  6680 ;;		Nothing
  6681 ;; This function is called by:
  6682 ;;		_strstr
  6683 ;; This function uses a non-reentrant model
  6684 ;;
  6685                           
  6686     0A9F                     _strlen:	
  6687                           ;psect for function _strlen
  6688                           
  6689     0A9F                     l4870:	
  6690                           ;incstack = 0
  6691                           ; Regs used in _strlen: [wreg-fsr0h+status,2+status,0]
  6692                           
  6693     0A9F  0875               	movf	strlen@s+1,w
  6694     0AA0  0140               	movlb	0	; select bank0
  6695     0AA1  00A2               	movwf	strlen@a+1
  6696     0AA2  0874               	movf	strlen@s,w
  6697     0AA3  00A1               	movwf	strlen@a
  6698     0AA4  2AA9               	goto	l4874
  6699     0AA5                     l4872:
  6700     0AA5  3001               	movlw	1
  6701     0AA6  07F4               	addwf	strlen@s,f
  6702     0AA7  3000               	movlw	0
  6703     0AA8  3DF5               	addwfc	strlen@s+1,f
  6704     0AA9                     l4874:
  6705     0AA9  0874               	movf	strlen@s,w
  6706     0AAA  0084               	movwf	4
  6707     0AAB  0875               	movf	strlen@s+1,w
  6708     0AAC  0085               	movwf	5
  6709     0AAD  0012               	moviw fsr0++
  6710     0AAE  1D03               	btfss	3,2
  6711     0AAF  2AB1               	goto	u4581
  6712     0AB0  2AB2               	goto	u4580
  6713     0AB1                     u4581:
  6714     0AB1  2AA5               	goto	l4872
  6715     0AB2                     u4580:
  6716     0AB2                     l4876:
  6717     0AB2  0140               	movlb	0	; select bank0
  6718     0AB3  0821               	movf	strlen@a,w
  6719     0AB4  0274               	subwf	strlen@s,w
  6720     0AB5  00F4               	movwf	?_strlen
  6721     0AB6  0822               	movf	strlen@a+1,w
  6722     0AB7  3B75               	subwfb	strlen@s+1,w
  6723     0AB8  00F5               	movwf	?_strlen+1
  6724     0AB9                     l1625:
  6725     0AB9  0008               	return
  6726     0ABA                     __end_of_strlen:
  6727                           
  6728                           	psect	text5
  6729     0A85                     __ptext5:	
  6730 ;; *************** function _strchr *****************
  6731 ;; Defined at:
  6732 ;;		line 3 in file "C:\Program Files\Microchip\xc8\v2.41\pic\sources\c99\common\strchr.c"
  6733 ;; Parameters:    Size  Location     Type
  6734 ;;  s               1    wreg     PTR const unsigned char 
  6735 ;;		 -> main@text(32), NULL(0), 
  6736 ;;  c               2    4[COMMON] int 
  6737 ;; Auto vars:     Size  Location     Type
  6738 ;;  s               1    0[BANK0 ] PTR const unsigned char 
  6739 ;;		 -> main@text(32), NULL(0), 
  6740 ;; Return value:  Size  Location     Type
  6741 ;;                  1    wreg      PTR unsigned char 
  6742 ;; Registers used:
  6743 ;;		wreg, fsr1l, fsr1h, status,2, status,0
  6744 ;; Tracked objects:
  6745 ;;		On entry : 0/0
  6746 ;;		On exit  : 0/0
  6747 ;;		Unchanged: 0/0
  6748 ;; Data sizes:     COMMON   BANK0   BANK1   BANK2   BANK3   BANK4   BANK5   BANK6   BANK7   BANK8   BANK9  BANK10  BANK1
      +1  BANK12  BANK13  BANK14  BANK15  BANK16  BANK17  BANK18  BANK19  BANK20  BANK21  BANK22  BANK23  BANK24  BANK25
  6749 ;;      Params:         2       0       0       0       0       0       0       0       0       0       0       0       
      +0       0       0       0       0       0       0       0       0       0       0       0       0       0       0
  6750 ;;      Locals:         0       1       0       0       0       0       0       0       0       0       0       0       
      +0       0       0       0       0       0       0       0       0       0       0       0       0       0       0
  6751 ;;      Temps:          0       0       0       0       0       0       0       0       0       0       0       0       
      +0       0       0       0       0       0       0       0       0       0       0       0       0       0       0
  6752 ;;      Totals:         2       1       0       0       0       0       0       0       0       0       0       0       
      +0       0       0       0       0       0       0       0       0       0       0       0       0       0       0
  6753 ;;Total ram usage:        3 bytes
  6754 ;; Hardware stack levels used: 1
  6755 ;; Hardware stack levels required when called: 4
  6756 ;; This function calls:
  6757 ;;		Nothing
  6758 ;; This function is called by:
  6759 ;;		_strstr
  6760 ;; This function uses a non-reentrant model
  6761 ;;
  6762                           
  6763     0A85                     _strchr:	
  6764                           ;psect for function _strchr
  6765                           
  6766                           
  6767                           ;incstack = 0
  6768                           ; Regs used in _strchr: [wreg+fsr1l+fsr1h+status,2+status,0]
  6769                           ;strchr@s stored from wreg
  6770     0A85  0140               	movlb	0	; select bank0
  6771     0A86  00A0               	movwf	strchr@s
  6772     0A87                     l1616:
  6773     0A87                     l4906:
  6774     0A87  0820               	movf	strchr@s,w
  6775     0A88  0086               	movwf	6
  6776     0A89  3001               	movlw	1	; select bank2/3
  6777     0A8A  0087               	movwf	7
  6778     0A8B  0801               	movf	1,w
  6779     0A8C  0674               	xorwf	strchr@c,w
  6780     0A8D  1D03               	skipz
  6781     0A8E  2A90               	goto	u4641
  6782     0A8F  2A91               	goto	u4640
  6783     0A90                     u4641:
  6784     0A90  2A93               	goto	l4912
  6785     0A91                     u4640:
  6786     0A91                     l4908:
  6787     0A91  0820               	movf	strchr@s,w
  6788     0A92  2A9E               	goto	l1618
  6789     0A93                     l4912:
  6790     0A93  0820               	movf	strchr@s,w
  6791     0A94  0086               	movwf	6
  6792     0A95  3001               	movlw	1	; select bank2/3
  6793     0A96  0087               	movwf	7
  6794     0A97  0AA0               	incf	strchr@s,f
  6795     0A98  0801               	movf	1,w
  6796     0A99  1D03               	btfss	3,2
  6797     0A9A  2A9C               	goto	u4651
  6798     0A9B  2A9D               	goto	u4650
  6799     0A9C                     u4651:
  6800     0A9C  2A87               	goto	l1616
  6801     0A9D                     u4650:
  6802     0A9D                     l4914:
  6803     0A9D  3000               	movlw	0
  6804     0A9E                     l1618:
  6805     0A9E  0008               	return
  6806     0A9F                     __end_of_strchr:
  6807                           
  6808                           	psect	text6
  6809     06BF                     __ptext6:	
  6810 ;; *************** function _atoi *****************
  6811 ;; Defined at:
  6812 ;;		line 4 in file "C:\Program Files\Microchip\xc8\v2.41\pic\sources\c99\common\atoi.c"
  6813 ;; Parameters:    Size  Location     Type
  6814 ;;  s               1    wreg     PTR const unsigned char 
  6815 ;;		 -> main@text(32), NULL(0), 
  6816 ;; Auto vars:     Size  Location     Type
  6817 ;;  s               1   12[BANK0 ] PTR const unsigned char 
  6818 ;;		 -> main@text(32), NULL(0), 
  6819 ;;  n               2   10[BANK0 ] int 
  6820 ;;  neg             2    8[BANK0 ] int 
  6821 ;; Return value:  Size  Location     Type
  6822 ;;                  2    4[BANK0 ] int 
  6823 ;; Registers used:
  6824 ;;		wreg, fsr0l, fsr0h, fsr1l, fsr1h, status,2, status,0, pclath, cstack
  6825 ;; Tracked objects:
  6826 ;;		On entry : 0/0
  6827 ;;		On exit  : 0/0
  6828 ;;		Unchanged: 0/0
  6829 ;; Data sizes:     COMMON   BANK0   BANK1   BANK2   BANK3   BANK4   BANK5   BANK6   BANK7   BANK8   BANK9  BANK10  BANK1
      +1  BANK12  BANK13  BANK14  BANK15  BANK16  BANK17  BANK18  BANK19  BANK20  BANK21  BANK22  BANK23  BANK24  BANK25
  6830 ;;      Params:         0       2       0       0       0       0       0       0       0       0       0       0       
      +0       0       0       0       0       0       0       0       0       0       0       0       0       0       0
  6831 ;;      Locals:         0       5       0       0       0       0       0       0       0       0       0       0       
      +0       0       0       0       0       0       0       0       0       0       0       0       0       0       0
  6832 ;;      Temps:          0       2       0       0       0       0       0       0       0       0       0       0       
      +0       0       0       0       0       0       0       0       0       0       0       0       0       0       0
  6833 ;;      Totals:         0       9       0       0       0       0       0       0       0       0       0       0       
      +0       0       0       0       0       0       0       0       0       0       0       0       0       0       0
  6834 ;;Total ram usage:        9 bytes
  6835 ;; Hardware stack levels used: 1
  6836 ;; Hardware stack levels required when called: 5
  6837 ;; This function calls:
  6838 ;;		___wmul
  6839 ;;		_isdigit
  6840 ;;		_isspace
  6841 ;; This function is called by:
  6842 ;;		_parse_track_number
  6843 ;; This function uses a non-reentrant model
  6844 ;;
  6845                           
  6846     06BF                     _atoi:	
  6847                           ;psect for function _atoi
  6848                           
  6849                           
  6850                           ;incstack = 0
  6851                           ; Regs used in _atoi: [wreg-fsr1h+status,2+status,0+pclath+cstack]
  6852                           ;atoi@s stored from wreg
  6853     06BF  0140               	movlb	0	; select bank0
  6854     06C0  00AC               	movwf	atoi@s
  6855     06C1                     l5182:
  6856     06C1  01AA               	clrf	atoi@n
  6857     06C2  01AB               	clrf	atoi@n+1
  6858     06C3  01A8               	clrf	atoi@neg
  6859     06C4  01A9               	clrf	atoi@neg+1
  6860     06C5  2ECA               	goto	l5188
  6861     06C6                     l5184:
  6862     06C6  3001               	movlw	1
  6863     06C7  00A6               	movwf	??_atoi
  6864     06C8  0826               	movf	??_atoi,w
  6865     06C9  07AC               	addwf	atoi@s,f
  6866     06CA                     l5188:
  6867     06CA  082C               	movf	atoi@s,w
  6868     06CB  0086               	movwf	6
  6869     06CC  3001               	movlw	1	; select bank2/3
  6870     06CD  0087               	movwf	7
  6871     06CE  3020               	movlw	32
  6872     06CF  0601               	xorwf	1,w
  6873     06D0  1903               	btfsc	3,2
  6874     06D1  2ED3               	goto	u4931
  6875     06D2  2ED4               	goto	u4930
  6876     06D3                     u4931:
  6877     06D3  2EC6               	goto	l5184
  6878     06D4                     u4930:
  6879     06D4                     l5190:
  6880     06D4  082C               	movf	atoi@s,w
  6881     06D5  0086               	movwf	6
  6882     06D6  3001               	movlw	1	; select bank2/3
  6883     06D7  0087               	movwf	7
  6884     06D8  0801               	movf	1,w
  6885     06D9  3EF7               	addlw	247
  6886     06DA  00A6               	movwf	??_atoi
  6887     06DB  30FF               	movlw	255
  6888     06DC  1803               	skipnc
  6889     06DD  3000               	movlw	0
  6890     06DE  00A7               	movwf	??_atoi+1
  6891     06DF  3000               	movlw	0
  6892     06E0  0227               	subwf	??_atoi+1,w
  6893     06E1  3005               	movlw	5
  6894     06E2  1903               	skipnz
  6895     06E3  0226               	subwf	??_atoi,w
  6896     06E4  1C03               	skipc
  6897     06E5  2EE7               	goto	u4941
  6898     06E6  2EE8               	goto	u4940
  6899     06E7                     u4941:
  6900     06E7  2EC6               	goto	l5184
  6901     06E8                     u4940:
  6902     06E8  2EF2               	goto	l5196
  6903     06E9                     l5192:
  6904     06E9  3001               	movlw	1
  6905     06EA  00A8               	movwf	atoi@neg
  6906     06EB  3000               	movlw	0
  6907     06EC  00A9               	movwf	atoi@neg+1
  6908     06ED                     l5194:
  6909     06ED  3001               	movlw	1
  6910     06EE  00A6               	movwf	??_atoi
  6911     06EF  0826               	movf	??_atoi,w
  6912     06F0  07AC               	addwf	atoi@s,f
  6913     06F1  2F24               	goto	l5204
  6914     06F2                     l5196:
  6915     06F2  082C               	movf	atoi@s,w
  6916     06F3  0086               	movwf	6
  6917     06F4  3001               	movlw	1	; select bank2/3
  6918     06F5  0087               	movwf	7
  6919     06F6  0801               	movf	1,w
  6920     06F7  00A6               	movwf	??_atoi
  6921     06F8  01A7               	clrf	??_atoi+1
  6922                           
  6923                           ; Switch on 2 bytes has been partitioned into a top level switch of size 1, and 1 sub-sw
      +                          itches
  6924                           ; Switch size 1, requested type "simple"
  6925                           ; Number of cases is 1, Range of values is 0 to 0
  6926                           ; switch strategies available:
  6927                           ; Name         Instructions Cycles
  6928                           ; simple_byte            4     3 (average)
  6929                           ; direct_byte            8     6 (fixed)
  6930                           ; jumptable            260     6 (fixed)
  6931                           ;	Chosen strategy is simple_byte
  6932     06F9  0827               	movf	??_atoi+1,w
  6933     06FA  3A00               	xorlw	0	; case 0
  6934     06FB  1903               	skipnz
  6935     06FC  2EFE               	goto	l5598
  6936     06FD  2F24               	goto	l5204
  6937     06FE                     l5598:
  6938                           
  6939                           ; Switch size 1, requested type "simple"
  6940                           ; Number of cases is 2, Range of values is 43 to 45
  6941                           ; switch strategies available:
  6942                           ; Name         Instructions Cycles
  6943                           ; simple_byte            7     4 (average)
  6944                           ; direct_byte           15     9 (fixed)
  6945                           ; jumptable            263     9 (fixed)
  6946                           ;	Chosen strategy is simple_byte
  6947     06FE  0826               	movf	??_atoi,w
  6948     06FF  3A2B               	xorlw	43	; case 43
  6949     0700  1903               	skipnz
  6950     0701  2EED               	goto	l5194
  6951     0702  3A06               	xorlw	6	; case 45
  6952     0703  1903               	skipnz
  6953     0704  2EE9               	goto	l5192
  6954     0705  2F24               	goto	l5204
  6955     0706                     l5198:
  6956     0706  082C               	movf	atoi@s,w
  6957     0707  0086               	movwf	6
  6958     0708  3001               	movlw	1	; select bank2/3
  6959     0709  0087               	movwf	7
  6960     070A  082B               	movf	atoi@n+1,w
  6961     070B  00A1               	movwf	___wmul@multiplier+1
  6962     070C  082A               	movf	atoi@n,w
  6963     070D  00A0               	movwf	___wmul@multiplier
  6964     070E  300A               	movlw	10
  6965     070F  00A2               	movwf	___wmul@multiplicand
  6966     0710  3000               	movlw	0
  6967     0711  00A3               	movwf	___wmul@multiplicand+1
  6968     0712  318B  2312  3186   	fcall	___wmul
  6969     0715  0140               	movlb	0	; select bank0
  6970     0716  0821               	movf	?___wmul+1,w
  6971     0717  00A7               	movwf	??_atoi+1
  6972     0718  0801               	movf	1,w
  6973     0719  0220               	subwf	?___wmul,w
  6974     071A  00A6               	movwf	??_atoi
  6975     071B  1C03               	skipc
  6976     071C  03A7               	decf	??_atoi+1,f
  6977     071D  0826               	movf	??_atoi,w
  6978     071E  3E30               	addlw	48
  6979     071F  00AA               	movwf	atoi@n
  6980     0720  3000               	movlw	0
  6981     0721  3D27               	addwfc	??_atoi+1,w
  6982     0722  00AB               	movwf	atoi@n+1
  6983     0723  2EED               	goto	l5194
  6984     0724                     l5204:
  6985     0724  082C               	movf	atoi@s,w
  6986     0725  0086               	movwf	6
  6987     0726  3001               	movlw	1	; select bank2/3
  6988     0727  0087               	movwf	7
  6989     0728  0801               	movf	1,w
  6990     0729  3ED0               	addlw	208
  6991     072A  00A6               	movwf	??_atoi
  6992     072B  30FF               	movlw	255
  6993     072C  1803               	skipnc
  6994     072D  3000               	movlw	0
  6995     072E  00A7               	movwf	??_atoi+1
  6996     072F  3000               	movlw	0
  6997     0730  0227               	subwf	??_atoi+1,w
  6998     0731  300A               	movlw	10
  6999     0732  1903               	skipnz
  7000     0733  0226               	subwf	??_atoi,w
  7001     0734  1C03               	skipc
  7002     0735  2F37               	goto	u4951
  7003     0736  2F38               	goto	u4950
  7004     0737                     u4951:
  7005     0737  2F06               	goto	l5198
  7006     0738                     u4950:
  7007     0738                     l5206:
  7008     0738  0828               	movf	atoi@neg,w
  7009     0739  0429               	iorwf	atoi@neg+1,w
  7010     073A  1D03               	btfss	3,2
  7011     073B  2F3D               	goto	u4961
  7012     073C  2F3E               	goto	u4960
  7013     073D                     u4961:
  7014     073D  2F4A               	goto	l5210
  7015     073E                     u4960:
  7016     073E                     l5208:
  7017     073E  092A               	comf	atoi@n,w
  7018     073F  00A6               	movwf	??_atoi
  7019     0740  092B               	comf	atoi@n+1,w
  7020     0741  00A7               	movwf	??_atoi+1
  7021     0742  0AA6               	incf	??_atoi,f
  7022     0743  1903               	skipnz
  7023     0744  0AA7               	incf	??_atoi+1,f
  7024     0745  0826               	movf	??_atoi,w
  7025     0746  00A4               	movwf	?_atoi
  7026     0747  0827               	movf	??_atoi+1,w
  7027     0748  00A5               	movwf	?_atoi+1
  7028     0749  2F4E               	goto	l1555
  7029     074A                     l5210:
  7030     074A  082B               	movf	atoi@n+1,w
  7031     074B  00A5               	movwf	?_atoi+1
  7032     074C  082A               	movf	atoi@n,w
  7033     074D  00A4               	movwf	?_atoi
  7034     074E                     l1555:
  7035     074E  0008               	return
  7036     074F                     __end_of_atoi:
  7037                           
  7038                           	psect	text7
  7039     0B32                     __ptext7:	
  7040 ;; *************** function _isspace *****************
  7041 ;; Defined at:
  7042 ;;		line 5 in file "C:\Program Files\Microchip\xc8\v2.41\pic\sources\c99\common\isspace.c"
  7043 ;; Parameters:    Size  Location     Type
  7044 ;;  c               2    4[COMMON] int 
  7045 ;; Auto vars:     Size  Location     Type
  7046 ;;		None
  7047 ;; Return value:  Size  Location     Type
  7048 ;;                  2    4[COMMON] int 
  7049 ;; Registers used:
  7050 ;;		wreg, status,2, status,0
  7051 ;; Tracked objects:
  7052 ;;		On entry : 0/0
  7053 ;;		On exit  : 0/0
  7054 ;;		Unchanged: 0/0
  7055 ;; Data sizes:     COMMON   BANK0   BANK1   BANK2   BANK3   BANK4   BANK5   BANK6   BANK7   BANK8   BANK9  BANK10  BANK1
      +1  BANK12  BANK13  BANK14  BANK15  BANK16  BANK17  BANK18  BANK19  BANK20  BANK21  BANK22  BANK23  BANK24  BANK25
  7056 ;;      Params:         2       0       0       0       0       0       0       0       0       0       0       0       
      +0       0       0       0       0       0       0       0       0       0       0       0       0       0       0
  7057 ;;      Locals:         0       1       0       0       0       0       0       0       0       0       0       0       
      +0       0       0       0       0       0       0       0       0       0       0       0       0       0       0
  7058 ;;      Temps:          0       2       0       0       0       0       0       0       0       0       0       0       
      +0       0       0       0       0       0       0       0       0       0       0       0       0       0       0
  7059 ;;      Totals:         2       3       0       0       0       0       0       0       0       0       0       0       
      +0       0       0       0       0       0       0       0       0       0       0       0       0       0       0
  7060 ;;Total ram usage:        5 bytes
  7061 ;; Hardware stack levels used: 1
  7062 ;; Hardware stack levels required when called: 4
  7063 ;; This function calls:
  7064 ;;		Nothing
  7065 ;; This function is called by:
  7066 ;;		_atoi
  7067 ;; This function uses a non-reentrant model
  7068 ;;
  7069                           
  7070     0B32                     _isspace:	
  7071                           ;psect for function _isspace
  7072                           
  7073     0B32                     l4854:	
  7074                           ;incstack = 0
  7075                           ; Regs used in _isspace: [wreg+status,2+status,0]
  7076                           
  7077     0B32  0140               	movlb	0	; select bank0
  7078     0B33  01A2               	clrf	_isspace$2089
  7079     0B34  0AA2               	incf	_isspace$2089,f
  7080     0B35                     l4856:
  7081     0B35  3020               	movlw	32
  7082     0B36  0674               	xorwf	isspace@c,w
  7083     0B37  0475               	iorwf	isspace@c+1,w
  7084     0B38  1903               	btfsc	3,2
  7085     0B39  2B3B               	goto	u4541
  7086     0B3A  2B3C               	goto	u4540
  7087     0B3B                     u4541:
  7088     0B3B  2B4C               	goto	l4862
  7089     0B3C                     u4540:
  7090     0B3C                     l4858:
  7091     0B3C  0874               	movf	isspace@c,w
  7092     0B3D  3EF7               	addlw	247
  7093     0B3E  00A0               	movwf	??_isspace
  7094     0B3F  30FF               	movlw	255
  7095     0B40  3D75               	addwfc	isspace@c+1,w
  7096     0B41  00A1               	movwf	??_isspace+1
  7097     0B42  3000               	movlw	0
  7098     0B43  0221               	subwf	??_isspace+1,w
  7099     0B44  3005               	movlw	5
  7100     0B45  1903               	skipnz
  7101     0B46  0220               	subwf	??_isspace,w
  7102     0B47  1C03               	skipc
  7103     0B48  2B4A               	goto	u4551
  7104     0B49  2B4B               	goto	u4550
  7105     0B4A                     u4551:
  7106     0B4A  2B4C               	goto	l4862
  7107     0B4B                     u4550:
  7108     0B4B                     l4860:
  7109     0B4B  01A2               	clrf	_isspace$2089
  7110     0B4C                     l4862:
  7111     0B4C  0822               	movf	_isspace$2089,w
  7112     0B4D  00A0               	movwf	??_isspace
  7113     0B4E  01A1               	clrf	??_isspace+1
  7114     0B4F  0820               	movf	??_isspace,w
  7115     0B50  00F4               	movwf	?_isspace
  7116     0B51  0821               	movf	??_isspace+1,w
  7117     0B52  00F5               	movwf	?_isspace+1
  7118     0B53                     l1566:
  7119     0B53  0008               	return
  7120     0B54                     __end_of_isspace:
  7121                           
  7122                           	psect	text8
  7123     0A38                     __ptext8:	
  7124 ;; *************** function _isdigit *****************
  7125 ;; Defined at:
  7126 ;;		line 5 in file "C:\Program Files\Microchip\xc8\v2.41\pic\sources\c99\common\isdigit.c"
  7127 ;; Parameters:    Size  Location     Type
  7128 ;;  c               2    4[COMMON] int 
  7129 ;; Auto vars:     Size  Location     Type
  7130 ;;		None
  7131 ;; Return value:  Size  Location     Type
  7132 ;;                  2    4[COMMON] int 
  7133 ;; Registers used:
  7134 ;;		wreg, status,2, status,0
  7135 ;; Tracked objects:
  7136 ;;		On entry : 0/0
  7137 ;;		On exit  : 0/0
  7138 ;;		Unchanged: 0/0
  7139 ;; Data sizes:     COMMON   BANK0   BANK1   BANK2   BANK3   BANK4   BANK5   BANK6   BANK7   BANK8   BANK9  BANK10  BANK1
      +1  BANK12  BANK13  BANK14  BANK15  BANK16  BANK17  BANK18  BANK19  BANK20  BANK21  BANK22  BANK23  BANK24  BANK25
  7140 ;;      Params:         2       0       0       0       0       0       0       0       0       0       0       0       
      +0       0       0       0       0       0       0       0       0       0       0       0       0       0       0
  7141 ;;      Locals:         0       0       0       0       0       0       0       0       0       0       0       0       
      +0       0       0       0       0       0       0       0       0       0       0       0       0       0       0
  7142 ;;      Temps:          0       4       0       0       0       0       0       0       0       0       0       0       
      +0       0       0       0       0       0       0       0       0       0       0       0       0       0       0
  7143 ;;      Totals:         2       4       0       0       0       0       0       0       0       0       0       0       
      +0       0       0       0       0       0       0       0       0       0       0       0       0       0       0
  7144 ;;Total ram usage:        6 bytes
  7145 ;; Hardware stack levels used: 1
  7146 ;; Hardware stack levels required when called: 4
  7147 ;; This function calls:
  7148 ;;		Nothing
  7149 ;; This function is called by:
  7150 ;;		_atoi
  7151 ;; This function uses a non-reentrant model
  7152 ;;
  7153                           
  7154     0A38                     _isdigit:	
  7155                           ;psect for function _isdigit
  7156                           
  7157     0A38                     l4866:	
  7158                           ;incstack = 0
  7159                           ; Regs used in _isdigit: [wreg+status,2+status,0]
  7160                           
  7161     0A38  0874               	movf	isdigit@c,w
  7162     0A39  3ED0               	addlw	208
  7163     0A3A  0140               	movlb	0	; select bank0
  7164     0A3B  00A0               	movwf	??_isdigit
  7165     0A3C  30FF               	movlw	255
  7166     0A3D  3D75               	addwfc	isdigit@c+1,w
  7167     0A3E  00A1               	movwf	??_isdigit+1
  7168     0A3F  3000               	movlw	0
  7169     0A40  0221               	subwf	??_isdigit+1,w
  7170     0A41  300A               	movlw	10
  7171     0A42  1903               	skipnz
  7172     0A43  0220               	subwf	??_isdigit,w
  7173     0A44  1C03               	skipc
  7174     0A45  2A47               	goto	u4561
  7175     0A46  2A49               	goto	u4560
  7176     0A47                     u4561:
  7177     0A47  3001               	movlw	1
  7178     0A48  2A4A               	goto	u4570
  7179     0A49                     u4560:
  7180     0A49  3000               	movlw	0
  7181     0A4A                     u4570:
  7182     0A4A  00A2               	movwf	??_isdigit+2
  7183     0A4B  01A3               	clrf	??_isdigit+3
  7184     0A4C  0822               	movf	??_isdigit+2,w
  7185     0A4D  00F4               	movwf	?_isdigit
  7186     0A4E  0823               	movf	??_isdigit+3,w
  7187     0A4F  00F5               	movwf	?_isdigit+1
  7188     0A50                     l1558:
  7189     0A50  0008               	return
  7190     0A51                     __end_of_isdigit:
  7191                           
  7192                           	psect	text9
  7193     0B12                     __ptext9:	
  7194 ;; *************** function ___wmul *****************
  7195 ;; Defined at:
  7196 ;;		line 15 in file "C:\Program Files\Microchip\xc8\v2.41\pic\sources\c99\common\Umul16.c"
  7197 ;; Parameters:    Size  Location     Type
  7198 ;;  multiplier      2    0[BANK0 ] unsigned int 
  7199 ;;  multiplicand    2    2[BANK0 ] unsigned int 
  7200 ;; Auto vars:     Size  Location     Type
  7201 ;;  product         2    4[COMMON] unsigned int 
  7202 ;; Return value:  Size  Location     Type
  7203 ;;                  2    0[BANK0 ] unsigned int 
  7204 ;; Registers used:
  7205 ;;		wreg, status,2, status,0
  7206 ;; Tracked objects:
  7207 ;;		On entry : 0/0
  7208 ;;		On exit  : 0/0
  7209 ;;		Unchanged: 0/0
  7210 ;; Data sizes:     COMMON   BANK0   BANK1   BANK2   BANK3   BANK4   BANK5   BANK6   BANK7   BANK8   BANK9  BANK10  BANK1
      +1  BANK12  BANK13  BANK14  BANK15  BANK16  BANK17  BANK18  BANK19  BANK20  BANK21  BANK22  BANK23  BANK24  BANK25
  7211 ;;      Params:         0       4       0       0       0       0       0       0       0       0       0       0       
      +0       0       0       0       0       0       0       0       0       0       0       0       0       0       0
  7212 ;;      Locals:         2       0       0       0       0       0       0       0       0       0       0       0       
      +0       0       0       0       0       0       0       0       0       0       0       0       0       0       0
  7213 ;;      Temps:          0       0       0       0       0       0       0       0       0       0       0       0       
      +0       0       0       0       0       0       0       0       0       0       0       0       0       0       0
  7214 ;;      Totals:         2       4       0       0       0       0       0       0       0       0       0       0       
      +0       0       0       0       0       0       0       0       0       0       0       0       0       0       0
  7215 ;;Total ram usage:        6 bytes
  7216 ;; Hardware stack levels used: 1
  7217 ;; Hardware stack levels required when called: 4
  7218 ;; This function calls:
  7219 ;;		Nothing
  7220 ;; This function is called by:
  7221 ;;		_atoi
  7222 ;; This function uses a non-reentrant model
  7223 ;;
  7224                           
  7225     0B12                     ___wmul:	
  7226                           ;psect for function ___wmul
  7227                           
  7228     0B12                     l4840:	
  7229                           ;incstack = 0
  7230                           ; Regs used in ___wmul: [wreg+status,2+status,0]
  7231                           
  7232     0B12  01F4               	clrf	___wmul@product
  7233     0B13  01F5               	clrf	___wmul@product+1
  7234     0B14                     l4842:
  7235     0B14  0140               	movlb	0	; select bank0
  7236     0B15  1C20               	btfss	___wmul@multiplier,0
  7237     0B16  2B18               	goto	u4501
  7238     0B17  2B19               	goto	u4500
  7239     0B18                     u4501:
  7240     0B18  2B1D               	goto	l1074
  7241     0B19                     u4500:
  7242     0B19                     l4844:
  7243     0B19  0822               	movf	___wmul@multiplicand,w
  7244     0B1A  07F4               	addwf	___wmul@product,f
  7245     0B1B  0823               	movf	___wmul@multiplicand+1,w
  7246     0B1C  3DF5               	addwfc	___wmul@product+1,f
  7247     0B1D                     l1074:
  7248     0B1D  3001               	movlw	1
  7249     0B1E                     u4515:
  7250     0B1E  35A2               	lslf	___wmul@multiplicand,f
  7251     0B1F  0DA3               	rlf	___wmul@multiplicand+1,f
  7252     0B20  0B89               	decfsz	9,f
  7253     0B21  2B1E               	goto	u4515
  7254     0B22                     l4846:
  7255     0B22  3001               	movlw	1
  7256     0B23                     u4525:
  7257     0B23  36A1               	lsrf	___wmul@multiplier+1,f
  7258     0B24  0CA0               	rrf	___wmul@multiplier,f
  7259     0B25  0B89               	decfsz	9,f
  7260     0B26  2B23               	goto	u4525
  7261     0B27                     l4848:
  7262     0B27  0820               	movf	___wmul@multiplier,w
  7263     0B28  0421               	iorwf	___wmul@multiplier+1,w
  7264     0B29  1D03               	btfss	3,2
  7265     0B2A  2B2C               	goto	u4531
  7266     0B2B  2B2D               	goto	u4530
  7267     0B2C                     u4531:
  7268     0B2C  2B14               	goto	l4842
  7269     0B2D                     u4530:
  7270     0B2D                     l4850:
  7271     0B2D  0875               	movf	___wmul@product+1,w
  7272     0B2E  00A1               	movwf	?___wmul+1
  7273     0B2F  0874               	movf	___wmul@product,w
  7274     0B30  00A0               	movwf	?___wmul
  7275     0B31                     l1076:
  7276     0B31  0008               	return
  7277     0B32                     __end_of___wmul:
  7278                           
  7279                           	psect	text10
  7280     0A0F                     __ptext10:	
  7281 ;; *************** function _SYSTEM_Initialize *****************
  7282 ;; Defined at:
  7283 ;;		line 37 in file "mcc_generated_files/system/src/system.c"
  7284 ;; Parameters:    Size  Location     Type
  7285 ;;		None
  7286 ;; Auto vars:     Size  Location     Type
  7287 ;;		None
  7288 ;; Return value:  Size  Location     Type
  7289 ;;                  1    wreg      void 
  7290 ;; Registers used:
  7291 ;;		wreg, status,2, status,0, pclath, cstack
  7292 ;; Tracked objects:
  7293 ;;		On entry : 0/0
  7294 ;;		On exit  : 0/0
  7295 ;;		Unchanged: 0/0
  7296 ;; Data sizes:     COMMON   BANK0   BANK1   BANK2   BANK3   BANK4   BANK5   BANK6   BANK7   BANK8   BANK9  BANK10  BANK1
      +1  BANK12  BANK13  BANK14  BANK15  BANK16  BANK17  BANK18  BANK19  BANK20  BANK21  BANK22  BANK23  BANK24  BANK25
  7297 ;;      Params:         0       0       0       0       0       0       0       0       0       0       0       0       
      +0       0       0       0       0       0       0       0       0       0       0       0       0       0       0
  7298 ;;      Locals:         0       0       0       0       0       0       0       0       0       0       0       0       
      +0       0       0       0       0       0       0       0       0       0       0       0       0       0       0
  7299 ;;      Temps:          0       0       0       0       0       0       0       0       0       0       0       0       
      +0       0       0       0       0       0       0       0       0       0       0       0       0       0       0
  7300 ;;      Totals:         0       0       0       0       0       0       0       0       0       0       0       0       
      +0       0       0       0       0       0       0       0       0       0       0       0       0       0       0
  7301 ;;Total ram usage:        0 bytes
  7302 ;; Hardware stack levels used: 1
  7303 ;; Hardware stack levels required when called: 6
  7304 ;; This function calls:
  7305 ;;		_CLOCK_Initialize
  7306 ;;		_EUSART1_Initialize
  7307 ;;		_EUSART2_Initialize
  7308 ;;		_INTERRUPT_Initialize
  7309 ;;		_PIN_MANAGER_Initialize
  7310 ;; This function is called by:
  7311 ;;		_main
  7312 ;; This function uses a non-reentrant model
  7313 ;;
  7314                           
  7315     0A0F                     _SYSTEM_Initialize:	
  7316                           ;psect for function _SYSTEM_Initialize
  7317                           
  7318     0A0F                     l5414:	
  7319                           ;incstack = 0
  7320                           ; Regs used in _SYSTEM_Initialize: [wreg+status,2+status,0+pclath+cstack]
  7321                           
  7322                           
  7323                           ;mcc_generated_files/system/src/system.c: 39:     CLOCK_Initialize();
  7324     0A0F  3189  2159  318A   	fcall	_CLOCK_Initialize
  7325                           
  7326                           ;mcc_generated_files/system/src/system.c: 40:     PIN_MANAGER_Initialize();
  7327     0A12  318E  26A5  318A   	fcall	_PIN_MANAGER_Initialize
  7328                           
  7329                           ;mcc_generated_files/system/src/system.c: 41:     EUSART1_Initialize();
  7330     0A15  318A  22D6  318A   	fcall	_EUSART1_Initialize
  7331                           
  7332                           ;mcc_generated_files/system/src/system.c: 42:     EUSART2_Initialize();
  7333     0A18  318A  22BA  318A   	fcall	_EUSART2_Initialize
  7334                           
  7335                           ;mcc_generated_files/system/src/system.c: 43:     INTERRUPT_Initialize();
  7336     0A1B  3189  216E  318A   	fcall	_INTERRUPT_Initialize
  7337     0A1E                     l179:
  7338     0A1E  0008               	return
  7339     0A1F                     __end_of_SYSTEM_Initialize:
  7340                           
  7341                           	psect	text11
  7342     0EA5                     __ptext11:	
  7343 ;; *************** function _PIN_MANAGER_Initialize *****************
  7344 ;; Defined at:
  7345 ;;		line 41 in file "mcc_generated_files/system/src/pins.c"
  7346 ;; Parameters:    Size  Location     Type
  7347 ;;		None
  7348 ;; Auto vars:     Size  Location     Type
  7349 ;;		None
  7350 ;; Return value:  Size  Location     Type
  7351 ;;                  1    wreg      void 
  7352 ;; Registers used:
  7353 ;;		wreg, status,2, status,0, pclath, cstack
  7354 ;; Tracked objects:
  7355 ;;		On entry : 0/0
  7356 ;;		On exit  : 0/0
  7357 ;;		Unchanged: 0/0
  7358 ;; Data sizes:     COMMON   BANK0   BANK1   BANK2   BANK3   BANK4   BANK5   BANK6   BANK7   BANK8   BANK9  BANK10  BANK1
      +1  BANK12  BANK13  BANK14  BANK15  BANK16  BANK17  BANK18  BANK19  BANK20  BANK21  BANK22  BANK23  BANK24  BANK25
  7359 ;;      Params:         0       0       0       0       0       0       0       0       0       0       0       0       
      +0       0       0       0       0       0       0       0       0       0       0       0       0       0       0
  7360 ;;      Locals:         0       0       0       0       0       0       0       0       0       0       0       0       
      +0       0       0       0       0       0       0       0       0       0       0       0       0       0       0
  7361 ;;      Temps:          0       0       0       0       0       0       0       0       0       0       0       0       
      +0       0       0       0       0       0       0       0       0       0       0       0       0       0       0
  7362 ;;      Totals:         0       0       0       0       0       0       0       0       0       0       0       0       
      +0       0       0       0       0       0       0       0       0       0       0       0       0       0       0
  7363 ;;Total ram usage:        0 bytes
  7364 ;; Hardware stack levels used: 1
  7365 ;; Hardware stack levels required when called: 5
  7366 ;; This function calls:
  7367 ;;		_POWER_SetInterruptHandler
  7368 ;;		_VOL_A_SetInterruptHandler
  7369 ;;		_VOL_B_SetInterruptHandler
  7370 ;; This function is called by:
  7371 ;;		_SYSTEM_Initialize
  7372 ;; This function uses a non-reentrant model
  7373 ;;
  7374                           
  7375     0EA5                     _PIN_MANAGER_Initialize:	
  7376                           ;psect for function _PIN_MANAGER_Initialize
  7377                           
  7378     0EA5                     l5062:	
  7379                           ;incstack = 0
  7380                           ; Regs used in _PIN_MANAGER_Initialize: [wreg+status,2+status,0+pclath+cstack]
  7381                           
  7382                           
  7383                           ;mcc_generated_files/system/src/pins.c: 46:     LATA = 0x0;
  7384     0EA5  0140               	movlb	0	; select bank0
  7385     0EA6  0198               	clrf	24	;volatile
  7386                           
  7387                           ;mcc_generated_files/system/src/pins.c: 47:     LATB = 0x0;
  7388     0EA7  0199               	clrf	25	;volatile
  7389                           
  7390                           ;mcc_generated_files/system/src/pins.c: 48:     LATC = 0x0;
  7391     0EA8  019A               	clrf	26	;volatile
  7392                           
  7393                           ;mcc_generated_files/system/src/pins.c: 49:     LATD = 0x0;
  7394     0EA9  019B               	clrf	27	;volatile
  7395                           
  7396                           ;mcc_generated_files/system/src/pins.c: 50:     LATE = 0x0;
  7397     0EAA  019C               	clrf	28	;volatile
  7398     0EAB                     l5064:
  7399                           
  7400                           ;mcc_generated_files/system/src/pins.c: 55:     TRISA = 0xFD;
  7401     0EAB  30FD               	movlw	253
  7402     0EAC  0092               	movwf	18	;volatile
  7403     0EAD                     l5066:
  7404                           
  7405                           ;mcc_generated_files/system/src/pins.c: 56:     TRISB = 0xE7;
  7406     0EAD  30E7               	movlw	231
  7407     0EAE  0093               	movwf	19	;volatile
  7408     0EAF                     l5068:
  7409                           
  7410                           ;mcc_generated_files/system/src/pins.c: 57:     TRISC = 0xFF;
  7411     0EAF  30FF               	movlw	255
  7412     0EB0  0094               	movwf	20	;volatile
  7413     0EB1                     l5070:
  7414                           
  7415                           ;mcc_generated_files/system/src/pins.c: 58:     TRISD = 0xFD;
  7416     0EB1  30FD               	movlw	253
  7417     0EB2  0095               	movwf	21	;volatile
  7418     0EB3                     l5072:
  7419                           
  7420                           ;mcc_generated_files/system/src/pins.c: 59:     TRISE = 0xF;
  7421     0EB3  300F               	movlw	15
  7422     0EB4  0096               	movwf	22	;volatile
  7423     0EB5                     l5074:
  7424                           
  7425                           ;mcc_generated_files/system/src/pins.c: 64:     ANSELA = 0xF5;
  7426     0EB5  30F5               	movlw	245
  7427     0EB6  017D               	movlb	61	; select bank61
  7428     0EB7  008C               	movwf	12	;volatile
  7429     0EB8                     l5076:
  7430                           
  7431                           ;mcc_generated_files/system/src/pins.c: 65:     ANSELB = 0xCF;
  7432     0EB8  30CF               	movlw	207
  7433     0EB9  0096               	movwf	22	;volatile
  7434     0EBA                     l5078:
  7435                           
  7436                           ;mcc_generated_files/system/src/pins.c: 66:     ANSELC = 0xE7;
  7437     0EBA  30E7               	movlw	231
  7438     0EBB  00A0               	movwf	32	;volatile
  7439     0EBC                     l5080:
  7440                           
  7441                           ;mcc_generated_files/system/src/pins.c: 67:     ANSELD = 0xFB;
  7442     0EBC  30FB               	movlw	251
  7443     0EBD  00AA               	movwf	42	;volatile
  7444     0EBE                     l5082:
  7445                           
  7446                           ;mcc_generated_files/system/src/pins.c: 68:     ANSELE = 0x7;
  7447     0EBE  3007               	movlw	7
  7448     0EBF  00B4               	movwf	52	;volatile
  7449                           
  7450                           ;mcc_generated_files/system/src/pins.c: 73:     WPUA = 0x0;
  7451     0EC0  018D               	clrf	13	;volatile
  7452                           
  7453                           ;mcc_generated_files/system/src/pins.c: 74:     WPUB = 0x0;
  7454     0EC1  0197               	clrf	23	;volatile
  7455                           
  7456                           ;mcc_generated_files/system/src/pins.c: 75:     WPUC = 0x0;
  7457     0EC2  01A1               	clrf	33	;volatile
  7458                           
  7459                           ;mcc_generated_files/system/src/pins.c: 76:     WPUD = 0x0;
  7460     0EC3  01AB               	clrf	43	;volatile
  7461                           
  7462                           ;mcc_generated_files/system/src/pins.c: 77:     WPUE = 0x0;
  7463     0EC4  01B5               	clrf	53	;volatile
  7464                           
  7465                           ;mcc_generated_files/system/src/pins.c: 83:     ODCONA = 0x0;
  7466     0EC5  018E               	clrf	14	;volatile
  7467                           
  7468                           ;mcc_generated_files/system/src/pins.c: 84:     ODCONB = 0x0;
  7469     0EC6  0198               	clrf	24	;volatile
  7470                           
  7471                           ;mcc_generated_files/system/src/pins.c: 85:     ODCONC = 0x0;
  7472     0EC7  01A2               	clrf	34	;volatile
  7473                           
  7474                           ;mcc_generated_files/system/src/pins.c: 86:     ODCOND = 0x0;
  7475     0EC8  01AC               	clrf	44	;volatile
  7476                           
  7477                           ;mcc_generated_files/system/src/pins.c: 87:     ODCONE = 0x0;
  7478     0EC9  01B6               	clrf	54	;volatile
  7479     0ECA                     l5084:
  7480                           
  7481                           ;mcc_generated_files/system/src/pins.c: 91:     SLRCONA = 0xFF;
  7482     0ECA  30FF               	movlw	255
  7483     0ECB  008F               	movwf	15	;volatile
  7484     0ECC                     l5086:
  7485                           
  7486                           ;mcc_generated_files/system/src/pins.c: 92:     SLRCONB = 0xFF;
  7487     0ECC  30FF               	movlw	255
  7488     0ECD  0099               	movwf	25	;volatile
  7489     0ECE                     l5088:
  7490                           
  7491                           ;mcc_generated_files/system/src/pins.c: 93:     SLRCONC = 0xFF;
  7492     0ECE  30FF               	movlw	255
  7493     0ECF  00A3               	movwf	35	;volatile
  7494     0ED0                     l5090:
  7495                           
  7496                           ;mcc_generated_files/system/src/pins.c: 94:     SLRCOND = 0xFF;
  7497     0ED0  30FF               	movlw	255
  7498     0ED1  00AD               	movwf	45	;volatile
  7499     0ED2                     l5092:
  7500                           
  7501                           ;mcc_generated_files/system/src/pins.c: 95:     SLRCONE = 0x7;
  7502     0ED2  3007               	movlw	7
  7503     0ED3  00B7               	movwf	55	;volatile
  7504     0ED4                     l5094:
  7505                           
  7506                           ;mcc_generated_files/system/src/pins.c: 99:     INLVLA = 0xFF;
  7507     0ED4  30FF               	movlw	255
  7508     0ED5  0090               	movwf	16	;volatile
  7509     0ED6                     l5096:
  7510                           
  7511                           ;mcc_generated_files/system/src/pins.c: 100:     INLVLB = 0xFF;
  7512     0ED6  30FF               	movlw	255
  7513     0ED7  009A               	movwf	26	;volatile
  7514     0ED8                     l5098:
  7515                           
  7516                           ;mcc_generated_files/system/src/pins.c: 101:     INLVLC = 0xFF;
  7517     0ED8  30FF               	movlw	255
  7518     0ED9  00A4               	movwf	36	;volatile
  7519     0EDA                     l5100:
  7520                           
  7521                           ;mcc_generated_files/system/src/pins.c: 102:     INLVLD = 0xFF;
  7522     0EDA  30FF               	movlw	255
  7523     0EDB  00AE               	movwf	46	;volatile
  7524     0EDC                     l5102:
  7525                           
  7526                           ;mcc_generated_files/system/src/pins.c: 103:     INLVLE = 0xF;
  7527     0EDC  300F               	movlw	15
  7528     0EDD  00B8               	movwf	56	;volatile
  7529     0EDE                     l5104:
  7530                           
  7531                           ;mcc_generated_files/system/src/pins.c: 108:     RX2PPS = 0x1A;
  7532     0EDE  301A               	movlw	26
  7533     0EDF  017C               	movlb	60	; select bank60
  7534     0EE0  00C3               	movwf	67	;volatile
  7535     0EE1                     l5106:
  7536                           
  7537                           ;mcc_generated_files/system/src/pins.c: 109:     RX1PPS = 0xD;
  7538     0EE1  300D               	movlw	13
  7539     0EE2  00C1               	movwf	65	;volatile
  7540     0EE3                     l5108:
  7541                           
  7542                           ;mcc_generated_files/system/src/pins.c: 110:     RB3PPS = 0x11;
  7543     0EE3  3011               	movlw	17
  7544     0EE4  017B               	movlb	59	; select bank59
  7545     0EE5  0097               	movwf	23	;volatile
  7546     0EE6                     l5110:
  7547                           
  7548                           ;mcc_generated_files/system/src/pins.c: 111:     RD1PPS = 0x11;
  7549     0EE6  3011               	movlw	17
  7550     0EE7  00A5               	movwf	37	;volatile
  7551     0EE8                     l5112:
  7552                           
  7553                           ;mcc_generated_files/system/src/pins.c: 112:     RB4PPS = 0x0E;
  7554     0EE8  300E               	movlw	14
  7555     0EE9  0098               	movwf	24	;volatile
  7556     0EEA                     l5114:
  7557                           
  7558                           ;mcc_generated_files/system/src/pins.c: 121:     IOCAP = 0x0;
  7559     0EEA  017D               	movlb	61	; select bank61
  7560     0EEB  0191               	clrf	17	;volatile
  7561                           
  7562                           ;mcc_generated_files/system/src/pins.c: 122:     IOCAN = 0x8;
  7563     0EEC  3008               	movlw	8
  7564     0EED  0092               	movwf	18	;volatile
  7565     0EEE                     l5116:
  7566                           
  7567                           ;mcc_generated_files/system/src/pins.c: 123:     IOCAF = 0x0;
  7568     0EEE  0193               	clrf	19	;volatile
  7569     0EEF                     l5118:
  7570                           
  7571                           ;mcc_generated_files/system/src/pins.c: 124:     IOCBP = 0x0;
  7572     0EEF  019B               	clrf	27	;volatile
  7573     0EF0                     l5120:
  7574                           
  7575                           ;mcc_generated_files/system/src/pins.c: 125:     IOCBN = 0x0;
  7576     0EF0  019C               	clrf	28	;volatile
  7577     0EF1                     l5122:
  7578                           
  7579                           ;mcc_generated_files/system/src/pins.c: 126:     IOCBF = 0x0;
  7580     0EF1  019D               	clrf	29	;volatile
  7581                           
  7582                           ;mcc_generated_files/system/src/pins.c: 127:     IOCCP = 0x18;
  7583     0EF2  3018               	movlw	24
  7584     0EF3  00A5               	movwf	37	;volatile
  7585                           
  7586                           ;mcc_generated_files/system/src/pins.c: 128:     IOCCN = 0x18;
  7587     0EF4  3018               	movlw	24
  7588     0EF5  00A6               	movwf	38	;volatile
  7589     0EF6                     l5124:
  7590                           
  7591                           ;mcc_generated_files/system/src/pins.c: 129:     IOCCF = 0x0;
  7592     0EF6  01A7               	clrf	39	;volatile
  7593     0EF7                     l5126:
  7594                           
  7595                           ;mcc_generated_files/system/src/pins.c: 130:     IOCEP = 0x0;
  7596     0EF7  01B9               	clrf	57	;volatile
  7597     0EF8                     l5128:
  7598                           
  7599                           ;mcc_generated_files/system/src/pins.c: 131:     IOCEN = 0x0;
  7600     0EF8  01BA               	clrf	58	;volatile
  7601     0EF9                     l5130:
  7602                           
  7603                           ;mcc_generated_files/system/src/pins.c: 132:     IOCEF = 0x0;
  7604     0EF9  01BB               	clrf	59	;volatile
  7605     0EFA                     l5132:
  7606                           
  7607                           ;mcc_generated_files/system/src/pins.c: 134:     POWER_SetInterruptHandler(POWER_Default
      +                          InterruptHandler);
  7608     0EFA  30F4               	movlw	low _POWER_DefaultInterruptHandler
  7609     0EFB  00F4               	movwf	POWER_SetInterruptHandler@InterruptHandler
  7610     0EFC  3008               	movlw	high _POWER_DefaultInterruptHandler
  7611     0EFD  00F5               	movwf	POWER_SetInterruptHandler@InterruptHandler+1
  7612     0EFE  3189  211E  318E   	fcall	_POWER_SetInterruptHandler
  7613     0F01                     l5134:
  7614                           
  7615                           ;mcc_generated_files/system/src/pins.c: 135:     VOL_A_SetInterruptHandler(VOL_A_Default
      +                          InterruptHandler);
  7616     0F01  30F6               	movlw	low _VOL_A_DefaultInterruptHandler
  7617     0F02  00F4               	movwf	VOL_A_SetInterruptHandler@InterruptHandler
  7618     0F03  3008               	movlw	high _VOL_A_DefaultInterruptHandler
  7619     0F04  00F5               	movwf	VOL_A_SetInterruptHandler@InterruptHandler+1
  7620     0F05  3189  2124  318E   	fcall	_VOL_A_SetInterruptHandler
  7621     0F08                     l5136:
  7622                           
  7623                           ;mcc_generated_files/system/src/pins.c: 136:     VOL_B_SetInterruptHandler(VOL_B_Default
      +                          InterruptHandler);
  7624     0F08  30F5               	movlw	low _VOL_B_DefaultInterruptHandler
  7625     0F09  00F4               	movwf	VOL_B_SetInterruptHandler@InterruptHandler
  7626     0F0A  3008               	movlw	high _VOL_B_DefaultInterruptHandler
  7627     0F0B  00F5               	movwf	VOL_B_SetInterruptHandler@InterruptHandler+1
  7628     0F0C  3189  212A  318E   	fcall	_VOL_B_SetInterruptHandler
  7629     0F0F                     l5138:
  7630                           
  7631                           ;mcc_generated_files/system/src/pins.c: 139:     PIE0bits.IOCIE = 1;
  7632     0F0F  0141               	movlb	1	; select bank1
  7633     0F10  1616               	bsf	22,4	;volatile
  7634     0F11                     l372:
  7635     0F11  0008               	return
  7636     0F12                     __end_of_PIN_MANAGER_Initialize:
  7637                           
  7638                           	psect	text12
  7639     096E                     __ptext12:	
  7640 ;; *************** function _INTERRUPT_Initialize *****************
  7641 ;; Defined at:
  7642 ;;		line 40 in file "mcc_generated_files/system/src/interrupt.c"
  7643 ;; Parameters:    Size  Location     Type
  7644 ;;		None
  7645 ;; Auto vars:     Size  Location     Type
  7646 ;;		None
  7647 ;; Return value:  Size  Location     Type
  7648 ;;                  1    wreg      void 
  7649 ;; Registers used:
  7650 ;;		wreg, status,2, status,0, pclath, cstack
  7651 ;; Tracked objects:
  7652 ;;		On entry : 0/0
  7653 ;;		On exit  : 0/0
  7654 ;;		Unchanged: 0/0
  7655 ;; Data sizes:     COMMON   BANK0   BANK1   BANK2   BANK3   BANK4   BANK5   BANK6   BANK7   BANK8   BANK9  BANK10  BANK1
      +1  BANK12  BANK13  BANK14  BANK15  BANK16  BANK17  BANK18  BANK19  BANK20  BANK21  BANK22  BANK23  BANK24  BANK25
  7656 ;;      Params:         0       0       0       0       0       0       0       0       0       0       0       0       
      +0       0       0       0       0       0       0       0       0       0       0       0       0       0       0
  7657 ;;      Locals:         0       0       0       0       0       0       0       0       0       0       0       0       
      +0       0       0       0       0       0       0       0       0       0       0       0       0       0       0
  7658 ;;      Temps:          0       0       0       0       0       0       0       0       0       0       0       0       
      +0       0       0       0       0       0       0       0       0       0       0       0       0       0       0
  7659 ;;      Totals:         0       0       0       0       0       0       0       0       0       0       0       0       
      +0       0       0       0       0       0       0       0       0       0       0       0       0       0       0
  7660 ;;Total ram usage:        0 bytes
  7661 ;; Hardware stack levels used: 1
  7662 ;; Hardware stack levels required when called: 5
  7663 ;; This function calls:
  7664 ;;		_INT_SetInterruptHandler
  7665 ;; This function is called by:
  7666 ;;		_SYSTEM_Initialize
  7667 ;; This function uses a non-reentrant model
  7668 ;;
  7669                           
  7670     096E                     _INTERRUPT_Initialize:	
  7671                           ;psect for function _INTERRUPT_Initialize
  7672                           
  7673     096E                     l5158:	
  7674                           ;incstack = 0
  7675                           ; Regs used in _INTERRUPT_Initialize: [wreg+status,2+status,0+pclath+cstack]
  7676                           
  7677                           
  7678                           ;mcc_generated_files/system/src/interrupt.c: 44:     (PIR0bits.INTF = 0);
  7679     096E  0141               	movlb	1	; select bank1
  7680     096F  100C               	bcf	12,0	;volatile
  7681                           
  7682                           ;mcc_generated_files/system/src/interrupt.c: 45:     (INTCONbits.INTEDG = 1);
  7683     0970  140B               	bsf	11,0	;volatile
  7684     0971                     l5160:
  7685                           
  7686                           ;mcc_generated_files/system/src/interrupt.c: 47:     INT_SetInterruptHandler(INT_Default
      +                          InterruptHandler);
  7687     0971  3000               	movlw	0
  7688     0972  00F4               	movwf	INT_SetInterruptHandler@InterruptHandler
  7689     0973  3000               	movlw	0
  7690     0974  00F5               	movwf	INT_SetInterruptHandler@InterruptHandler+1
  7691     0975  3189  2130  3189   	fcall	_INT_SetInterruptHandler
  7692     0978                     l215:
  7693     0978  0008               	return
  7694     0979                     __end_of_INTERRUPT_Initialize:
  7695                           
  7696                           	psect	text13
  7697     0930                     __ptext13:	
  7698 ;; *************** function _INT_SetInterruptHandler *****************
  7699 ;; Defined at:
  7700 ;;		line 90 in file "mcc_generated_files/system/src/interrupt.c"
  7701 ;; Parameters:    Size  Location     Type
  7702 ;;  InterruptHan    2    4[COMMON] PTR FTN()void 
  7703 ;;		 -> INT_DefaultInterruptHandler(1), 
  7704 ;; Auto vars:     Size  Location     Type
  7705 ;;		None
  7706 ;; Return value:  Size  Location     Type
  7707 ;;                  1    wreg      void 
  7708 ;; Registers used:
  7709 ;;		wreg
  7710 ;; Tracked objects:
  7711 ;;		On entry : 0/0
  7712 ;;		On exit  : 0/0
  7713 ;;		Unchanged: 0/0
  7714 ;; Data sizes:     COMMON   BANK0   BANK1   BANK2   BANK3   BANK4   BANK5   BANK6   BANK7   BANK8   BANK9  BANK10  BANK1
      +1  BANK12  BANK13  BANK14  BANK15  BANK16  BANK17  BANK18  BANK19  BANK20  BANK21  BANK22  BANK23  BANK24  BANK25
  7715 ;;      Params:         2       0       0       0       0       0       0       0       0       0       0       0       
      +0       0       0       0       0       0       0       0       0       0       0       0       0       0       0
  7716 ;;      Locals:         0       0       0       0       0       0       0       0       0       0       0       0       
      +0       0       0       0       0       0       0       0       0       0       0       0       0       0       0
  7717 ;;      Temps:          0       0       0       0       0       0       0       0       0       0       0       0       
      +0       0       0       0       0       0       0       0       0       0       0       0       0       0       0
  7718 ;;      Totals:         2       0       0       0       0       0       0       0       0       0       0       0       
      +0       0       0       0       0       0       0       0       0       0       0       0       0       0       0
  7719 ;;Total ram usage:        2 bytes
  7720 ;; Hardware stack levels used: 1
  7721 ;; Hardware stack levels required when called: 4
  7722 ;; This function calls:
  7723 ;;		Nothing
  7724 ;; This function is called by:
  7725 ;;		_INTERRUPT_Initialize
  7726 ;; This function uses a non-reentrant model
  7727 ;;
  7728                           
  7729     0930                     _INT_SetInterruptHandler:	
  7730                           ;psect for function _INT_SetInterruptHandler
  7731                           
  7732     0930                     l4762:	
  7733                           ;incstack = 0
  7734                           ; Regs used in _INT_SetInterruptHandler: [wreg]
  7735                           
  7736                           
  7737                           ;mcc_generated_files/system/src/interrupt.c: 91:     INT_InterruptHandler = InterruptHan
      +                          dler;
  7738     0930  0875               	movf	INT_SetInterruptHandler@InterruptHandler+1,w
  7739     0931  0140               	movlb	0	; select bank0
  7740     0932  00E8               	movwf	_INT_InterruptHandler+1
  7741     0933  0874               	movf	INT_SetInterruptHandler@InterruptHandler,w
  7742     0934  00E7               	movwf	_INT_InterruptHandler
  7743     0935                     l232:
  7744     0935  0008               	return
  7745     0936                     __end_of_INT_SetInterruptHandler:
  7746                           
  7747                           	psect	text14
  7748     0ABA                     __ptext14:	
  7749 ;; *************** function _EUSART2_Initialize *****************
  7750 ;; Defined at:
  7751 ;;		line 94 in file "mcc_generated_files/uart/src/eusart2.c"
  7752 ;; Parameters:    Size  Location     Type
  7753 ;;		None
  7754 ;; Auto vars:     Size  Location     Type
  7755 ;;		None
  7756 ;; Return value:  Size  Location     Type
  7757 ;;                  1    wreg      void 
  7758 ;; Registers used:
  7759 ;;		wreg, status,2, status,0, pclath, cstack
  7760 ;; Tracked objects:
  7761 ;;		On entry : 0/0
  7762 ;;		On exit  : 0/0
  7763 ;;		Unchanged: 0/0
  7764 ;; Data sizes:     COMMON   BANK0   BANK1   BANK2   BANK3   BANK4   BANK5   BANK6   BANK7   BANK8   BANK9  BANK10  BANK1
      +1  BANK12  BANK13  BANK14  BANK15  BANK16  BANK17  BANK18  BANK19  BANK20  BANK21  BANK22  BANK23  BANK24  BANK25
  7765 ;;      Params:         0       0       0       0       0       0       0       0       0       0       0       0       
      +0       0       0       0       0       0       0       0       0       0       0       0       0       0       0
  7766 ;;      Locals:         0       0       0       0       0       0       0       0       0       0       0       0       
      +0       0       0       0       0       0       0       0       0       0       0       0       0       0       0
  7767 ;;      Temps:          0       0       0       0       0       0       0       0       0       0       0       0       
      +0       0       0       0       0       0       0       0       0       0       0       0       0       0       0
  7768 ;;      Totals:         0       0       0       0       0       0       0       0       0       0       0       0       
      +0       0       0       0       0       0       0       0       0       0       0       0       0       0       0
  7769 ;;Total ram usage:        0 bytes
  7770 ;; Hardware stack levels used: 1
  7771 ;; Hardware stack levels required when called: 5
  7772 ;; This function calls:
  7773 ;;		_EUSART2_FramingErrorCallbackRegister
  7774 ;;		_EUSART2_OverrunErrorCallbackRegister
  7775 ;; This function is called by:
  7776 ;;		_SYSTEM_Initialize
  7777 ;; This function uses a non-reentrant model
  7778 ;;
  7779                           
  7780     0ABA                     _EUSART2_Initialize:	
  7781                           ;psect for function _EUSART2_Initialize
  7782                           
  7783     0ABA                     l5148:	
  7784                           ;incstack = 0
  7785                           ; Regs used in _EUSART2_Initialize: [wreg+status,2+status,0+pclath+cstack]
  7786                           
  7787                           
  7788                           ;mcc_generated_files/uart/src/eusart2.c: 99:     BAUD2CON = 0x48;
  7789     0ABA  3048               	movlw	72
  7790     0ABB  014C               	movlb	12	; select bank12
  7791     0ABC  009C               	movwf	28	;volatile
  7792                           
  7793                           ;mcc_generated_files/uart/src/eusart2.c: 101:     RC2STA = 0x90;
  7794     0ABD  3090               	movlw	144
  7795     0ABE  009A               	movwf	26	;volatile
  7796                           
  7797                           ;mcc_generated_files/uart/src/eusart2.c: 103:     TX2STA = 0x26;
  7798     0ABF  3026               	movlw	38
  7799     0AC0  009B               	movwf	27	;volatile
  7800                           
  7801                           ;mcc_generated_files/uart/src/eusart2.c: 105:     SP2BRGL = 0x44;
  7802     0AC1  3044               	movlw	68
  7803     0AC2  0098               	movwf	24	;volatile
  7804     0AC3                     l5150:
  7805                           
  7806                           ;mcc_generated_files/uart/src/eusart2.c: 107:     SP2BRGH = 0x0;
  7807     0AC3  0199               	clrf	25	;volatile
  7808     0AC4                     l5152:
  7809                           
  7810                           ;mcc_generated_files/uart/src/eusart2.c: 109:     EUSART2_FramingErrorCallbackRegister(E
      +                          USART2_DefaultFramingErrorCallback);
  7811     0AC4  30F7               	movlw	low _EUSART2_DefaultFramingErrorCallback
  7812     0AC5  00F4               	movwf	EUSART2_FramingErrorCallbackRegister@callbackHandler
  7813     0AC6  3008               	movlw	high _EUSART2_DefaultFramingErrorCallback
  7814     0AC7  00F5               	movwf	EUSART2_FramingErrorCallbackRegister@callbackHandler+1
  7815     0AC8  3189  219D  318A   	fcall	_EUSART2_FramingErrorCallbackRegister
  7816     0ACB                     l5154:
  7817                           
  7818                           ;mcc_generated_files/uart/src/eusart2.c: 110:     EUSART2_OverrunErrorCallbackRegister(E
      +                          USART2_DefaultOverrunErrorCallback);
  7819     0ACB  300A               	movlw	low _EUSART2_DefaultOverrunErrorCallback
  7820     0ACC  00F4               	movwf	EUSART2_OverrunErrorCallbackRegister@callbackHandler
  7821     0ACD  3009               	movlw	high _EUSART2_DefaultOverrunErrorCallback
  7822     0ACE  00F5               	movwf	EUSART2_OverrunErrorCallbackRegister@callbackHandler+1
  7823     0ACF  3189  21A9  318A   	fcall	_EUSART2_OverrunErrorCallbackRegister
  7824     0AD2                     l5156:
  7825                           
  7826                           ;mcc_generated_files/uart/src/eusart2.c: 111:     eusart2RxLastError.status = 0;
  7827     0AD2  0140               	movlb	0	; select bank0
  7828     0AD3  01DF               	clrf	_eusart2RxLastError	;volatile
  7829     0AD4  01E0               	clrf	_eusart2RxLastError+1	;volatile
  7830     0AD5                     l617:
  7831     0AD5  0008               	return
  7832     0AD6                     __end_of_EUSART2_Initialize:
  7833                           
  7834                           	psect	text15
  7835     09A9                     __ptext15:	
  7836 ;; *************** function _EUSART2_OverrunErrorCallbackRegister *****************
  7837 ;; Defined at:
  7838 ;;		line 260 in file "mcc_generated_files/uart/src/eusart2.c"
  7839 ;; Parameters:    Size  Location     Type
  7840 ;;  callbackHand    2    4[COMMON] PTR FTN()void 
  7841 ;;		 -> EUSART2_DefaultOverrunErrorCallback(1), EUSART1_DefaultOverrunErrorCallback(1), 
  7842 ;; Auto vars:     Size  Location     Type
  7843 ;;		None
  7844 ;; Return value:  Size  Location     Type
  7845 ;;                  1    wreg      void 
  7846 ;; Registers used:
  7847 ;;		wreg, status,2, status,0
  7848 ;; Tracked objects:
  7849 ;;		On entry : 0/0
  7850 ;;		On exit  : 0/0
  7851 ;;		Unchanged: 0/0
  7852 ;; Data sizes:     COMMON   BANK0   BANK1   BANK2   BANK3   BANK4   BANK5   BANK6   BANK7   BANK8   BANK9  BANK10  BANK1
      +1  BANK12  BANK13  BANK14  BANK15  BANK16  BANK17  BANK18  BANK19  BANK20  BANK21  BANK22  BANK23  BANK24  BANK25
  7853 ;;      Params:         2       0       0       0       0       0       0       0       0       0       0       0       
      +0       0       0       0       0       0       0       0       0       0       0       0       0       0       0
  7854 ;;      Locals:         0       0       0       0       0       0       0       0       0       0       0       0       
      +0       0       0       0       0       0       0       0       0       0       0       0       0       0       0
  7855 ;;      Temps:          0       0       0       0       0       0       0       0       0       0       0       0       
      +0       0       0       0       0       0       0       0       0       0       0       0       0       0       0
  7856 ;;      Totals:         2       0       0       0       0       0       0       0       0       0       0       0       
      +0       0       0       0       0       0       0       0       0       0       0       0       0       0       0
  7857 ;;Total ram usage:        2 bytes
  7858 ;; Hardware stack levels used: 1
  7859 ;; Hardware stack levels required when called: 4
  7860 ;; This function calls:
  7861 ;;		Nothing
  7862 ;; This function is called by:
  7863 ;;		_EUSART2_Initialize
  7864 ;; This function uses a non-reentrant model
  7865 ;;
  7866                           
  7867     09A9                     _EUSART2_OverrunErrorCallbackRegister:	
  7868                           ;psect for function _EUSART2_OverrunErrorCallbackRegister
  7869                           
  7870     09A9                     l4782:	
  7871                           ;incstack = 0
  7872                           ; Regs used in _EUSART2_OverrunErrorCallbackRegister: [wreg+status,2+status,0]
  7873                           
  7874                           
  7875                           ;mcc_generated_files/uart/src/eusart2.c: 260: void EUSART2_OverrunErrorCallbackRegister(
      +                          void (* callbackHandler)(void));mcc_generated_files/uart/src/eusart2.c: 261: {;mcc_gener
      +                          ated_files/uart/src/eusart2.c: 262:     if(((void*)0) != callbackHandler)
  7876     09A9  0874               	movf	EUSART2_OverrunErrorCallbackRegister@callbackHandler,w
  7877     09AA  0475               	iorwf	EUSART2_OverrunErrorCallbackRegister@callbackHandler+1,w
  7878     09AB  1903               	btfsc	3,2
  7879     09AC  29AE               	goto	u4431
  7880     09AD  29AF               	goto	u4430
  7881     09AE                     u4431:
  7882     09AE  29B4               	goto	l696
  7883     09AF                     u4430:
  7884     09AF                     l4784:
  7885                           
  7886                           ;mcc_generated_files/uart/src/eusart2.c: 263:     {;mcc_generated_files/uart/src/eusart2
      +                          .c: 264:         EUSART2_OverrunErrorHandler = callbackHandler;
  7887     09AF  0875               	movf	EUSART2_OverrunErrorCallbackRegister@callbackHandler+1,w
  7888     09B0  0140               	movlb	0	; select bank0
  7889     09B1  00DC               	movwf	_EUSART2_OverrunErrorHandler+1
  7890     09B2  0874               	movf	EUSART2_OverrunErrorCallbackRegister@callbackHandler,w
  7891     09B3  00DB               	movwf	_EUSART2_OverrunErrorHandler
  7892     09B4                     l696:
  7893     09B4  0008               	return
  7894     09B5                     __end_of_EUSART2_OverrunErrorCallbackRegister:
  7895                           
  7896                           	psect	text16
  7897     099D                     __ptext16:	
  7898 ;; *************** function _EUSART2_FramingErrorCallbackRegister *****************
  7899 ;; Defined at:
  7900 ;;		line 252 in file "mcc_generated_files/uart/src/eusart2.c"
  7901 ;; Parameters:    Size  Location     Type
  7902 ;;  callbackHand    2    4[COMMON] PTR FTN()void 
  7903 ;;		 -> EUSART2_DefaultFramingErrorCallback(1), EUSART1_DefaultFramingErrorCallback(1), 
  7904 ;; Auto vars:     Size  Location     Type
  7905 ;;		None
  7906 ;; Return value:  Size  Location     Type
  7907 ;;                  1    wreg      void 
  7908 ;; Registers used:
  7909 ;;		wreg, status,2, status,0
  7910 ;; Tracked objects:
  7911 ;;		On entry : 0/0
  7912 ;;		On exit  : 0/0
  7913 ;;		Unchanged: 0/0
  7914 ;; Data sizes:     COMMON   BANK0   BANK1   BANK2   BANK3   BANK4   BANK5   BANK6   BANK7   BANK8   BANK9  BANK10  BANK1
      +1  BANK12  BANK13  BANK14  BANK15  BANK16  BANK17  BANK18  BANK19  BANK20  BANK21  BANK22  BANK23  BANK24  BANK25
  7915 ;;      Params:         2       0       0       0       0       0       0       0       0       0       0       0       
      +0       0       0       0       0       0       0       0       0       0       0       0       0       0       0
  7916 ;;      Locals:         0       0       0       0       0       0       0       0       0       0       0       0       
      +0       0       0       0       0       0       0       0       0       0       0       0       0       0       0
  7917 ;;      Temps:          0       0       0       0       0       0       0       0       0       0       0       0       
      +0       0       0       0       0       0       0       0       0       0       0       0       0       0       0
  7918 ;;      Totals:         2       0       0       0       0       0       0       0       0       0       0       0       
      +0       0       0       0       0       0       0       0       0       0       0       0       0       0       0
  7919 ;;Total ram usage:        2 bytes
  7920 ;; Hardware stack levels used: 1
  7921 ;; Hardware stack levels required when called: 4
  7922 ;; This function calls:
  7923 ;;		Nothing
  7924 ;; This function is called by:
  7925 ;;		_EUSART2_Initialize
  7926 ;; This function uses a non-reentrant model
  7927 ;;
  7928                           
  7929     099D                     _EUSART2_FramingErrorCallbackRegister:	
  7930                           ;psect for function _EUSART2_FramingErrorCallbackRegister
  7931                           
  7932     099D                     l4778:	
  7933                           ;incstack = 0
  7934                           ; Regs used in _EUSART2_FramingErrorCallbackRegister: [wreg+status,2+status,0]
  7935                           
  7936                           
  7937                           ;mcc_generated_files/uart/src/eusart2.c: 252: void EUSART2_FramingErrorCallbackRegister(
      +                          void (* callbackHandler)(void));mcc_generated_files/uart/src/eusart2.c: 253: {;mcc_gener
      +                          ated_files/uart/src/eusart2.c: 254:     if(((void*)0) != callbackHandler)
  7938     099D  0874               	movf	EUSART2_FramingErrorCallbackRegister@callbackHandler,w
  7939     099E  0475               	iorwf	EUSART2_FramingErrorCallbackRegister@callbackHandler+1,w
  7940     099F  1903               	btfsc	3,2
  7941     09A0  29A2               	goto	u4421
  7942     09A1  29A3               	goto	u4420
  7943     09A2                     u4421:
  7944     09A2  29A8               	goto	l692
  7945     09A3                     u4420:
  7946     09A3                     l4780:
  7947                           
  7948                           ;mcc_generated_files/uart/src/eusart2.c: 255:     {;mcc_generated_files/uart/src/eusart2
      +                          .c: 256:         EUSART2_FramingErrorHandler = callbackHandler;
  7949     09A3  0875               	movf	EUSART2_FramingErrorCallbackRegister@callbackHandler+1,w
  7950     09A4  0140               	movlb	0	; select bank0
  7951     09A5  00DE               	movwf	_EUSART2_FramingErrorHandler+1
  7952     09A6  0874               	movf	EUSART2_FramingErrorCallbackRegister@callbackHandler,w
  7953     09A7  00DD               	movwf	_EUSART2_FramingErrorHandler
  7954     09A8                     l692:
  7955     09A8  0008               	return
  7956     09A9                     __end_of_EUSART2_FramingErrorCallbackRegister:
  7957                           
  7958                           	psect	text17
  7959     0AD6                     __ptext17:	
  7960 ;; *************** function _EUSART1_Initialize *****************
  7961 ;; Defined at:
  7962 ;;		line 94 in file "mcc_generated_files/uart/src/eusart1.c"
  7963 ;; Parameters:    Size  Location     Type
  7964 ;;		None
  7965 ;; Auto vars:     Size  Location     Type
  7966 ;;		None
  7967 ;; Return value:  Size  Location     Type
  7968 ;;                  1    wreg      void 
  7969 ;; Registers used:
  7970 ;;		wreg, status,2, status,0, pclath, cstack
  7971 ;; Tracked objects:
  7972 ;;		On entry : 0/0
  7973 ;;		On exit  : 0/0
  7974 ;;		Unchanged: 0/0
  7975 ;; Data sizes:     COMMON   BANK0   BANK1   BANK2   BANK3   BANK4   BANK5   BANK6   BANK7   BANK8   BANK9  BANK10  BANK1
      +1  BANK12  BANK13  BANK14  BANK15  BANK16  BANK17  BANK18  BANK19  BANK20  BANK21  BANK22  BANK23  BANK24  BANK25
  7976 ;;      Params:         0       0       0       0       0       0       0       0       0       0       0       0       
      +0       0       0       0       0       0       0       0       0       0       0       0       0       0       0
  7977 ;;      Locals:         0       0       0       0       0       0       0       0       0       0       0       0       
      +0       0       0       0       0       0       0       0       0       0       0       0       0       0       0
  7978 ;;      Temps:          0       0       0       0       0       0       0       0       0       0       0       0       
      +0       0       0       0       0       0       0       0       0       0       0       0       0       0       0
  7979 ;;      Totals:         0       0       0       0       0       0       0       0       0       0       0       0       
      +0       0       0       0       0       0       0       0       0       0       0       0       0       0       0
  7980 ;;Total ram usage:        0 bytes
  7981 ;; Hardware stack levels used: 1
  7982 ;; Hardware stack levels required when called: 5
  7983 ;; This function calls:
  7984 ;;		_EUSART1_FramingErrorCallbackRegister
  7985 ;;		_EUSART1_OverrunErrorCallbackRegister
  7986 ;; This function is called by:
  7987 ;;		_SYSTEM_Initialize
  7988 ;; This function uses a non-reentrant model
  7989 ;;
  7990                           
  7991     0AD6                     _EUSART1_Initialize:	
  7992                           ;psect for function _EUSART1_Initialize
  7993                           
  7994     0AD6                     l5140:	
  7995                           ;incstack = 0
  7996                           ; Regs used in _EUSART1_Initialize: [wreg+status,2+status,0+pclath+cstack]
  7997                           
  7998                           
  7999                           ;mcc_generated_files/uart/src/eusart1.c: 99:     BAUD1CON = 0x48;
  8000     0AD6  3048               	movlw	72
  8001     0AD7  014C               	movlb	12	; select bank12
  8002     0AD8  0092               	movwf	18	;volatile
  8003                           
  8004                           ;mcc_generated_files/uart/src/eusart1.c: 101:     RC1STA = 0x90;
  8005     0AD9  3090               	movlw	144
  8006     0ADA  0090               	movwf	16	;volatile
  8007                           
  8008                           ;mcc_generated_files/uart/src/eusart1.c: 103:     TX1STA = 0x26;
  8009     0ADB  3026               	movlw	38
  8010     0ADC  0091               	movwf	17	;volatile
  8011                           
  8012                           ;mcc_generated_files/uart/src/eusart1.c: 105:     SP1BRGL = 0x40;
  8013     0ADD  3040               	movlw	64
  8014     0ADE  008E               	movwf	14	;volatile
  8015                           
  8016                           ;mcc_generated_files/uart/src/eusart1.c: 107:     SP1BRGH = 0x3;
  8017     0ADF  3003               	movlw	3
  8018     0AE0  008F               	movwf	15	;volatile
  8019     0AE1                     l5142:
  8020                           
  8021                           ;mcc_generated_files/uart/src/eusart1.c: 109:     EUSART1_FramingErrorCallbackRegister(E
      +                          USART1_DefaultFramingErrorCallback);
  8022     0AE1  3002               	movlw	low _EUSART1_DefaultFramingErrorCallback
  8023     0AE2  00F4               	movwf	EUSART1_FramingErrorCallbackRegister@callbackHandler
  8024     0AE3  3000               	movlw	high _EUSART1_DefaultFramingErrorCallback
  8025     0AE4  00F5               	movwf	EUSART1_FramingErrorCallbackRegister@callbackHandler+1
  8026     0AE5  3189  2185  318A   	fcall	_EUSART1_FramingErrorCallbackRegister
  8027     0AE8                     l5144:
  8028                           
  8029                           ;mcc_generated_files/uart/src/eusart1.c: 110:     EUSART1_OverrunErrorCallbackRegister(E
      +                          USART1_DefaultOverrunErrorCallback);
  8030     0AE8  300E               	movlw	low _EUSART1_DefaultOverrunErrorCallback
  8031     0AE9  00F4               	movwf	EUSART1_OverrunErrorCallbackRegister@callbackHandler
  8032     0AEA  3009               	movlw	high _EUSART1_DefaultOverrunErrorCallback
  8033     0AEB  00F5               	movwf	EUSART1_OverrunErrorCallbackRegister@callbackHandler+1
  8034     0AEC  3189  2191  318A   	fcall	_EUSART1_OverrunErrorCallbackRegister
  8035     0AEF                     l5146:
  8036                           
  8037                           ;mcc_generated_files/uart/src/eusart1.c: 111:     eusart1RxLastError.status = 0;
  8038     0AEF  0140               	movlb	0	; select bank0
  8039     0AF0  01E5               	clrf	_eusart1RxLastError	;volatile
  8040     0AF1  01E6               	clrf	_eusart1RxLastError+1	;volatile
  8041     0AF2                     l473:
  8042     0AF2  0008               	return
  8043     0AF3                     __end_of_EUSART1_Initialize:
  8044                           
  8045                           	psect	text18
  8046     0991                     __ptext18:	
  8047 ;; *************** function _EUSART1_OverrunErrorCallbackRegister *****************
  8048 ;; Defined at:
  8049 ;;		line 260 in file "mcc_generated_files/uart/src/eusart1.c"
  8050 ;; Parameters:    Size  Location     Type
  8051 ;;  callbackHand    2    4[COMMON] PTR FTN()void 
  8052 ;;		 -> EUSART2_DefaultOverrunErrorCallback(1), EUSART1_DefaultOverrunErrorCallback(1), 
  8053 ;; Auto vars:     Size  Location     Type
  8054 ;;		None
  8055 ;; Return value:  Size  Location     Type
  8056 ;;                  1    wreg      void 
  8057 ;; Registers used:
  8058 ;;		wreg, status,2, status,0
  8059 ;; Tracked objects:
  8060 ;;		On entry : 0/0
  8061 ;;		On exit  : 0/0
  8062 ;;		Unchanged: 0/0
  8063 ;; Data sizes:     COMMON   BANK0   BANK1   BANK2   BANK3   BANK4   BANK5   BANK6   BANK7   BANK8   BANK9  BANK10  BANK1
      +1  BANK12  BANK13  BANK14  BANK15  BANK16  BANK17  BANK18  BANK19  BANK20  BANK21  BANK22  BANK23  BANK24  BANK25
  8064 ;;      Params:         2       0       0       0       0       0       0       0       0       0       0       0       
      +0       0       0       0       0       0       0       0       0       0       0       0       0       0       0
  8065 ;;      Locals:         0       0       0       0       0       0       0       0       0       0       0       0       
      +0       0       0       0       0       0       0       0       0       0       0       0       0       0       0
  8066 ;;      Temps:          0       0       0       0       0       0       0       0       0       0       0       0       
      +0       0       0       0       0       0       0       0       0       0       0       0       0       0       0
  8067 ;;      Totals:         2       0       0       0       0       0       0       0       0       0       0       0       
      +0       0       0       0       0       0       0       0       0       0       0       0       0       0       0
  8068 ;;Total ram usage:        2 bytes
  8069 ;; Hardware stack levels used: 1
  8070 ;; Hardware stack levels required when called: 4
  8071 ;; This function calls:
  8072 ;;		Nothing
  8073 ;; This function is called by:
  8074 ;;		_EUSART1_Initialize
  8075 ;; This function uses a non-reentrant model
  8076 ;;
  8077                           
  8078     0991                     _EUSART1_OverrunErrorCallbackRegister:	
  8079                           ;psect for function _EUSART1_OverrunErrorCallbackRegister
  8080                           
  8081     0991                     l4774:	
  8082                           ;incstack = 0
  8083                           ; Regs used in _EUSART1_OverrunErrorCallbackRegister: [wreg+status,2+status,0]
  8084                           
  8085                           
  8086                           ;mcc_generated_files/uart/src/eusart1.c: 260: void EUSART1_OverrunErrorCallbackRegister(
      +                          void (* callbackHandler)(void));mcc_generated_files/uart/src/eusart1.c: 261: {;mcc_gener
      +                          ated_files/uart/src/eusart1.c: 262:     if(((void*)0) != callbackHandler)
  8087     0991  0874               	movf	EUSART1_OverrunErrorCallbackRegister@callbackHandler,w
  8088     0992  0475               	iorwf	EUSART1_OverrunErrorCallbackRegister@callbackHandler+1,w
  8089     0993  1903               	btfsc	3,2
  8090     0994  2996               	goto	u4411
  8091     0995  2997               	goto	u4410
  8092     0996                     u4411:
  8093     0996  299C               	goto	l552
  8094     0997                     u4410:
  8095     0997                     l4776:
  8096                           
  8097                           ;mcc_generated_files/uart/src/eusart1.c: 263:     {;mcc_generated_files/uart/src/eusart1
      +                          .c: 264:         EUSART1_OverrunErrorHandler = callbackHandler;
  8098     0997  0875               	movf	EUSART1_OverrunErrorCallbackRegister@callbackHandler+1,w
  8099     0998  0140               	movlb	0	; select bank0
  8100     0999  00E2               	movwf	_EUSART1_OverrunErrorHandler+1
  8101     099A  0874               	movf	EUSART1_OverrunErrorCallbackRegister@callbackHandler,w
  8102     099B  00E1               	movwf	_EUSART1_OverrunErrorHandler
  8103     099C                     l552:
  8104     099C  0008               	return
  8105     099D                     __end_of_EUSART1_OverrunErrorCallbackRegister:
  8106                           
  8107                           	psect	text19
  8108     0985                     __ptext19:	
  8109 ;; *************** function _EUSART1_FramingErrorCallbackRegister *****************
  8110 ;; Defined at:
  8111 ;;		line 252 in file "mcc_generated_files/uart/src/eusart1.c"
  8112 ;; Parameters:    Size  Location     Type
  8113 ;;  callbackHand    2    4[COMMON] PTR FTN()void 
  8114 ;;		 -> EUSART2_DefaultFramingErrorCallback(1), EUSART1_DefaultFramingErrorCallback(1), 
  8115 ;; Auto vars:     Size  Location     Type
  8116 ;;		None
  8117 ;; Return value:  Size  Location     Type
  8118 ;;                  1    wreg      void 
  8119 ;; Registers used:
  8120 ;;		wreg, status,2, status,0
  8121 ;; Tracked objects:
  8122 ;;		On entry : 0/0
  8123 ;;		On exit  : 0/0
  8124 ;;		Unchanged: 0/0
  8125 ;; Data sizes:     COMMON   BANK0   BANK1   BANK2   BANK3   BANK4   BANK5   BANK6   BANK7   BANK8   BANK9  BANK10  BANK1
      +1  BANK12  BANK13  BANK14  BANK15  BANK16  BANK17  BANK18  BANK19  BANK20  BANK21  BANK22  BANK23  BANK24  BANK25
  8126 ;;      Params:         2       0       0       0       0       0       0       0       0       0       0       0       
      +0       0       0       0       0       0       0       0       0       0       0       0       0       0       0
  8127 ;;      Locals:         0       0       0       0       0       0       0       0       0       0       0       0       
      +0       0       0       0       0       0       0       0       0       0       0       0       0       0       0
  8128 ;;      Temps:          0       0       0       0       0       0       0       0       0       0       0       0       
      +0       0       0       0       0       0       0       0       0       0       0       0       0       0       0
  8129 ;;      Totals:         2       0       0       0       0       0       0       0       0       0       0       0       
      +0       0       0       0       0       0       0       0       0       0       0       0       0       0       0
  8130 ;;Total ram usage:        2 bytes
  8131 ;; Hardware stack levels used: 1
  8132 ;; Hardware stack levels required when called: 4
  8133 ;; This function calls:
  8134 ;;		Nothing
  8135 ;; This function is called by:
  8136 ;;		_EUSART1_Initialize
  8137 ;; This function uses a non-reentrant model
  8138 ;;
  8139                           
  8140     0985                     _EUSART1_FramingErrorCallbackRegister:	
  8141                           ;psect for function _EUSART1_FramingErrorCallbackRegister
  8142                           
  8143     0985                     l4770:	
  8144                           ;incstack = 0
  8145                           ; Regs used in _EUSART1_FramingErrorCallbackRegister: [wreg+status,2+status,0]
  8146                           
  8147                           
  8148                           ;mcc_generated_files/uart/src/eusart1.c: 252: void EUSART1_FramingErrorCallbackRegister(
      +                          void (* callbackHandler)(void));mcc_generated_files/uart/src/eusart1.c: 253: {;mcc_gener
      +                          ated_files/uart/src/eusart1.c: 254:     if(((void*)0) != callbackHandler)
  8149     0985  0874               	movf	EUSART1_FramingErrorCallbackRegister@callbackHandler,w
  8150     0986  0475               	iorwf	EUSART1_FramingErrorCallbackRegister@callbackHandler+1,w
  8151     0987  1903               	btfsc	3,2
  8152     0988  298A               	goto	u4401
  8153     0989  298B               	goto	u4400
  8154     098A                     u4401:
  8155     098A  2990               	goto	l548
  8156     098B                     u4400:
  8157     098B                     l4772:
  8158                           
  8159                           ;mcc_generated_files/uart/src/eusart1.c: 255:     {;mcc_generated_files/uart/src/eusart1
      +                          .c: 256:         EUSART1_FramingErrorHandler = callbackHandler;
  8160     098B  0875               	movf	EUSART1_FramingErrorCallbackRegister@callbackHandler+1,w
  8161     098C  0140               	movlb	0	; select bank0
  8162     098D  00E4               	movwf	_EUSART1_FramingErrorHandler+1
  8163     098E  0874               	movf	EUSART1_FramingErrorCallbackRegister@callbackHandler,w
  8164     098F  00E3               	movwf	_EUSART1_FramingErrorHandler
  8165     0990                     l548:
  8166     0990  0008               	return
  8167     0991                     __end_of_EUSART1_FramingErrorCallbackRegister:
  8168                           
  8169                           	psect	text20
  8170     0959                     __ptext20:	
  8171 ;; *************** function _CLOCK_Initialize *****************
  8172 ;; Defined at:
  8173 ;;		line 37 in file "mcc_generated_files/system/src/clock.c"
  8174 ;; Parameters:    Size  Location     Type
  8175 ;;		None
  8176 ;; Auto vars:     Size  Location     Type
  8177 ;;		None
  8178 ;; Return value:  Size  Location     Type
  8179 ;;                  1    wreg      void 
  8180 ;; Registers used:
  8181 ;;		wreg, status,2
  8182 ;; Tracked objects:
  8183 ;;		On entry : 0/0
  8184 ;;		On exit  : 0/0
  8185 ;;		Unchanged: 0/0
  8186 ;; Data sizes:     COMMON   BANK0   BANK1   BANK2   BANK3   BANK4   BANK5   BANK6   BANK7   BANK8   BANK9  BANK10  BANK1
      +1  BANK12  BANK13  BANK14  BANK15  BANK16  BANK17  BANK18  BANK19  BANK20  BANK21  BANK22  BANK23  BANK24  BANK25
  8187 ;;      Params:         0       0       0       0       0       0       0       0       0       0       0       0       
      +0       0       0       0       0       0       0       0       0       0       0       0       0       0       0
  8188 ;;      Locals:         0       0       0       0       0       0       0       0       0       0       0       0       
      +0       0       0       0       0       0       0       0       0       0       0       0       0       0       0
  8189 ;;      Temps:          0       0       0       0       0       0       0       0       0       0       0       0       
      +0       0       0       0       0       0       0       0       0       0       0       0       0       0       0
  8190 ;;      Totals:         0       0       0       0       0       0       0       0       0       0       0       0       
      +0       0       0       0       0       0       0       0       0       0       0       0       0       0       0
  8191 ;;Total ram usage:        0 bytes
  8192 ;; Hardware stack levels used: 1
  8193 ;; Hardware stack levels required when called: 4
  8194 ;; This function calls:
  8195 ;;		Nothing
  8196 ;; This function is called by:
  8197 ;;		_SYSTEM_Initialize
  8198 ;; This function uses a non-reentrant model
  8199 ;;
  8200                           
  8201     0959                     _CLOCK_Initialize:	
  8202                           ;psect for function _CLOCK_Initialize
  8203                           
  8204     0959                     l5052:	
  8205                           ;incstack = 0
  8206                           ; Regs used in _CLOCK_Initialize: [wreg+status,2]
  8207                           
  8208                           
  8209                           ;mcc_generated_files/system/src/clock.c: 41:     OSCCON2 = 0x0;
  8210     0959  0144               	movlb	4	; select bank4
  8211     095A  018E               	clrf	14	;volatile
  8212                           
  8213                           ;mcc_generated_files/system/src/clock.c: 43:     OSCCON3 = 0x0;
  8214     095B  018F               	clrf	15	;volatile
  8215                           
  8216                           ;mcc_generated_files/system/src/clock.c: 45:     OSCEN = 0x0;
  8217     095C  0191               	clrf	17	;volatile
  8218     095D                     l5054:
  8219                           
  8220                           ;mcc_generated_files/system/src/clock.c: 47:     OSCFRQ = 0x5;
  8221     095D  3005               	movlw	5
  8222     095E  0093               	movwf	19	;volatile
  8223     095F                     l5056:
  8224                           
  8225                           ;mcc_generated_files/system/src/clock.c: 49:     OSCSTAT = 0x0;
  8226     095F  0190               	clrf	16	;volatile
  8227     0960                     l5058:
  8228                           
  8229                           ;mcc_generated_files/system/src/clock.c: 51:     OSCTUNE = 0x0;
  8230     0960  0192               	clrf	18	;volatile
  8231     0961                     l5060:
  8232                           
  8233                           ;mcc_generated_files/system/src/clock.c: 53:     ACTCON = 0x0;
  8234     0961  0194               	clrf	20	;volatile
  8235     0962                     l196:
  8236     0962  0008               	return
  8237     0963                     __end_of_CLOCK_Initialize:
  8238                           
  8239                           	psect	text21
  8240     0E38                     __ptext21:	
  8241 ;; *************** function _RotaryEncoder_Tasks *****************
  8242 ;; Defined at:
  8243 ;;		line 74 in file "drivers/rotary_encoder.c"
  8244 ;; Parameters:    Size  Location     Type
  8245 ;;		None
  8246 ;; Auto vars:     Size  Location     Type
  8247 ;;  delta           2   45[BANK0 ] short 
  8248 ;;  steps           1   47[BANK0 ] char 
  8249 ;; Return value:  Size  Location     Type
  8250 ;;                  1    wreg      void 
  8251 ;; Registers used:
  8252 ;;		wreg, fsr1l, fsr1h, status,2, status,0, pclath, cstack
  8253 ;; Tracked objects:
  8254 ;;		On entry : 0/0
  8255 ;;		On exit  : 0/0
  8256 ;;		Unchanged: 0/0
  8257 ;; Data sizes:     COMMON   BANK0   BANK1   BANK2   BANK3   BANK4   BANK5   BANK6   BANK7   BANK8   BANK9  BANK10  BANK1
      +1  BANK12  BANK13  BANK14  BANK15  BANK16  BANK17  BANK18  BANK19  BANK20  BANK21  BANK22  BANK23  BANK24  BANK25
  8258 ;;      Params:         0       0       0       0       0       0       0       0       0       0       0       0       
      +0       0       0       0       0       0       0       0       0       0       0       0       0       0       0
  8259 ;;      Locals:         0       3       0       0       0       0       0       0       0       0       0       0       
      +0       0       0       0       0       0       0       0       0       0       0       0       0       0       0
  8260 ;;      Temps:          0       2       0       0       0       0       0       0       0       0       0       0       
      +0       0       0       0       0       0       0       0       0       0       0       0       0       0       0
  8261 ;;      Totals:         0       5       0       0       0       0       0       0       0       0       0       0       
      +0       0       0       0       0       0       0       0       0       0       0       0       0       0       0
  8262 ;;Total ram usage:        5 bytes
  8263 ;; Hardware stack levels used: 1
  8264 ;; Hardware stack levels required when called: 10
  8265 ;; This function calls:
  8266 ;;		NULL
  8267 ;;		_DFPlayer_AdjustVolume
  8268 ;;		___awdiv
  8269 ;;		_on_power_button_pressed
  8270 ;; This function is called by:
  8271 ;;		_main
  8272 ;; This function uses a non-reentrant model
  8273 ;;
  8274                           
  8275     0E38                     _RotaryEncoder_Tasks:	
  8276                           ;psect for function _RotaryEncoder_Tasks
  8277                           
  8278     0E38                     l5446:	
  8279                           ;incstack = 0
  8280                           ; Regs used in _RotaryEncoder_Tasks: [wreg+fsr1l+fsr1h+status,2+status,0+pclath+cstack]
  8281                           
  8282                           
  8283                           ;drivers/rotary_encoder.c: 77:     PIE0bits.IOCIE = 0;
  8284     0E38  0141               	movlb	1	; select bank1
  8285     0E39  1216               	bcf	22,4	;volatile
  8286     0E3A                     l5448:
  8287                           
  8288                           ;drivers/rotary_encoder.c: 78:     int16_t delta = encoderRawDelta;
  8289     0E3A  0877               	movf	_encoderRawDelta+1,w	;volatile
  8290     0E3B  0140               	movlb	0	; select bank0
  8291     0E3C  00CE               	movwf	RotaryEncoder_Tasks@delta+1
  8292     0E3D  0876               	movf	_encoderRawDelta,w	;volatile
  8293     0E3E  00CD               	movwf	RotaryEncoder_Tasks@delta
  8294     0E3F                     l5450:
  8295                           
  8296                           ;drivers/rotary_encoder.c: 79:     int8_t steps = (int8_t)(delta / 4);
  8297     0E3F  3004               	movlw	4
  8298     0E40  00A0               	movwf	___awdiv@divisor
  8299     0E41  3000               	movlw	0
  8300     0E42  00A1               	movwf	___awdiv@divisor+1
  8301     0E43  084E               	movf	RotaryEncoder_Tasks@delta+1,w
  8302     0E44  00A3               	movwf	___awdiv@dividend+1
  8303     0E45  084D               	movf	RotaryEncoder_Tasks@delta,w
  8304     0E46  00A2               	movwf	___awdiv@dividend
  8305     0E47  318D  25D8  318E   	fcall	___awdiv
  8306     0E4A  0140               	movlb	0	; select bank0
  8307     0E4B  0820               	movf	?___awdiv,w
  8308     0E4C  00CF               	movwf	RotaryEncoder_Tasks@steps
  8309     0E4D                     l5452:
  8310                           
  8311                           ;drivers/rotary_encoder.c: 80:     encoderRawDelta = (int16_t)(delta - (int16_t)(steps *
      +                           4));
  8312     0E4D  084F               	movf	RotaryEncoder_Tasks@steps,w
  8313     0E4E  00CB               	movwf	??_RotaryEncoder_Tasks
  8314     0E4F  01CC               	clrf	??_RotaryEncoder_Tasks+1
  8315     0E50  1BCB               	btfsc	??_RotaryEncoder_Tasks,7
  8316     0E51  03CC               	decf	??_RotaryEncoder_Tasks+1,f
  8317     0E52  35CB               	lslf	??_RotaryEncoder_Tasks,f
  8318     0E53  0DCC               	rlf	??_RotaryEncoder_Tasks+1,f
  8319     0E54  35CB               	lslf	??_RotaryEncoder_Tasks,f
  8320     0E55  0DCC               	rlf	??_RotaryEncoder_Tasks+1,f
  8321     0E56  084B               	movf	??_RotaryEncoder_Tasks,w
  8322     0E57  024D               	subwf	RotaryEncoder_Tasks@delta,w
  8323     0E58  00F6               	movwf	_encoderRawDelta	;volatile
  8324     0E59  084C               	movf	??_RotaryEncoder_Tasks+1,w
  8325     0E5A  3B4E               	subwfb	RotaryEncoder_Tasks@delta+1,w
  8326     0E5B  00F7               	movwf	_encoderRawDelta+1	;volatile
  8327     0E5C                     l5454:
  8328                           
  8329                           ;drivers/rotary_encoder.c: 81:     PIE0bits.IOCIE = 1;
  8330     0E5C  0141               	movlb	1	; select bank1
  8331     0E5D  1616               	bsf	22,4	;volatile
  8332     0E5E                     l5456:
  8333                           
  8334                           ;drivers/rotary_encoder.c: 83:     if (steps != 0)
  8335     0E5E  0140               	movlb	0	; select bank0
  8336     0E5F  084F               	movf	RotaryEncoder_Tasks@steps,w
  8337     0E60  1903               	btfsc	3,2
  8338     0E61  2E63               	goto	u5351
  8339     0E62  2E64               	goto	u5350
  8340     0E63                     u5351:
  8341     0E63  2E68               	goto	l5460
  8342     0E64                     u5350:
  8343     0E64                     l5458:
  8344                           
  8345                           ;drivers/rotary_encoder.c: 84:     {;drivers/rotary_encoder.c: 85:         DFPlayer_Adju
      +                          stVolume(steps);
  8346     0E64  084F               	movf	RotaryEncoder_Tasks@steps,w
  8347     0E65  3187  27D0  318E   	fcall	_DFPlayer_AdjustVolume
  8348     0E68                     l5460:
  8349                           
  8350                           ;drivers/rotary_encoder.c: 89:     if (powerFallingEdgeSeen)
  8351     0E68  0140               	movlb	0	; select bank0
  8352     0E69  086A               	movf	_powerFallingEdgeSeen,w	;volatile
  8353     0E6A  1903               	btfsc	3,2
  8354     0E6B  2E6D               	goto	u5361
  8355     0E6C  2E6E               	goto	u5360
  8356     0E6D                     u5361:
  8357     0E6D  2E99               	goto	l5480
  8358     0E6E                     u5360:
  8359     0E6E                     l5462:
  8360                           
  8361                           ;drivers/rotary_encoder.c: 90:     {;drivers/rotary_encoder.c: 91:         PIE0bits.IOCI
      +                          E = 0;
  8362     0E6E  0141               	movlb	1	; select bank1
  8363     0E6F  1216               	bcf	22,4	;volatile
  8364     0E70                     l5464:
  8365                           
  8366                           ;drivers/rotary_encoder.c: 92:         powerFallingEdgeSeen = 0;
  8367     0E70  0140               	movlb	0	; select bank0
  8368     0E71  01EA               	clrf	_powerFallingEdgeSeen	;volatile
  8369     0E72                     l5466:
  8370                           
  8371                           ;drivers/rotary_encoder.c: 93:         PIE0bits.IOCIE = 1;
  8372     0E72  0141               	movlb	1	; select bank1
  8373     0E73  1616               	bsf	22,4	;volatile
  8374     0E74                     l5468:
  8375                           
  8376                           ;drivers/rotary_encoder.c: 95:         if (!powerPressLatched)
  8377     0E74  0140               	movlb	0	; select bank0
  8378     0E75  0869               	movf	_powerPressLatched,w
  8379     0E76  1D03               	btfss	3,2
  8380     0E77  2E79               	goto	u5371
  8381     0E78  2E7A               	goto	u5370
  8382     0E79                     u5371:
  8383     0E79  2E99               	goto	l5480
  8384     0E7A                     u5370:
  8385     0E7A                     l5470:
  8386                           
  8387                           ;drivers/rotary_encoder.c: 96:         {;drivers/rotary_encoder.c: 97:             _dela
      +                          y((unsigned long)((30)*(32000000/4000.0)));
  8388     0E7A  3002               	movlw	2
  8389     0E7B  0140               	movlb	0	; select bank0
  8390     0E7C  00CC               	movwf	??_RotaryEncoder_Tasks+1
  8391     0E7D  3038               	movlw	56
  8392     0E7E  00CB               	movwf	??_RotaryEncoder_Tasks
  8393     0E7F  30AD               	movlw	173
  8394     0E80                     u5637:
  8395     0E80  0B89               	decfsz	9,f
  8396     0E81  2E80               	goto	u5637
  8397     0E82  0BCB               	decfsz	??_RotaryEncoder_Tasks,f
  8398     0E83  2E80               	goto	u5637
  8399     0E84  0BCC               	decfsz	??_RotaryEncoder_Tasks+1,f
  8400     0E85  2E80               	goto	u5637
  8401     0E86                     l5472:
  8402                           
  8403                           ;drivers/rotary_encoder.c: 98:             if (!PORTAbits.RA3)
  8404     0E86  0140               	movlb	0	; select bank0
  8405     0E87  198C               	btfsc	12,3	;volatile
  8406     0E88  2E8A               	goto	u5381
  8407     0E89  2E8B               	goto	u5380
  8408     0E8A                     u5381:
  8409     0E8A  2E99               	goto	l5480
  8410     0E8B                     u5380:
  8411     0E8B                     l5474:
  8412                           
  8413                           ;drivers/rotary_encoder.c: 99:             {;drivers/rotary_encoder.c: 100:             
      +                              powerPressLatched = 1;
  8414     0E8B  01E9               	clrf	_powerPressLatched
  8415     0E8C  0AE9               	incf	_powerPressLatched,f
  8416     0E8D                     l5476:
  8417                           
  8418                           ;drivers/rotary_encoder.c: 101:                 if (powerButtonCallback != ((void*)0))
  8419     0E8D  0859               	movf	_powerButtonCallback,w
  8420     0E8E  045A               	iorwf	_powerButtonCallback+1,w
  8421     0E8F  1903               	btfsc	3,2
  8422     0E90  2E92               	goto	u5391
  8423     0E91  2E93               	goto	u5390
  8424     0E92                     u5391:
  8425     0E92  2E99               	goto	l918
  8426     0E93                     u5390:
  8427     0E93                     l5478:
  8428                           
  8429                           ;drivers/rotary_encoder.c: 102:                 {;drivers/rotary_encoder.c: 103:        
      +                                       powerButtonCallback();
  8430     0E93  085A               	movf	_powerButtonCallback+1,w
  8431     0E94  008A               	movwf	10
  8432     0E95  0859               	movf	_powerButtonCallback,w
  8433     0E96  000A               	callw
  8434     0E97  318E               	pagesel	$
  8435     0E98  2E99               	goto	l5480
  8436     0E99                     l918:	
  8437                           ;drivers/rotary_encoder.c: 106:         }
  8438                           
  8439     0E99                     l5480:
  8440                           
  8441                           ;drivers/rotary_encoder.c: 109:     if (powerPressLatched && PORTAbits.RA3)
  8442     0E99  0140               	movlb	0	; select bank0
  8443     0E9A  0869               	movf	_powerPressLatched,w
  8444     0E9B  1903               	btfsc	3,2
  8445     0E9C  2E9E               	goto	u5401
  8446     0E9D  2E9F               	goto	u5400
  8447     0E9E                     u5401:
  8448     0E9E  2EA4               	goto	l922
  8449     0E9F                     u5400:
  8450     0E9F                     l5482:
  8451     0E9F  1D8C               	btfss	12,3	;volatile
  8452     0EA0  2EA2               	goto	u5411
  8453     0EA1  2EA3               	goto	u5410
  8454     0EA2                     u5411:
  8455     0EA2  2EA4               	goto	l922
  8456     0EA3                     u5410:
  8457     0EA3                     l5484:
  8458                           
  8459                           ;drivers/rotary_encoder.c: 110:     {;drivers/rotary_encoder.c: 111:         powerPressL
      +                          atched = 0;
  8460     0EA3  01E9               	clrf	_powerPressLatched
  8461     0EA4                     l922:
  8462     0EA4  0008               	return
  8463     0EA5                     __end_of_RotaryEncoder_Tasks:
  8464                           
  8465                           	psect	text22
  8466     0A6B                     __ptext22:	
  8467 ;; *************** function _on_power_button_pressed *****************
  8468 ;; Defined at:
  8469 ;;		line 68 in file "main.c"
  8470 ;; Parameters:    Size  Location     Type
  8471 ;;		None
  8472 ;; Auto vars:     Size  Location     Type
  8473 ;;		None
  8474 ;; Return value:  Size  Location     Type
  8475 ;;                  1    wreg      void 
  8476 ;; Registers used:
  8477 ;;		wreg, fsr1l, fsr1h, status,2, status,0, pclath, cstack
  8478 ;; Tracked objects:
  8479 ;;		On entry : 0/0
  8480 ;;		On exit  : 0/0
  8481 ;;		Unchanged: 0/0
  8482 ;; Data sizes:     COMMON   BANK0   BANK1   BANK2   BANK3   BANK4   BANK5   BANK6   BANK7   BANK8   BANK9  BANK10  BANK1
      +1  BANK12  BANK13  BANK14  BANK15  BANK16  BANK17  BANK18  BANK19  BANK20  BANK21  BANK22  BANK23  BANK24  BANK25
  8483 ;;      Params:         0       0       0       0       0       0       0       0       0       0       0       0       
      +0       0       0       0       0       0       0       0       0       0       0       0       0       0       0
  8484 ;;      Locals:         0       0       0       0       0       0       0       0       0       0       0       0       
      +0       0       0       0       0       0       0       0       0       0       0       0       0       0       0
  8485 ;;      Temps:          0       0       0       0       0       0       0       0       0       0       0       0       
      +0       0       0       0       0       0       0       0       0       0       0       0       0       0       0
  8486 ;;      Totals:         0       0       0       0       0       0       0       0       0       0       0       0       
      +0       0       0       0       0       0       0       0       0       0       0       0       0       0       0
  8487 ;;Total ram usage:        0 bytes
  8488 ;; Hardware stack levels used: 1
  8489 ;; Hardware stack levels required when called: 9
  8490 ;; This function calls:
  8491 ;;		_DFPlayer_Stop
  8492 ;;		_memset
  8493 ;; This function is called by:
  8494 ;;		_main
  8495 ;;		_RotaryEncoder_Tasks
  8496 ;; This function uses a non-reentrant model
  8497 ;;
  8498                           
  8499     0A6B                     _on_power_button_pressed:	
  8500                           ;psect for function _on_power_button_pressed
  8501                           
  8502     0A6B                     l5218:	
  8503                           ;incstack = 0
  8504                           ; Regs used in _on_power_button_pressed: [wreg+fsr1l+fsr1h+status,2+status,0+pclath+csta
      +                          ck]
  8505                           
  8506                           
  8507                           ;main.c: 70:     DFPlayer_Stop();
  8508     0A6B  3189  2163  318A   	fcall	_DFPlayer_Stop
  8509                           
  8510                           ;main.c: 75:     memset(lastUid, 0, sizeof(lastUid));
  8511     0A6E  3000               	movlw	0
  8512     0A6F  0140               	movlb	0	; select bank0
  8513     0A70  00A0               	movwf	memset@c
  8514     0A71  00A1               	movwf	memset@c+1
  8515     0A72  3007               	movlw	7
  8516     0A73  00A2               	movwf	memset@n
  8517     0A74  3000               	movlw	0
  8518     0A75  00A3               	movwf	memset@n+1
  8519     0A76  3059               	movlw	(low (_lastUid| (0+256)))& (0+255)
  8520     0A77  3185  2593  318A   	fcall	_memset
  8521     0A7A                     l5220:
  8522                           
  8523                           ;main.c: 76:     lastUidLen = 0;
  8524     0A7A  0142               	movlb	2	; select bank2
  8525     0A7B  01D8               	clrf	_lastUidLen^(0+256)
  8526     0A7C                     l5222:
  8527                           
  8528                           ;main.c: 77:     isOn = !isOn;
  8529     0A7C  0879               	movf	_isOn,w
  8530     0A7D  1903               	btfsc	3,2
  8531     0A7E  2A80               	goto	u4971
  8532     0A7F  2A82               	goto	u4970
  8533     0A80                     u4971:
  8534     0A80  3001               	movlw	1
  8535     0A81  2A83               	goto	u4980
  8536     0A82                     u4970:
  8537     0A82  3000               	movlw	0
  8538     0A83                     u4980:
  8539     0A83  00F9               	movwf	_isOn
  8540     0A84                     l747:
  8541     0A84  0008               	return
  8542     0A85                     __end_of_on_power_button_pressed:
  8543                           
  8544                           	psect	text23
  8545     0593                     __ptext23:	
  8546 ;; *************** function _memset *****************
  8547 ;; Defined at:
  8548 ;;		line 4 in file "C:\Program Files\Microchip\xc8\v2.41\pic\sources\c99\common\memset.c"
  8549 ;; Parameters:    Size  Location     Type
  8550 ;;  dest            1    wreg     PTR void 
  8551 ;;		 -> lastUid(7), 
  8552 ;;  c               2    0[BANK0 ] int 
  8553 ;;  n               2    2[BANK0 ] unsigned int 
  8554 ;; Auto vars:     Size  Location     Type
  8555 ;;  dest            1    4[BANK0 ] PTR void 
  8556 ;;		 -> lastUid(7), 
  8557 ;;  k               2    5[BANK0 ] unsigned int 
  8558 ;;  s               1    7[BANK0 ] PTR unsigned char 
  8559 ;;		 -> lastUid(7), 
  8560 ;; Return value:  Size  Location     Type
  8561 ;;                  1    wreg      PTR void 
  8562 ;; Registers used:
  8563 ;;		wreg, fsr1l, fsr1h, status,2, status,0
  8564 ;; Tracked objects:
  8565 ;;		On entry : 0/0
  8566 ;;		On exit  : 0/0
  8567 ;;		Unchanged: 0/0
  8568 ;; Data sizes:     COMMON   BANK0   BANK1   BANK2   BANK3   BANK4   BANK5   BANK6   BANK7   BANK8   BANK9  BANK10  BANK1
      +1  BANK12  BANK13  BANK14  BANK15  BANK16  BANK17  BANK18  BANK19  BANK20  BANK21  BANK22  BANK23  BANK24  BANK25
  8569 ;;      Params:         0       4       0       0       0       0       0       0       0       0       0       0       
      +0       0       0       0       0       0       0       0       0       0       0       0       0       0       0
  8570 ;;      Locals:         0       4       0       0       0       0       0       0       0       0       0       0       
      +0       0       0       0       0       0       0       0       0       0       0       0       0       0       0
  8571 ;;      Temps:          2       0       0       0       0       0       0       0       0       0       0       0       
      +0       0       0       0       0       0       0       0       0       0       0       0       0       0       0
  8572 ;;      Totals:         2       8       0       0       0       0       0       0       0       0       0       0       
      +0       0       0       0       0       0       0       0       0       0       0       0       0       0       0
  8573 ;;Total ram usage:       10 bytes
  8574 ;; Hardware stack levels used: 1
  8575 ;; Hardware stack levels required when called: 4
  8576 ;; This function calls:
  8577 ;;		Nothing
  8578 ;; This function is called by:
  8579 ;;		_on_power_button_pressed
  8580 ;; This function uses a non-reentrant model
  8581 ;;
  8582                           
  8583     0593                     _memset:	
  8584                           ;psect for function _memset
  8585                           
  8586                           
  8587                           ;incstack = 0
  8588                           ; Regs used in _memset: [wreg+fsr1l+fsr1h+status,2+status,0]
  8589                           ;memset@dest stored from wreg
  8590     0593  0140               	movlb	0	; select bank0
  8591     0594  00A4               	movwf	memset@dest
  8592     0595                     l4788:
  8593     0595  0824               	movf	memset@dest,w
  8594     0596  00A7               	movwf	memset@s
  8595     0597                     l4790:
  8596     0597  0822               	movf	memset@n,w
  8597     0598  0423               	iorwf	memset@n+1,w
  8598     0599  1D03               	btfss	3,2
  8599     059A  2D9C               	goto	u4441
  8600     059B  2D9D               	goto	u4440
  8601     059C                     u4441:
  8602     059C  2D9E               	goto	l4794
  8603     059D                     u4440:
  8604     059D  2E2C               	goto	l1591
  8605     059E                     l4794:
  8606     059E  0827               	movf	memset@s,w
  8607     059F  0086               	movwf	6
  8608     05A0  3001               	movlw	1	; select bank2/3
  8609     05A1  0087               	movwf	7
  8610     05A2  0820               	movf	memset@c,w
  8611     05A3  0081               	movwf	1
  8612     05A4                     l4796:
  8613     05A4  0822               	movf	memset@n,w
  8614     05A5  0727               	addwf	memset@s,w
  8615     05A6  00F4               	movwf	??_memset
  8616     05A7  0874               	movf	??_memset,w
  8617     05A8  3EFF               	addlw	255
  8618     05A9  0086               	movwf	6
  8619     05AA  3001               	movlw	1	; select bank2/3
  8620     05AB  0087               	movwf	7
  8621     05AC  0820               	movf	memset@c,w
  8622     05AD  0081               	movwf	1
  8623     05AE                     l4798:
  8624     05AE  3000               	movlw	0
  8625     05AF  0223               	subwf	memset@n+1,w
  8626     05B0  3003               	movlw	3
  8627     05B1  1903               	skipnz
  8628     05B2  0222               	subwf	memset@n,w
  8629     05B3  1803               	skipnc
  8630     05B4  2DB6               	goto	u4451
  8631     05B5  2DB7               	goto	u4450
  8632     05B6                     u4451:
  8633     05B6  2DB8               	goto	l4802
  8634     05B7                     u4450:
  8635     05B7  2E2C               	goto	l1591
  8636     05B8                     l4802:
  8637     05B8  0A27               	incf	memset@s,w
  8638     05B9  0086               	movwf	6
  8639     05BA  3001               	movlw	1	; select bank2/3
  8640     05BB  0087               	movwf	7
  8641     05BC  0820               	movf	memset@c,w
  8642     05BD  0081               	movwf	1
  8643     05BE                     l4804:
  8644     05BE  0827               	movf	memset@s,w
  8645     05BF  3E02               	addlw	2
  8646     05C0  0086               	movwf	6
  8647     05C1  3001               	movlw	1	; select bank2/3
  8648     05C2  0087               	movwf	7
  8649     05C3  0820               	movf	memset@c,w
  8650     05C4  0081               	movwf	1
  8651     05C5                     l4806:
  8652     05C5  0822               	movf	memset@n,w
  8653     05C6  0727               	addwf	memset@s,w
  8654     05C7  00F4               	movwf	??_memset
  8655     05C8  0874               	movf	??_memset,w
  8656     05C9  3EFE               	addlw	254
  8657     05CA  0086               	movwf	6
  8658     05CB  3001               	movlw	1	; select bank2/3
  8659     05CC  0087               	movwf	7
  8660     05CD  0820               	movf	memset@c,w
  8661     05CE  0081               	movwf	1
  8662     05CF                     l4808:
  8663     05CF  0822               	movf	memset@n,w
  8664     05D0  0727               	addwf	memset@s,w
  8665     05D1  00F4               	movwf	??_memset
  8666     05D2  0874               	movf	??_memset,w
  8667     05D3  3EFD               	addlw	253
  8668     05D4  0086               	movwf	6
  8669     05D5  3001               	movlw	1	; select bank2/3
  8670     05D6  0087               	movwf	7
  8671     05D7  0820               	movf	memset@c,w
  8672     05D8  0081               	movwf	1
  8673     05D9                     l4810:
  8674     05D9  3000               	movlw	0
  8675     05DA  0223               	subwf	memset@n+1,w
  8676     05DB  3007               	movlw	7
  8677     05DC  1903               	skipnz
  8678     05DD  0222               	subwf	memset@n,w
  8679     05DE  1803               	skipnc
  8680     05DF  2DE1               	goto	u4461
  8681     05E0  2DE2               	goto	u4460
  8682     05E1                     u4461:
  8683     05E1  2DE3               	goto	l4814
  8684     05E2                     u4460:
  8685     05E2  2E2C               	goto	l1591
  8686     05E3                     l4814:
  8687     05E3  0827               	movf	memset@s,w
  8688     05E4  3E03               	addlw	3
  8689     05E5  0086               	movwf	6
  8690     05E6  3001               	movlw	1	; select bank2/3
  8691     05E7  0087               	movwf	7
  8692     05E8  0820               	movf	memset@c,w
  8693     05E9  0081               	movwf	1
  8694     05EA  0822               	movf	memset@n,w
  8695     05EB  0727               	addwf	memset@s,w
  8696     05EC  00F4               	movwf	??_memset
  8697     05ED  0874               	movf	??_memset,w
  8698     05EE  3EFC               	addlw	252
  8699     05EF  0086               	movwf	6
  8700     05F0  3001               	movlw	1	; select bank2/3
  8701     05F1  0087               	movwf	7
  8702     05F2  0820               	movf	memset@c,w
  8703     05F3  0081               	movwf	1
  8704     05F4                     l4816:
  8705     05F4  3000               	movlw	0
  8706     05F5  0223               	subwf	memset@n+1,w
  8707     05F6  3009               	movlw	9
  8708     05F7  1903               	skipnz
  8709     05F8  0222               	subwf	memset@n,w
  8710     05F9  1803               	skipnc
  8711     05FA  2DFC               	goto	u4471
  8712     05FB  2DFD               	goto	u4470
  8713     05FC                     u4471:
  8714     05FC  2DFE               	goto	l4820
  8715     05FD                     u4470:
  8716     05FD  2E2C               	goto	l1591
  8717     05FE                     l4820:
  8718     05FE  0927               	comf	memset@s,w
  8719     05FF  00F4               	movwf	??_memset
  8720     0600  0928               	comf	memset@s+1,w
  8721     0601  00F5               	movwf	??_memset+1
  8722     0602  0AF4               	incf	??_memset,f
  8723     0603  1903               	skipnz
  8724     0604  0AF5               	incf	??_memset+1,f
  8725     0605  3003               	movlw	3
  8726     0606  0574               	andwf	??_memset,w
  8727     0607  00A5               	movwf	memset@k
  8728     0608  3000               	movlw	0
  8729     0609  0575               	andwf	??_memset+1,w
  8730     060A  00A6               	movwf	memset@k+1
  8731     060B  0825               	movf	memset@k,w
  8732     060C  00F4               	movwf	??_memset
  8733     060D  0874               	movf	??_memset,w
  8734     060E  07A7               	addwf	memset@s,f
  8735     060F                     l4822:
  8736     060F  0825               	movf	memset@k,w
  8737     0610  02A2               	subwf	memset@n,f
  8738     0611  0826               	movf	memset@k+1,w
  8739     0612  3BA3               	subwfb	memset@n+1,f
  8740     0613                     l4824:
  8741     0613  30FC               	movlw	252
  8742     0614  05A2               	andwf	memset@n,f
  8743     0615  30FF               	movlw	255
  8744     0616  05A3               	andwf	memset@n+1,f
  8745     0617  2E26               	goto	l4832
  8746     0618                     l4826:
  8747     0618  0827               	movf	memset@s,w
  8748     0619  0086               	movwf	6
  8749     061A  3001               	movlw	1	; select bank2/3
  8750     061B  0087               	movwf	7
  8751     061C  0820               	movf	memset@c,w
  8752     061D  0081               	movwf	1
  8753     061E                     l4828:
  8754     061E  3001               	movlw	1
  8755     061F  02A2               	subwf	memset@n,f
  8756     0620  3000               	movlw	0
  8757     0621  3BA3               	subwfb	memset@n+1,f
  8758     0622                     l4830:
  8759     0622  3001               	movlw	1
  8760     0623  00F4               	movwf	??_memset
  8761     0624  0874               	movf	??_memset,w
  8762     0625  07A7               	addwf	memset@s,f
  8763     0626                     l4832:
  8764     0626  0822               	movf	memset@n,w
  8765     0627  0423               	iorwf	memset@n+1,w
  8766     0628  1D03               	btfss	3,2
  8767     0629  2E2B               	goto	u4481
  8768     062A  2E2C               	goto	u4480
  8769     062B                     u4481:
  8770     062B  2E18               	goto	l4826
  8771     062C                     u4480:
  8772     062C                     l1591:
  8773     062C  0008               	return
  8774     062D                     __end_of_memset:
  8775                           
  8776                           	psect	text24
  8777     0DD8                     __ptext24:	
  8778 ;; *************** function ___awdiv *****************
  8779 ;; Defined at:
  8780 ;;		line 5 in file "C:\Program Files\Microchip\xc8\v2.41\pic\sources\c99\common\awdiv.c"
  8781 ;; Parameters:    Size  Location     Type
  8782 ;;  divisor         2    0[BANK0 ] int 
  8783 ;;  dividend        2    2[BANK0 ] int 
  8784 ;; Auto vars:     Size  Location     Type
  8785 ;;  quotient        2    6[BANK0 ] int 
  8786 ;;  sign            1    5[BANK0 ] unsigned char 
  8787 ;;  counter         1    4[BANK0 ] unsigned char 
  8788 ;; Return value:  Size  Location     Type
  8789 ;;                  2    0[BANK0 ] int 
  8790 ;; Registers used:
  8791 ;;		wreg, status,2, status,0
  8792 ;; Tracked objects:
  8793 ;;		On entry : 0/0
  8794 ;;		On exit  : 0/0
  8795 ;;		Unchanged: 0/0
  8796 ;; Data sizes:     COMMON   BANK0   BANK1   BANK2   BANK3   BANK4   BANK5   BANK6   BANK7   BANK8   BANK9  BANK10  BANK1
      +1  BANK12  BANK13  BANK14  BANK15  BANK16  BANK17  BANK18  BANK19  BANK20  BANK21  BANK22  BANK23  BANK24  BANK25
  8797 ;;      Params:         0       4       0       0       0       0       0       0       0       0       0       0       
      +0       0       0       0       0       0       0       0       0       0       0       0       0       0       0
  8798 ;;      Locals:         0       4       0       0       0       0       0       0       0       0       0       0       
      +0       0       0       0       0       0       0       0       0       0       0       0       0       0       0
  8799 ;;      Temps:          1       0       0       0       0       0       0       0       0       0       0       0       
      +0       0       0       0       0       0       0       0       0       0       0       0       0       0       0
  8800 ;;      Totals:         1       8       0       0       0       0       0       0       0       0       0       0       
      +0       0       0       0       0       0       0       0       0       0       0       0       0       0       0
  8801 ;;Total ram usage:        9 bytes
  8802 ;; Hardware stack levels used: 1
  8803 ;; Hardware stack levels required when called: 4
  8804 ;; This function calls:
  8805 ;;		Nothing
  8806 ;; This function is called by:
  8807 ;;		_RotaryEncoder_Tasks
  8808 ;; This function uses a non-reentrant model
  8809 ;;
  8810                           
  8811     0DD8                     ___awdiv:	
  8812                           ;psect for function ___awdiv
  8813                           
  8814     0DD8                     l5236:	
  8815                           ;incstack = 0
  8816                           ; Regs used in ___awdiv: [wreg+status,2+status,0]
  8817                           
  8818     0DD8  0140               	movlb	0	; select bank0
  8819     0DD9  01A5               	clrf	___awdiv@sign
  8820     0DDA                     l5238:
  8821     0DDA  1FA1               	btfss	___awdiv@divisor+1,7
  8822     0DDB  2DDD               	goto	u5021
  8823     0DDC  2DDE               	goto	u5020
  8824     0DDD                     u5021:
  8825     0DDD  2DE5               	goto	l5244
  8826     0DDE                     u5020:
  8827     0DDE                     l5240:
  8828     0DDE  09A0               	comf	___awdiv@divisor,f
  8829     0DDF  09A1               	comf	___awdiv@divisor+1,f
  8830     0DE0  0AA0               	incf	___awdiv@divisor,f
  8831     0DE1  1903               	skipnz
  8832     0DE2  0AA1               	incf	___awdiv@divisor+1,f
  8833     0DE3                     l5242:
  8834     0DE3  01A5               	clrf	___awdiv@sign
  8835     0DE4  0AA5               	incf	___awdiv@sign,f
  8836     0DE5                     l5244:
  8837     0DE5  1FA3               	btfss	___awdiv@dividend+1,7
  8838     0DE6  2DE8               	goto	u5031
  8839     0DE7  2DE9               	goto	u5030
  8840     0DE8                     u5031:
  8841     0DE8  2DF2               	goto	l5250
  8842     0DE9                     u5030:
  8843     0DE9                     l5246:
  8844     0DE9  09A2               	comf	___awdiv@dividend,f
  8845     0DEA  09A3               	comf	___awdiv@dividend+1,f
  8846     0DEB  0AA2               	incf	___awdiv@dividend,f
  8847     0DEC  1903               	skipnz
  8848     0DED  0AA3               	incf	___awdiv@dividend+1,f
  8849     0DEE                     l5248:
  8850     0DEE  3001               	movlw	1
  8851     0DEF  00F4               	movwf	??___awdiv
  8852     0DF0  0874               	movf	??___awdiv,w
  8853     0DF1  06A5               	xorwf	___awdiv@sign,f
  8854     0DF2                     l5250:
  8855     0DF2  01A6               	clrf	___awdiv@quotient
  8856     0DF3  01A7               	clrf	___awdiv@quotient+1
  8857     0DF4                     l5252:
  8858     0DF4  0820               	movf	___awdiv@divisor,w
  8859     0DF5  0421               	iorwf	___awdiv@divisor+1,w
  8860     0DF6  1903               	btfsc	3,2
  8861     0DF7  2DF9               	goto	u5041
  8862     0DF8  2DFA               	goto	u5040
  8863     0DF9                     u5041:
  8864     0DF9  2E29               	goto	l5272
  8865     0DFA                     u5040:
  8866     0DFA                     l5254:
  8867     0DFA  01A4               	clrf	___awdiv@counter
  8868     0DFB  0AA4               	incf	___awdiv@counter,f
  8869     0DFC  2E06               	goto	l5260
  8870     0DFD                     l5256:
  8871     0DFD  3001               	movlw	1
  8872     0DFE                     u5055:
  8873     0DFE  35A0               	lslf	___awdiv@divisor,f
  8874     0DFF  0DA1               	rlf	___awdiv@divisor+1,f
  8875     0E00  0B89               	decfsz	9,f
  8876     0E01  2DFE               	goto	u5055
  8877     0E02                     l5258:
  8878     0E02  3001               	movlw	1
  8879     0E03  00F4               	movwf	??___awdiv
  8880     0E04  0874               	movf	??___awdiv,w
  8881     0E05  07A4               	addwf	___awdiv@counter,f
  8882     0E06                     l5260:
  8883     0E06  1FA1               	btfss	___awdiv@divisor+1,7
  8884     0E07  2E09               	goto	u5061
  8885     0E08  2E0A               	goto	u5060
  8886     0E09                     u5061:
  8887     0E09  2DFD               	goto	l5256
  8888     0E0A                     u5060:
  8889     0E0A                     l5262:
  8890     0E0A  3001               	movlw	1
  8891     0E0B                     u5075:
  8892     0E0B  35A6               	lslf	___awdiv@quotient,f
  8893     0E0C  0DA7               	rlf	___awdiv@quotient+1,f
  8894     0E0D  0B89               	decfsz	9,f
  8895     0E0E  2E0B               	goto	u5075
  8896     0E0F  0821               	movf	___awdiv@divisor+1,w
  8897     0E10  0223               	subwf	___awdiv@dividend+1,w
  8898     0E11  1D03               	skipz
  8899     0E12  2E15               	goto	u5085
  8900     0E13  0820               	movf	___awdiv@divisor,w
  8901     0E14  0222               	subwf	___awdiv@dividend,w
  8902     0E15                     u5085:
  8903     0E15  1C03               	skipc
  8904     0E16  2E18               	goto	u5081
  8905     0E17  2E19               	goto	u5080
  8906     0E18                     u5081:
  8907     0E18  2E1E               	goto	l5268
  8908     0E19                     u5080:
  8909     0E19                     l5264:
  8910     0E19  0820               	movf	___awdiv@divisor,w
  8911     0E1A  02A2               	subwf	___awdiv@dividend,f
  8912     0E1B  0821               	movf	___awdiv@divisor+1,w
  8913     0E1C  3BA3               	subwfb	___awdiv@dividend+1,f
  8914     0E1D                     l5266:
  8915     0E1D  1426               	bsf	___awdiv@quotient,0
  8916     0E1E                     l5268:
  8917     0E1E  3001               	movlw	1
  8918     0E1F                     u5095:
  8919     0E1F  36A1               	lsrf	___awdiv@divisor+1,f
  8920     0E20  0CA0               	rrf	___awdiv@divisor,f
  8921     0E21  0B89               	decfsz	9,f
  8922     0E22  2E1F               	goto	u5095
  8923     0E23                     l5270:
  8924     0E23  3001               	movlw	1
  8925     0E24  02A4               	subwf	___awdiv@counter,f
  8926     0E25  1D03               	btfss	3,2
  8927     0E26  2E28               	goto	u5101
  8928     0E27  2E29               	goto	u5100
  8929     0E28                     u5101:
  8930     0E28  2E0A               	goto	l5262
  8931     0E29                     u5100:
  8932     0E29                     l5272:
  8933     0E29  0825               	movf	___awdiv@sign,w
  8934     0E2A  1903               	btfsc	3,2
  8935     0E2B  2E2D               	goto	u5111
  8936     0E2C  2E2E               	goto	u5110
  8937     0E2D                     u5111:
  8938     0E2D  2E33               	goto	l5276
  8939     0E2E                     u5110:
  8940     0E2E                     l5274:
  8941     0E2E  09A6               	comf	___awdiv@quotient,f
  8942     0E2F  09A7               	comf	___awdiv@quotient+1,f
  8943     0E30  0AA6               	incf	___awdiv@quotient,f
  8944     0E31  1903               	skipnz
  8945     0E32  0AA7               	incf	___awdiv@quotient+1,f
  8946     0E33                     l5276:
  8947     0E33  0827               	movf	___awdiv@quotient+1,w
  8948     0E34  00A1               	movwf	?___awdiv+1
  8949     0E35  0826               	movf	___awdiv@quotient,w
  8950     0E36  00A0               	movwf	?___awdiv
  8951     0E37                     l1227:
  8952     0E37  0008               	return
  8953     0E38                     __end_of___awdiv:
  8954                           
  8955                           	psect	text25
  8956     07D0                     __ptext25:	
  8957 ;; *************** function _DFPlayer_AdjustVolume *****************
  8958 ;; Defined at:
  8959 ;;		line 129 in file "drivers/dfplayer.c"
  8960 ;; Parameters:    Size  Location     Type
  8961 ;;  delta           1    wreg     char 
  8962 ;; Auto vars:     Size  Location     Type
  8963 ;;  delta           1   40[BANK0 ] char 
  8964 ;;  volume          2   41[BANK0 ] short 
  8965 ;; Return value:  Size  Location     Type
  8966 ;;                  1    wreg      void 
  8967 ;; Registers used:
  8968 ;;		wreg, fsr1l, fsr1h, status,2, status,0, pclath, cstack
  8969 ;; Tracked objects:
  8970 ;;		On entry : 0/0
  8971 ;;		On exit  : 0/0
  8972 ;;		Unchanged: 0/0
  8973 ;; Data sizes:     COMMON   BANK0   BANK1   BANK2   BANK3   BANK4   BANK5   BANK6   BANK7   BANK8   BANK9  BANK10  BANK1
      +1  BANK12  BANK13  BANK14  BANK15  BANK16  BANK17  BANK18  BANK19  BANK20  BANK21  BANK22  BANK23  BANK24  BANK25
  8974 ;;      Params:         0       0       0       0       0       0       0       0       0       0       0       0       
      +0       0       0       0       0       0       0       0       0       0       0       0       0       0       0
  8975 ;;      Locals:         0       3       0       0       0       0       0       0       0       0       0       0       
      +0       0       0       0       0       0       0       0       0       0       0       0       0       0       0
  8976 ;;      Temps:          0       1       0       0       0       0       0       0       0       0       0       0       
      +0       0       0       0       0       0       0       0       0       0       0       0       0       0       0
  8977 ;;      Totals:         0       4       0       0       0       0       0       0       0       0       0       0       
      +0       0       0       0       0       0       0       0       0       0       0       0       0       0       0
  8978 ;;Total ram usage:        4 bytes
  8979 ;; Hardware stack levels used: 1
  8980 ;; Hardware stack levels required when called: 9
  8981 ;; This function calls:
  8982 ;;		_DFPlayer_SetVolume
  8983 ;; This function is called by:
  8984 ;;		_RotaryEncoder_Tasks
  8985 ;; This function uses a non-reentrant model
  8986 ;;
  8987                           
  8988     07D0                     _DFPlayer_AdjustVolume:	
  8989                           ;psect for function _DFPlayer_AdjustVolume
  8990                           
  8991                           
  8992                           ;incstack = 0
  8993                           ; Regs used in _DFPlayer_AdjustVolume: [wreg+fsr1l+fsr1h+status,2+status,0+pclath+cstack
      +                          ]
  8994                           ;DFPlayer_AdjustVolume@delta stored from wreg
  8995     07D0  0140               	movlb	0	; select bank0
  8996     07D1  00C8               	movwf	DFPlayer_AdjustVolume@delta
  8997     07D2                     l5224:
  8998                           
  8999                           ;drivers/dfplayer.c: 129: void DFPlayer_AdjustVolume(int8_t delta);drivers/dfplayer.c: 1
      +                          30: {;drivers/dfplayer.c: 131:     int16_t volume = (int16_t)currentVolume + delta;
  9000     07D2  086D               	movf	_currentVolume,w
  9001     07D3  0748               	addwf	DFPlayer_AdjustVolume@delta,w
  9002     07D4  00C9               	movwf	DFPlayer_AdjustVolume@volume
  9003     07D5  01CA               	clrf	DFPlayer_AdjustVolume@volume+1
  9004     07D6  1803               	skipnc
  9005     07D7  0ACA               	incf	DFPlayer_AdjustVolume@volume+1,f
  9006     07D8  1FC8               	btfss	DFPlayer_AdjustVolume@delta,7
  9007     07D9  2FDB               	goto	u4994
  9008     07DA  03CA               	decf	DFPlayer_AdjustVolume@volume+1,f
  9009     07DB                     u4994:
  9010     07DB                     l5226:
  9011                           
  9012                           ;drivers/dfplayer.c: 132:     if (volume < 0)
  9013     07DB  0140               	movlb	0	; select bank0
  9014     07DC  1FCA               	btfss	DFPlayer_AdjustVolume@volume+1,7
  9015     07DD  2FDF               	goto	u5001
  9016     07DE  2FE0               	goto	u5000
  9017     07DF                     u5001:
  9018     07DF  2FE2               	goto	l5230
  9019     07E0                     u5000:
  9020     07E0                     l5228:
  9021                           
  9022                           ;drivers/dfplayer.c: 133:     {;drivers/dfplayer.c: 134:         volume = 0;
  9023     07E0  01C9               	clrf	DFPlayer_AdjustVolume@volume
  9024     07E1  01CA               	clrf	DFPlayer_AdjustVolume@volume+1
  9025     07E2                     l5230:
  9026                           
  9027                           ;drivers/dfplayer.c: 136:     if (volume > 25)
  9028     07E2  084A               	movf	DFPlayer_AdjustVolume@volume+1,w
  9029     07E3  3A80               	xorlw	128
  9030     07E4  00C7               	movwf	??_DFPlayer_AdjustVolume
  9031     07E5  3080               	movlw	128
  9032     07E6  0247               	subwf	??_DFPlayer_AdjustVolume,w
  9033     07E7  1D03               	skipz
  9034     07E8  2FEB               	goto	u5015
  9035     07E9  301A               	movlw	26
  9036     07EA  0249               	subwf	DFPlayer_AdjustVolume@volume,w
  9037     07EB                     u5015:
  9038     07EB  1C03               	skipc
  9039     07EC  2FEE               	goto	u5011
  9040     07ED  2FEF               	goto	u5010
  9041     07EE                     u5011:
  9042     07EE  2FF4               	goto	l5234
  9043     07EF                     u5010:
  9044     07EF                     l5232:
  9045                           
  9046                           ;drivers/dfplayer.c: 137:     {;drivers/dfplayer.c: 138:         volume = 25;
  9047     07EF  3019               	movlw	25
  9048     07F0  0140               	movlb	0	; select bank0
  9049     07F1  00C9               	movwf	DFPlayer_AdjustVolume@volume
  9050     07F2  3000               	movlw	0
  9051     07F3  00CA               	movwf	DFPlayer_AdjustVolume@volume+1
  9052     07F4                     l5234:
  9053                           
  9054                           ;drivers/dfplayer.c: 142:     DFPlayer_SetVolume((uint8_t)volume, 0);
  9055     07F4  0140               	movlb	0	; select bank0
  9056     07F5  01C3               	clrf	DFPlayer_SetVolume@waitForAck
  9057     07F6  0849               	movf	DFPlayer_AdjustVolume@volume,w
  9058     07F7  318A  2251  3187   	fcall	_DFPlayer_SetVolume
  9059     07FA                     l851:
  9060     07FA  0008               	return
  9061     07FB                     __end_of_DFPlayer_AdjustVolume:
  9062                           
  9063                           	psect	text26
  9064     0C25                     __ptext26:	
  9065 ;; *************** function _RotaryEncoder_Init *****************
  9066 ;; Defined at:
  9067 ;;		line 57 in file "drivers/rotary_encoder.c"
  9068 ;; Parameters:    Size  Location     Type
  9069 ;;  onPowerButto    2    0[BANK0 ] PTR FTN()void 
  9070 ;;		 -> on_power_button_pressed(1), 
  9071 ;; Auto vars:     Size  Location     Type
  9072 ;;		None
  9073 ;; Return value:  Size  Location     Type
  9074 ;;                  1    wreg      void 
  9075 ;; Registers used:
  9076 ;;		wreg, status,2, status,0, pclath, cstack
  9077 ;; Tracked objects:
  9078 ;;		On entry : 0/0
  9079 ;;		On exit  : 0/0
  9080 ;;		Unchanged: 0/0
  9081 ;; Data sizes:     COMMON   BANK0   BANK1   BANK2   BANK3   BANK4   BANK5   BANK6   BANK7   BANK8   BANK9  BANK10  BANK1
      +1  BANK12  BANK13  BANK14  BANK15  BANK16  BANK17  BANK18  BANK19  BANK20  BANK21  BANK22  BANK23  BANK24  BANK25
  9082 ;;      Params:         0       2       0       0       0       0       0       0       0       0       0       0       
      +0       0       0       0       0       0       0       0       0       0       0       0       0       0       0
  9083 ;;      Locals:         0       0       0       0       0       0       0       0       0       0       0       0       
      +0       0       0       0       0       0       0       0       0       0       0       0       0       0       0
  9084 ;;      Temps:          0       2       0       0       0       0       0       0       0       0       0       0       
      +0       0       0       0       0       0       0       0       0       0       0       0       0       0       0
  9085 ;;      Totals:         0       4       0       0       0       0       0       0       0       0       0       0       
      +0       0       0       0       0       0       0       0       0       0       0       0       0       0       0
  9086 ;;Total ram usage:        4 bytes
  9087 ;; Hardware stack levels used: 1
  9088 ;; Hardware stack levels required when called: 5
  9089 ;; This function calls:
  9090 ;;		_POWER_SetInterruptHandler
  9091 ;;		_VOL_A_SetInterruptHandler
  9092 ;;		_VOL_B_SetInterruptHandler
  9093 ;; This function is called by:
  9094 ;;		_main
  9095 ;; This function uses a non-reentrant model
  9096 ;;
  9097                           
  9098     0C25                     _RotaryEncoder_Init:	
  9099                           ;psect for function _RotaryEncoder_Init
  9100                           
  9101     0C25                     l5430:	
  9102                           ;incstack = 0
  9103                           ; Regs used in _RotaryEncoder_Init: [wreg+status,2+status,0+pclath+cstack]
  9104                           
  9105                           
  9106                           ;drivers/rotary_encoder.c: 57: void RotaryEncoder_Init(RotaryEncoder_PowerButtonCallback
      +                           onPowerButtonPressed);drivers/rotary_encoder.c: 58: {;drivers/rotary_encoder.c: 59:    
      +                           powerButtonCallback = onPowerButtonPressed;
  9107     0C25  0140               	movlb	0	; select bank0
  9108     0C26  0821               	movf	RotaryEncoder_Init@onPowerButtonPressed+1,w
  9109     0C27  00DA               	movwf	_powerButtonCallback+1
  9110     0C28  0820               	movf	RotaryEncoder_Init@onPowerButtonPressed,w
  9111     0C29  00D9               	movwf	_powerButtonCallback
  9112     0C2A                     l5432:
  9113     0C2A  017D               	movlb	61	; select bank61
  9114     0C2B  15A1               	bsf	33,3	;volatile
  9115     0C2C                     l5434:
  9116     0C2C  1621               	bsf	33,4	;volatile
  9117     0C2D                     l5436:
  9118     0C2D  158D               	bsf	13,3	;volatile
  9119     0C2E                     l5438:
  9120                           
  9121                           ;drivers/rotary_encoder.c: 67:     encoderLastAB = (uint8_t)(((PORTCbits.RC3 ? 1 : 0) <<
      +                           1) | (PORTCbits.RC4 ? 1 : 0));
  9122     0C2E  0140               	movlb	0	; select bank0
  9123     0C2F  0E0E               	swapf	14,w	;volatile
  9124     0C30  3901               	andlw	1
  9125     0C31  00A2               	movwf	??_RotaryEncoder_Init
  9126     0C32  0C0E               	rrf	14,w	;volatile
  9127     0C33  00A3               	movwf	??_RotaryEncoder_Init+1
  9128     0C34  0CA3               	rrf	??_RotaryEncoder_Init+1,f
  9129     0C35  0C23               	rrf	??_RotaryEncoder_Init+1,w
  9130     0C36  3901               	andlw	1
  9131     0C37  0709               	addwf	9,w
  9132     0C38  0422               	iorwf	??_RotaryEncoder_Init,w
  9133     0C39  00F8               	movwf	_encoderLastAB
  9134     0C3A                     l5440:
  9135                           
  9136                           ;drivers/rotary_encoder.c: 69:     VOL_A_SetInterruptHandler(encoder_isr);
  9137     0C3A  30FA               	movlw	low _encoder_isr
  9138     0C3B  00F4               	movwf	VOL_A_SetInterruptHandler@InterruptHandler
  9139     0C3C  300B               	movlw	high _encoder_isr
  9140     0C3D  00F5               	movwf	VOL_A_SetInterruptHandler@InterruptHandler+1
  9141     0C3E  3189  2124  318C   	fcall	_VOL_A_SetInterruptHandler
  9142     0C41                     l5442:
  9143                           
  9144                           ;drivers/rotary_encoder.c: 70:     VOL_B_SetInterruptHandler(encoder_isr);
  9145     0C41  30FA               	movlw	low _encoder_isr
  9146     0C42  00F4               	movwf	VOL_B_SetInterruptHandler@InterruptHandler
  9147     0C43  300B               	movlw	high _encoder_isr
  9148     0C44  00F5               	movwf	VOL_B_SetInterruptHandler@InterruptHandler+1
  9149     0C45  3189  212A  318C   	fcall	_VOL_B_SetInterruptHandler
  9150     0C48                     l5444:
  9151                           
  9152                           ;drivers/rotary_encoder.c: 71:     POWER_SetInterruptHandler(power_isr);
  9153     0C48  30FE               	movlw	low _power_isr
  9154     0C49  00F4               	movwf	POWER_SetInterruptHandler@InterruptHandler
  9155     0C4A  3008               	movlw	high _power_isr
  9156     0C4B  00F5               	movwf	POWER_SetInterruptHandler@InterruptHandler+1
  9157     0C4C  3189  211E  318C   	fcall	_POWER_SetInterruptHandler
  9158     0C4F                     l913:
  9159     0C4F  0008               	return
  9160     0C50                     __end_of_RotaryEncoder_Init:
  9161                           
  9162                           	psect	text27
  9163     092A                     __ptext27:	
  9164 ;; *************** function _VOL_B_SetInterruptHandler *****************
  9165 ;; Defined at:
  9166 ;;		line 239 in file "mcc_generated_files/system/src/pins.c"
  9167 ;; Parameters:    Size  Location     Type
  9168 ;;  InterruptHan    2    4[COMMON] PTR FTN()void 
  9169 ;;		 -> encoder_isr(1), VOL_B_DefaultInterruptHandler(1), 
  9170 ;; Auto vars:     Size  Location     Type
  9171 ;;		None
  9172 ;; Return value:  Size  Location     Type
  9173 ;;                  1    wreg      void 
  9174 ;; Registers used:
  9175 ;;		wreg
  9176 ;; Tracked objects:
  9177 ;;		On entry : 0/0
  9178 ;;		On exit  : 0/0
  9179 ;;		Unchanged: 0/0
  9180 ;; Data sizes:     COMMON   BANK0   BANK1   BANK2   BANK3   BANK4   BANK5   BANK6   BANK7   BANK8   BANK9  BANK10  BANK1
      +1  BANK12  BANK13  BANK14  BANK15  BANK16  BANK17  BANK18  BANK19  BANK20  BANK21  BANK22  BANK23  BANK24  BANK25
  9181 ;;      Params:         2       0       0       0       0       0       0       0       0       0       0       0       
      +0       0       0       0       0       0       0       0       0       0       0       0       0       0       0
  9182 ;;      Locals:         0       0       0       0       0       0       0       0       0       0       0       0       
      +0       0       0       0       0       0       0       0       0       0       0       0       0       0       0
  9183 ;;      Temps:          0       0       0       0       0       0       0       0       0       0       0       0       
      +0       0       0       0       0       0       0       0       0       0       0       0       0       0       0
  9184 ;;      Totals:         2       0       0       0       0       0       0       0       0       0       0       0       
      +0       0       0       0       0       0       0       0       0       0       0       0       0       0       0
  9185 ;;Total ram usage:        2 bytes
  9186 ;; Hardware stack levels used: 1
  9187 ;; Hardware stack levels required when called: 4
  9188 ;; This function calls:
  9189 ;;		Nothing
  9190 ;; This function is called by:
  9191 ;;		_PIN_MANAGER_Initialize
  9192 ;;		_RotaryEncoder_Init
  9193 ;; This function uses a non-reentrant model
  9194 ;;
  9195                           
  9196     092A                     _VOL_B_SetInterruptHandler:	
  9197                           ;psect for function _VOL_B_SetInterruptHandler
  9198                           
  9199     092A                     l4768:	
  9200                           ;incstack = 0
  9201                           ; Regs used in _VOL_B_SetInterruptHandler: [wreg]
  9202                           
  9203                           
  9204                           ;mcc_generated_files/system/src/pins.c: 240:     VOL_B_InterruptHandler = InterruptHandl
      +                          er;
  9205     092A  0875               	movf	VOL_B_SetInterruptHandler@InterruptHandler+1,w
  9206     092B  0141               	movlb	1	; select bank1
  9207     092C  00E8               	movwf	(_VOL_B_InterruptHandler+1)^(0+128)
  9208     092D  0874               	movf	VOL_B_SetInterruptHandler@InterruptHandler,w
  9209     092E  00E7               	movwf	_VOL_B_InterruptHandler^(0+128)
  9210     092F                     l405:
  9211     092F  0008               	return
  9212     0930                     __end_of_VOL_B_SetInterruptHandler:
  9213                           
  9214                           	psect	text28
  9215     0924                     __ptext28:	
  9216 ;; *************** function _VOL_A_SetInterruptHandler *****************
  9217 ;; Defined at:
  9218 ;;		line 209 in file "mcc_generated_files/system/src/pins.c"
  9219 ;; Parameters:    Size  Location     Type
  9220 ;;  InterruptHan    2    4[COMMON] PTR FTN()void 
  9221 ;;		 -> encoder_isr(1), VOL_A_DefaultInterruptHandler(1), 
  9222 ;; Auto vars:     Size  Location     Type
  9223 ;;		None
  9224 ;; Return value:  Size  Location     Type
  9225 ;;                  1    wreg      void 
  9226 ;; Registers used:
  9227 ;;		wreg
  9228 ;; Tracked objects:
  9229 ;;		On entry : 0/0
  9230 ;;		On exit  : 0/0
  9231 ;;		Unchanged: 0/0
  9232 ;; Data sizes:     COMMON   BANK0   BANK1   BANK2   BANK3   BANK4   BANK5   BANK6   BANK7   BANK8   BANK9  BANK10  BANK1
      +1  BANK12  BANK13  BANK14  BANK15  BANK16  BANK17  BANK18  BANK19  BANK20  BANK21  BANK22  BANK23  BANK24  BANK25
  9233 ;;      Params:         2       0       0       0       0       0       0       0       0       0       0       0       
      +0       0       0       0       0       0       0       0       0       0       0       0       0       0       0
  9234 ;;      Locals:         0       0       0       0       0       0       0       0       0       0       0       0       
      +0       0       0       0       0       0       0       0       0       0       0       0       0       0       0
  9235 ;;      Temps:          0       0       0       0       0       0       0       0       0       0       0       0       
      +0       0       0       0       0       0       0       0       0       0       0       0       0       0       0
  9236 ;;      Totals:         2       0       0       0       0       0       0       0       0       0       0       0       
      +0       0       0       0       0       0       0       0       0       0       0       0       0       0       0
  9237 ;;Total ram usage:        2 bytes
  9238 ;; Hardware stack levels used: 1
  9239 ;; Hardware stack levels required when called: 4
  9240 ;; This function calls:
  9241 ;;		Nothing
  9242 ;; This function is called by:
  9243 ;;		_PIN_MANAGER_Initialize
  9244 ;;		_RotaryEncoder_Init
  9245 ;; This function uses a non-reentrant model
  9246 ;;
  9247                           
  9248     0924                     _VOL_A_SetInterruptHandler:	
  9249                           ;psect for function _VOL_A_SetInterruptHandler
  9250                           
  9251     0924                     l4766:	
  9252                           ;incstack = 0
  9253                           ; Regs used in _VOL_A_SetInterruptHandler: [wreg]
  9254                           
  9255                           
  9256                           ;mcc_generated_files/system/src/pins.c: 210:     VOL_A_InterruptHandler = InterruptHandl
      +                          er;
  9257     0924  0875               	movf	VOL_A_SetInterruptHandler@InterruptHandler+1,w
  9258     0925  0141               	movlb	1	; select bank1
  9259     0926  00EA               	movwf	(_VOL_A_InterruptHandler+1)^(0+128)
  9260     0927  0874               	movf	VOL_A_SetInterruptHandler@InterruptHandler,w
  9261     0928  00E9               	movwf	_VOL_A_InterruptHandler^(0+128)
  9262     0929                     l395:
  9263     0929  0008               	return
  9264     092A                     __end_of_VOL_A_SetInterruptHandler:
  9265                           
  9266                           	psect	text29
  9267     091E                     __ptext29:	
  9268 ;; *************** function _POWER_SetInterruptHandler *****************
  9269 ;; Defined at:
  9270 ;;		line 179 in file "mcc_generated_files/system/src/pins.c"
  9271 ;; Parameters:    Size  Location     Type
  9272 ;;  InterruptHan    2    4[COMMON] PTR FTN()void 
  9273 ;;		 -> power_isr(1), POWER_DefaultInterruptHandler(1), 
  9274 ;; Auto vars:     Size  Location     Type
  9275 ;;		None
  9276 ;; Return value:  Size  Location     Type
  9277 ;;                  1    wreg      void 
  9278 ;; Registers used:
  9279 ;;		wreg
  9280 ;; Tracked objects:
  9281 ;;		On entry : 0/0
  9282 ;;		On exit  : 0/0
  9283 ;;		Unchanged: 0/0
  9284 ;; Data sizes:     COMMON   BANK0   BANK1   BANK2   BANK3   BANK4   BANK5   BANK6   BANK7   BANK8   BANK9  BANK10  BANK1
      +1  BANK12  BANK13  BANK14  BANK15  BANK16  BANK17  BANK18  BANK19  BANK20  BANK21  BANK22  BANK23  BANK24  BANK25
  9285 ;;      Params:         2       0       0       0       0       0       0       0       0       0       0       0       
      +0       0       0       0       0       0       0       0       0       0       0       0       0       0       0
  9286 ;;      Locals:         0       0       0       0       0       0       0       0       0       0       0       0       
      +0       0       0       0       0       0       0       0       0       0       0       0       0       0       0
  9287 ;;      Temps:          0       0       0       0       0       0       0       0       0       0       0       0       
      +0       0       0       0       0       0       0       0       0       0       0       0       0       0       0
  9288 ;;      Totals:         2       0       0       0       0       0       0       0       0       0       0       0       
      +0       0       0       0       0       0       0       0       0       0       0       0       0       0       0
  9289 ;;Total ram usage:        2 bytes
  9290 ;; Hardware stack levels used: 1
  9291 ;; Hardware stack levels required when called: 4
  9292 ;; This function calls:
  9293 ;;		Nothing
  9294 ;; This function is called by:
  9295 ;;		_PIN_MANAGER_Initialize
  9296 ;;		_RotaryEncoder_Init
  9297 ;; This function uses a non-reentrant model
  9298 ;;
  9299                           
  9300     091E                     _POWER_SetInterruptHandler:	
  9301                           ;psect for function _POWER_SetInterruptHandler
  9302                           
  9303     091E                     l4764:	
  9304                           ;incstack = 0
  9305                           ; Regs used in _POWER_SetInterruptHandler: [wreg]
  9306                           
  9307                           
  9308                           ;mcc_generated_files/system/src/pins.c: 180:     POWER_InterruptHandler = InterruptHandl
      +                          er;
  9309     091E  0875               	movf	POWER_SetInterruptHandler@InterruptHandler+1,w
  9310     091F  0141               	movlb	1	; select bank1
  9311     0920  00EC               	movwf	(_POWER_InterruptHandler+1)^(0+128)
  9312     0921  0874               	movf	POWER_SetInterruptHandler@InterruptHandler,w
  9313     0922  00EB               	movwf	_POWER_InterruptHandler^(0+128)
  9314     0923                     l385:
  9315     0923  0008               	return
  9316     0924                     __end_of_POWER_SetInterruptHandler:
  9317                           
  9318                           	psect	text30
  9319     0D79                     __ptext30:	
  9320 ;; *************** function _PN532_ReadPassiveTarget *****************
  9321 ;; Defined at:
  9322 ;;		line 401 in file "drivers/pn532.c"
  9323 ;; Parameters:    Size  Location     Type
  9324 ;;  uid             1    wreg     PTR unsigned char 
  9325 ;;		 -> main@uid(7), 
  9326 ;;  uidLen          1   23[BANK0 ] PTR unsigned char 
  9327 ;;		 -> main@uidLen(1), 
  9328 ;; Auto vars:     Size  Location     Type
  9329 ;;  uid             1   51[BANK0 ] PTR unsigned char 
  9330 ;;		 -> main@uid(7), 
  9331 ;;  i               1   53[BANK0 ] unsigned char 
  9332 ;;  rsp            24   25[BANK0 ] unsigned char [24]
  9333 ;;  params          2   49[BANK0 ] unsigned char [2]
  9334 ;;  nfcidLen        1   54[BANK0 ] unsigned char 
  9335 ;;  rlen            1   52[BANK0 ] unsigned char 
  9336 ;; Return value:  Size  Location     Type
  9337 ;;                  1    wreg      _Bool 
  9338 ;; Registers used:
  9339 ;;		wreg, fsr0l, fsr0h, fsr1l, fsr1h, status,2, status,0, pclath, cstack
  9340 ;; Tracked objects:
  9341 ;;		On entry : 0/0
  9342 ;;		On exit  : 0/0
  9343 ;;		Unchanged: 0/0
  9344 ;; Data sizes:     COMMON   BANK0   BANK1   BANK2   BANK3   BANK4   BANK5   BANK6   BANK7   BANK8   BANK9  BANK10  BANK1
      +1  BANK12  BANK13  BANK14  BANK15  BANK16  BANK17  BANK18  BANK19  BANK20  BANK21  BANK22  BANK23  BANK24  BANK25
  9345 ;;      Params:         0       1       0       0       0       0       0       0       0       0       0       0       
      +0       0       0       0       0       0       0       0       0       0       0       0       0       0       0
  9346 ;;      Locals:         0      30       0       0       0       0       0       0       0       0       0       0       
      +0       0       0       0       0       0       0       0       0       0       0       0       0       0       0
  9347 ;;      Temps:          0       1       0       0       0       0       0       0       0       0       0       0       
      +0       0       0       0       0       0       0       0       0       0       0       0       0       0       0
  9348 ;;      Totals:         0      32       0       0       0       0       0       0       0       0       0       0       
      +0       0       0       0       0       0       0       0       0       0       0       0       0       0       0
  9349 ;;Total ram usage:       32 bytes
  9350 ;; Hardware stack levels used: 1
  9351 ;; Hardware stack levels required when called: 8
  9352 ;; This function calls:
  9353 ;;		_pn532_transact
  9354 ;; This function is called by:
  9355 ;;		_main
  9356 ;; This function uses a non-reentrant model
  9357 ;;
  9358                           
  9359     0D79                     _PN532_ReadPassiveTarget:	
  9360                           ;psect for function _PN532_ReadPassiveTarget
  9361                           
  9362                           
  9363                           ;incstack = 0
  9364                           ; Regs used in _PN532_ReadPassiveTarget: [wreg-fsr1h+status,2+status,0+pclath+cstack]
  9365                           ;PN532_ReadPassiveTarget@uid stored from wreg
  9366     0D79  0140               	movlb	0	; select bank0
  9367     0D7A  00D3               	movwf	PN532_ReadPassiveTarget@uid
  9368     0D7B                     l5310:
  9369                           
  9370                           ;drivers/pn532.c: 401: _Bool PN532_ReadPassiveTarget(uint8_t *uid, uint8_t *uidLen);driv
      +                          ers/pn532.c: 402: {;drivers/pn532.c: 403:     uint8_t params[2] = {0x01, 0x00};
  9371     0D7B  086C               	movf	PN532_ReadPassiveTarget@F8516+1,w
  9372     0D7C  00D2               	movwf	PN532_ReadPassiveTarget@params+1
  9373     0D7D  086B               	movf	PN532_ReadPassiveTarget@F8516,w
  9374     0D7E  00D1               	movwf	PN532_ReadPassiveTarget@params
  9375     0D7F                     l5312:
  9376                           
  9377                           ;drivers/pn532.c: 404:     uint8_t rsp[24];;drivers/pn532.c: 405:     uint8_t rlen;;driv
      +                          ers/pn532.c: 407:     if (!pn532_transact(0x4A, params, sizeof(params), 0, rsp, sizeof(r
      +                          sp), &rlen))
  9378     0D7F  3051               	movlw	(low (PN532_ReadPassiveTarget@params| 0))& (0+255)
  9379     0D80  00AD               	movwf	pn532_transact@params
  9380     0D81  3002               	movlw	2
  9381     0D82  00AE               	movwf	pn532_transact@paramLen
  9382     0D83  01AF               	clrf	pn532_transact@withWakeup
  9383     0D84  3039               	movlw	(low (PN532_ReadPassiveTarget@rsp| 0))& (0+255)
  9384     0D85  00B0               	movwf	pn532_transact@out
  9385     0D86  3018               	movlw	24
  9386     0D87  00B1               	movwf	pn532_transact@outMax
  9387     0D88  3054               	movlw	(low (PN532_ReadPassiveTarget@rlen| 0))& (0+255)
  9388     0D89  00B2               	movwf	pn532_transact@outLen
  9389     0D8A  304A               	movlw	74
  9390     0D8B  3180  205D  318D   	fcall	_pn532_transact
  9391     0D8E  3A00               	xorlw	0
  9392     0D8F  1D03               	skipz
  9393     0D90  2D92               	goto	u5171
  9394     0D91  2D93               	goto	u5170
  9395     0D92                     u5171:
  9396     0D92  2D95               	goto	l5318
  9397     0D93                     u5170:
  9398     0D93                     l5314:
  9399                           
  9400                           ;drivers/pn532.c: 408:     {;drivers/pn532.c: 409:         return 0;
  9401     0D93  3000               	movlw	0
  9402     0D94  2DD7               	goto	l109
  9403     0D95                     l5318:
  9404                           
  9405                           ;drivers/pn532.c: 411:     if (rlen < 1 || rsp[0] == 0)
  9406     0D95  0140               	movlb	0	; select bank0
  9407     0D96  0854               	movf	PN532_ReadPassiveTarget@rlen,w
  9408     0D97  1903               	btfsc	3,2
  9409     0D98  2D9A               	goto	u5181
  9410     0D99  2D9B               	goto	u5180
  9411     0D9A                     u5181:
  9412     0D9A  2D93               	goto	l5314
  9413     0D9B                     u5180:
  9414     0D9B                     l5320:
  9415     0D9B  0839               	movf	PN532_ReadPassiveTarget@rsp,w
  9416     0D9C  1D03               	btfss	3,2
  9417     0D9D  2D9F               	goto	u5191
  9418     0D9E  2DA0               	goto	u5190
  9419     0D9F                     u5191:
  9420     0D9F  2DA1               	goto	l5326
  9421     0DA0                     u5190:
  9422     0DA0  2D93               	goto	l5314
  9423     0DA1                     l5326:
  9424                           
  9425                           ;drivers/pn532.c: 417:     uint8_t nfcidLen = rsp[5];
  9426     0DA1  083E               	movf	PN532_ReadPassiveTarget@rsp+5,w
  9427     0DA2  00D6               	movwf	PN532_ReadPassiveTarget@nfcidLen
  9428     0DA3                     l5328:
  9429                           
  9430                           ;drivers/pn532.c: 418:     if (nfcidLen == 0 || nfcidLen > 7 || (uint8_t)(6 + nfcidLen) 
      +                          > rlen)
  9431     0DA3  0856               	movf	PN532_ReadPassiveTarget@nfcidLen,w
  9432     0DA4  1903               	btfsc	3,2
  9433     0DA5  2DA7               	goto	u5201
  9434     0DA6  2DA8               	goto	u5200
  9435     0DA7                     u5201:
  9436     0DA7  2D93               	goto	l5314
  9437     0DA8                     u5200:
  9438     0DA8                     l5330:
  9439     0DA8  3008               	movlw	8
  9440     0DA9  0256               	subwf	PN532_ReadPassiveTarget@nfcidLen,w
  9441     0DAA  1803               	skipnc
  9442     0DAB  2DAD               	goto	u5211
  9443     0DAC  2DAE               	goto	u5210
  9444     0DAD                     u5211:
  9445     0DAD  2D93               	goto	l5314
  9446     0DAE                     u5210:
  9447     0DAE                     l5332:
  9448     0DAE  0856               	movf	PN532_ReadPassiveTarget@nfcidLen,w
  9449     0DAF  3E06               	addlw	6
  9450     0DB0  0254               	subwf	PN532_ReadPassiveTarget@rlen,w
  9451     0DB1  1803               	skipnc
  9452     0DB2  2DB4               	goto	u5221
  9453     0DB3  2DB5               	goto	u5220
  9454     0DB4                     u5221:
  9455     0DB4  2DB6               	goto	l5338
  9456     0DB5                     u5220:
  9457     0DB5  2D93               	goto	l5314
  9458     0DB6                     l5338:
  9459                           
  9460                           ;drivers/pn532.c: 423:     for (uint8_t i = 0; i < nfcidLen; i++)
  9461     0DB6  01D5               	clrf	PN532_ReadPassiveTarget@i
  9462     0DB7  2DCA               	goto	l5344
  9463     0DB8                     l5340:
  9464                           
  9465                           ;drivers/pn532.c: 424:     {;drivers/pn532.c: 425:         uid[i] = rsp[6 + i];
  9466     0DB8  0855               	movf	PN532_ReadPassiveTarget@i,w
  9467     0DB9  0753               	addwf	PN532_ReadPassiveTarget@uid,w
  9468     0DBA  00B8               	movwf	??_PN532_ReadPassiveTarget
  9469     0DBB  0838               	movf	??_PN532_ReadPassiveTarget,w
  9470     0DBC  0086               	movwf	6
  9471     0DBD  3001               	movlw	1	; select bank2/3
  9472     0DBE  0087               	movwf	7
  9473     0DBF  0855               	movf	PN532_ReadPassiveTarget@i,w
  9474     0DC0  3E06               	addlw	6
  9475     0DC1  3E39               	addlw	(low (PN532_ReadPassiveTarget@rsp| 0))& (0+255)
  9476     0DC2  0084               	movwf	4
  9477     0DC3  0185               	clrf	5
  9478     0DC4  0800               	movf	0,w
  9479     0DC5  0081               	movwf	1
  9480     0DC6                     l5342:
  9481                           
  9482                           ;drivers/pn532.c: 426:     }
  9483     0DC6  3001               	movlw	1
  9484     0DC7  00B8               	movwf	??_PN532_ReadPassiveTarget
  9485     0DC8  0838               	movf	??_PN532_ReadPassiveTarget,w
  9486     0DC9  07D5               	addwf	PN532_ReadPassiveTarget@i,f
  9487     0DCA                     l5344:
  9488     0DCA  0856               	movf	PN532_ReadPassiveTarget@nfcidLen,w
  9489     0DCB  0255               	subwf	PN532_ReadPassiveTarget@i,w
  9490     0DCC  1C03               	skipc
  9491     0DCD  2DCF               	goto	u5231
  9492     0DCE  2DD0               	goto	u5230
  9493     0DCF                     u5231:
  9494     0DCF  2DB8               	goto	l5340
  9495     0DD0                     u5230:
  9496     0DD0                     l5346:
  9497                           
  9498                           ;drivers/pn532.c: 427:     *uidLen = nfcidLen;
  9499     0DD0  0837               	movf	PN532_ReadPassiveTarget@uidLen,w
  9500     0DD1  0086               	movwf	6
  9501     0DD2  3001               	movlw	1	; select bank2/3
  9502     0DD3  0087               	movwf	7
  9503     0DD4  0856               	movf	PN532_ReadPassiveTarget@nfcidLen,w
  9504     0DD5  0081               	movwf	1
  9505     0DD6                     l5348:
  9506                           
  9507                           ;drivers/pn532.c: 428:     return 1;
  9508     0DD6  3001               	movlw	1
  9509     0DD7                     l109:
  9510     0DD7  0008               	return
  9511     0DD8                     __end_of_PN532_ReadPassiveTarget:
  9512                           
  9513                           	psect	text31
  9514     04EB                     __ptext31:	
  9515 ;; *************** function _PN532_ReadNdefText *****************
  9516 ;; Defined at:
  9517 ;;		line 534 in file "drivers/pn532.c"
  9518 ;; Parameters:    Size  Location     Type
  9519 ;;  out             1    wreg     PTR unsigned char 
  9520 ;;		 -> main@text(32), 
  9521 ;;  outSize         1   49[BANK0 ] unsigned char 
  9522 ;; Auto vars:     Size  Location     Type
  9523 ;;  out             1    0[BANK2 ] PTR unsigned char 
  9524 ;;		 -> main@text(32), 
  9525 ;;  len             1    4[BANK2 ] unsigned char 
  9526 ;;  valueStart      1    2[BANK2 ] unsigned char 
  9527 ;;  type            1    1[BANK2 ] unsigned char 
  9528 ;;  have            1    6[BANK2 ] unsigned char 
  9529 ;;  pos             1    5[BANK2 ] unsigned char 
  9530 ;;  page            1    3[BANK2 ] unsigned char 
  9531 ;; Return value:  Size  Location     Type
  9532 ;;                  1    wreg      _Bool 
  9533 ;; Registers used:
  9534 ;;		wreg, fsr0l, fsr0h, fsr1l, fsr1h, status,2, status,0, pclath, cstack
  9535 ;; Tracked objects:
  9536 ;;		On entry : 0/0
  9537 ;;		On exit  : 0/0
  9538 ;;		Unchanged: 0/0
  9539 ;; Data sizes:     COMMON   BANK0   BANK1   BANK2   BANK3   BANK4   BANK5   BANK6   BANK7   BANK8   BANK9  BANK10  BANK1
      +1  BANK12  BANK13  BANK14  BANK15  BANK16  BANK17  BANK18  BANK19  BANK20  BANK21  BANK22  BANK23  BANK24  BANK25
  9540 ;;      Params:         0       1       0       0       0       0       0       0       0       0       0       0       
      +0       0       0       0       0       0       0       0       0       0       0       0       0       0       0
  9541 ;;      Locals:         0       0       0       7       0       0       0       0       0       0       0       0       
      +0       0       0       0       0       0       0       0       0       0       0       0       0       0       0
  9542 ;;      Temps:          0       4       0       0       0       0       0       0       0       0       0       0       
      +0       0       0       0       0       0       0       0       0       0       0       0       0       0       0
  9543 ;;      Totals:         0       5       0       7       0       0       0       0       0       0       0       0       
      +0       0       0       0       0       0       0       0       0       0       0       0       0       0       0
  9544 ;;Total ram usage:       12 bytes
  9545 ;; Hardware stack levels used: 1
  9546 ;; Hardware stack levels required when called: 9
  9547 ;; This function calls:
  9548 ;;		_ntag_read4pages
  9549 ;;		_parse_ndef_text_record
  9550 ;; This function is called by:
  9551 ;;		_main
  9552 ;; This function uses a non-reentrant model
  9553 ;;
  9554                           
  9555     04EB                     _PN532_ReadNdefText:	
  9556                           ;psect for function _PN532_ReadNdefText
  9557                           
  9558                           
  9559                           ;incstack = 0
  9560                           ; Regs used in _PN532_ReadNdefText: [wreg-fsr1h+status,2+status,0+pclath+cstack]
  9561                           ;PN532_ReadNdefText@out stored from wreg
  9562     04EB  0142               	movlb	2	; select bank2
  9563     04EC  00A0               	movwf	PN532_ReadNdefText@out^(0+256)
  9564     04ED                     l5352:
  9565                           
  9566                           ;drivers/pn532.c: 534: _Bool PN532_ReadNdefText(char *out, uint8_t outSize);drivers/pn53
      +                          2.c: 535: {;drivers/pn532.c: 536:     static uint8_t buf[64];;drivers/pn532.c: 537:     
      +                          uint8_t have = 0;
  9567     04ED  01A6               	clrf	PN532_ReadNdefText@have^(0+256)
  9568     04EE                     l5354:
  9569                           
  9570                           ;drivers/pn532.c: 538:     uint8_t page = 4;
  9571     04EE  3004               	movlw	4
  9572     04EF  00A3               	movwf	PN532_ReadNdefText@page^(0+256)
  9573     04F0                     l5356:
  9574                           
  9575                           ;drivers/pn532.c: 539:     uint8_t pos = 0;
  9576     04F0  01A5               	clrf	PN532_ReadNdefText@pos^(0+256)
  9577                           
  9578                           ;drivers/pn532.c: 542:     while (page <= 40 && (uint16_t)(have + 16) <= sizeof(buf))
  9579     04F1  2D79               	goto	l5406
  9580     04F2                     l5358:
  9581                           
  9582                           ;drivers/pn532.c: 543:     {;drivers/pn532.c: 544:         if (!ntag_read4pages(page, &b
      +                          uf[have]))
  9583     04F2  0142               	movlb	2	; select bank2
  9584     04F3  0826               	movf	PN532_ReadNdefText@have^(0+256),w
  9585     04F4  3EA0               	addlw	(low (PN532_ReadNdefText@buf| (0+256)))& (0+255)
  9586     04F5  0140               	movlb	0	; select bank0
  9587     04F6  00B7               	movwf	ntag_read4pages@out16
  9588     04F7  0142               	movlb	2	; select bank2
  9589     04F8  0823               	movf	PN532_ReadNdefText@page^(0+256),w
  9590     04F9  318C  2450  3184   	fcall	_ntag_read4pages
  9591     04FC  3A00               	xorlw	0
  9592     04FD  1D03               	skipz
  9593     04FE  2D00               	goto	u5241
  9594     04FF  2D01               	goto	u5240
  9595     0500                     u5241:
  9596     0500  2D03               	goto	l5364
  9597     0501                     u5240:
  9598     0501                     l5360:
  9599                           
  9600                           ;drivers/pn532.c: 545:         {;drivers/pn532.c: 546:             return 0;
  9601     0501  3000               	movlw	0
  9602     0502  2D92               	goto	l153
  9603     0503                     l5364:
  9604                           
  9605                           ;drivers/pn532.c: 548:         have = (uint8_t)(have + 16);
  9606     0503  0142               	movlb	2	; select bank2
  9607     0504  0826               	movf	PN532_ReadNdefText@have^(0+256),w
  9608     0505  3E10               	addlw	16
  9609     0506  00A6               	movwf	PN532_ReadNdefText@have^(0+256)
  9610                           
  9611                           ;drivers/pn532.c: 549:         page = (uint8_t)(page + 4);
  9612     0507  0823               	movf	PN532_ReadNdefText@page^(0+256),w
  9613     0508  3E04               	addlw	4
  9614     0509  00A3               	movwf	PN532_ReadNdefText@page^(0+256)
  9615                           
  9616                           ;drivers/pn532.c: 556:         while (pos < have)
  9617     050A  2D73               	goto	l5404
  9618     050B                     l5366:
  9619                           
  9620                           ;drivers/pn532.c: 557:         {;drivers/pn532.c: 558:             uint8_t type = buf[po
      +                          s];
  9621     050B  0825               	movf	PN532_ReadNdefText@pos^(0+256),w
  9622     050C  3EA0               	addlw	(low (PN532_ReadNdefText@buf| (0+256)))& (0+255)
  9623     050D  0086               	movwf	6
  9624     050E  3001               	movlw	1	; select bank3/4
  9625     050F  0087               	movwf	7
  9626     0510  0801               	movf	1,w
  9627     0511  00A1               	movwf	PN532_ReadNdefText@type^(0+256)
  9628     0512                     l5368:
  9629                           
  9630                           ;drivers/pn532.c: 560:             if (type == 0x00)
  9631     0512  0821               	movf	PN532_ReadNdefText@type^(0+256),w
  9632     0513  1D03               	btfss	3,2
  9633     0514  2D16               	goto	u5251
  9634     0515  2D17               	goto	u5250
  9635     0516                     u5251:
  9636     0516  2D1E               	goto	l5372
  9637     0517                     u5250:
  9638     0517                     l5370:
  9639                           
  9640                           ;drivers/pn532.c: 561:             {;drivers/pn532.c: 562:                 pos++;
  9641     0517  3001               	movlw	1
  9642     0518  0140               	movlb	0	; select bank0
  9643     0519  00D2               	movwf	??_PN532_ReadNdefText
  9644     051A  0852               	movf	??_PN532_ReadNdefText,w
  9645     051B  0142               	movlb	2	; select bank2
  9646     051C  07A5               	addwf	PN532_ReadNdefText@pos^(0+256),f
  9647                           
  9648                           ;drivers/pn532.c: 563:                 continue;
  9649     051D  2D73               	goto	l5404
  9650     051E                     l5372:
  9651                           
  9652                           ;drivers/pn532.c: 565:             if (type == 0xFE)
  9653     051E  30FE               	movlw	254
  9654     051F  0621               	xorwf	PN532_ReadNdefText@type^(0+256),w
  9655     0520  1D03               	btfss	3,2
  9656     0521  2D23               	goto	u5261
  9657     0522  2D24               	goto	u5260
  9658     0523                     u5261:
  9659     0523  2D25               	goto	l5378
  9660     0524                     u5260:
  9661     0524  2D01               	goto	l5360
  9662     0525                     l5378:
  9663                           
  9664                           ;drivers/pn532.c: 570:             if ((uint8_t)(pos + 1) >= have)
  9665     0525  3001               	movlw	1
  9666     0526  0725               	addwf	PN532_ReadNdefText@pos^(0+256),w
  9667     0527  0140               	movlb	0	; select bank0
  9668     0528  00D2               	movwf	??_PN532_ReadNdefText
  9669     0529  0142               	movlb	2	; select bank2
  9670     052A  0826               	movf	PN532_ReadNdefText@have^(0+256),w
  9671     052B  0140               	movlb	0	; select bank0
  9672     052C  0252               	subwf	??_PN532_ReadNdefText,w
  9673     052D  1C03               	skipc
  9674     052E  2D30               	goto	u5271
  9675     052F  2D31               	goto	u5270
  9676     0530                     u5271:
  9677     0530  2D32               	goto	l5382
  9678     0531                     u5270:
  9679     0531  2D79               	goto	l5406
  9680     0532                     l5382:
  9681                           
  9682                           ;drivers/pn532.c: 574:             uint8_t len = buf[pos + 1];
  9683     0532  0142               	movlb	2	; select bank2
  9684     0533  0825               	movf	PN532_ReadNdefText@pos^(0+256),w
  9685     0534  3EA1               	addlw	(low ((PN532_ReadNdefText@buf| (0+256)+1)))& (0+255)
  9686     0535  0086               	movwf	6
  9687     0536  3001               	movlw	1	; select bank3/4
  9688     0537  0087               	movwf	7
  9689     0538  0801               	movf	1,w
  9690     0539  00A4               	movwf	PN532_ReadNdefText@len^(0+256)
  9691     053A                     l5384:
  9692                           
  9693                           ;drivers/pn532.c: 575:             if (len == 0xFF)
  9694     053A  0A24               	incf	PN532_ReadNdefText@len^(0+256),w
  9695     053B  1D03               	btfss	3,2
  9696     053C  2D3E               	goto	u5281
  9697     053D  2D3F               	goto	u5280
  9698     053E                     u5281:
  9699     053E  2D40               	goto	l5390
  9700     053F                     u5280:
  9701     053F  2D01               	goto	l5360
  9702     0540                     l5390:
  9703                           
  9704                           ;drivers/pn532.c: 579:             uint8_t valueStart = (uint8_t)(pos + 2);
  9705     0540  0825               	movf	PN532_ReadNdefText@pos^(0+256),w
  9706     0541  3E02               	addlw	2
  9707     0542  00A2               	movwf	PN532_ReadNdefText@valueStart^(0+256)
  9708     0543                     l5392:
  9709                           
  9710                           ;drivers/pn532.c: 580:             if ((uint16_t)valueStart + len > have)
  9711     0543  0822               	movf	PN532_ReadNdefText@valueStart^(0+256),w
  9712     0544  0724               	addwf	PN532_ReadNdefText@len^(0+256),w
  9713     0545  0140               	movlb	0	; select bank0
  9714     0546  00D2               	movwf	??_PN532_ReadNdefText
  9715     0547  01D3               	clrf	??_PN532_ReadNdefText+1
  9716     0548  0DD3               	rlf	??_PN532_ReadNdefText+1,f
  9717     0549  0142               	movlb	2	; select bank2
  9718     054A  0826               	movf	PN532_ReadNdefText@have^(0+256),w
  9719     054B  0140               	movlb	0	; select bank0
  9720     054C  00D4               	movwf	??_PN532_ReadNdefText+2
  9721     054D  01D5               	clrf	??_PN532_ReadNdefText+3
  9722     054E  0853               	movf	??_PN532_ReadNdefText+1,w
  9723     054F  0255               	subwf	??_PN532_ReadNdefText+3,w
  9724     0550  1D03               	skipz
  9725     0551  2D54               	goto	u5295
  9726     0552  0852               	movf	??_PN532_ReadNdefText,w
  9727     0553  0254               	subwf	??_PN532_ReadNdefText+2,w
  9728     0554                     u5295:
  9729     0554  1803               	skipnc
  9730     0555  2D57               	goto	u5291
  9731     0556  2D58               	goto	u5290
  9732     0557                     u5291:
  9733     0557  2D59               	goto	l5396
  9734     0558                     u5290:
  9735     0558  2D79               	goto	l5406
  9736     0559                     l5396:
  9737                           
  9738                           ;drivers/pn532.c: 585:             if (type == 0x03)
  9739     0559  3003               	movlw	3
  9740     055A  0142               	movlb	2	; select bank2
  9741     055B  0621               	xorwf	PN532_ReadNdefText@type^(0+256),w
  9742     055C  1D03               	btfss	3,2
  9743     055D  2D5F               	goto	u5301
  9744     055E  2D60               	goto	u5300
  9745     055F                     u5301:
  9746     055F  2D70               	goto	l5402
  9747     0560                     u5300:
  9748     0560                     l5398:
  9749                           
  9750                           ;drivers/pn532.c: 586:             {;drivers/pn532.c: 587:                 return parse_
      +                          ndef_text_record(&buf[valueStart], len, out, outSize);
  9751     0560  0824               	movf	PN532_ReadNdefText@len^(0+256),w
  9752     0561  0140               	movlb	0	; select bank0
  9753     0562  00A9               	movwf	parse_ndef_text_record@recLen
  9754     0563  0142               	movlb	2	; select bank2
  9755     0564  0820               	movf	PN532_ReadNdefText@out^(0+256),w
  9756     0565  0140               	movlb	0	; select bank0
  9757     0566  00AA               	movwf	parse_ndef_text_record@out
  9758     0567  0851               	movf	PN532_ReadNdefText@outSize,w
  9759     0568  00AB               	movwf	parse_ndef_text_record@outSize
  9760     0569  0142               	movlb	2	; select bank2
  9761     056A  0822               	movf	PN532_ReadNdefText@valueStart^(0+256),w
  9762     056B  3EA0               	addlw	(low (PN532_ReadNdefText@buf| (0+256)))& (0+255)
  9763     056C  3182  2292  3184   	fcall	_parse_ndef_text_record
  9764     056F  2D92               	goto	l153
  9765     0570                     l5402:
  9766                           
  9767                           ;drivers/pn532.c: 590:             pos = (uint8_t)(valueStart + len);
  9768     0570  0822               	movf	PN532_ReadNdefText@valueStart^(0+256),w
  9769     0571  0724               	addwf	PN532_ReadNdefText@len^(0+256),w
  9770     0572  00A5               	movwf	PN532_ReadNdefText@pos^(0+256)
  9771     0573                     l5404:
  9772                           
  9773                           ;drivers/pn532.c: 556:         while (pos < have)
  9774     0573  0826               	movf	PN532_ReadNdefText@have^(0+256),w
  9775     0574  0225               	subwf	PN532_ReadNdefText@pos^(0+256),w
  9776     0575  1C03               	skipc
  9777     0576  2D78               	goto	u5311
  9778     0577  2D79               	goto	u5310
  9779     0578                     u5311:
  9780     0578  2D0B               	goto	l5366
  9781     0579                     u5310:
  9782     0579                     l5406:
  9783                           
  9784                           ;drivers/pn532.c: 542:     while (page <= 40 && (uint16_t)(have + 16) <= sizeof(buf))
  9785     0579  3029               	movlw	41
  9786     057A  0142               	movlb	2	; select bank2
  9787     057B  0223               	subwf	PN532_ReadNdefText@page^(0+256),w
  9788     057C  1803               	skipnc
  9789     057D  2D7F               	goto	u5321
  9790     057E  2D80               	goto	u5320
  9791     057F                     u5321:
  9792     057F  2D01               	goto	l5360
  9793     0580                     u5320:
  9794     0580                     l5408:
  9795     0580  0826               	movf	PN532_ReadNdefText@have^(0+256),w
  9796     0581  3E10               	addlw	16
  9797     0582  0140               	movlb	0	; select bank0
  9798     0583  00D2               	movwf	??_PN532_ReadNdefText
  9799     0584  3000               	movlw	0
  9800     0585  1803               	skipnc
  9801     0586  3001               	movlw	1
  9802     0587  00D3               	movwf	??_PN532_ReadNdefText+1
  9803     0588  3000               	movlw	0
  9804     0589  0253               	subwf	??_PN532_ReadNdefText+1,w
  9805     058A  3041               	movlw	65
  9806     058B  1903               	skipnz
  9807     058C  0252               	subwf	??_PN532_ReadNdefText,w
  9808     058D  1C03               	skipc
  9809     058E  2D90               	goto	u5331
  9810     058F  2D91               	goto	u5330
  9811     0590                     u5331:
  9812     0590  2CF2               	goto	l5358
  9813     0591                     u5330:
  9814     0591  2D01               	goto	l5360
  9815     0592                     l153:
  9816     0592  0008               	return
  9817     0593                     __end_of_PN532_ReadNdefText:
  9818                           
  9819                           	psect	text32
  9820     0292                     __ptext32:	
  9821 ;; *************** function _parse_ndef_text_record *****************
  9822 ;; Defined at:
  9823 ;;		line 453 in file "drivers/pn532.c"
  9824 ;; Parameters:    Size  Location     Type
  9825 ;;  rec             1    wreg     PTR const unsigned char 
  9826 ;;		 -> PN532_ReadNdefText@buf(64), 
  9827 ;;  recLen          1    9[BANK0 ] unsigned char 
  9828 ;;  out             1   10[BANK0 ] PTR unsigned char 
  9829 ;;		 -> main@text(32), 
  9830 ;;  outSize         1   11[BANK0 ] unsigned char 
  9831 ;; Auto vars:     Size  Location     Type
  9832 ;;  rec             1   34[BANK0 ] PTR const unsigned char 
  9833 ;;		 -> PN532_ReadNdefText@buf(64), 
  9834 ;;  textLen         2   32[BANK0 ] unsigned short 
  9835 ;;  payloadLen      2   30[BANK0 ] unsigned short 
  9836 ;;  idx             1   35[BANK0 ] unsigned char 
  9837 ;;  langLen         1   29[BANK0 ] unsigned char 
  9838 ;;  typeLen         1   28[BANK0 ] unsigned char 
  9839 ;;  header          1   27[BANK0 ] unsigned char 
  9840 ;;  payload         1   26[BANK0 ] PTR const unsigned char 
  9841 ;;		 -> PN532_ReadNdefText@buf(64), 
  9842 ;;  idLen           1   24[BANK0 ] unsigned char 
  9843 ;;  status          1   23[BANK0 ] unsigned char 
  9844 ;;  isText          1   22[BANK0 ] _Bool 
  9845 ;;  hasId           1   21[BANK0 ] _Bool 
  9846 ;;  shortRecord     1   20[BANK0 ] _Bool 
  9847 ;;  tnf             1   19[BANK0 ] unsigned char 
  9848 ;; Return value:  Size  Location     Type
  9849 ;;                  1    wreg      _Bool 
  9850 ;; Registers used:
  9851 ;;		wreg, fsr1l, fsr1h, status,2, status,0, pclath, cstack
  9852 ;; Tracked objects:
  9853 ;;		On entry : 0/0
  9854 ;;		On exit  : 0/0
  9855 ;;		Unchanged: 0/0
  9856 ;; Data sizes:     COMMON   BANK0   BANK1   BANK2   BANK3   BANK4   BANK5   BANK6   BANK7   BANK8   BANK9  BANK10  BANK1
      +1  BANK12  BANK13  BANK14  BANK15  BANK16  BANK17  BANK18  BANK19  BANK20  BANK21  BANK22  BANK23  BANK24  BANK25
  9857 ;;      Params:         0       3       0       0       0       0       0       0       0       0       0       0       
      +0       0       0       0       0       0       0       0       0       0       0       0       0       0       0
  9858 ;;      Locals:         0      17       0       0       0       0       0       0       0       0       0       0       
      +0       0       0       0       0       0       0       0       0       0       0       0       0       0       0
  9859 ;;      Temps:          0       7       0       0       0       0       0       0       0       0       0       0       
      +0       0       0       0       0       0       0       0       0       0       0       0       0       0       0
  9860 ;;      Totals:         0      27       0       0       0       0       0       0       0       0       0       0       
      +0       0       0       0       0       0       0       0       0       0       0       0       0       0       0
  9861 ;;Total ram usage:       27 bytes
  9862 ;; Hardware stack levels used: 1
  9863 ;; Hardware stack levels required when called: 5
  9864 ;; This function calls:
  9865 ;;		_memcpy
  9866 ;; This function is called by:
  9867 ;;		_PN532_ReadNdefText
  9868 ;; This function uses a non-reentrant model
  9869 ;;
  9870                           
  9871     0292                     _parse_ndef_text_record:	
  9872                           ;psect for function _parse_ndef_text_record
  9873                           
  9874                           
  9875                           ;incstack = 0
  9876                           ; Regs used in _parse_ndef_text_record: [wreg+fsr1l+fsr1h+status,2+status,0+pclath+cstac
      +                          k]
  9877                           ;parse_ndef_text_record@rec stored from wreg
  9878     0292  0140               	movlb	0	; select bank0
  9879     0293  00C2               	movwf	parse_ndef_text_record@rec
  9880     0294                     l4942:
  9881                           
  9882                           ;drivers/pn532.c: 453: static _Bool parse_ndef_text_record(const uint8_t *rec, uint8_t r
      +                          ecLen, char *out, uint8_t outSize);drivers/pn532.c: 454: {;drivers/pn532.c: 455:     if 
      +                          (recLen < 3)
  9883     0294  3003               	movlw	3
  9884     0295  0229               	subwf	parse_ndef_text_record@recLen,w
  9885     0296  1803               	skipnc
  9886     0297  2A99               	goto	u4691
  9887     0298  2A9A               	goto	u4690
  9888     0299                     u4691:
  9889     0299  2A9C               	goto	l4948
  9890     029A                     u4690:
  9891     029A                     l4944:
  9892                           
  9893                           ;drivers/pn532.c: 456:     {;drivers/pn532.c: 457:         return 0;
  9894     029A  3000               	movlw	0
  9895     029B  2BDF               	goto	l131
  9896     029C                     l4948:
  9897                           
  9898                           ;drivers/pn532.c: 460:     uint8_t header = rec[0];
  9899     029C  0842               	movf	parse_ndef_text_record@rec,w
  9900     029D  0086               	movwf	6
  9901     029E  3001               	movlw	1	; select bank2/3
  9902     029F  0087               	movwf	7
  9903     02A0  0801               	movf	1,w
  9904     02A1  00BB               	movwf	parse_ndef_text_record@header
  9905     02A2                     l4950:
  9906                           
  9907                           ;drivers/pn532.c: 461:     uint8_t tnf = header & 0x07;
  9908     02A2  083B               	movf	parse_ndef_text_record@header,w
  9909     02A3  3907               	andlw	7
  9910     02A4  00B3               	movwf	parse_ndef_text_record@tnf
  9911     02A5                     l4952:
  9912                           
  9913                           ;drivers/pn532.c: 462:     _Bool shortRecord = (header & 0x10) != 0;
  9914     02A5  1A3B               	btfsc	parse_ndef_text_record@header,4
  9915     02A6  2AA8               	goto	u4701
  9916     02A7  2AAA               	goto	u4700
  9917     02A8                     u4701:
  9918     02A8  3001               	movlw	1
  9919     02A9  2AAB               	goto	u4710
  9920     02AA                     u4700:
  9921     02AA  3000               	movlw	0
  9922     02AB                     u4710:
  9923     02AB  00B4               	movwf	parse_ndef_text_record@shortRecord
  9924     02AC                     l4954:
  9925                           
  9926                           ;drivers/pn532.c: 463:     _Bool hasId = (header & 0x08) != 0;
  9927     02AC  19BB               	btfsc	parse_ndef_text_record@header,3
  9928     02AD  2AAF               	goto	u4721
  9929     02AE  2AB1               	goto	u4720
  9930     02AF                     u4721:
  9931     02AF  3001               	movlw	1
  9932     02B0  2AB2               	goto	u4730
  9933     02B1                     u4720:
  9934     02B1  3000               	movlw	0
  9935     02B2                     u4730:
  9936     02B2  00B5               	movwf	parse_ndef_text_record@hasId
  9937     02B3                     l4956:
  9938                           
  9939                           ;drivers/pn532.c: 465:     uint8_t idx = 1;
  9940     02B3  01C3               	clrf	parse_ndef_text_record@idx
  9941     02B4  0AC3               	incf	parse_ndef_text_record@idx,f
  9942     02B5                     l4958:
  9943                           
  9944                           ;drivers/pn532.c: 466:     uint8_t typeLen = rec[idx++];
  9945     02B5  0842               	movf	parse_ndef_text_record@rec,w
  9946     02B6  0086               	movwf	6
  9947     02B7  3001               	movlw	1	; select bank2/3
  9948     02B8  0087               	movwf	7
  9949     02B9  3001               	movlw	1	; select bank2/3
  9950     02BA  3F41               	moviw [1]fsr1
  9951     02BB  00BC               	movwf	parse_ndef_text_record@typeLen
  9952     02BC                     l4960:
  9953     02BC  3001               	movlw	1
  9954     02BD  00AC               	movwf	??_parse_ndef_text_record
  9955     02BE  082C               	movf	??_parse_ndef_text_record,w
  9956     02BF  07C3               	addwf	parse_ndef_text_record@idx,f
  9957     02C0                     l4962:
  9958                           
  9959                           ;drivers/pn532.c: 468:     uint16_t payloadLen;;drivers/pn532.c: 469:     if (shortRecor
      +                          d)
  9960     02C0  0834               	movf	parse_ndef_text_record@shortRecord,w
  9961     02C1  1903               	btfsc	3,2
  9962     02C2  2AC4               	goto	u4741
  9963     02C3  2AC5               	goto	u4740
  9964     02C4                     u4741:
  9965     02C4  2ADF               	goto	l4974
  9966     02C5                     u4740:
  9967     02C5                     l4964:
  9968                           
  9969                           ;drivers/pn532.c: 470:     {;drivers/pn532.c: 471:         if (idx >= recLen)
  9970     02C5  0829               	movf	parse_ndef_text_record@recLen,w
  9971     02C6  0243               	subwf	parse_ndef_text_record@idx,w
  9972     02C7  1C03               	skipc
  9973     02C8  2ACA               	goto	u4751
  9974     02C9  2ACB               	goto	u4750
  9975     02CA                     u4751:
  9976     02CA  2ACC               	goto	l4970
  9977     02CB                     u4750:
  9978     02CB  2A9A               	goto	l4944
  9979     02CC                     l4970:
  9980                           
  9981                           ;drivers/pn532.c: 475:         payloadLen = rec[idx++];
  9982     02CC  0843               	movf	parse_ndef_text_record@idx,w
  9983     02CD  0742               	addwf	parse_ndef_text_record@rec,w
  9984     02CE  00AC               	movwf	??_parse_ndef_text_record
  9985     02CF  082C               	movf	??_parse_ndef_text_record,w
  9986     02D0  0086               	movwf	6
  9987     02D1  3001               	movlw	1	; select bank2/3
  9988     02D2  0087               	movwf	7
  9989     02D3  0801               	movf	1,w
  9990     02D4  00AD               	movwf	??_parse_ndef_text_record+1
  9991     02D5  01AE               	clrf	??_parse_ndef_text_record+2
  9992     02D6  082D               	movf	??_parse_ndef_text_record+1,w
  9993     02D7  00BE               	movwf	parse_ndef_text_record@payloadLen
  9994     02D8  082E               	movf	??_parse_ndef_text_record+2,w
  9995     02D9  00BF               	movwf	parse_ndef_text_record@payloadLen+1
  9996     02DA                     l4972:
  9997     02DA  3001               	movlw	1
  9998     02DB  00AC               	movwf	??_parse_ndef_text_record
  9999     02DC  082C               	movf	??_parse_ndef_text_record,w
 10000     02DD  07C3               	addwf	parse_ndef_text_record@idx,f
 10001                           
 10002                           ;drivers/pn532.c: 476:     }
 10003     02DE  2B16               	goto	l4984
 10004     02DF                     l4974:
 10005     02DF  0843               	movf	parse_ndef_text_record@idx,w
 10006     02E0  3E04               	addlw	4
 10007     02E1  00AC               	movwf	??_parse_ndef_text_record
 10008     02E2  3000               	movlw	0
 10009     02E3  1803               	skipnc
 10010     02E4  3001               	movlw	1
 10011     02E5  00AD               	movwf	??_parse_ndef_text_record+1
 10012     02E6  0829               	movf	parse_ndef_text_record@recLen,w
 10013     02E7  00AE               	movwf	??_parse_ndef_text_record+2
 10014     02E8  01AF               	clrf	??_parse_ndef_text_record+3
 10015     02E9  082D               	movf	??_parse_ndef_text_record+1,w
 10016     02EA  022F               	subwf	??_parse_ndef_text_record+3,w
 10017     02EB  1D03               	skipz
 10018     02EC  2AEF               	goto	u4765
 10019     02ED  082C               	movf	??_parse_ndef_text_record,w
 10020     02EE  022E               	subwf	??_parse_ndef_text_record+2,w
 10021     02EF                     u4765:
 10022     02EF  1C03               	skipc
 10023     02F0  2AF2               	goto	u4761
 10024     02F1  2AF3               	goto	u4760
 10025     02F2                     u4761:
 10026     02F2  2A9A               	goto	l4944
 10027     02F3                     u4760:
 10028     02F3                     l4976:
 10029                           
 10030                           ;drivers/pn532.c: 478:     {;drivers/pn532.c: 481:         payloadLen = ((uint16_t)rec[i
      +                          dx + 2] << 8) | rec[idx + 3];
 10031     02F3  0843               	movf	parse_ndef_text_record@idx,w
 10032     02F4  0742               	addwf	parse_ndef_text_record@rec,w
 10033     02F5  00AC               	movwf	??_parse_ndef_text_record
 10034     02F6  082C               	movf	??_parse_ndef_text_record,w
 10035     02F7  3E03               	addlw	3
 10036     02F8  0086               	movwf	6
 10037     02F9  3001               	movlw	1	; select bank2/3
 10038     02FA  0087               	movwf	7
 10039     02FB  0801               	movf	1,w
 10040     02FC  00AD               	movwf	??_parse_ndef_text_record+1
 10041     02FD  01AE               	clrf	??_parse_ndef_text_record+2
 10042     02FE  0843               	movf	parse_ndef_text_record@idx,w
 10043     02FF  0742               	addwf	parse_ndef_text_record@rec,w
 10044     0300  00AF               	movwf	??_parse_ndef_text_record+3
 10045     0301  082F               	movf	??_parse_ndef_text_record+3,w
 10046     0302  3E02               	addlw	2
 10047     0303  0086               	movwf	6
 10048     0304  3001               	movlw	1	; select bank2/3
 10049     0305  0087               	movwf	7
 10050     0306  0801               	movf	1,w
 10051     0307  00B0               	movwf	??_parse_ndef_text_record+4
 10052     0308  01B1               	clrf	??_parse_ndef_text_record+5
 10053     0309  0830               	movf	??_parse_ndef_text_record+4,w
 10054     030A  00B1               	movwf	??_parse_ndef_text_record+5
 10055     030B  01B0               	clrf	??_parse_ndef_text_record+4
 10056     030C  082D               	movf	??_parse_ndef_text_record+1,w
 10057     030D  0430               	iorwf	??_parse_ndef_text_record+4,w
 10058     030E  00BE               	movwf	parse_ndef_text_record@payloadLen
 10059     030F  082E               	movf	??_parse_ndef_text_record+2,w
 10060     0310  0431               	iorwf	??_parse_ndef_text_record+5,w
 10061     0311  00BF               	movwf	parse_ndef_text_record@payloadLen+1
 10062     0312                     l4978:
 10063                           
 10064                           ;drivers/pn532.c: 482:         idx += 4;
 10065     0312  3004               	movlw	4
 10066     0313  00AC               	movwf	??_parse_ndef_text_record
 10067     0314  082C               	movf	??_parse_ndef_text_record,w
 10068     0315  07C3               	addwf	parse_ndef_text_record@idx,f
 10069     0316                     l4984:	
 10070                           ;drivers/pn532.c: 483:     }
 10071                           
 10072                           
 10073                           ;drivers/pn532.c: 489:     uint8_t idLen = 0;
 10074     0316  01B8               	clrf	parse_ndef_text_record@idLen
 10075     0317                     l4986:
 10076                           
 10077                           ;drivers/pn532.c: 490:     if (hasId)
 10078     0317  0835               	movf	parse_ndef_text_record@hasId,w
 10079     0318  1903               	btfsc	3,2
 10080     0319  2B1B               	goto	u4771
 10081     031A  2B1C               	goto	u4770
 10082     031B                     u4771:
 10083     031B  2B30               	goto	l4998
 10084     031C                     u4770:
 10085     031C                     l4988:
 10086                           
 10087                           ;drivers/pn532.c: 491:     {;drivers/pn532.c: 492:         if (idx >= recLen)
 10088     031C  0829               	movf	parse_ndef_text_record@recLen,w
 10089     031D  0243               	subwf	parse_ndef_text_record@idx,w
 10090     031E  1C03               	skipc
 10091     031F  2B21               	goto	u4781
 10092     0320  2B22               	goto	u4780
 10093     0321                     u4781:
 10094     0321  2B23               	goto	l4994
 10095     0322                     u4780:
 10096     0322  2A9A               	goto	l4944
 10097     0323                     l4994:
 10098                           
 10099                           ;drivers/pn532.c: 496:         idLen = rec[idx++];
 10100     0323  0843               	movf	parse_ndef_text_record@idx,w
 10101     0324  0742               	addwf	parse_ndef_text_record@rec,w
 10102     0325  00AC               	movwf	??_parse_ndef_text_record
 10103     0326  082C               	movf	??_parse_ndef_text_record,w
 10104     0327  0086               	movwf	6
 10105     0328  3001               	movlw	1	; select bank2/3
 10106     0329  0087               	movwf	7
 10107     032A  0801               	movf	1,w
 10108     032B  00B8               	movwf	parse_ndef_text_record@idLen
 10109     032C                     l4996:
 10110     032C  3001               	movlw	1
 10111     032D  00AC               	movwf	??_parse_ndef_text_record
 10112     032E  082C               	movf	??_parse_ndef_text_record,w
 10113     032F  07C3               	addwf	parse_ndef_text_record@idx,f
 10114     0330                     l4998:
 10115                           
 10116                           ;drivers/pn532.c: 499:     if ((uint16_t)(idx + typeLen) > recLen)
 10117     0330  0843               	movf	parse_ndef_text_record@idx,w
 10118     0331  073C               	addwf	parse_ndef_text_record@typeLen,w
 10119     0332  00AC               	movwf	??_parse_ndef_text_record
 10120     0333  01AD               	clrf	??_parse_ndef_text_record+1
 10121     0334  0DAD               	rlf	??_parse_ndef_text_record+1,f
 10122     0335  0829               	movf	parse_ndef_text_record@recLen,w
 10123     0336  00AE               	movwf	??_parse_ndef_text_record+2
 10124     0337  01AF               	clrf	??_parse_ndef_text_record+3
 10125     0338  082D               	movf	??_parse_ndef_text_record+1,w
 10126     0339  022F               	subwf	??_parse_ndef_text_record+3,w
 10127     033A  1D03               	skipz
 10128     033B  2B3E               	goto	u4795
 10129     033C  082C               	movf	??_parse_ndef_text_record,w
 10130     033D  022E               	subwf	??_parse_ndef_text_record+2,w
 10131     033E                     u4795:
 10132     033E  1803               	skipnc
 10133     033F  2B41               	goto	u4791
 10134     0340  2B42               	goto	u4790
 10135     0341                     u4791:
 10136     0341  2B43               	goto	l5004
 10137     0342                     u4790:
 10138     0342  2A9A               	goto	l4944
 10139     0343                     l5004:
 10140                           
 10141                           ;drivers/pn532.c: 503:     _Bool isText = (tnf == 0x01) && (typeLen == 1) && (rec[idx] =
      +                          = 'T');
 10142     0343  01B9               	clrf	_parse_ndef_text_record$175
 10143     0344                     l5006:
 10144     0344  0333               	decf	parse_ndef_text_record@tnf,w
 10145     0345  1D03               	btfss	3,2
 10146     0346  2B48               	goto	u4801
 10147     0347  2B49               	goto	u4800
 10148     0348                     u4801:
 10149     0348  2B5D               	goto	l5014
 10150     0349                     u4800:
 10151     0349                     l5008:
 10152     0349  033C               	decf	parse_ndef_text_record@typeLen,w
 10153     034A  1D03               	btfss	3,2
 10154     034B  2B4D               	goto	u4811
 10155     034C  2B4E               	goto	u4810
 10156     034D                     u4811:
 10157     034D  2B5D               	goto	l5014
 10158     034E                     u4810:
 10159     034E                     l5010:
 10160     034E  0843               	movf	parse_ndef_text_record@idx,w
 10161     034F  0742               	addwf	parse_ndef_text_record@rec,w
 10162     0350  00AC               	movwf	??_parse_ndef_text_record
 10163     0351  082C               	movf	??_parse_ndef_text_record,w
 10164     0352  0086               	movwf	6
 10165     0353  3001               	movlw	1	; select bank2/3
 10166     0354  0087               	movwf	7
 10167     0355  3054               	movlw	84
 10168     0356  0601               	xorwf	1,w
 10169     0357  1D03               	btfss	3,2
 10170     0358  2B5A               	goto	u4821
 10171     0359  2B5B               	goto	u4820
 10172     035A                     u4821:
 10173     035A  2B5D               	goto	l5014
 10174     035B                     u4820:
 10175     035B                     l5012:
 10176     035B  01B9               	clrf	_parse_ndef_text_record$175
 10177     035C  0AB9               	incf	_parse_ndef_text_record$175,f
 10178     035D                     l5014:
 10179     035D  0839               	movf	_parse_ndef_text_record$175,w
 10180     035E  1D03               	btfss	3,2
 10181     035F  2B61               	goto	u4831
 10182     0360  2B63               	goto	u4830
 10183     0361                     u4831:
 10184     0361  3001               	movlw	1
 10185     0362  2B64               	goto	u4840
 10186     0363                     u4830:
 10187     0363  3000               	movlw	0
 10188     0364                     u4840:
 10189     0364  00B6               	movwf	parse_ndef_text_record@isText
 10190                           
 10191                           ;drivers/pn532.c: 504:     idx = (uint8_t)(idx + typeLen + idLen);
 10192     0365  0843               	movf	parse_ndef_text_record@idx,w
 10193     0366  073C               	addwf	parse_ndef_text_record@typeLen,w
 10194     0367  0738               	addwf	parse_ndef_text_record@idLen,w
 10195     0368  00C3               	movwf	parse_ndef_text_record@idx
 10196                           
 10197                           ;drivers/pn532.c: 506:     if (!isText)
 10198     0369  0836               	movf	parse_ndef_text_record@isText,w
 10199     036A  1D03               	btfss	3,2
 10200     036B  2B6D               	goto	u4851
 10201     036C  2B6E               	goto	u4850
 10202     036D                     u4851:
 10203     036D  2B6F               	goto	l5020
 10204     036E                     u4850:
 10205     036E  2A9A               	goto	l4944
 10206     036F                     l5020:
 10207                           
 10208                           ;drivers/pn532.c: 510:     if ((uint16_t)idx + payloadLen > recLen)
 10209     036F  0843               	movf	parse_ndef_text_record@idx,w
 10210     0370  073E               	addwf	parse_ndef_text_record@payloadLen,w
 10211     0371  00AC               	movwf	??_parse_ndef_text_record
 10212     0372  083F               	movf	parse_ndef_text_record@payloadLen+1,w
 10213     0373  1803               	skipnc
 10214     0374  0A3F               	incf	parse_ndef_text_record@payloadLen+1,w
 10215     0375  00AD               	movwf	??_parse_ndef_text_record+1
 10216     0376  0829               	movf	parse_ndef_text_record@recLen,w
 10217     0377  00AE               	movwf	??_parse_ndef_text_record+2
 10218     0378  01AF               	clrf	??_parse_ndef_text_record+3
 10219     0379  082D               	movf	??_parse_ndef_text_record+1,w
 10220     037A  022F               	subwf	??_parse_ndef_text_record+3,w
 10221     037B  1D03               	skipz
 10222     037C  2B7F               	goto	u4865
 10223     037D  082C               	movf	??_parse_ndef_text_record,w
 10224     037E  022E               	subwf	??_parse_ndef_text_record+2,w
 10225     037F                     u4865:
 10226     037F  1803               	skipnc
 10227     0380  2B82               	goto	u4861
 10228     0381  2B83               	goto	u4860
 10229     0382                     u4861:
 10230     0382  2B84               	goto	l5026
 10231     0383                     u4860:
 10232     0383  2A9A               	goto	l4944
 10233     0384                     l5026:
 10234                           
 10235                           ;drivers/pn532.c: 515:     const uint8_t *payload = &rec[idx];
 10236     0384  0842               	movf	parse_ndef_text_record@rec,w
 10237     0385  0743               	addwf	parse_ndef_text_record@idx,w
 10238     0386  00BA               	movwf	parse_ndef_text_record@payload
 10239     0387                     l5028:
 10240                           
 10241                           ;drivers/pn532.c: 516:     uint8_t status = payload[0];
 10242     0387  083A               	movf	parse_ndef_text_record@payload,w
 10243     0388  0086               	movwf	6
 10244     0389  3001               	movlw	1	; select bank2/3
 10245     038A  0087               	movwf	7
 10246     038B  0801               	movf	1,w
 10247     038C  00B7               	movwf	parse_ndef_text_record@status
 10248     038D                     l5030:
 10249                           
 10250                           ;drivers/pn532.c: 517:     uint8_t langLen = status & 0x3F;
 10251     038D  0837               	movf	parse_ndef_text_record@status,w
 10252     038E  393F               	andlw	63
 10253     038F  00BD               	movwf	parse_ndef_text_record@langLen
 10254     0390                     l5032:
 10255                           
 10256                           ;drivers/pn532.c: 518:     if ((uint16_t)(1 + langLen) > payloadLen)
 10257     0390  083D               	movf	parse_ndef_text_record@langLen,w
 10258     0391  3E01               	addlw	1
 10259     0392  00AC               	movwf	??_parse_ndef_text_record
 10260     0393  3000               	movlw	0
 10261     0394  1803               	skipnc
 10262     0395  3001               	movlw	1
 10263     0396  00AD               	movwf	??_parse_ndef_text_record+1
 10264     0397  082D               	movf	??_parse_ndef_text_record+1,w
 10265     0398  023F               	subwf	parse_ndef_text_record@payloadLen+1,w
 10266     0399  1D03               	skipz
 10267     039A  2B9D               	goto	u4875
 10268     039B  082C               	movf	??_parse_ndef_text_record,w
 10269     039C  023E               	subwf	parse_ndef_text_record@payloadLen,w
 10270     039D                     u4875:
 10271     039D  1803               	skipnc
 10272     039E  2BA0               	goto	u4871
 10273     039F  2BA1               	goto	u4870
 10274     03A0                     u4871:
 10275     03A0  2BA2               	goto	l5038
 10276     03A1                     u4870:
 10277     03A1  2A9A               	goto	l4944
 10278     03A2                     l5038:
 10279                           
 10280                           ;drivers/pn532.c: 523:     uint16_t textLen = (uint16_t)(payloadLen - 1 - langLen);
 10281     03A2  083F               	movf	parse_ndef_text_record@payloadLen+1,w
 10282     03A3  00AD               	movwf	??_parse_ndef_text_record+1
 10283     03A4  083D               	movf	parse_ndef_text_record@langLen,w
 10284     03A5  023E               	subwf	parse_ndef_text_record@payloadLen,w
 10285     03A6  00AC               	movwf	??_parse_ndef_text_record
 10286     03A7  1C03               	skipc
 10287     03A8  03AD               	decf	??_parse_ndef_text_record+1,f
 10288     03A9  082C               	movf	??_parse_ndef_text_record,w
 10289     03AA  3EFF               	addlw	255
 10290     03AB  00C0               	movwf	parse_ndef_text_record@textLen
 10291     03AC  30FF               	movlw	255
 10292     03AD  3D2D               	addwfc	??_parse_ndef_text_record+1,w
 10293     03AE  00C1               	movwf	parse_ndef_text_record@textLen+1
 10294     03AF                     l5040:
 10295                           
 10296                           ;drivers/pn532.c: 524:     if (textLen > (uint16_t)(outSize - 1))
 10297     03AF  082B               	movf	parse_ndef_text_record@outSize,w
 10298     03B0  3EFF               	addlw	255
 10299     03B1  00AC               	movwf	??_parse_ndef_text_record
 10300     03B2  30FF               	movlw	255
 10301     03B3  1803               	skipnc
 10302     03B4  3000               	movlw	0
 10303     03B5  00AD               	movwf	??_parse_ndef_text_record+1
 10304     03B6  0841               	movf	parse_ndef_text_record@textLen+1,w
 10305     03B7  022D               	subwf	??_parse_ndef_text_record+1,w
 10306     03B8  1D03               	skipz
 10307     03B9  2BBC               	goto	u4885
 10308     03BA  0840               	movf	parse_ndef_text_record@textLen,w
 10309     03BB  022C               	subwf	??_parse_ndef_text_record,w
 10310     03BC                     u4885:
 10311     03BC  1803               	skipnc
 10312     03BD  2BBF               	goto	u4881
 10313     03BE  2BC0               	goto	u4880
 10314     03BF                     u4881:
 10315     03BF  2BC7               	goto	l5044
 10316     03C0                     u4880:
 10317     03C0                     l5042:
 10318                           
 10319                           ;drivers/pn532.c: 525:     {;drivers/pn532.c: 526:         textLen = (uint16_t)(outSize 
      +                          - 1);
 10320     03C0  082B               	movf	parse_ndef_text_record@outSize,w
 10321     03C1  3EFF               	addlw	255
 10322     03C2  00C0               	movwf	parse_ndef_text_record@textLen
 10323     03C3  30FF               	movlw	255
 10324     03C4  1803               	skipnc
 10325     03C5  3000               	movlw	0
 10326     03C6  00C1               	movwf	parse_ndef_text_record@textLen+1
 10327     03C7                     l5044:
 10328                           
 10329                           ;drivers/pn532.c: 529:     memcpy(out, &payload[1 + langLen], textLen);
 10330     03C7  083A               	movf	parse_ndef_text_record@payload,w
 10331     03C8  073D               	addwf	parse_ndef_text_record@langLen,w
 10332     03C9  3E01               	addlw	1
 10333     03CA  00A0               	movwf	memcpy@s1
 10334     03CB  3001               	movlw	1
 10335     03CC  00A1               	movwf	memcpy@s1+1
 10336     03CD  0841               	movf	parse_ndef_text_record@textLen+1,w
 10337     03CE  00A3               	movwf	memcpy@n+1
 10338     03CF  0840               	movf	parse_ndef_text_record@textLen,w
 10339     03D0  00A2               	movwf	memcpy@n
 10340     03D1  082A               	movf	parse_ndef_text_record@out,w
 10341     03D2  318B  23D0  3182   	fcall	_memcpy
 10342     03D5                     l5046:
 10343                           
 10344                           ;drivers/pn532.c: 530:     out[textLen] = '\0';
 10345     03D5  0140               	movlb	0	; select bank0
 10346     03D6  0840               	movf	parse_ndef_text_record@textLen,w
 10347     03D7  072A               	addwf	parse_ndef_text_record@out,w
 10348     03D8  00AC               	movwf	??_parse_ndef_text_record
 10349     03D9  082C               	movf	??_parse_ndef_text_record,w
 10350     03DA  0086               	movwf	6
 10351     03DB  3001               	movlw	1	; select bank2/3
 10352     03DC  0087               	movwf	7
 10353     03DD  0181               	clrf	1
 10354     03DE                     l5048:
 10355                           
 10356                           ;drivers/pn532.c: 531:     return 1;
 10357     03DE  3001               	movlw	1
 10358     03DF                     l131:
 10359     03DF  0008               	return
 10360     03E0                     __end_of_parse_ndef_text_record:
 10361                           
 10362                           	psect	text33
 10363     0C50                     __ptext33:	
 10364 ;; *************** function _ntag_read4pages *****************
 10365 ;; Defined at:
 10366 ;;		line 433 in file "drivers/pn532.c"
 10367 ;; Parameters:    Size  Location     Type
 10368 ;;  page            1    wreg     unsigned char 
 10369 ;;  out16           1   23[BANK0 ] PTR unsigned char 
 10370 ;;		 -> PN532_ReadNdefText@buf(64), 
 10371 ;; Auto vars:     Size  Location     Type
 10372 ;;  page            1   44[BANK0 ] unsigned char 
 10373 ;;  rsp            20   24[BANK0 ] unsigned char [20]
 10374 ;;  params          3   45[BANK0 ] unsigned char [3]
 10375 ;;  rlen            1   48[BANK0 ] unsigned char 
 10376 ;; Return value:  Size  Location     Type
 10377 ;;                  1    wreg      _Bool 
 10378 ;; Registers used:
 10379 ;;		wreg, fsr0l, fsr0h, fsr1l, fsr1h, status,2, status,0, pclath, cstack
 10380 ;; Tracked objects:
 10381 ;;		On entry : 0/0
 10382 ;;		On exit  : 0/0
 10383 ;;		Unchanged: 0/0
 10384 ;; Data sizes:     COMMON   BANK0   BANK1   BANK2   BANK3   BANK4   BANK5   BANK6   BANK7   BANK8   BANK9  BANK10  BANK1
      +1  BANK12  BANK13  BANK14  BANK15  BANK16  BANK17  BANK18  BANK19  BANK20  BANK21  BANK22  BANK23  BANK24  BANK25
 10385 ;;      Params:         0       1       0       0       0       0       0       0       0       0       0       0       
      +0       0       0       0       0       0       0       0       0       0       0       0       0       0       0
 10386 ;;      Locals:         0      25       0       0       0       0       0       0       0       0       0       0       
      +0       0       0       0       0       0       0       0       0       0       0       0       0       0       0
 10387 ;;      Temps:          0       0       0       0       0       0       0       0       0       0       0       0       
      +0       0       0       0       0       0       0       0       0       0       0       0       0       0       0
 10388 ;;      Totals:         0      26       0       0       0       0       0       0       0       0       0       0       
      +0       0       0       0       0       0       0       0       0       0       0       0       0       0       0
 10389 ;;Total ram usage:       26 bytes
 10390 ;; Hardware stack levels used: 1
 10391 ;; Hardware stack levels required when called: 8
 10392 ;; This function calls:
 10393 ;;		_memcpy
 10394 ;;		_pn532_transact
 10395 ;; This function is called by:
 10396 ;;		_PN532_ReadNdefText
 10397 ;; This function uses a non-reentrant model
 10398 ;;
 10399                           
 10400     0C50                     _ntag_read4pages:	
 10401                           ;psect for function _ntag_read4pages
 10402                           
 10403                           
 10404                           ;incstack = 0
 10405                           ; Regs used in _ntag_read4pages: [wreg-fsr1h+status,2+status,0+pclath+cstack]
 10406                           ;ntag_read4pages@page stored from wreg
 10407     0C50  0140               	movlb	0	; select bank0
 10408     0C51  00CC               	movwf	ntag_read4pages@page
 10409     0C52                     l4918:
 10410                           
 10411                           ;drivers/pn532.c: 433: static _Bool ntag_read4pages(uint8_t page, uint8_t *out16);driver
      +                          s/pn532.c: 434: {;drivers/pn532.c: 435:     uint8_t params[3] = {0x01, 0x30, page};
 10412     0C52  3000               	movlw	0
 10413     0C53  00CD               	movwf	ntag_read4pages@params
 10414     0C54  3000               	movlw	0
 10415     0C55  00CE               	movwf	ntag_read4pages@params+1
 10416     0C56  3000               	movlw	0
 10417     0C57  00CF               	movwf	ntag_read4pages@params+2
 10418     0C58                     l4920:
 10419     0C58  01CD               	clrf	ntag_read4pages@params
 10420     0C59  0ACD               	incf	ntag_read4pages@params,f
 10421     0C5A  3030               	movlw	48
 10422     0C5B  00CE               	movwf	ntag_read4pages@params+1
 10423     0C5C  084C               	movf	ntag_read4pages@page,w
 10424     0C5D  00CF               	movwf	ntag_read4pages@params+2
 10425     0C5E                     l4922:
 10426                           
 10427                           ;drivers/pn532.c: 436:     uint8_t rsp[20];;drivers/pn532.c: 437:     uint8_t rlen;;driv
      +                          ers/pn532.c: 439:     if (!pn532_transact(0x40, params, sizeof(params), 0, rsp, sizeof(r
      +                          sp), &rlen))
 10428     0C5E  304D               	movlw	(low (ntag_read4pages@params| 0))& (0+255)
 10429     0C5F  00AD               	movwf	pn532_transact@params
 10430     0C60  3003               	movlw	3
 10431     0C61  00AE               	movwf	pn532_transact@paramLen
 10432     0C62  01AF               	clrf	pn532_transact@withWakeup
 10433     0C63  3038               	movlw	(low (ntag_read4pages@rsp| 0))& (0+255)
 10434     0C64  00B0               	movwf	pn532_transact@out
 10435     0C65  3014               	movlw	20
 10436     0C66  00B1               	movwf	pn532_transact@outMax
 10437     0C67  3050               	movlw	(low (ntag_read4pages@rlen| 0))& (0+255)
 10438     0C68  00B2               	movwf	pn532_transact@outLen
 10439     0C69  3040               	movlw	64
 10440     0C6A  3180  205D  318C   	fcall	_pn532_transact
 10441     0C6D  3A00               	xorlw	0
 10442     0C6E  1D03               	skipz
 10443     0C6F  2C71               	goto	u4661
 10444     0C70  2C72               	goto	u4660
 10445     0C71                     u4661:
 10446     0C71  2C74               	goto	l4928
 10447     0C72                     u4660:
 10448     0C72                     l4924:
 10449                           
 10450                           ;drivers/pn532.c: 440:     {;drivers/pn532.c: 441:         return 0;
 10451     0C72  3000               	movlw	0
 10452     0C73  2C8E               	goto	l124
 10453     0C74                     l4928:
 10454                           
 10455                           ;drivers/pn532.c: 443:     if (rlen < 17 || rsp[0] != 0x00)
 10456     0C74  3011               	movlw	17
 10457     0C75  0140               	movlb	0	; select bank0
 10458     0C76  0250               	subwf	ntag_read4pages@rlen,w
 10459     0C77  1C03               	skipc
 10460     0C78  2C7A               	goto	u4671
 10461     0C79  2C7B               	goto	u4670
 10462     0C7A                     u4671:
 10463     0C7A  2C72               	goto	l4924
 10464     0C7B                     u4670:
 10465     0C7B                     l4930:
 10466     0C7B  0838               	movf	ntag_read4pages@rsp,w
 10467     0C7C  1903               	btfsc	3,2
 10468     0C7D  2C7F               	goto	u4681
 10469     0C7E  2C80               	goto	u4680
 10470     0C7F                     u4681:
 10471     0C7F  2C81               	goto	l4936
 10472     0C80                     u4680:
 10473     0C80  2C72               	goto	l4924
 10474     0C81                     l4936:
 10475                           
 10476                           ;drivers/pn532.c: 448:     memcpy(out16, &rsp[1], 16);
 10477     0C81  3039               	movlw	low (ntag_read4pages@rsp+1)
 10478     0C82  00A0               	movwf	memcpy@s1
 10479     0C83  3000               	movlw	high (ntag_read4pages@rsp+1)
 10480     0C84  00A1               	movwf	memcpy@s1+1
 10481     0C85  3010               	movlw	16
 10482     0C86  00A2               	movwf	memcpy@n
 10483     0C87  3000               	movlw	0
 10484     0C88  00A3               	movwf	memcpy@n+1
 10485     0C89  0837               	movf	ntag_read4pages@out16,w
 10486     0C8A  318B  23D0  318C   	fcall	_memcpy
 10487     0C8D                     l4938:
 10488                           
 10489                           ;drivers/pn532.c: 449:     return 1;
 10490     0C8D  3001               	movlw	1
 10491     0C8E                     l124:
 10492     0C8E  0008               	return
 10493     0C8F                     __end_of_ntag_read4pages:
 10494                           
 10495                           	psect	text34
 10496     0BD0                     __ptext34:	
 10497 ;; *************** function _memcpy *****************
 10498 ;; Defined at:
 10499 ;;		line 4 in file "C:\Program Files\Microchip\xc8\v2.41\pic\sources\c99\common\memcpy.c"
 10500 ;; Parameters:    Size  Location     Type
 10501 ;;  d1              1    wreg     PTR void 
 10502 ;;		 -> main@text(32), lastUid(7), PN532_ReadNdefText@buf(64), 
 10503 ;;  s1              2    0[BANK0 ] PTR const void 
 10504 ;;		 -> main@uid(7), PN532_ReadNdefText@buf(64), ntag_read4pages@rsp(20), 
 10505 ;;  n               2    2[BANK0 ] unsigned int 
 10506 ;; Auto vars:     Size  Location     Type
 10507 ;;  d1              1    8[BANK0 ] PTR void 
 10508 ;;		 -> main@text(32), lastUid(7), PN532_ReadNdefText@buf(64), 
 10509 ;;  s               2    5[BANK0 ] PTR const unsigned char 
 10510 ;;		 -> main@uid(7), PN532_ReadNdefText@buf(64), ntag_read4pages@rsp(20), 
 10511 ;;  d               1    7[BANK0 ] PTR unsigned char 
 10512 ;;		 -> main@text(32), lastUid(7), PN532_ReadNdefText@buf(64), 
 10513 ;;  tmp             1    4[BANK0 ] unsigned char 
 10514 ;; Return value:  Size  Location     Type
 10515 ;;                  1    wreg      PTR void 
 10516 ;; Registers used:
 10517 ;;		wreg, fsr1l, fsr1h, status,2, status,0
 10518 ;; Tracked objects:
 10519 ;;		On entry : 0/0
 10520 ;;		On exit  : 0/0
 10521 ;;		Unchanged: 0/0
 10522 ;; Data sizes:     COMMON   BANK0   BANK1   BANK2   BANK3   BANK4   BANK5   BANK6   BANK7   BANK8   BANK9  BANK10  BANK1
      +1  BANK12  BANK13  BANK14  BANK15  BANK16  BANK17  BANK18  BANK19  BANK20  BANK21  BANK22  BANK23  BANK24  BANK25
 10523 ;;      Params:         0       4       0       0       0       0       0       0       0       0       0       0       
      +0       0       0       0       0       0       0       0       0       0       0       0       0       0       0
 10524 ;;      Locals:         0       5       0       0       0       0       0       0       0       0       0       0       
      +0       0       0       0       0       0       0       0       0       0       0       0       0       0       0
 10525 ;;      Temps:          1       0       0       0       0       0       0       0       0       0       0       0       
      +0       0       0       0       0       0       0       0       0       0       0       0       0       0       0
 10526 ;;      Totals:         1       9       0       0       0       0       0       0       0       0       0       0       
      +0       0       0       0       0       0       0       0       0       0       0       0       0       0       0
 10527 ;;Total ram usage:       10 bytes
 10528 ;; Hardware stack levels used: 1
 10529 ;; Hardware stack levels required when called: 4
 10530 ;; This function calls:
 10531 ;;		Nothing
 10532 ;; This function is called by:
 10533 ;;		_ntag_read4pages
 10534 ;;		_parse_ndef_text_record
 10535 ;;		_main
 10536 ;; This function uses a non-reentrant model
 10537 ;;
 10538                           
 10539     0BD0                     _memcpy:	
 10540                           ;psect for function _memcpy
 10541                           
 10542                           
 10543                           ;incstack = 0
 10544                           ; Regs used in _memcpy: [wreg+fsr1l+fsr1h+status,2+status,0]
 10545                           ;memcpy@d1 stored from wreg
 10546     0BD0  0140               	movlb	0	; select bank0
 10547     0BD1  00A8               	movwf	memcpy@d1
 10548     0BD2                     l4750:
 10549     0BD2  0821               	movf	memcpy@s1+1,w
 10550     0BD3  00A6               	movwf	memcpy@s+1
 10551     0BD4  0820               	movf	memcpy@s1,w
 10552     0BD5  00A5               	movwf	memcpy@s
 10553     0BD6  0828               	movf	memcpy@d1,w
 10554     0BD7  00A7               	movwf	memcpy@d
 10555     0BD8  2BED               	goto	l4760
 10556     0BD9                     l4752:
 10557     0BD9  0825               	movf	memcpy@s,w
 10558     0BDA  0086               	movwf	6
 10559     0BDB  0826               	movf	memcpy@s+1,w
 10560     0BDC  0087               	movwf	7
 10561     0BDD  0801               	movf	1,w
 10562     0BDE  00A4               	movwf	memcpy@tmp
 10563     0BDF                     l4754:
 10564     0BDF  3001               	movlw	1
 10565     0BE0  07A5               	addwf	memcpy@s,f
 10566     0BE1  3000               	movlw	0
 10567     0BE2  3DA6               	addwfc	memcpy@s+1,f
 10568     0BE3                     l4756:
 10569     0BE3  0827               	movf	memcpy@d,w
 10570     0BE4  0086               	movwf	6
 10571     0BE5  3001               	movlw	1	; select bank2/3
 10572     0BE6  0087               	movwf	7
 10573     0BE7  0824               	movf	memcpy@tmp,w
 10574     0BE8  0081               	movwf	1
 10575     0BE9                     l4758:
 10576     0BE9  3001               	movlw	1
 10577     0BEA  00F4               	movwf	??_memcpy
 10578     0BEB  0874               	movf	??_memcpy,w
 10579     0BEC  07A7               	addwf	memcpy@d,f
 10580     0BED                     l4760:
 10581     0BED  3001               	movlw	1
 10582     0BEE  02A2               	subwf	memcpy@n,f
 10583     0BEF  3000               	movlw	0
 10584     0BF0  3BA3               	subwfb	memcpy@n+1,f
 10585     0BF1  0A22               	incf	memcpy@n,w
 10586     0BF2  1D03               	skipz
 10587     0BF3  2BF8               	goto	u4391
 10588     0BF4  0A23               	incf	memcpy@n+1,w
 10589     0BF5  1D03               	btfss	3,2
 10590     0BF6  2BF8               	goto	u4391
 10591     0BF7  2BF9               	goto	u4390
 10592     0BF8                     u4391:
 10593     0BF8  2BD9               	goto	l4752
 10594     0BF9                     u4390:
 10595     0BF9                     l1587:
 10596     0BF9  0008               	return
 10597     0BFA                     __end_of_memcpy:
 10598                           
 10599                           	psect	text35
 10600     0F12                     __ptext35:	
 10601 ;; *************** function _PN532_Init *****************
 10602 ;; Defined at:
 10603 ;;		line 364 in file "drivers/pn532.c"
 10604 ;; Parameters:    Size  Location     Type
 10605 ;;		None
 10606 ;; Auto vars:     Size  Location     Type
 10607 ;;  rsp            16   24[BANK0 ] unsigned char [16]
 10608 ;;  rfcfg           4   40[BANK0 ] unsigned char [4]
 10609 ;;  samcfg          3   44[BANK0 ] unsigned char [3]
 10610 ;;  rlen            1   47[BANK0 ] unsigned char 
 10611 ;; Return value:  Size  Location     Type
 10612 ;;                  1    wreg      unsigned char 
 10613 ;; Registers used:
 10614 ;;		wreg, fsr0l, fsr0h, fsr1l, fsr1h, status,2, status,0, pclath, cstack
 10615 ;; Tracked objects:
 10616 ;;		On entry : 0/0
 10617 ;;		On exit  : 0/0
 10618 ;;		Unchanged: 0/0
 10619 ;; Data sizes:     COMMON   BANK0   BANK1   BANK2   BANK3   BANK4   BANK5   BANK6   BANK7   BANK8   BANK9  BANK10  BANK1
      +1  BANK12  BANK13  BANK14  BANK15  BANK16  BANK17  BANK18  BANK19  BANK20  BANK21  BANK22  BANK23  BANK24  BANK25
 10620 ;;      Params:         0       0       0       0       0       0       0       0       0       0       0       0       
      +0       0       0       0       0       0       0       0       0       0       0       0       0       0       0
 10621 ;;      Locals:         0      24       0       0       0       0       0       0       0       0       0       0       
      +0       0       0       0       0       0       0       0       0       0       0       0       0       0       0
 10622 ;;      Temps:          0       1       0       0       0       0       0       0       0       0       0       0       
      +0       0       0       0       0       0       0       0       0       0       0       0       0       0       0
 10623 ;;      Totals:         0      25       0       0       0       0       0       0       0       0       0       0       
      +0       0       0       0       0       0       0       0       0       0       0       0       0       0       0
 10624 ;;Total ram usage:       25 bytes
 10625 ;; Hardware stack levels used: 1
 10626 ;; Hardware stack levels required when called: 8
 10627 ;; This function calls:
 10628 ;;		_pn532_transact
 10629 ;; This function is called by:
 10630 ;;		_main
 10631 ;; This function uses a non-reentrant model
 10632 ;;
 10633                           
 10634     0F12                     _PN532_Init:	
 10635                           ;psect for function _PN532_Init
 10636                           
 10637     0F12                     l5280:	
 10638                           ;incstack = 0
 10639                           ; Regs used in _PN532_Init: [wreg-fsr1h+status,2+status,0+pclath+cstack]
 10640                           
 10641                           
 10642                           ;drivers/pn532.c: 367:     _delay((unsigned long)((10)*(32000000/4000.0)));
 10643     0F12  3068               	movlw	104
 10644     0F13  0140               	movlb	0	; select bank0
 10645     0F14  00B7               	movwf	??_PN532_Init
 10646     0F15  30E4               	movlw	228
 10647     0F16                     u5647:
 10648     0F16  0B89               	decfsz	9,f
 10649     0F17  2F16               	goto	u5647
 10650     0F18  0BB7               	decfsz	??_PN532_Init,f
 10651     0F19  2F16               	goto	u5647
 10652     0F1A  0000               	nop
 10653                           
 10654                           ;drivers/pn532.c: 369:     uint8_t rsp[16];;drivers/pn532.c: 370:     uint8_t rlen;;driv
      +                          ers/pn532.c: 375:     uint8_t samcfg[3] = {0x01, 0x14, 0x00};
 10655     0F1B  0141               	movlb	1	; select bank1
 10656     0F1C  086D               	movf	PN532_Init@F8509^(0+128),w
 10657     0F1D  0140               	movlb	0	; select bank0
 10658     0F1E  00CC               	movwf	PN532_Init@samcfg
 10659     0F1F  0141               	movlb	1	; select bank1
 10660     0F20  086E               	movf	(PN532_Init@F8509+1)^(0+128),w
 10661     0F21  0140               	movlb	0	; select bank0
 10662     0F22  00CD               	movwf	PN532_Init@samcfg+1
 10663     0F23  0141               	movlb	1	; select bank1
 10664     0F24  086F               	movf	(PN532_Init@F8509+2)^(0+128),w
 10665     0F25  0140               	movlb	0	; select bank0
 10666     0F26  00CE               	movwf	PN532_Init@samcfg+2
 10667     0F27                     l5282:
 10668                           
 10669                           ;drivers/pn532.c: 376:     if (!pn532_transact(0x14, samcfg, sizeof(samcfg), 1, rsp, siz
      +                          eof(rsp), &rlen))
 10670     0F27  304C               	movlw	(low (PN532_Init@samcfg| 0))& (0+255)
 10671     0F28  00AD               	movwf	pn532_transact@params
 10672     0F29  3003               	movlw	3
 10673     0F2A  00AE               	movwf	pn532_transact@paramLen
 10674     0F2B  01AF               	clrf	pn532_transact@withWakeup
 10675     0F2C  0AAF               	incf	pn532_transact@withWakeup,f
 10676     0F2D  3038               	movlw	(low (PN532_Init@rsp| 0))& (0+255)
 10677     0F2E  00B0               	movwf	pn532_transact@out
 10678     0F2F  3010               	movlw	16
 10679     0F30  00B1               	movwf	pn532_transact@outMax
 10680     0F31  304F               	movlw	(low (PN532_Init@rlen| 0))& (0+255)
 10681     0F32  00B2               	movwf	pn532_transact@outLen
 10682     0F33  3014               	movlw	20
 10683     0F34  3180  205D  318F   	fcall	_pn532_transact
 10684     0F37  3A00               	xorlw	0
 10685     0F38  1D03               	skipz
 10686     0F39  2F3B               	goto	u5121
 10687     0F3A  2F3C               	goto	u5120
 10688     0F3B                     u5121:
 10689     0F3B  2F3E               	goto	l5288
 10690     0F3C                     u5120:
 10691     0F3C                     l5284:
 10692                           
 10693                           ;drivers/pn532.c: 377:     {;drivers/pn532.c: 378:         return 1;
 10694     0F3C  3001               	movlw	1
 10695     0F3D  2F86               	goto	l97
 10696     0F3E                     l5288:
 10697                           
 10698                           ;drivers/pn532.c: 384:     uint8_t rfcfg[4] = {0x05, 0xFF, 0x01, 0x02};
 10699     0F3E  0142               	movlb	2	; select bank2
 10700     0F3F  0863               	movf	(PN532_Init@F8511+3)^(0+256),w
 10701     0F40  0140               	movlb	0	; select bank0
 10702     0F41  00CB               	movwf	PN532_Init@rfcfg+3
 10703     0F42  0142               	movlb	2	; select bank2
 10704     0F43  0862               	movf	(PN532_Init@F8511+2)^(0+256),w
 10705     0F44  0140               	movlb	0	; select bank0
 10706     0F45  00CA               	movwf	PN532_Init@rfcfg+2
 10707     0F46  0142               	movlb	2	; select bank2
 10708     0F47  0861               	movf	(PN532_Init@F8511+1)^(0+256),w
 10709     0F48  0140               	movlb	0	; select bank0
 10710     0F49  00C9               	movwf	PN532_Init@rfcfg+1
 10711     0F4A  0142               	movlb	2	; select bank2
 10712     0F4B  0860               	movf	PN532_Init@F8511^(0+256),w
 10713     0F4C  0140               	movlb	0	; select bank0
 10714     0F4D  00C8               	movwf	PN532_Init@rfcfg
 10715     0F4E                     l5290:
 10716                           
 10717                           ;drivers/pn532.c: 385:     if (!pn532_transact(0x32, rfcfg, sizeof(rfcfg), 0, rsp, sizeo
      +                          f(rsp), &rlen))
 10718     0F4E  3048               	movlw	(low (PN532_Init@rfcfg| 0))& (0+255)
 10719     0F4F  00AD               	movwf	pn532_transact@params
 10720     0F50  3004               	movlw	4
 10721     0F51  00AE               	movwf	pn532_transact@paramLen
 10722     0F52  01AF               	clrf	pn532_transact@withWakeup
 10723     0F53  3038               	movlw	(low (PN532_Init@rsp| 0))& (0+255)
 10724     0F54  00B0               	movwf	pn532_transact@out
 10725     0F55  3010               	movlw	16
 10726     0F56  00B1               	movwf	pn532_transact@outMax
 10727     0F57  304F               	movlw	(low (PN532_Init@rlen| 0))& (0+255)
 10728     0F58  00B2               	movwf	pn532_transact@outLen
 10729     0F59  3032               	movlw	50
 10730     0F5A  3180  205D  318F   	fcall	_pn532_transact
 10731     0F5D  3A00               	xorlw	0
 10732     0F5E  1D03               	skipz
 10733     0F5F  2F61               	goto	u5131
 10734     0F60  2F62               	goto	u5130
 10735     0F61                     u5131:
 10736     0F61  2F64               	goto	l5296
 10737     0F62                     u5130:
 10738     0F62                     l5292:
 10739                           
 10740                           ;drivers/pn532.c: 386:     {;drivers/pn532.c: 387:         return 2;
 10741     0F62  3002               	movlw	2
 10742     0F63  2F86               	goto	l97
 10743     0F64                     l5296:
 10744                           
 10745                           ;drivers/pn532.c: 392:     if (!pn532_transact(0x02, ((void*)0), 0, 0, rsp, sizeof(rsp),
      +                           &rlen) ||
 10746     0F64  0140               	movlb	0	; select bank0
 10747     0F65  01AD               	clrf	pn532_transact@params
 10748     0F66  01AE               	clrf	pn532_transact@paramLen
 10749     0F67  01AF               	clrf	pn532_transact@withWakeup
 10750     0F68  3038               	movlw	(low (PN532_Init@rsp| 0))& (0+255)
 10751     0F69  00B0               	movwf	pn532_transact@out
 10752     0F6A  3010               	movlw	16
 10753     0F6B  00B1               	movwf	pn532_transact@outMax
 10754     0F6C  304F               	movlw	(low (PN532_Init@rlen| 0))& (0+255)
 10755     0F6D  00B2               	movwf	pn532_transact@outLen
 10756     0F6E  3002               	movlw	2
 10757     0F6F  3180  205D  318F   	fcall	_pn532_transact
 10758     0F72  3A00               	xorlw	0
 10759     0F73  1903               	skipnz
 10760     0F74  2F76               	goto	u5141
 10761     0F75  2F77               	goto	u5140
 10762     0F76                     u5141:
 10763     0F76  2F83               	goto	l5302
 10764     0F77                     u5140:
 10765     0F77                     l5298:
 10766     0F77  0140               	movlb	0	; select bank0
 10767     0F78  084F               	movf	PN532_Init@rlen,w
 10768     0F79  1903               	btfsc	3,2
 10769     0F7A  2F7C               	goto	u5151
 10770     0F7B  2F7D               	goto	u5150
 10771     0F7C                     u5151:
 10772     0F7C  2F83               	goto	l5302
 10773     0F7D                     u5150:
 10774     0F7D                     l5300:
 10775     0F7D  3032               	movlw	50
 10776     0F7E  0638               	xorwf	PN532_Init@rsp,w
 10777     0F7F  1903               	btfsc	3,2
 10778     0F80  2F82               	goto	u5161
 10779     0F81  2F83               	goto	u5160
 10780     0F82                     u5161:
 10781     0F82  2F85               	goto	l5306
 10782     0F83                     u5160:
 10783     0F83                     l5302:
 10784                           
 10785                           ;drivers/pn532.c: 394:     {;drivers/pn532.c: 395:         return 3;
 10786     0F83  3003               	movlw	3
 10787     0F84  2F86               	goto	l97
 10788     0F85                     l5306:
 10789                           
 10790                           ;drivers/pn532.c: 398:     return 0;
 10791     0F85  3000               	movlw	0
 10792     0F86                     l97:
 10793     0F86  0008               	return
 10794     0F87                     __end_of_PN532_Init:
 10795                           
 10796                           	psect	text36
 10797     005D                     __ptext36:	
 10798 ;; *************** function _pn532_transact *****************
 10799 ;; Defined at:
 10800 ;;		line 138 in file "drivers/pn532.c"
 10801 ;; Parameters:    Size  Location     Type
 10802 ;;  cmd             1    wreg     unsigned char 
 10803 ;;  params          1   13[BANK0 ] PTR const unsigned char 
 10804 ;;		 -> ntag_read4pages@params(3), PN532_ReadPassiveTarget@params(2), NULL(0), PN532_Init@rfcfg(4), 
 10805 ;;		 -> PN532_Init@samcfg(3), 
 10806 ;;  paramLen        1   14[BANK0 ] unsigned char 
 10807 ;;  withWakeup      1   15[BANK0 ] _Bool 
 10808 ;;  out             1   16[BANK0 ] PTR unsigned char 
 10809 ;;		 -> ntag_read4pages@rsp(20), PN532_ReadPassiveTarget@rsp(24), PN532_Init@rsp(16), 
 10810 ;;  outMax          1   17[BANK0 ] unsigned char 
 10811 ;;  outLen          1   18[BANK0 ] PTR unsigned char 
 10812 ;;		 -> ntag_read4pages@rlen(1), PN532_ReadPassiveTarget@rlen(1), PN532_Init@rlen(1), 
 10813 ;; Auto vars:     Size  Location     Type
 10814 ;;  cmd             1   61[BANK1 ] unsigned char 
 10815 ;;  i               1   64[BANK1 ] unsigned char 
 10816 ;;  i               1   60[BANK1 ] unsigned char 
 10817 ;;  i               1   62[BANK1 ] unsigned char 
 10818 ;;  buffer         32    0[BANK1 ] unsigned char [32]
 10819 ;;  packet         21   32[BANK1 ] unsigned char [21]
 10820 ;;  frameSize       2   53[BANK1 ] unsigned short 
 10821 ;;  packetLen       1   70[BANK1 ] unsigned char 
 10822 ;;  start           1   69[BANK1 ] unsigned char 
 10823 ;;  len             1   68[BANK1 ] unsigned char 
 10824 ;;  dataStart       1   67[BANK1 ] unsigned char 
 10825 ;;  count           1   66[BANK1 ] unsigned char 
 10826 ;;  sum             1   65[BANK1 ] unsigned char 
 10827 ;;  paramOutLen     1   63[BANK1 ] unsigned char 
 10828 ;;  responseSum     1   59[BANK1 ] unsigned char 
 10829 ;;  dcsIndex        1   58[BANK1 ] unsigned char 
 10830 ;;  dataLen         1   57[BANK1 ] unsigned char 
 10831 ;;  postambleInd    1   56[BANK1 ] unsigned char 
 10832 ;;  lcs             1   55[BANK1 ] unsigned char 
 10833 ;; Return value:  Size  Location     Type
 10834 ;;                  1    wreg      _Bool 
 10835 ;; Registers used:
 10836 ;;		wreg, fsr0l, fsr0h, fsr1l, fsr1h, status,2, status,0, pclath, cstack
 10837 ;; Tracked objects:
 10838 ;;		On entry : 0/0
 10839 ;;		On exit  : 0/0
 10840 ;;		Unchanged: 0/0
 10841 ;; Data sizes:     COMMON   BANK0   BANK1   BANK2   BANK3   BANK4   BANK5   BANK6   BANK7   BANK8   BANK9  BANK10  BANK1
      +1  BANK12  BANK13  BANK14  BANK15  BANK16  BANK17  BANK18  BANK19  BANK20  BANK21  BANK22  BANK23  BANK24  BANK25
 10842 ;;      Params:         0       6       0       0       0       0       0       0       0       0       0       0       
      +0       0       0       0       0       0       0       0       0       0       0       0       0       0       0
 10843 ;;      Locals:         0       0      71       0       0       0       0       0       0       0       0       0       
      +0       0       0       0       0       0       0       0       0       0       0       0       0       0       0
 10844 ;;      Temps:          0       4       0       0       0       0       0       0       0       0       0       0       
      +0       0       0       0       0       0       0       0       0       0       0       0       0       0       0
 10845 ;;      Totals:         0      10      71       0       0       0       0       0       0       0       0       0       
      +0       0       0       0       0       0       0       0       0       0       0       0       0       0       0
 10846 ;;Total ram usage:       81 bytes
 10847 ;; Hardware stack levels used: 1
 10848 ;; Hardware stack levels required when called: 7
 10849 ;; This function calls:
 10850 ;;		_memcmp
 10851 ;;		_pn532_send_and_capture
 10852 ;; This function is called by:
 10853 ;;		_PN532_Init
 10854 ;;		_PN532_ReadPassiveTarget
 10855 ;;		_ntag_read4pages
 10856 ;; This function uses a non-reentrant model
 10857 ;;
 10858                           
 10859     005D                     _pn532_transact:	
 10860                           ;psect for function _pn532_transact
 10861                           
 10862                           
 10863                           ;incstack = 0
 10864                           ; Regs used in _pn532_transact: [wreg-fsr1h+status,2+status,0+pclath+cstack]
 10865                           ;pn532_transact@cmd stored from wreg
 10866     005D  0141               	movlb	1	; select bank1
 10867     005E  00DD               	movwf	pn532_transact@cmd^(0+128)
 10868     005F                     l4564:
 10869                           
 10870                           ;drivers/pn532.c: 139:     uint8_t cmd,;drivers/pn532.c: 140:     const uint8_t *params,
      +                          ;drivers/pn532.c: 141:     uint8_t paramLen,;drivers/pn532.c: 142:     _Bool withWakeup,
      +                          ;drivers/pn532.c: 143:     uint8_t *out,;drivers/pn532.c: 144:     uint8_t outMax,;drive
      +                          rs/pn532.c: 145:     uint8_t *outLen);drivers/pn532.c: 146: {;drivers/pn532.c: 147:     
      +                          if (paramLen > 7)
 10871     005F  3008               	movlw	8
 10872     0060  0140               	movlb	0	; select bank0
 10873     0061  022E               	subwf	pn532_transact@paramLen,w
 10874     0062  1C03               	skipc
 10875     0063  2865               	goto	u4181
 10876     0064  2866               	goto	u4180
 10877     0065                     u4181:
 10878     0065  2868               	goto	l4570
 10879     0066                     u4180:
 10880     0066                     l4566:
 10881                           
 10882                           ;drivers/pn532.c: 148:     {;drivers/pn532.c: 149:         return 0;
 10883     0066  3000               	movlw	0
 10884     0067  2A91               	goto	l63
 10885     0068                     l4570:
 10886                           
 10887                           ;drivers/pn532.c: 156:     uint8_t packet[21];;drivers/pn532.c: 157:     uint8_t packetL
      +                          en = 0;
 10888     0068  0141               	movlb	1	; select bank1
 10889     0069  01E6               	clrf	pn532_transact@packetLen^(0+128)
 10890     006A                     l4572:
 10891                           
 10892                           ;drivers/pn532.c: 159:     uint8_t dataLen = (uint8_t)(paramLen + 2);
 10893     006A  0140               	movlb	0	; select bank0
 10894     006B  082E               	movf	pn532_transact@paramLen,w
 10895     006C  3E02               	addlw	2
 10896     006D  0141               	movlb	1	; select bank1
 10897     006E  00D9               	movwf	pn532_transact@dataLen^(0+128)
 10898     006F                     l4574:
 10899                           
 10900                           ;drivers/pn532.c: 161:     if (withWakeup)
 10901     006F  0140               	movlb	0	; select bank0
 10902     0070  082F               	movf	pn532_transact@withWakeup,w
 10903     0071  1903               	btfsc	3,2
 10904     0072  2874               	goto	u4191
 10905     0073  2875               	goto	u4190
 10906     0074                     u4191:
 10907     0074  28AB               	goto	l4590
 10908     0075                     u4190:
 10909     0075                     l4576:
 10910                           
 10911                           ;drivers/pn532.c: 162:     {;drivers/pn532.c: 163:         packet[packetLen++] = 0x55;
 10912     0075  3055               	movlw	85
 10913     0076  0141               	movlb	1	; select bank1
 10914     0077  00C0               	movwf	pn532_transact@packet^(0+128)
 10915     0078                     l4578:
 10916     0078  3001               	movlw	1
 10917     0079  0140               	movlb	0	; select bank0
 10918     007A  00B3               	movwf	??_pn532_transact
 10919     007B  0833               	movf	??_pn532_transact,w
 10920     007C  0141               	movlb	1	; select bank1
 10921     007D  07E6               	addwf	pn532_transact@packetLen^(0+128),f
 10922     007E                     l4580:
 10923                           
 10924                           ;drivers/pn532.c: 164:         packet[packetLen++] = 0x55;
 10925     007E  0866               	movf	pn532_transact@packetLen^(0+128),w
 10926     007F  3EC0               	addlw	(low (pn532_transact@packet| 0))& (0+255)
 10927     0080  0086               	movwf	6
 10928     0081  0187               	clrf	7
 10929     0082  3055               	movlw	85
 10930     0083  0081               	movwf	1
 10931     0084  3001               	movlw	1
 10932     0085  0140               	movlb	0	; select bank0
 10933     0086  00B3               	movwf	??_pn532_transact
 10934     0087  0833               	movf	??_pn532_transact,w
 10935     0088  0141               	movlb	1	; select bank1
 10936     0089  07E6               	addwf	pn532_transact@packetLen^(0+128),f
 10937     008A                     l4582:
 10938                           
 10939                           ;drivers/pn532.c: 165:         packet[packetLen++] = 0x00;
 10940     008A  0866               	movf	pn532_transact@packetLen^(0+128),w
 10941     008B  3EC0               	addlw	(low (pn532_transact@packet| 0))& (0+255)
 10942     008C  0086               	movwf	6
 10943     008D  0187               	clrf	7
 10944     008E  0181               	clrf	1
 10945     008F                     l4584:
 10946     008F  3001               	movlw	1
 10947     0090  0140               	movlb	0	; select bank0
 10948     0091  00B3               	movwf	??_pn532_transact
 10949     0092  0833               	movf	??_pn532_transact,w
 10950     0093  0141               	movlb	1	; select bank1
 10951     0094  07E6               	addwf	pn532_transact@packetLen^(0+128),f
 10952                           
 10953                           ;drivers/pn532.c: 166:         packet[packetLen++] = 0x00;
 10954     0095  0866               	movf	pn532_transact@packetLen^(0+128),w
 10955     0096  3EC0               	addlw	(low (pn532_transact@packet| 0))& (0+255)
 10956     0097  0086               	movwf	6
 10957     0098  0187               	clrf	7
 10958     0099  0181               	clrf	1
 10959     009A                     l4586:
 10960     009A  3001               	movlw	1
 10961     009B  0140               	movlb	0	; select bank0
 10962     009C  00B3               	movwf	??_pn532_transact
 10963     009D  0833               	movf	??_pn532_transact,w
 10964     009E  0141               	movlb	1	; select bank1
 10965     009F  07E6               	addwf	pn532_transact@packetLen^(0+128),f
 10966     00A0                     l4588:
 10967                           
 10968                           ;drivers/pn532.c: 167:         packet[packetLen++] = 0x00;
 10969     00A0  0866               	movf	pn532_transact@packetLen^(0+128),w
 10970     00A1  3EC0               	addlw	(low (pn532_transact@packet| 0))& (0+255)
 10971     00A2  0086               	movwf	6
 10972     00A3  0187               	clrf	7
 10973     00A4  0181               	clrf	1
 10974     00A5  3001               	movlw	1
 10975     00A6  0140               	movlb	0	; select bank0
 10976     00A7  00B3               	movwf	??_pn532_transact
 10977     00A8  0833               	movf	??_pn532_transact,w
 10978     00A9  0141               	movlb	1	; select bank1
 10979     00AA  07E6               	addwf	pn532_transact@packetLen^(0+128),f
 10980     00AB                     l4590:
 10981                           
 10982                           ;drivers/pn532.c: 170:     packet[packetLen++] = 0x00;
 10983     00AB  0141               	movlb	1	; select bank1
 10984     00AC  0866               	movf	pn532_transact@packetLen^(0+128),w
 10985     00AD  3EC0               	addlw	(low (pn532_transact@packet| 0))& (0+255)
 10986     00AE  0086               	movwf	6
 10987     00AF  0187               	clrf	7
 10988     00B0  0181               	clrf	1
 10989     00B1                     l4592:
 10990     00B1  3001               	movlw	1
 10991     00B2  0140               	movlb	0	; select bank0
 10992     00B3  00B3               	movwf	??_pn532_transact
 10993     00B4  0833               	movf	??_pn532_transact,w
 10994     00B5  0141               	movlb	1	; select bank1
 10995     00B6  07E6               	addwf	pn532_transact@packetLen^(0+128),f
 10996                           
 10997                           ;drivers/pn532.c: 171:     packet[packetLen++] = 0x00;
 10998     00B7  0866               	movf	pn532_transact@packetLen^(0+128),w
 10999     00B8  3EC0               	addlw	(low (pn532_transact@packet| 0))& (0+255)
 11000     00B9  0086               	movwf	6
 11001     00BA  0187               	clrf	7
 11002     00BB  0181               	clrf	1
 11003     00BC                     l4594:
 11004     00BC  3001               	movlw	1
 11005     00BD  0140               	movlb	0	; select bank0
 11006     00BE  00B3               	movwf	??_pn532_transact
 11007     00BF  0833               	movf	??_pn532_transact,w
 11008     00C0  0141               	movlb	1	; select bank1
 11009     00C1  07E6               	addwf	pn532_transact@packetLen^(0+128),f
 11010     00C2                     l4596:
 11011                           
 11012                           ;drivers/pn532.c: 172:     packet[packetLen++] = 0xFF;
 11013     00C2  0866               	movf	pn532_transact@packetLen^(0+128),w
 11014     00C3  3EC0               	addlw	(low (pn532_transact@packet| 0))& (0+255)
 11015     00C4  0086               	movwf	6
 11016     00C5  0187               	clrf	7
 11017     00C6  30FF               	movlw	255
 11018     00C7  0081               	movwf	1
 11019     00C8  3001               	movlw	1
 11020     00C9  0140               	movlb	0	; select bank0
 11021     00CA  00B3               	movwf	??_pn532_transact
 11022     00CB  0833               	movf	??_pn532_transact,w
 11023     00CC  0141               	movlb	1	; select bank1
 11024     00CD  07E6               	addwf	pn532_transact@packetLen^(0+128),f
 11025     00CE                     l4598:
 11026                           
 11027                           ;drivers/pn532.c: 174:     packet[packetLen++] = dataLen;
 11028     00CE  0866               	movf	pn532_transact@packetLen^(0+128),w
 11029     00CF  3EC0               	addlw	(low (pn532_transact@packet| 0))& (0+255)
 11030     00D0  0086               	movwf	6
 11031     00D1  0187               	clrf	7
 11032     00D2  0859               	movf	pn532_transact@dataLen^(0+128),w
 11033     00D3  0081               	movwf	1
 11034     00D4                     l4600:
 11035     00D4  3001               	movlw	1
 11036     00D5  0140               	movlb	0	; select bank0
 11037     00D6  00B3               	movwf	??_pn532_transact
 11038     00D7  0833               	movf	??_pn532_transact,w
 11039     00D8  0141               	movlb	1	; select bank1
 11040     00D9  07E6               	addwf	pn532_transact@packetLen^(0+128),f
 11041                           
 11042                           ;drivers/pn532.c: 175:     packet[packetLen++] = (uint8_t)(0 - dataLen);
 11043     00DA  0866               	movf	pn532_transact@packetLen^(0+128),w
 11044     00DB  3EC0               	addlw	(low (pn532_transact@packet| 0))& (0+255)
 11045     00DC  0086               	movwf	6
 11046     00DD  0187               	clrf	7
 11047     00DE  0859               	movf	pn532_transact@dataLen^(0+128),w
 11048     00DF  3C00               	sublw	0
 11049     00E0  0081               	movwf	1
 11050     00E1                     l4602:
 11051     00E1  3001               	movlw	1
 11052     00E2  0140               	movlb	0	; select bank0
 11053     00E3  00B3               	movwf	??_pn532_transact
 11054     00E4  0833               	movf	??_pn532_transact,w
 11055     00E5  0141               	movlb	1	; select bank1
 11056     00E6  07E6               	addwf	pn532_transact@packetLen^(0+128),f
 11057     00E7                     l4604:
 11058                           
 11059                           ;drivers/pn532.c: 177:     uint8_t sum = 0xD4;
 11060     00E7  30D4               	movlw	212
 11061     00E8  00E1               	movwf	pn532_transact@sum^(0+128)
 11062     00E9                     l4606:
 11063                           
 11064                           ;drivers/pn532.c: 179:     packet[packetLen++] = 0xD4;
 11065     00E9  0866               	movf	pn532_transact@packetLen^(0+128),w
 11066     00EA  3EC0               	addlw	(low (pn532_transact@packet| 0))& (0+255)
 11067     00EB  0086               	movwf	6
 11068     00EC  0187               	clrf	7
 11069     00ED  30D4               	movlw	212
 11070     00EE  0081               	movwf	1
 11071     00EF                     l4608:
 11072     00EF  3001               	movlw	1
 11073     00F0  0140               	movlb	0	; select bank0
 11074     00F1  00B3               	movwf	??_pn532_transact
 11075     00F2  0833               	movf	??_pn532_transact,w
 11076     00F3  0141               	movlb	1	; select bank1
 11077     00F4  07E6               	addwf	pn532_transact@packetLen^(0+128),f
 11078     00F5                     l4610:
 11079                           
 11080                           ;drivers/pn532.c: 181:     packet[packetLen++] = cmd;
 11081     00F5  0866               	movf	pn532_transact@packetLen^(0+128),w
 11082     00F6  3EC0               	addlw	(low (pn532_transact@packet| 0))& (0+255)
 11083     00F7  0086               	movwf	6
 11084     00F8  0187               	clrf	7
 11085     00F9  085D               	movf	pn532_transact@cmd^(0+128),w
 11086     00FA  0081               	movwf	1
 11087     00FB                     l4612:
 11088     00FB  3001               	movlw	1
 11089     00FC  0140               	movlb	0	; select bank0
 11090     00FD  00B3               	movwf	??_pn532_transact
 11091     00FE  0833               	movf	??_pn532_transact,w
 11092     00FF  0141               	movlb	1	; select bank1
 11093     0100  07E6               	addwf	pn532_transact@packetLen^(0+128),f
 11094     0101                     l4614:
 11095                           
 11096                           ;drivers/pn532.c: 182:     sum = (uint8_t)(sum + cmd);
 11097     0101  0861               	movf	pn532_transact@sum^(0+128),w
 11098     0102  075D               	addwf	pn532_transact@cmd^(0+128),w
 11099     0103  00E1               	movwf	pn532_transact@sum^(0+128)
 11100     0104                     l4616:
 11101                           
 11102                           ;drivers/pn532.c: 184:     for (uint8_t i = 0; i < paramLen; i++)
 11103     0104  01DE               	clrf	pn532_transact@i^(0+128)
 11104     0105  2929               	goto	l4626
 11105     0106                     l4618:
 11106                           
 11107                           ;drivers/pn532.c: 185:     {;drivers/pn532.c: 186:         packet[packetLen++] = params[
      +                          i];
 11108     0106  0866               	movf	pn532_transact@packetLen^(0+128),w
 11109     0107  3EC0               	addlw	(low (pn532_transact@packet| 0))& (0+255)
 11110     0108  0086               	movwf	6
 11111     0109  0187               	clrf	7
 11112     010A  085E               	movf	pn532_transact@i^(0+128),w
 11113     010B  0140               	movlb	0	; select bank0
 11114     010C  072D               	addwf	pn532_transact@params,w
 11115     010D  00B3               	movwf	??_pn532_transact
 11116     010E  0833               	movf	??_pn532_transact,w
 11117     010F  0084               	movwf	4
 11118     0110  0185               	clrf	5
 11119     0111  0800               	movf	0,w
 11120     0112  0081               	movwf	1
 11121     0113                     l4620:
 11122     0113  3001               	movlw	1
 11123     0114  00B3               	movwf	??_pn532_transact
 11124     0115  0833               	movf	??_pn532_transact,w
 11125     0116  0141               	movlb	1	; select bank1
 11126     0117  07E6               	addwf	pn532_transact@packetLen^(0+128),f
 11127     0118                     l4622:
 11128                           
 11129                           ;drivers/pn532.c: 187:         sum = (uint8_t)(sum + params[i]);
 11130     0118  085E               	movf	pn532_transact@i^(0+128),w
 11131     0119  0140               	movlb	0	; select bank0
 11132     011A  072D               	addwf	pn532_transact@params,w
 11133     011B  00B3               	movwf	??_pn532_transact
 11134     011C  0833               	movf	??_pn532_transact,w
 11135     011D  0086               	movwf	6
 11136     011E  0187               	clrf	7
 11137     011F  0801               	movf	1,w
 11138     0120  0141               	movlb	1	; select bank1
 11139     0121  0761               	addwf	pn532_transact@sum^(0+128),w
 11140     0122  00E1               	movwf	pn532_transact@sum^(0+128)
 11141     0123                     l4624:
 11142                           
 11143                           ;drivers/pn532.c: 188:     }
 11144     0123  3001               	movlw	1
 11145     0124  0140               	movlb	0	; select bank0
 11146     0125  00B3               	movwf	??_pn532_transact
 11147     0126  0833               	movf	??_pn532_transact,w
 11148     0127  0141               	movlb	1	; select bank1
 11149     0128  07DE               	addwf	pn532_transact@i^(0+128),f
 11150     0129                     l4626:
 11151     0129  0140               	movlb	0	; select bank0
 11152     012A  082E               	movf	pn532_transact@paramLen,w
 11153     012B  0141               	movlb	1	; select bank1
 11154     012C  025E               	subwf	pn532_transact@i^(0+128),w
 11155     012D  1C03               	skipc
 11156     012E  2930               	goto	u4201
 11157     012F  2931               	goto	u4200
 11158     0130                     u4201:
 11159     0130  2906               	goto	l4618
 11160     0131                     u4200:
 11161     0131                     l4628:
 11162                           
 11163                           ;drivers/pn532.c: 190:     packet[packetLen++] = (uint8_t)(0 - sum);
 11164     0131  0866               	movf	pn532_transact@packetLen^(0+128),w
 11165     0132  3EC0               	addlw	(low (pn532_transact@packet| 0))& (0+255)
 11166     0133  0086               	movwf	6
 11167     0134  0187               	clrf	7
 11168     0135  0861               	movf	pn532_transact@sum^(0+128),w
 11169     0136  3C00               	sublw	0
 11170     0137  0081               	movwf	1
 11171     0138                     l4630:
 11172     0138  3001               	movlw	1
 11173     0139  0140               	movlb	0	; select bank0
 11174     013A  00B3               	movwf	??_pn532_transact
 11175     013B  0833               	movf	??_pn532_transact,w
 11176     013C  0141               	movlb	1	; select bank1
 11177     013D  07E6               	addwf	pn532_transact@packetLen^(0+128),f
 11178     013E                     l4632:
 11179                           
 11180                           ;drivers/pn532.c: 191:     packet[packetLen++] = 0x00;
 11181     013E  0866               	movf	pn532_transact@packetLen^(0+128),w
 11182     013F  3EC0               	addlw	(low (pn532_transact@packet| 0))& (0+255)
 11183     0140  0086               	movwf	6
 11184     0141  0187               	clrf	7
 11185     0142  0181               	clrf	1
 11186     0143  3001               	movlw	1
 11187     0144  0140               	movlb	0	; select bank0
 11188     0145  00B3               	movwf	??_pn532_transact
 11189     0146  0833               	movf	??_pn532_transact,w
 11190     0147  0141               	movlb	1	; select bank1
 11191     0148  07E6               	addwf	pn532_transact@packetLen^(0+128),f
 11192     0149                     l4634:
 11193                           
 11194                           ;drivers/pn532.c: 197:     uint8_t buffer[32];;drivers/pn532.c: 199:     uint8_t count =
      +                           pn532_send_and_capture(
 11195     0149  0866               	movf	pn532_transact@packetLen^(0+128),w
 11196     014A  0140               	movlb	0	; select bank0
 11197     014B  00A0               	movwf	pn532_send_and_capture@packetLen
 11198     014C  30A0               	movlw	(low (pn532_transact@buffer| 0))& (0+255)
 11199     014D  00A1               	movwf	pn532_send_and_capture@buffer
 11200     014E  3020               	movlw	32
 11201     014F  00A2               	movwf	pn532_send_and_capture@bufferSize
 11202     0150  30E8               	movlw	232
 11203     0151  00A3               	movwf	pn532_send_and_capture@firstByteTimeoutMs
 11204     0152  3003               	movlw	3
 11205     0153  00A4               	movwf	pn532_send_and_capture@firstByteTimeoutMs+1
 11206     0154  30C0               	movlw	(low (pn532_transact@packet| 0))& (0+255)
 11207     0155  3186  262D  3180   	fcall	_pn532_send_and_capture
 11208     0158  0141               	movlb	1	; select bank1
 11209     0159  00E2               	movwf	pn532_transact@count^(0+128)
 11210     015A                     l4636:
 11211                           
 11212                           ;drivers/pn532.c: 211:     static const uint8_t expectedAck[6] =;drivers/pn532.c: 217:  
      +                             if (count < 6)
 11213     015A  3006               	movlw	6
 11214     015B  0262               	subwf	pn532_transact@count^(0+128),w
 11215     015C  1803               	skipnc
 11216     015D  295F               	goto	u4211
 11217     015E  2960               	goto	u4210
 11218     015F                     u4211:
 11219     015F  2961               	goto	l4642
 11220     0160                     u4210:
 11221     0160  2866               	goto	l4566
 11222     0161                     l4642:
 11223                           
 11224                           ;drivers/pn532.c: 222:     if (memcmp(buffer, expectedAck, 6) != 0)
 11225     0161  30A0               	movlw	low pn532_transact@buffer
 11226     0162  0140               	movlb	0	; select bank0
 11227     0163  00A0               	movwf	memcmp@vl
 11228     0164  3000               	movlw	high pn532_transact@buffer
 11229     0165  00A1               	movwf	memcmp@vl+1
 11230     0166  3070               	movlw	low (pn532_transact@expectedAck| (0+32768))
 11231     0167  00A2               	movwf	memcmp@vr
 11232     0168  3090               	movlw	high (pn532_transact@expectedAck| (0+32768))
 11233     0169  00A3               	movwf	memcmp@vr+1
 11234     016A  3006               	movlw	6
 11235     016B  00A4               	movwf	memcmp@n
 11236     016C  3000               	movlw	0
 11237     016D  00A5               	movwf	memcmp@n+1
 11238     016E  318C  248F  3180   	fcall	_memcmp
 11239     0171  0140               	movlb	0	; select bank0
 11240     0172  0820               	movf	?_memcmp,w
 11241     0173  0421               	iorwf	?_memcmp+1,w
 11242     0174  1903               	btfsc	3,2
 11243     0175  2977               	goto	u4221
 11244     0176  2978               	goto	u4220
 11245     0177                     u4221:
 11246     0177  2979               	goto	l4648
 11247     0178                     u4220:
 11248     0178  2866               	goto	l4566
 11249     0179                     l4648:
 11250                           
 11251                           ;drivers/pn532.c: 231:     uint8_t start = 6;
 11252     0179  3006               	movlw	6
 11253     017A  0141               	movlb	1	; select bank1
 11254     017B  00E5               	movwf	pn532_transact@start^(0+128)
 11255                           
 11256                           ;drivers/pn532.c: 233:     while ((uint8_t)(start + 2) < count)
 11257     017C  29A2               	goto	l72
 11258     017D                     l4650:
 11259                           
 11260                           ;drivers/pn532.c: 234:     {;drivers/pn532.c: 235:         if (buffer[start] == 0x00 &&
 11261     017D  0141               	movlb	1	; select bank1
 11262     017E  0865               	movf	pn532_transact@start^(0+128),w
 11263     017F  3EA0               	addlw	(low (pn532_transact@buffer| 0))& (0+255)
 11264     0180  0086               	movwf	6
 11265     0181  0187               	clrf	7
 11266     0182  0801               	movf	1,w
 11267     0183  1D03               	btfss	3,2
 11268     0184  2986               	goto	u4231
 11269     0185  2987               	goto	u4230
 11270     0186                     u4231:
 11271     0186  299C               	goto	l4658
 11272     0187                     u4230:
 11273     0187                     l4652:
 11274     0187  0865               	movf	pn532_transact@start^(0+128),w
 11275     0188  3E01               	addlw	1
 11276     0189  3EA0               	addlw	(low (pn532_transact@buffer| 0))& (0+255)
 11277     018A  0086               	movwf	6
 11278     018B  0187               	clrf	7
 11279     018C  0801               	movf	1,w
 11280     018D  1D03               	btfss	3,2
 11281     018E  2990               	goto	u4241
 11282     018F  2991               	goto	u4240
 11283     0190                     u4241:
 11284     0190  299C               	goto	l4658
 11285     0191                     u4240:
 11286     0191                     l4654:
 11287     0191  0865               	movf	pn532_transact@start^(0+128),w
 11288     0192  3E02               	addlw	2
 11289     0193  3EA0               	addlw	(low (pn532_transact@buffer| 0))& (0+255)
 11290     0194  0086               	movwf	6
 11291     0195  0187               	clrf	7
 11292     0196  0A01               	incf	1,w
 11293     0197  1D03               	btfss	3,2
 11294     0198  299A               	goto	u4251
 11295     0199  299B               	goto	u4250
 11296     019A                     u4251:
 11297     019A  299C               	goto	l4658
 11298     019B                     u4250:
 11299     019B  29AE               	goto	l4660
 11300     019C                     l4658:
 11301                           
 11302                           ;drivers/pn532.c: 242:         start++;
 11303     019C  3001               	movlw	1
 11304     019D  0140               	movlb	0	; select bank0
 11305     019E  00B3               	movwf	??_pn532_transact
 11306     019F  0833               	movf	??_pn532_transact,w
 11307     01A0  0141               	movlb	1	; select bank1
 11308     01A1  07E5               	addwf	pn532_transact@start^(0+128),f
 11309     01A2                     l72:	
 11310                           ;drivers/pn532.c: 243:     }
 11311                           
 11312                           
 11313                           ;drivers/pn532.c: 233:     while ((uint8_t)(start + 2) < count)
 11314     01A2  3002               	movlw	2
 11315     01A3  0765               	addwf	pn532_transact@start^(0+128),w
 11316     01A4  0140               	movlb	0	; select bank0
 11317     01A5  00B3               	movwf	??_pn532_transact
 11318     01A6  0141               	movlb	1	; select bank1
 11319     01A7  0862               	movf	pn532_transact@count^(0+128),w
 11320     01A8  0140               	movlb	0	; select bank0
 11321     01A9  0233               	subwf	??_pn532_transact,w
 11322     01AA  1C03               	skipc
 11323     01AB  29AD               	goto	u4261
 11324     01AC  29AE               	goto	u4260
 11325     01AD                     u4261:
 11326     01AD  297D               	goto	l4650
 11327     01AE                     u4260:
 11328     01AE                     l4660:
 11329                           
 11330                           ;drivers/pn532.c: 245:     if ((uint8_t)(start + 2) >= count)
 11331     01AE  3002               	movlw	2
 11332     01AF  0141               	movlb	1	; select bank1
 11333     01B0  0765               	addwf	pn532_transact@start^(0+128),w
 11334     01B1  0140               	movlb	0	; select bank0
 11335     01B2  00B3               	movwf	??_pn532_transact
 11336     01B3  0141               	movlb	1	; select bank1
 11337     01B4  0862               	movf	pn532_transact@count^(0+128),w
 11338     01B5  0140               	movlb	0	; select bank0
 11339     01B6  0233               	subwf	??_pn532_transact,w
 11340     01B7  1C03               	skipc
 11341     01B8  29BA               	goto	u4271
 11342     01B9  29BB               	goto	u4270
 11343     01BA                     u4271:
 11344     01BA  29BC               	goto	l4666
 11345     01BB                     u4270:
 11346     01BB  2866               	goto	l4566
 11347     01BC                     l4666:
 11348                           
 11349                           ;drivers/pn532.c: 254:     if ((uint8_t)(start + 5) > count)
 11350     01BC  0141               	movlb	1	; select bank1
 11351     01BD  0865               	movf	pn532_transact@start^(0+128),w
 11352     01BE  3E05               	addlw	5
 11353     01BF  0262               	subwf	pn532_transact@count^(0+128),w
 11354     01C0  1803               	skipnc
 11355     01C1  29C3               	goto	u4281
 11356     01C2  29C4               	goto	u4280
 11357     01C3                     u4281:
 11358     01C3  29C5               	goto	l4672
 11359     01C4                     u4280:
 11360     01C4  2866               	goto	l4566
 11361     01C5                     l4672:
 11362                           
 11363                           ;drivers/pn532.c: 259:     uint8_t len = buffer[start + 3];
 11364     01C5  0865               	movf	pn532_transact@start^(0+128),w
 11365     01C6  3E03               	addlw	3
 11366     01C7  3EA0               	addlw	(low (pn532_transact@buffer| 0))& (0+255)
 11367     01C8  0086               	movwf	6
 11368     01C9  0187               	clrf	7
 11369     01CA  0801               	movf	1,w
 11370     01CB  00E4               	movwf	pn532_transact@len^(0+128)
 11371                           
 11372                           ;drivers/pn532.c: 260:     uint8_t lcs = buffer[start + 4];
 11373     01CC  0865               	movf	pn532_transact@start^(0+128),w
 11374     01CD  3E04               	addlw	4
 11375     01CE  3EA0               	addlw	(low (pn532_transact@buffer| 0))& (0+255)
 11376     01CF  0086               	movwf	6
 11377     01D0  0187               	clrf	7
 11378     01D1  0801               	movf	1,w
 11379     01D2  00D7               	movwf	pn532_transact@lcs^(0+128)
 11380     01D3                     l4674:
 11381                           
 11382                           ;drivers/pn532.c: 262:     if ((uint8_t)(len + lcs) != 0)
 11383     01D3  0864               	movf	pn532_transact@len^(0+128),w
 11384     01D4  0757               	addwf	pn532_transact@lcs^(0+128),w
 11385     01D5  1903               	btfsc	3,2
 11386     01D6  29D8               	goto	u4291
 11387     01D7  29D9               	goto	u4290
 11388     01D8                     u4291:
 11389     01D8  29DA               	goto	l4680
 11390     01D9                     u4290:
 11391     01D9  2866               	goto	l4566
 11392     01DA                     l4680:
 11393                           
 11394                           ;drivers/pn532.c: 267:     if (len < 2)
 11395     01DA  3002               	movlw	2
 11396     01DB  0264               	subwf	pn532_transact@len^(0+128),w
 11397     01DC  1803               	skipnc
 11398     01DD  29DF               	goto	u4301
 11399     01DE  29E0               	goto	u4300
 11400     01DF                     u4301:
 11401     01DF  29E1               	goto	l4686
 11402     01E0                     u4300:
 11403     01E0  2866               	goto	l4566
 11404     01E1                     l4686:
 11405                           
 11406                           ;drivers/pn532.c: 283:     uint16_t frameSize = (uint16_t)len + 7;
 11407     01E1  0864               	movf	pn532_transact@len^(0+128),w
 11408     01E2  3E07               	addlw	7
 11409     01E3  00D5               	movwf	pn532_transact@frameSize^(0+128)
 11410     01E4  3000               	movlw	0
 11411     01E5  1803               	skipnc
 11412     01E6  3001               	movlw	1
 11413     01E7  00D6               	movwf	(pn532_transact@frameSize^(0+128)+1)
 11414                           
 11415                           ;drivers/pn532.c: 285:     if ((uint16_t)start + frameSize > count)
 11416     01E8  0865               	movf	pn532_transact@start^(0+128),w
 11417     01E9  0755               	addwf	pn532_transact@frameSize^(0+128),w
 11418     01EA  0140               	movlb	0	; select bank0
 11419     01EB  00B3               	movwf	??_pn532_transact
 11420     01EC  0141               	movlb	1	; select bank1
 11421     01ED  0856               	movf	(pn532_transact@frameSize+1)^(0+128),w
 11422     01EE  1803               	skipnc
 11423     01EF  0A56               	incf	(pn532_transact@frameSize+1)^(0+128),w
 11424     01F0  0140               	movlb	0	; select bank0
 11425     01F1  00B4               	movwf	??_pn532_transact+1
 11426     01F2  0141               	movlb	1	; select bank1
 11427     01F3  0862               	movf	pn532_transact@count^(0+128),w
 11428     01F4  0140               	movlb	0	; select bank0
 11429     01F5  00B5               	movwf	??_pn532_transact+2
 11430     01F6  01B6               	clrf	??_pn532_transact+3
 11431     01F7  0834               	movf	??_pn532_transact+1,w
 11432     01F8  0236               	subwf	??_pn532_transact+3,w
 11433     01F9  1D03               	skipz
 11434     01FA  29FD               	goto	u4315
 11435     01FB  0833               	movf	??_pn532_transact,w
 11436     01FC  0235               	subwf	??_pn532_transact+2,w
 11437     01FD                     u4315:
 11438     01FD  1803               	skipnc
 11439     01FE  2A00               	goto	u4311
 11440     01FF  2A01               	goto	u4310
 11441     0200                     u4311:
 11442     0200  2A02               	goto	l4692
 11443     0201                     u4310:
 11444     0201  2866               	goto	l4566
 11445     0202                     l4692:
 11446                           
 11447                           ;drivers/pn532.c: 290:     uint8_t dataStart = (uint8_t)(start + 5);
 11448     0202  0141               	movlb	1	; select bank1
 11449     0203  0865               	movf	pn532_transact@start^(0+128),w
 11450     0204  3E05               	addlw	5
 11451     0205  00E3               	movwf	pn532_transact@dataStart^(0+128)
 11452     0206                     l4694:
 11453                           
 11454                           ;drivers/pn532.c: 296:     if (buffer[dataStart] != 0xD5)
 11455     0206  0863               	movf	pn532_transact@dataStart^(0+128),w
 11456     0207  3EA0               	addlw	(low (pn532_transact@buffer| 0))& (0+255)
 11457     0208  0086               	movwf	6
 11458     0209  0187               	clrf	7
 11459     020A  30D5               	movlw	213
 11460     020B  0601               	xorwf	1,w
 11461     020C  1903               	btfsc	3,2
 11462     020D  2A0F               	goto	u4321
 11463     020E  2A10               	goto	u4320
 11464     020F                     u4321:
 11465     020F  2A11               	goto	l4700
 11466     0210                     u4320:
 11467     0210  2866               	goto	l4566
 11468     0211                     l4700:
 11469                           
 11470                           ;drivers/pn532.c: 301:     if (buffer[dataStart + 1] != (uint8_t)(cmd + 1))
 11471     0211  0863               	movf	pn532_transact@dataStart^(0+128),w
 11472     0212  3E01               	addlw	1
 11473     0213  3EA0               	addlw	(low (pn532_transact@buffer| 0))& (0+255)
 11474     0214  0086               	movwf	6
 11475     0215  0187               	clrf	7
 11476     0216  0A5D               	incf	pn532_transact@cmd^(0+128),w
 11477     0217  0601               	xorwf	1,w
 11478     0218  1903               	skipnz
 11479     0219  2A1B               	goto	u4331
 11480     021A  2A1C               	goto	u4330
 11481     021B                     u4331:
 11482     021B  2A1D               	goto	l4706
 11483     021C                     u4330:
 11484     021C  2866               	goto	l4566
 11485     021D                     l4706:
 11486                           
 11487                           ;drivers/pn532.c: 310:     uint8_t responseSum = 0;
 11488     021D  01DB               	clrf	pn532_transact@responseSum^(0+128)
 11489                           
 11490                           ;drivers/pn532.c: 312:     for (uint8_t i = 0; i < len; i++)
 11491     021E  01DC               	clrf	pn532_transact@i_131^(0+128)
 11492     021F  2A36               	goto	l4712
 11493     0220                     l4708:
 11494                           
 11495                           ;drivers/pn532.c: 313:     {;drivers/pn532.c: 314:         responseSum =
 11496     0220  30A0               	movlw	(low (pn532_transact@buffer| 0))& (0+255)
 11497     0221  075C               	addwf	pn532_transact@i_131^(0+128),w
 11498     0222  0140               	movlb	0	; select bank0
 11499     0223  00B3               	movwf	??_pn532_transact
 11500     0224  0141               	movlb	1	; select bank1
 11501     0225  0863               	movf	pn532_transact@dataStart^(0+128),w
 11502     0226  0140               	movlb	0	; select bank0
 11503     0227  0733               	addwf	??_pn532_transact,w
 11504     0228  00B4               	movwf	??_pn532_transact+1
 11505     0229  0834               	movf	??_pn532_transact+1,w
 11506     022A  0086               	movwf	6
 11507     022B  0187               	clrf	7
 11508     022C  0801               	movf	1,w
 11509     022D  0141               	movlb	1	; select bank1
 11510     022E  075B               	addwf	pn532_transact@responseSum^(0+128),w
 11511     022F  00DB               	movwf	pn532_transact@responseSum^(0+128)
 11512     0230                     l4710:
 11513                           
 11514                           ;drivers/pn532.c: 316:     }
 11515     0230  3001               	movlw	1
 11516     0231  0140               	movlb	0	; select bank0
 11517     0232  00B3               	movwf	??_pn532_transact
 11518     0233  0833               	movf	??_pn532_transact,w
 11519     0234  0141               	movlb	1	; select bank1
 11520     0235  07DC               	addwf	pn532_transact@i_131^(0+128),f
 11521     0236                     l4712:
 11522     0236  0864               	movf	pn532_transact@len^(0+128),w
 11523     0237  025C               	subwf	pn532_transact@i_131^(0+128),w
 11524     0238  1C03               	skipc
 11525     0239  2A3B               	goto	u4341
 11526     023A  2A3C               	goto	u4340
 11527     023B                     u4341:
 11528     023B  2A20               	goto	l4708
 11529     023C                     u4340:
 11530     023C                     l4714:
 11531                           
 11532                           ;drivers/pn532.c: 318:     uint8_t dcsIndex =
 11533     023C  0863               	movf	pn532_transact@dataStart^(0+128),w
 11534     023D  0764               	addwf	pn532_transact@len^(0+128),w
 11535     023E  00DA               	movwf	pn532_transact@dcsIndex^(0+128)
 11536     023F                     l4716:
 11537                           
 11538                           ;drivers/pn532.c: 321:     if ((uint8_t)(responseSum + buffer[dcsIndex]) != 0)
 11539     023F  085A               	movf	pn532_transact@dcsIndex^(0+128),w
 11540     0240  3EA0               	addlw	(low (pn532_transact@buffer| 0))& (0+255)
 11541     0241  0086               	movwf	6
 11542     0242  0187               	clrf	7
 11543     0243  0801               	movf	1,w
 11544     0244  075B               	addwf	pn532_transact@responseSum^(0+128),w
 11545     0245  1903               	btfsc	3,2
 11546     0246  2A48               	goto	u4351
 11547     0247  2A49               	goto	u4350
 11548     0248                     u4351:
 11549     0248  2A4A               	goto	l4722
 11550     0249                     u4350:
 11551     0249  2866               	goto	l4566
 11552     024A                     l4722:
 11553                           
 11554                           ;drivers/pn532.c: 330:     uint8_t postambleIndex =
 11555     024A  085A               	movf	pn532_transact@dcsIndex^(0+128),w
 11556     024B  3E01               	addlw	1
 11557     024C  00D8               	movwf	pn532_transact@postambleIndex^(0+128)
 11558     024D                     l4724:
 11559                           
 11560                           ;drivers/pn532.c: 333:     if (buffer[postambleIndex] != 0x00)
 11561     024D  0858               	movf	pn532_transact@postambleIndex^(0+128),w
 11562     024E  3EA0               	addlw	(low (pn532_transact@buffer| 0))& (0+255)
 11563     024F  0086               	movwf	6
 11564     0250  0187               	clrf	7
 11565     0251  0801               	movf	1,w
 11566     0252  1903               	btfsc	3,2
 11567     0253  2A55               	goto	u4361
 11568     0254  2A56               	goto	u4360
 11569     0255                     u4361:
 11570     0255  2A57               	goto	l4730
 11571     0256                     u4360:
 11572     0256  2866               	goto	l4566
 11573     0257                     l4730:
 11574                           
 11575                           ;drivers/pn532.c: 342:     uint8_t paramOutLen =
 11576     0257  0864               	movf	pn532_transact@len^(0+128),w
 11577     0258  3EFE               	addlw	254
 11578     0259  00DF               	movwf	pn532_transact@paramOutLen^(0+128)
 11579     025A                     l4732:
 11580                           
 11581                           ;drivers/pn532.c: 345:     if (paramOutLen > outMax)
 11582     025A  085F               	movf	pn532_transact@paramOutLen^(0+128),w
 11583     025B  0140               	movlb	0	; select bank0
 11584     025C  0231               	subwf	pn532_transact@outMax,w
 11585     025D  1803               	skipnc
 11586     025E  2A60               	goto	u4371
 11587     025F  2A61               	goto	u4370
 11588     0260                     u4371:
 11589     0260  2A64               	goto	l4736
 11590     0261                     u4370:
 11591     0261                     l4734:
 11592                           
 11593                           ;drivers/pn532.c: 346:     {;drivers/pn532.c: 347:         paramOutLen = outMax;
 11594     0261  0831               	movf	pn532_transact@outMax,w
 11595     0262  0141               	movlb	1	; select bank1
 11596     0263  00DF               	movwf	pn532_transact@paramOutLen^(0+128)
 11597     0264                     l4736:
 11598                           
 11599                           ;drivers/pn532.c: 350:     for (uint8_t i = 0; i < paramOutLen; i++)
 11600     0264  0141               	movlb	1	; select bank1
 11601     0265  01E0               	clrf	pn532_transact@i_135^(0+128)
 11602     0266  2A83               	goto	l4742
 11603     0267                     l4738:
 11604                           
 11605                           ;drivers/pn532.c: 351:     {;drivers/pn532.c: 352:         out[i] = buffer[dataStart + 2
      +                           + i];
 11606     0267  0860               	movf	pn532_transact@i_135^(0+128),w
 11607     0268  0140               	movlb	0	; select bank0
 11608     0269  0730               	addwf	pn532_transact@out,w
 11609     026A  00B3               	movwf	??_pn532_transact
 11610     026B  0833               	movf	??_pn532_transact,w
 11611     026C  0086               	movwf	6
 11612     026D  0187               	clrf	7
 11613     026E  30A0               	movlw	(low (pn532_transact@buffer| 0))& (0+255)
 11614     026F  0141               	movlb	1	; select bank1
 11615     0270  0760               	addwf	pn532_transact@i_135^(0+128),w
 11616     0271  0140               	movlb	0	; select bank0
 11617     0272  00B4               	movwf	??_pn532_transact+1
 11618     0273  0141               	movlb	1	; select bank1
 11619     0274  0863               	movf	pn532_transact@dataStart^(0+128),w
 11620     0275  0140               	movlb	0	; select bank0
 11621     0276  0734               	addwf	??_pn532_transact+1,w
 11622     0277  00B5               	movwf	??_pn532_transact+2
 11623     0278  0835               	movf	??_pn532_transact+2,w
 11624     0279  3E02               	addlw	2
 11625     027A  0084               	movwf	4
 11626     027B  0185               	clrf	5
 11627     027C  0800               	movf	0,w
 11628     027D  0081               	movwf	1
 11629     027E                     l4740:
 11630                           
 11631                           ;drivers/pn532.c: 353:     }
 11632     027E  3001               	movlw	1
 11633     027F  00B3               	movwf	??_pn532_transact
 11634     0280  0833               	movf	??_pn532_transact,w
 11635     0281  0141               	movlb	1	; select bank1
 11636     0282  07E0               	addwf	pn532_transact@i_135^(0+128),f
 11637     0283                     l4742:
 11638     0283  085F               	movf	pn532_transact@paramOutLen^(0+128),w
 11639     0284  0260               	subwf	pn532_transact@i_135^(0+128),w
 11640     0285  1C03               	skipc
 11641     0286  2A88               	goto	u4381
 11642     0287  2A89               	goto	u4380
 11643     0288                     u4381:
 11644     0288  2A67               	goto	l4738
 11645     0289                     u4380:
 11646     0289                     l4744:
 11647                           
 11648                           ;drivers/pn532.c: 355:     *outLen = paramOutLen;
 11649     0289  0140               	movlb	0	; select bank0
 11650     028A  0832               	movf	pn532_transact@outLen,w
 11651     028B  0086               	movwf	6
 11652     028C  0187               	clrf	7
 11653     028D  0141               	movlb	1	; select bank1
 11654     028E  085F               	movf	pn532_transact@paramOutLen^(0+128),w
 11655     028F  0081               	movwf	1
 11656     0290                     l4746:
 11657                           
 11658                           ;drivers/pn532.c: 357:     return 1;
 11659     0290  3001               	movlw	1
 11660     0291                     l63:
 11661     0291  0008               	return
 11662     0292                     __end_of_pn532_transact:
 11663                           
 11664                           	psect	text37
 11665     062D                     __ptext37:	
 11666 ;; *************** function _pn532_send_and_capture *****************
 11667 ;; Defined at:
 11668 ;;		line 62 in file "drivers/pn532.c"
 11669 ;; Parameters:    Size  Location     Type
 11670 ;;  packet          1    wreg     PTR const unsigned char 
 11671 ;;		 -> pn532_transact@packet(21), 
 11672 ;;  packetLen       1    0[BANK0 ] unsigned char 
 11673 ;;  buffer          1    1[BANK0 ] PTR unsigned char 
 11674 ;;		 -> pn532_transact@buffer(32), 
 11675 ;;  bufferSize      1    2[BANK0 ] unsigned char 
 11676 ;;  firstByteTim    2    3[BANK0 ] unsigned short 
 11677 ;; Auto vars:     Size  Location     Type
 11678 ;;  packet          1    5[BANK0 ] PTR const unsigned char 
 11679 ;;		 -> pn532_transact@packet(21), 
 11680 ;;  i               1   11[BANK0 ] unsigned char 
 11681 ;;  idleCounter     2    9[BANK0 ] unsigned short 
 11682 ;;  firstByteCou    2    6[BANK0 ] unsigned short 
 11683 ;;  count           1   12[BANK0 ] unsigned char 
 11684 ;;  receivedAnyt    1    8[BANK0 ] _Bool 
 11685 ;; Return value:  Size  Location     Type
 11686 ;;                  1    wreg      unsigned char 
 11687 ;; Registers used:
 11688 ;;		wreg, fsr1l, fsr1h, status,2, status,0, pclath, cstack
 11689 ;; Tracked objects:
 11690 ;;		On entry : 0/0
 11691 ;;		On exit  : 0/0
 11692 ;;		Unchanged: 0/0
 11693 ;; Data sizes:     COMMON   BANK0   BANK1   BANK2   BANK3   BANK4   BANK5   BANK6   BANK7   BANK8   BANK9  BANK10  BANK1
      +1  BANK12  BANK13  BANK14  BANK15  BANK16  BANK17  BANK18  BANK19  BANK20  BANK21  BANK22  BANK23  BANK24  BANK25
 11694 ;;      Params:         0       5       0       0       0       0       0       0       0       0       0       0       
      +0       0       0       0       0       0       0       0       0       0       0       0       0       0       0
 11695 ;;      Locals:         0       8       0       0       0       0       0       0       0       0       0       0       
      +0       0       0       0       0       0       0       0       0       0       0       0       0       0       0
 11696 ;;      Temps:          1       0       0       0       0       0       0       0       0       0       0       0       
      +0       0       0       0       0       0       0       0       0       0       0       0       0       0       0
 11697 ;;      Totals:         1      13       0       0       0       0       0       0       0       0       0       0       
      +0       0       0       0       0       0       0       0       0       0       0       0       0       0       0
 11698 ;;Total ram usage:       14 bytes
 11699 ;; Hardware stack levels used: 1
 11700 ;; Hardware stack levels required when called: 6
 11701 ;; This function calls:
 11702 ;;		_EUSART2_IsRxReady
 11703 ;;		_EUSART2_IsTxDone
 11704 ;;		_EUSART2_IsTxReady
 11705 ;;		_EUSART2_Read
 11706 ;;		_EUSART2_Write
 11707 ;; This function is called by:
 11708 ;;		_pn532_transact
 11709 ;; This function uses a non-reentrant model
 11710 ;;
 11711                           
 11712     062D                     _pn532_send_and_capture:	
 11713                           ;psect for function _pn532_send_and_capture
 11714                           
 11715                           
 11716                           ;incstack = 0
 11717                           ; Regs used in _pn532_send_and_capture: [wreg+fsr1l+fsr1h+status,2+status,0+pclath+cstac
      +                          k]
 11718                           ;pn532_send_and_capture@packet stored from wreg
 11719     062D  0140               	movlb	0	; select bank0
 11720     062E  00A5               	movwf	pn532_send_and_capture@packet
 11721     062F                     l4478:
 11722                           
 11723                           ;drivers/pn532.c: 63:     const uint8_t *packet,;drivers/pn532.c: 64:     uint8_t packet
      +                          Len,;drivers/pn532.c: 65:     uint8_t *buffer,;drivers/pn532.c: 66:     uint8_t bufferSi
      +                          ze,;drivers/pn532.c: 67:     uint16_t firstByteTimeoutMs);drivers/pn532.c: 68: {;drivers
      +                          /pn532.c: 69:     uint8_t count = 0;
 11724     062F  01AC               	clrf	pn532_send_and_capture@count
 11725                           
 11726                           ;drivers/pn532.c: 70:     uint16_t idleCounter = 0;
 11727     0630  01A9               	clrf	pn532_send_and_capture@idleCounter
 11728     0631  01AA               	clrf	pn532_send_and_capture@idleCounter+1
 11729                           
 11730                           ;drivers/pn532.c: 71:     uint16_t firstByteCounter = 0;
 11731     0632  01A6               	clrf	pn532_send_and_capture@firstByteCounter
 11732     0633  01A7               	clrf	pn532_send_and_capture@firstByteCounter+1
 11733                           
 11734                           ;drivers/pn532.c: 72:     _Bool receivedAnything = 0;
 11735     0634  01A8               	clrf	pn532_send_and_capture@receivedAnything
 11736     0635                     l4480:
 11737                           
 11738                           ;drivers/pn532.c: 75:     if (RC2STAbits.OERR)
 11739     0635  014C               	movlb	12	; select bank12
 11740     0636  1C9A               	btfss	26,1	;volatile
 11741     0637  2E39               	goto	u4021
 11742     0638  2E3A               	goto	u4020
 11743     0639                     u4021:
 11744     0639  2E40               	goto	l38
 11745     063A                     u4020:
 11746     063A                     l4482:
 11747                           
 11748                           ;drivers/pn532.c: 76:     {;drivers/pn532.c: 77:         RC2STAbits.CREN = 0;
 11749     063A  121A               	bcf	26,4	;volatile
 11750                           
 11751                           ;drivers/pn532.c: 78:         RC2STAbits.CREN = 1;
 11752     063B  161A               	bsf	26,4	;volatile
 11753     063C  2E40               	goto	l38
 11754     063D                     l4484:
 11755                           
 11756                           ;drivers/pn532.c: 83:     {;drivers/pn532.c: 84:         (void)EUSART2_Read();
 11757     063D  318B  23A6  3186   	fcall	_EUSART2_Read
 11758     0640                     l38:	
 11759                           ;drivers/pn532.c: 85:     }
 11760                           
 11761                           
 11762                           ;drivers/pn532.c: 82:     while (EUSART2_IsRxReady())
 11763     0640  3187  27FB  3186   	fcall	_EUSART2_IsRxReady
 11764     0643  3A00               	xorlw	0
 11765     0644  1D03               	skipz
 11766     0645  2E47               	goto	u4031
 11767     0646  2E48               	goto	u4030
 11768     0647                     u4031:
 11769     0647  2E3D               	goto	l4484
 11770     0648                     u4030:
 11771     0648                     l4486:
 11772                           
 11773                           ;drivers/pn532.c: 88:     for (uint8_t i = 0; i < packetLen; i++)
 11774     0648  0140               	movlb	0	; select bank0
 11775     0649  01AB               	clrf	pn532_send_and_capture@i
 11776     064A  2E64               	goto	l4494
 11777     064B                     l4488:
 11778                           
 11779                           ;drivers/pn532.c: 90:         while (!EUSART2_IsTxReady())
 11780     064B  318A  2200  3186   	fcall	_EUSART2_IsTxReady
 11781     064E  3A00               	xorlw	0
 11782     064F  1903               	skipnz
 11783     0650  2E52               	goto	u4041
 11784     0651  2E53               	goto	u4040
 11785     0652                     u4041:
 11786     0652  2E4B               	goto	l4488
 11787     0653                     u4040:
 11788     0653                     l4490:
 11789                           
 11790                           ;drivers/pn532.c: 94:         EUSART2_Write(packet[i]);
 11791     0653  0140               	movlb	0	; select bank0
 11792     0654  082B               	movf	pn532_send_and_capture@i,w
 11793     0655  0725               	addwf	pn532_send_and_capture@packet,w
 11794     0656  00F5               	movwf	??_pn532_send_and_capture
 11795     0657  0875               	movf	??_pn532_send_and_capture,w
 11796     0658  0086               	movwf	6
 11797     0659  0187               	clrf	7
 11798     065A  0801               	movf	1,w
 11799     065B  00F4               	movwf	EUSART2_Write@txData
 11800     065C  3189  2116  3186   	fcall	_EUSART2_Write
 11801     065F                     l4492:
 11802                           
 11803                           ;drivers/pn532.c: 95:     }
 11804     065F  3001               	movlw	1
 11805     0660  00F5               	movwf	??_pn532_send_and_capture
 11806     0661  0875               	movf	??_pn532_send_and_capture,w
 11807     0662  0140               	movlb	0	; select bank0
 11808     0663  07AB               	addwf	pn532_send_and_capture@i,f
 11809     0664                     l4494:
 11810     0664  0820               	movf	pn532_send_and_capture@packetLen,w
 11811     0665  022B               	subwf	pn532_send_and_capture@i,w
 11812     0666  1C03               	skipc
 11813     0667  2E69               	goto	u4051
 11814     0668  2E6A               	goto	u4050
 11815     0669                     u4051:
 11816     0669  2E4B               	goto	l4488
 11817     066A                     u4050:
 11818     066A                     l4496:
 11819                           
 11820                           ;drivers/pn532.c: 97:     while (!EUSART2_IsTxDone())
 11821     066A  3189  2112  3186   	fcall	_EUSART2_IsTxDone
 11822     066D  3A00               	xorlw	0
 11823     066E  1903               	skipnz
 11824     066F  2E71               	goto	u4061
 11825     0670  2E72               	goto	u4060
 11826     0671                     u4061:
 11827     0671  2E6A               	goto	l4496
 11828     0672                     u4060:
 11829     0672  2EB6               	goto	l4520
 11830     0673                     l4498:
 11831                           
 11832                           ;drivers/pn532.c: 103:     {;drivers/pn532.c: 104:         if (EUSART2_IsRxReady())
 11833     0673  3187  27FB  3186   	fcall	_EUSART2_IsRxReady
 11834     0676  3A00               	xorlw	0
 11835     0677  1903               	skipnz
 11836     0678  2E7A               	goto	u4071
 11837     0679  2E7B               	goto	u4070
 11838     067A                     u4071:
 11839     067A  2E90               	goto	l4508
 11840     067B                     u4070:
 11841     067B                     l4500:
 11842                           
 11843                           ;drivers/pn532.c: 105:         {;drivers/pn532.c: 106:             buffer[count++] = EUS
      +                          ART2_Read();
 11844     067B  0140               	movlb	0	; select bank0
 11845     067C  082C               	movf	pn532_send_and_capture@count,w
 11846     067D  0721               	addwf	pn532_send_and_capture@buffer,w
 11847     067E  00F5               	movwf	??_pn532_send_and_capture
 11848     067F  0875               	movf	??_pn532_send_and_capture,w
 11849     0680  0086               	movwf	6
 11850     0681  0187               	clrf	7
 11851     0682  318B  23A6  3186   	fcall	_EUSART2_Read
 11852     0685  0081               	movwf	1
 11853     0686                     l4502:
 11854     0686  3001               	movlw	1
 11855     0687  00F5               	movwf	??_pn532_send_and_capture
 11856     0688  0875               	movf	??_pn532_send_and_capture,w
 11857     0689  0140               	movlb	0	; select bank0
 11858     068A  07AC               	addwf	pn532_send_and_capture@count,f
 11859     068B                     l4504:
 11860                           
 11861                           ;drivers/pn532.c: 107:             receivedAnything = 1;
 11862     068B  01A8               	clrf	pn532_send_and_capture@receivedAnything
 11863     068C  0AA8               	incf	pn532_send_and_capture@receivedAnything,f
 11864     068D                     l4506:
 11865                           
 11866                           ;drivers/pn532.c: 108:             idleCounter = 0;
 11867     068D  01A9               	clrf	pn532_send_and_capture@idleCounter
 11868     068E  01AA               	clrf	pn532_send_and_capture@idleCounter+1
 11869                           
 11870                           ;drivers/pn532.c: 109:         }
 11871     068F  2EB6               	goto	l4520
 11872     0690                     l4508:
 11873                           
 11874                           ;drivers/pn532.c: 111:         {;drivers/pn532.c: 112:             _delay((unsigned long
      +                          )((10)*(32000000/4000000.0)));
 11875     0690  301A               	movlw	26
 11876     0691                     u5657:
 11877     0691  0B89               	decfsz	9,f
 11878     0692  2E91               	goto	u5657
 11879     0693  3200               	nop2
 11880     0694                     l4510:
 11881                           
 11882                           ;drivers/pn532.c: 114:             if (!receivedAnything)
 11883     0694  0140               	movlb	0	; select bank0
 11884     0695  0828               	movf	pn532_send_and_capture@receivedAnything,w
 11885     0696  1D03               	btfss	3,2
 11886     0697  2E99               	goto	u4081
 11887     0698  2E9A               	goto	u4080
 11888     0699                     u4081:
 11889     0699  2EA8               	goto	l4516
 11890     069A                     u4080:
 11891     069A                     l4512:
 11892                           
 11893                           ;drivers/pn532.c: 115:             {;drivers/pn532.c: 116:                 firstByteCoun
      +                          ter++;
 11894     069A  3001               	movlw	1
 11895     069B  07A6               	addwf	pn532_send_and_capture@firstByteCounter,f
 11896     069C  3000               	movlw	0
 11897     069D  3DA7               	addwfc	pn532_send_and_capture@firstByteCounter+1,f
 11898                           
 11899                           ;drivers/pn532.c: 118:                 if (firstByteCounter >= 10000)
 11900     069E  3027               	movlw	39
 11901     069F  0227               	subwf	pn532_send_and_capture@firstByteCounter+1,w
 11902     06A0  3010               	movlw	16
 11903     06A1  1903               	skipnz
 11904     06A2  0226               	subwf	pn532_send_and_capture@firstByteCounter,w
 11905     06A3  1C03               	skipc
 11906     06A4  2EA6               	goto	u4091
 11907     06A5  2EA7               	goto	u4090
 11908     06A6                     u4091:
 11909     06A6  2EB6               	goto	l4520
 11910     06A7                     u4090:
 11911     06A7  2EBD               	goto	l4522
 11912     06A8                     l4516:
 11913                           
 11914                           ;drivers/pn532.c: 124:             {;drivers/pn532.c: 125:                 idleCounter++
      +                          ;
 11915     06A8  3001               	movlw	1
 11916     06A9  07A9               	addwf	pn532_send_and_capture@idleCounter,f
 11917     06AA  3000               	movlw	0
 11918     06AB  3DAA               	addwfc	pn532_send_and_capture@idleCounter+1,f
 11919                           
 11920                           ;drivers/pn532.c: 127:                 if (idleCounter >= 10000)
 11921     06AC  3027               	movlw	39
 11922     06AD  022A               	subwf	pn532_send_and_capture@idleCounter+1,w
 11923     06AE  3010               	movlw	16
 11924     06AF  1903               	skipnz
 11925     06B0  0229               	subwf	pn532_send_and_capture@idleCounter,w
 11926     06B1  1C03               	skipc
 11927     06B2  2EB4               	goto	u4101
 11928     06B3  2EB5               	goto	u4100
 11929     06B4                     u4101:
 11930     06B4  2EB6               	goto	l4520
 11931     06B5                     u4100:
 11932     06B5  2EBD               	goto	l4522
 11933     06B6                     l4520:
 11934                           
 11935                           ;drivers/pn532.c: 102:     while (count < bufferSize)
 11936     06B6  0140               	movlb	0	; select bank0
 11937     06B7  0822               	movf	pn532_send_and_capture@bufferSize,w
 11938     06B8  022C               	subwf	pn532_send_and_capture@count,w
 11939     06B9  1C03               	skipc
 11940     06BA  2EBC               	goto	u4111
 11941     06BB  2EBD               	goto	u4110
 11942     06BC                     u4111:
 11943     06BC  2E73               	goto	l4498
 11944     06BD                     u4110:
 11945     06BD                     l4522:
 11946                           
 11947                           ;drivers/pn532.c: 135:     return count;
 11948     06BD  082C               	movf	pn532_send_and_capture@count,w
 11949     06BE                     l59:
 11950     06BE  0008               	return
 11951     06BF                     __end_of_pn532_send_and_capture:
 11952                           
 11953                           	psect	text38
 11954     0916                     __ptext38:	
 11955 ;; *************** function _EUSART2_Write *****************
 11956 ;; Defined at:
 11957 ;;		line 235 in file "mcc_generated_files/uart/src/eusart2.c"
 11958 ;; Parameters:    Size  Location     Type
 11959 ;;  txData          1    4[COMMON] unsigned char 
 11960 ;; Auto vars:     Size  Location     Type
 11961 ;;		None
 11962 ;; Return value:  Size  Location     Type
 11963 ;;                  1    wreg      void 
 11964 ;; Registers used:
 11965 ;;		wreg
 11966 ;; Tracked objects:
 11967 ;;		On entry : 0/0
 11968 ;;		On exit  : 0/0
 11969 ;;		Unchanged: 0/0
 11970 ;; Data sizes:     COMMON   BANK0   BANK1   BANK2   BANK3   BANK4   BANK5   BANK6   BANK7   BANK8   BANK9  BANK10  BANK1
      +1  BANK12  BANK13  BANK14  BANK15  BANK16  BANK17  BANK18  BANK19  BANK20  BANK21  BANK22  BANK23  BANK24  BANK25
 11971 ;;      Params:         1       0       0       0       0       0       0       0       0       0       0       0       
      +0       0       0       0       0       0       0       0       0       0       0       0       0       0       0
 11972 ;;      Locals:         0       0       0       0       0       0       0       0       0       0       0       0       
      +0       0       0       0       0       0       0       0       0       0       0       0       0       0       0
 11973 ;;      Temps:          0       0       0       0       0       0       0       0       0       0       0       0       
      +0       0       0       0       0       0       0       0       0       0       0       0       0       0       0
 11974 ;;      Totals:         1       0       0       0       0       0       0       0       0       0       0       0       
      +0       0       0       0       0       0       0       0       0       0       0       0       0       0       0
 11975 ;;Total ram usage:        1 bytes
 11976 ;; Hardware stack levels used: 1
 11977 ;; Hardware stack levels required when called: 4
 11978 ;; This function calls:
 11979 ;;		Nothing
 11980 ;; This function is called by:
 11981 ;;		_pn532_send_and_capture
 11982 ;;		_pn532_uart_write
 11983 ;; This function uses a non-reentrant model
 11984 ;;
 11985                           
 11986     0916                     _EUSART2_Write:	
 11987                           ;psect for function _EUSART2_Write
 11988                           
 11989     0916                     l4396:	
 11990                           ;incstack = 0
 11991                           ; Regs used in _EUSART2_Write: [wreg]
 11992                           
 11993                           
 11994                           ;mcc_generated_files/uart/src/eusart2.c: 235: void EUSART2_Write(uint8_t txData);mcc_gen
      +                          erated_files/uart/src/eusart2.c: 236: {;mcc_generated_files/uart/src/eusart2.c: 237:    
      +                           TX2REG = txData;
 11995     0916  0874               	movf	EUSART2_Write@txData,w
 11996     0917  014C               	movlb	12	; select bank12
 11997     0918  0097               	movwf	23	;volatile
 11998     0919                     l682:
 11999     0919  0008               	return
 12000     091A                     __end_of_EUSART2_Write:
 12001                           
 12002                           	psect	text39
 12003     0BA6                     __ptext39:	
 12004 ;; *************** function _EUSART2_Read *****************
 12005 ;; Defined at:
 12006 ;;		line 213 in file "mcc_generated_files/uart/src/eusart2.c"
 12007 ;; Parameters:    Size  Location     Type
 12008 ;;		None
 12009 ;; Auto vars:     Size  Location     Type
 12010 ;;		None
 12011 ;; Return value:  Size  Location     Type
 12012 ;;                  1    wreg      unsigned char 
 12013 ;; Registers used:
 12014 ;;		wreg, status,2, status,0, pclath, cstack
 12015 ;; Tracked objects:
 12016 ;;		On entry : 0/0
 12017 ;;		On exit  : 0/0
 12018 ;;		Unchanged: 0/0
 12019 ;; Data sizes:     COMMON   BANK0   BANK1   BANK2   BANK3   BANK4   BANK5   BANK6   BANK7   BANK8   BANK9  BANK10  BANK1
      +1  BANK12  BANK13  BANK14  BANK15  BANK16  BANK17  BANK18  BANK19  BANK20  BANK21  BANK22  BANK23  BANK24  BANK25
 12020 ;;      Params:         0       0       0       0       0       0       0       0       0       0       0       0       
      +0       0       0       0       0       0       0       0       0       0       0       0       0       0       0
 12021 ;;      Locals:         0       0       0       0       0       0       0       0       0       0       0       0       
      +0       0       0       0       0       0       0       0       0       0       0       0       0       0       0
 12022 ;;      Temps:          0       0       0       0       0       0       0       0       0       0       0       0       
      +0       0       0       0       0       0       0       0       0       0       0       0       0       0       0
 12023 ;;      Totals:         0       0       0       0       0       0       0       0       0       0       0       0       
      +0       0       0       0       0       0       0       0       0       0       0       0       0       0       0
 12024 ;;Total ram usage:        0 bytes
 12025 ;; Hardware stack levels used: 1
 12026 ;; Hardware stack levels required when called: 5
 12027 ;; This function calls:
 12028 ;;		NULL
 12029 ;;		_EUSART1_DefaultFramingErrorCallback
 12030 ;;		_EUSART1_DefaultOverrunErrorCallback
 12031 ;;		_EUSART2_DefaultFramingErrorCallback
 12032 ;;		_EUSART2_DefaultOverrunErrorCallback
 12033 ;; This function is called by:
 12034 ;;		_pn532_send_and_capture
 12035 ;; This function uses a non-reentrant model
 12036 ;;
 12037                           
 12038     0BA6                     _EUSART2_Read:	
 12039                           ;psect for function _EUSART2_Read
 12040                           
 12041     0BA6                     l4402:	
 12042                           ;incstack = 0
 12043                           ; Regs used in _EUSART2_Read: [wreg+status,2+status,0+pclath+cstack]
 12044                           
 12045                           
 12046                           ;mcc_generated_files/uart/src/eusart2.c: 215:     eusart2RxLastError.status = 0;
 12047     0BA6  0140               	movlb	0	; select bank0
 12048     0BA7  01DF               	clrf	_eusart2RxLastError	;volatile
 12049     0BA8  01E0               	clrf	_eusart2RxLastError+1	;volatile
 12050     0BA9                     l4404:
 12051                           
 12052                           ;mcc_generated_files/uart/src/eusart2.c: 216:     if(RC2STAbits.OERR)
 12053     0BA9  014C               	movlb	12	; select bank12
 12054     0BAA  1C9A               	btfss	26,1	;volatile
 12055     0BAB  2BAD               	goto	u3891
 12056     0BAC  2BAE               	goto	u3890
 12057     0BAD                     u3891:
 12058     0BAD  2BBB               	goto	l4412
 12059     0BAE                     u3890:
 12060     0BAE                     l4406:
 12061                           
 12062                           ;mcc_generated_files/uart/src/eusart2.c: 217:     {;mcc_generated_files/uart/src/eusart2
      +                          .c: 218:         eusart2RxLastError.oerr = 1;
 12063     0BAE  0140               	movlb	0	; select bank0
 12064     0BAF  155F               	bsf	_eusart2RxLastError,2	;volatile
 12065     0BB0                     l4408:
 12066                           
 12067                           ;mcc_generated_files/uart/src/eusart2.c: 219:         if(((void*)0) != EUSART2_OverrunEr
      +                          rorHandler)
 12068     0BB0  085B               	movf	_EUSART2_OverrunErrorHandler,w
 12069     0BB1  045C               	iorwf	_EUSART2_OverrunErrorHandler+1,w
 12070     0BB2  1903               	btfsc	3,2
 12071     0BB3  2BB5               	goto	u3901
 12072     0BB4  2BB6               	goto	u3900
 12073     0BB5                     u3901:
 12074     0BB5  2BBB               	goto	l4412
 12075     0BB6                     u3900:
 12076     0BB6                     l4410:
 12077                           
 12078                           ;mcc_generated_files/uart/src/eusart2.c: 220:         {;mcc_generated_files/uart/src/eus
      +                          art2.c: 221:             EUSART2_OverrunErrorHandler();
 12079     0BB6  085C               	movf	_EUSART2_OverrunErrorHandler+1,w
 12080     0BB7  008A               	movwf	10
 12081     0BB8  085B               	movf	_EUSART2_OverrunErrorHandler,w
 12082     0BB9  000A               	callw
 12083     0BBA  318B               	pagesel	$
 12084     0BBB                     l4412:
 12085                           
 12086                           ;mcc_generated_files/uart/src/eusart2.c: 224:     if(RC2STAbits.FERR)
 12087     0BBB  014C               	movlb	12	; select bank12
 12088     0BBC  1D1A               	btfss	26,2	;volatile
 12089     0BBD  2BBF               	goto	u3911
 12090     0BBE  2BC0               	goto	u3910
 12091     0BBF                     u3911:
 12092     0BBF  2BCD               	goto	l4420
 12093     0BC0                     u3910:
 12094     0BC0                     l4414:
 12095                           
 12096                           ;mcc_generated_files/uart/src/eusart2.c: 225:     {;mcc_generated_files/uart/src/eusart2
      +                          .c: 226:         eusart2RxLastError.ferr = 1;
 12097     0BC0  0140               	movlb	0	; select bank0
 12098     0BC1  14DF               	bsf	_eusart2RxLastError,1	;volatile
 12099     0BC2                     l4416:
 12100                           
 12101                           ;mcc_generated_files/uart/src/eusart2.c: 227:         if(((void*)0) != EUSART2_FramingEr
      +                          rorHandler)
 12102     0BC2  085D               	movf	_EUSART2_FramingErrorHandler,w
 12103     0BC3  045E               	iorwf	_EUSART2_FramingErrorHandler+1,w
 12104     0BC4  1903               	btfsc	3,2
 12105     0BC5  2BC7               	goto	u3921
 12106     0BC6  2BC8               	goto	u3920
 12107     0BC7                     u3921:
 12108     0BC7  2BCD               	goto	l4420
 12109     0BC8                     u3920:
 12110     0BC8                     l4418:
 12111                           
 12112                           ;mcc_generated_files/uart/src/eusart2.c: 228:         {;mcc_generated_files/uart/src/eus
      +                          art2.c: 229:             EUSART2_FramingErrorHandler();
 12113     0BC8  085E               	movf	_EUSART2_FramingErrorHandler+1,w
 12114     0BC9  008A               	movwf	10
 12115     0BCA  085D               	movf	_EUSART2_FramingErrorHandler,w
 12116     0BCB  000A               	callw
 12117     0BCC  318B               	pagesel	$
 12118     0BCD                     l4420:
 12119                           
 12120                           ;mcc_generated_files/uart/src/eusart2.c: 232:     return RC2REG;
 12121     0BCD  014C               	movlb	12	; select bank12
 12122     0BCE  0816               	movf	22,w	;volatile
 12123     0BCF                     l679:
 12124     0BCF  0008               	return
 12125     0BD0                     __end_of_EUSART2_Read:
 12126                           
 12127                           	psect	text40
 12128     0A00                     __ptext40:	
 12129 ;; *************** function _EUSART2_IsTxReady *****************
 12130 ;; Defined at:
 12131 ;;		line 198 in file "mcc_generated_files/uart/src/eusart2.c"
 12132 ;; Parameters:    Size  Location     Type
 12133 ;;		None
 12134 ;; Auto vars:     Size  Location     Type
 12135 ;;		None
 12136 ;; Return value:  Size  Location     Type
 12137 ;;                  1    wreg      _Bool 
 12138 ;; Registers used:
 12139 ;;		wreg, status,2
 12140 ;; Tracked objects:
 12141 ;;		On entry : 0/0
 12142 ;;		On exit  : 0/0
 12143 ;;		Unchanged: 0/0
 12144 ;; Data sizes:     COMMON   BANK0   BANK1   BANK2   BANK3   BANK4   BANK5   BANK6   BANK7   BANK8   BANK9  BANK10  BANK1
      +1  BANK12  BANK13  BANK14  BANK15  BANK16  BANK17  BANK18  BANK19  BANK20  BANK21  BANK22  BANK23  BANK24  BANK25
 12145 ;;      Params:         0       0       0       0       0       0       0       0       0       0       0       0       
      +0       0       0       0       0       0       0       0       0       0       0       0       0       0       0
 12146 ;;      Locals:         1       0       0       0       0       0       0       0       0       0       0       0       
      +0       0       0       0       0       0       0       0       0       0       0       0       0       0       0
 12147 ;;      Temps:          0       0       0       0       0       0       0       0       0       0       0       0       
      +0       0       0       0       0       0       0       0       0       0       0       0       0       0       0
 12148 ;;      Totals:         1       0       0       0       0       0       0       0       0       0       0       0       
      +0       0       0       0       0       0       0       0       0       0       0       0       0       0       0
 12149 ;;Total ram usage:        1 bytes
 12150 ;; Hardware stack levels used: 1
 12151 ;; Hardware stack levels required when called: 4
 12152 ;; This function calls:
 12153 ;;		Nothing
 12154 ;; This function is called by:
 12155 ;;		_pn532_send_and_capture
 12156 ;;		_pn532_uart_write
 12157 ;; This function uses a non-reentrant model
 12158 ;;
 12159                           
 12160     0A00                     _EUSART2_IsTxReady:	
 12161                           ;psect for function _EUSART2_IsTxReady
 12162                           
 12163     0A00                     l4384:	
 12164                           ;incstack = 0
 12165                           ; Regs used in _EUSART2_IsTxReady: [wreg+status,2]
 12166                           
 12167                           
 12168                           ;mcc_generated_files/uart/src/eusart2.c: 200:     return (_Bool)(PIR3bits.TX2IF && TX2ST
      +                          Abits.TXEN);
 12169     0A00  01F4               	clrf	_EUSART2_IsTxReady$1251
 12170     0A01                     l4386:
 12171     0A01  0141               	movlb	1	; select bank1
 12172     0A02  1E0F               	btfss	15,4	;volatile
 12173     0A03  2A05               	goto	u3871
 12174     0A04  2A06               	goto	u3870
 12175     0A05                     u3871:
 12176     0A05  2A0D               	goto	l4392
 12177     0A06                     u3870:
 12178     0A06                     l4388:
 12179     0A06  014C               	movlb	12	; select bank12
 12180     0A07  1E9B               	btfss	27,5	;volatile
 12181     0A08  2A0A               	goto	u3881
 12182     0A09  2A0B               	goto	u3880
 12183     0A0A                     u3881:
 12184     0A0A  2A0D               	goto	l4392
 12185     0A0B                     u3880:
 12186     0A0B                     l4390:
 12187     0A0B  01F4               	clrf	_EUSART2_IsTxReady$1251
 12188     0A0C  0AF4               	incf	_EUSART2_IsTxReady$1251,f
 12189     0A0D                     l4392:
 12190     0A0D  0874               	movf	_EUSART2_IsTxReady$1251,w
 12191     0A0E                     l666:
 12192     0A0E  0008               	return
 12193     0A0F                     __end_of_EUSART2_IsTxReady:
 12194                           
 12195                           	psect	text41
 12196     0912                     __ptext41:	
 12197 ;; *************** function _EUSART2_IsTxDone *****************
 12198 ;; Defined at:
 12199 ;;		line 203 in file "mcc_generated_files/uart/src/eusart2.c"
 12200 ;; Parameters:    Size  Location     Type
 12201 ;;		None
 12202 ;; Auto vars:     Size  Location     Type
 12203 ;;		None
 12204 ;; Return value:  Size  Location     Type
 12205 ;;                  1    wreg      _Bool 
 12206 ;; Registers used:
 12207 ;;		wreg, status,2, status,0
 12208 ;; Tracked objects:
 12209 ;;		On entry : 0/0
 12210 ;;		On exit  : 0/0
 12211 ;;		Unchanged: 0/0
 12212 ;; Data sizes:     COMMON   BANK0   BANK1   BANK2   BANK3   BANK4   BANK5   BANK6   BANK7   BANK8   BANK9  BANK10  BANK1
      +1  BANK12  BANK13  BANK14  BANK15  BANK16  BANK17  BANK18  BANK19  BANK20  BANK21  BANK22  BANK23  BANK24  BANK25
 12213 ;;      Params:         0       0       0       0       0       0       0       0       0       0       0       0       
      +0       0       0       0       0       0       0       0       0       0       0       0       0       0       0
 12214 ;;      Locals:         0       0       0       0       0       0       0       0       0       0       0       0       
      +0       0       0       0       0       0       0       0       0       0       0       0       0       0       0
 12215 ;;      Temps:          0       0       0       0       0       0       0       0       0       0       0       0       
      +0       0       0       0       0       0       0       0       0       0       0       0       0       0       0
 12216 ;;      Totals:         0       0       0       0       0       0       0       0       0       0       0       0       
      +0       0       0       0       0       0       0       0       0       0       0       0       0       0       0
 12217 ;;Total ram usage:        0 bytes
 12218 ;; Hardware stack levels used: 1
 12219 ;; Hardware stack levels required when called: 4
 12220 ;; This function calls:
 12221 ;;		Nothing
 12222 ;; This function is called by:
 12223 ;;		_pn532_send_and_capture
 12224 ;;		_pn532_uart_write
 12225 ;; This function uses a non-reentrant model
 12226 ;;
 12227                           
 12228     0912                     _EUSART2_IsTxDone:	
 12229                           ;psect for function _EUSART2_IsTxDone
 12230                           
 12231     0912                     l4398:	
 12232                           ;incstack = 0
 12233                           ; Regs used in _EUSART2_IsTxDone: [wreg+status,2+status,0]
 12234                           
 12235                           
 12236                           ;mcc_generated_files/uart/src/eusart2.c: 205:     return TX2STAbits.TRMT;
 12237     0912  014C               	movlb	12	; select bank12
 12238     0913  0C1B               	rrf	27,w	;volatile
 12239     0914  3901               	andlw	1
 12240     0915                     l669:
 12241     0915  0008               	return
 12242     0916                     __end_of_EUSART2_IsTxDone:
 12243                           
 12244                           	psect	text42
 12245     07FB                     __ptext42:	
 12246 ;; *************** function _EUSART2_IsRxReady *****************
 12247 ;; Defined at:
 12248 ;;		line 193 in file "mcc_generated_files/uart/src/eusart2.c"
 12249 ;; Parameters:    Size  Location     Type
 12250 ;;		None
 12251 ;; Auto vars:     Size  Location     Type
 12252 ;;		None
 12253 ;; Return value:  Size  Location     Type
 12254 ;;                  1    wreg      _Bool 
 12255 ;; Registers used:
 12256 ;;		wreg, status,2, status,0
 12257 ;; Tracked objects:
 12258 ;;		On entry : 0/0
 12259 ;;		On exit  : 0/0
 12260 ;;		Unchanged: 0/0
 12261 ;; Data sizes:     COMMON   BANK0   BANK1   BANK2   BANK3   BANK4   BANK5   BANK6   BANK7   BANK8   BANK9  BANK10  BANK1
      +1  BANK12  BANK13  BANK14  BANK15  BANK16  BANK17  BANK18  BANK19  BANK20  BANK21  BANK22  BANK23  BANK24  BANK25
 12262 ;;      Params:         0       0       0       0       0       0       0       0       0       0       0       0       
      +0       0       0       0       0       0       0       0       0       0       0       0       0       0       0
 12263 ;;      Locals:         0       0       0       0       0       0       0       0       0       0       0       0       
      +0       0       0       0       0       0       0       0       0       0       0       0       0       0       0
 12264 ;;      Temps:          0       0       0       0       0       0       0       0       0       0       0       0       
      +0       0       0       0       0       0       0       0       0       0       0       0       0       0       0
 12265 ;;      Totals:         0       0       0       0       0       0       0       0       0       0       0       0       
      +0       0       0       0       0       0       0       0       0       0       0       0       0       0       0
 12266 ;;Total ram usage:        0 bytes
 12267 ;; Hardware stack levels used: 1
 12268 ;; Hardware stack levels required when called: 4
 12269 ;; This function calls:
 12270 ;;		Nothing
 12271 ;; This function is called by:
 12272 ;;		_pn532_send_and_capture
 12273 ;; This function uses a non-reentrant model
 12274 ;;
 12275                           
 12276     07FB                     _EUSART2_IsRxReady:	
 12277                           ;psect for function _EUSART2_IsRxReady
 12278                           
 12279     07FB                     l4424:	
 12280                           ;incstack = 0
 12281                           ; Regs used in _EUSART2_IsRxReady: [wreg+status,2+status,0]
 12282                           
 12283                           
 12284                           ;mcc_generated_files/uart/src/eusart2.c: 195:     return (_Bool)(PIR3bits.RC2IF);
 12285     07FB  0141               	movlb	1	; select bank1
 12286     07FC  0E0F               	swapf	15,w	;volatile
 12287     07FD  0C89               	rrf	9,f
 12288     07FE  3901               	andlw	1
 12289     07FF                     l661:
 12290     07FF  0008               	return
 12291     0800                     __end_of_EUSART2_IsRxReady:
 12292                           
 12293                           	psect	text43
 12294     0C8F                     __ptext43:	
 12295 ;; *************** function _memcmp *****************
 12296 ;; Defined at:
 12297 ;;		line 3 in file "C:\Program Files\Microchip\xc8\v2.41\pic\sources\c99\common\memcmp.c"
 12298 ;; Parameters:    Size  Location     Type
 12299 ;;  vl              2    0[BANK0 ] PTR const void 
 12300 ;;		 -> main@uid(7), pn532_transact@buffer(32), 
 12301 ;;  vr              2    2[BANK0 ] PTR const void 
 12302 ;;		 -> lastUid(7), pn532_transact@expectedAck(6), 
 12303 ;;  n               2    4[BANK0 ] unsigned int 
 12304 ;; Auto vars:     Size  Location     Type
 12305 ;;  r               2    8[BANK0 ] PTR const unsigned char 
 12306 ;;		 -> lastUid(7), pn532_transact@expectedAck(6), 
 12307 ;;  l               2    6[BANK0 ] PTR const unsigned char 
 12308 ;;		 -> main@uid(7), pn532_transact@buffer(32), 
 12309 ;; Return value:  Size  Location     Type
 12310 ;;                  2    0[BANK0 ] int 
 12311 ;; Registers used:
 12312 ;;		wreg, fsr0l, fsr0h, fsr1l, fsr1h, status,2, status,0, pclath
 12313 ;; Tracked objects:
 12314 ;;		On entry : 0/0
 12315 ;;		On exit  : 0/0
 12316 ;;		Unchanged: 0/0
 12317 ;; Data sizes:     COMMON   BANK0   BANK1   BANK2   BANK3   BANK4   BANK5   BANK6   BANK7   BANK8   BANK9  BANK10  BANK1
      +1  BANK12  BANK13  BANK14  BANK15  BANK16  BANK17  BANK18  BANK19  BANK20  BANK21  BANK22  BANK23  BANK24  BANK25
 12318 ;;      Params:         0       6       0       0       0       0       0       0       0       0       0       0       
      +0       0       0       0       0       0       0       0       0       0       0       0       0       0       0
 12319 ;;      Locals:         0       4       0       0       0       0       0       0       0       0       0       0       
      +0       0       0       0       0       0       0       0       0       0       0       0       0       0       0
 12320 ;;      Temps:          1       0       0       0       0       0       0       0       0       0       0       0       
      +0       0       0       0       0       0       0       0       0       0       0       0       0       0       0
 12321 ;;      Totals:         1      10       0       0       0       0       0       0       0       0       0       0       
      +0       0       0       0       0       0       0       0       0       0       0       0       0       0       0
 12322 ;;Total ram usage:       11 bytes
 12323 ;; Hardware stack levels used: 1
 12324 ;; Hardware stack levels required when called: 4
 12325 ;; This function calls:
 12326 ;;		Nothing
 12327 ;; This function is called by:
 12328 ;;		_pn532_transact
 12329 ;;		_main
 12330 ;; This function uses a non-reentrant model
 12331 ;;
 12332                           
 12333     0C8F                     _memcmp:	
 12334                           ;psect for function _memcmp
 12335                           
 12336     0C8F                     l4526:	
 12337                           ;incstack = 0
 12338                           ; Regs used in _memcmp: [wreg-fsr1h+status,2+status,0+pclath]
 12339                           
 12340     0C8F  0140               	movlb	0	; select bank0
 12341     0C90  0821               	movf	memcmp@vl+1,w
 12342     0C91  00A7               	movwf	memcmp@l+1
 12343     0C92  0820               	movf	memcmp@vl,w
 12344     0C93  00A6               	movwf	memcmp@l
 12345     0C94  0823               	movf	memcmp@vr+1,w
 12346     0C95  00A9               	movwf	memcmp@r+1
 12347     0C96  0822               	movf	memcmp@vr,w
 12348     0C97  00A8               	movwf	memcmp@r
 12349     0C98  2CA5               	goto	l4530
 12350     0C99                     l4528:
 12351     0C99  3001               	movlw	1
 12352     0C9A  02A4               	subwf	memcmp@n,f
 12353     0C9B  3000               	movlw	0
 12354     0C9C  3BA5               	subwfb	memcmp@n+1,f
 12355     0C9D  3001               	movlw	1
 12356     0C9E  07A6               	addwf	memcmp@l,f
 12357     0C9F  3000               	movlw	0
 12358     0CA0  3DA7               	addwfc	memcmp@l+1,f
 12359     0CA1  3001               	movlw	1
 12360     0CA2  07A8               	addwf	memcmp@r,f
 12361     0CA3  3000               	movlw	0
 12362     0CA4  3DA9               	addwfc	memcmp@r+1,f
 12363     0CA5                     l4530:
 12364     0CA5  0824               	movf	memcmp@n,w
 12365     0CA6  0425               	iorwf	memcmp@n+1,w
 12366     0CA7  1903               	btfsc	3,2
 12367     0CA8  2CAA               	goto	u4121
 12368     0CA9  2CAB               	goto	u4120
 12369     0CAA                     u4121:
 12370     0CAA  2CBB               	goto	l4534
 12371     0CAB                     u4120:
 12372     0CAB                     l4532:
 12373     0CAB  0828               	movf	memcmp@r,w
 12374     0CAC  0084               	movwf	4
 12375     0CAD  0829               	movf	memcmp@r+1,w
 12376     0CAE  0085               	movwf	5
 12377     0CAF  0800               	movf	0,w	;code access
 12378     0CB0  00F4               	movwf	??_memcmp
 12379     0CB1  0826               	movf	memcmp@l,w
 12380     0CB2  0086               	movwf	6
 12381     0CB3  0827               	movf	memcmp@l+1,w
 12382     0CB4  0087               	movwf	7
 12383     0CB5  0801               	movf	1,w
 12384     0CB6  0674               	xorwf	??_memcmp,w
 12385     0CB7  1903               	skipnz
 12386     0CB8  2CBA               	goto	u4131
 12387     0CB9  2CBB               	goto	u4130
 12388     0CBA                     u4131:
 12389     0CBA  2C99               	goto	l4528
 12390     0CBB                     u4130:
 12391     0CBB                     l4534:
 12392     0CBB  0824               	movf	memcmp@n,w
 12393     0CBC  0425               	iorwf	memcmp@n+1,w
 12394     0CBD  1D03               	btfss	3,2
 12395     0CBE  2CC0               	goto	u4141
 12396     0CBF  2CC1               	goto	u4140
 12397     0CC0                     u4141:
 12398     0CC0  2CC4               	goto	l4538
 12399     0CC1                     u4140:
 12400     0CC1                     l4536:
 12401     0CC1  01A0               	clrf	?_memcmp
 12402     0CC2  01A1               	clrf	?_memcmp+1
 12403     0CC3  2CD2               	goto	l1581
 12404     0CC4                     l4538:
 12405     0CC4  0826               	movf	memcmp@l,w
 12406     0CC5  0086               	movwf	6
 12407     0CC6  0827               	movf	memcmp@l+1,w
 12408     0CC7  0087               	movwf	7
 12409     0CC8  0828               	movf	memcmp@r,w
 12410     0CC9  0084               	movwf	4
 12411     0CCA  0829               	movf	memcmp@r+1,w
 12412     0CCB  0085               	movwf	5
 12413     0CCC  0800               	movf	0,w	;code access
 12414     0CCD  0201               	subwf	1,w
 12415     0CCE  00A0               	movwf	?_memcmp
 12416     0CCF  01A1               	clrf	?_memcmp+1
 12417     0CD0  1C03               	skipc
 12418     0CD1  03A1               	decf	?_memcmp+1,f
 12419     0CD2                     l1581:
 12420     0CD2  0008               	return
 12421     0CD3                     __end_of_memcmp:
 12422                           
 12423                           	psect	text44
 12424     0979                     __ptext44:	
 12425 ;; *************** function _DFPlayer_PlayTrack *****************
 12426 ;; Defined at:
 12427 ;;		line 150 in file "drivers/dfplayer.c"
 12428 ;; Parameters:    Size  Location     Type
 12429 ;;  track           2   35[BANK0 ] unsigned short 
 12430 ;; Auto vars:     Size  Location     Type
 12431 ;;		None
 12432 ;; Return value:  Size  Location     Type
 12433 ;;                  1    wreg      void 
 12434 ;; Registers used:
 12435 ;;		wreg, fsr1l, fsr1h, status,2, status,0, pclath, cstack
 12436 ;; Tracked objects:
 12437 ;;		On entry : 0/0
 12438 ;;		On exit  : 0/0
 12439 ;;		Unchanged: 0/0
 12440 ;; Data sizes:     COMMON   BANK0   BANK1   BANK2   BANK3   BANK4   BANK5   BANK6   BANK7   BANK8   BANK9  BANK10  BANK1
      +1  BANK12  BANK13  BANK14  BANK15  BANK16  BANK17  BANK18  BANK19  BANK20  BANK21  BANK22  BANK23  BANK24  BANK25
 12441 ;;      Params:         0       2       0       0       0       0       0       0       0       0       0       0       
      +0       0       0       0       0       0       0       0       0       0       0       0       0       0       0
 12442 ;;      Locals:         0       0       0       0       0       0       0       0       0       0       0       0       
      +0       0       0       0       0       0       0       0       0       0       0       0       0       0       0
 12443 ;;      Temps:          0       0       0       0       0       0       0       0       0       0       0       0       
      +0       0       0       0       0       0       0       0       0       0       0       0       0       0       0
 12444 ;;      Totals:         0       2       0       0       0       0       0       0       0       0       0       0       
      +0       0       0       0       0       0       0       0       0       0       0       0       0       0       0
 12445 ;;Total ram usage:        2 bytes
 12446 ;; Hardware stack levels used: 1
 12447 ;; Hardware stack levels required when called: 8
 12448 ;; This function calls:
 12449 ;;		_DFPlayer_SendCommand
 12450 ;; This function is called by:
 12451 ;;		_main
 12452 ;; This function uses a non-reentrant model
 12453 ;;
 12454                           
 12455     0979                     _DFPlayer_PlayTrack:	
 12456                           ;psect for function _DFPlayer_PlayTrack
 12457                           
 12458     0979                     l5486:	
 12459                           ;incstack = 0
 12460                           ; Regs used in _DFPlayer_PlayTrack: [wreg+fsr1l+fsr1h+status,2+status,0+pclath+cstack]
 12461                           
 12462                           
 12463                           ;drivers/dfplayer.c: 150: void DFPlayer_PlayTrack(uint16_t track);drivers/dfplayer.c: 15
      +                          1: {;drivers/dfplayer.c: 152:     DFPlayer_SendCommand(0x12, track, 1);
 12464     0979  0140               	movlb	0	; select bank0
 12465     097A  0844               	movf	DFPlayer_PlayTrack@track+1,w
 12466     097B  00B5               	movwf	DFPlayer_SendCommand@parameter+1
 12467     097C  0843               	movf	DFPlayer_PlayTrack@track,w
 12468     097D  00B4               	movwf	DFPlayer_SendCommand@parameter
 12469     097E  01B6               	clrf	DFPlayer_SendCommand@waitForAck
 12470     097F  0AB6               	incf	DFPlayer_SendCommand@waitForAck,f
 12471     0980  3012               	movlw	18
 12472     0981  318F  2787  3189   	fcall	_DFPlayer_SendCommand
 12473     0984                     l857:
 12474     0984  0008               	return
 12475     0985                     __end_of_DFPlayer_PlayTrack:
 12476                           
 12477                           	psect	text45
 12478     0951                     __ptext45:	
 12479 ;; *************** function _DFPlayer_Init *****************
 12480 ;; Defined at:
 12481 ;;		line 114 in file "drivers/dfplayer.c"
 12482 ;; Parameters:    Size  Location     Type
 12483 ;;		None
 12484 ;; Auto vars:     Size  Location     Type
 12485 ;;		None
 12486 ;; Return value:  Size  Location     Type
 12487 ;;                  1    wreg      void 
 12488 ;; Registers used:
 12489 ;;		wreg, fsr1l, fsr1h, status,2, status,0, pclath, cstack
 12490 ;; Tracked objects:
 12491 ;;		On entry : 0/0
 12492 ;;		On exit  : 0/0
 12493 ;;		Unchanged: 0/0
 12494 ;; Data sizes:     COMMON   BANK0   BANK1   BANK2   BANK3   BANK4   BANK5   BANK6   BANK7   BANK8   BANK9  BANK10  BANK1
      +1  BANK12  BANK13  BANK14  BANK15  BANK16  BANK17  BANK18  BANK19  BANK20  BANK21  BANK22  BANK23  BANK24  BANK25
 12495 ;;      Params:         0       0       0       0       0       0       0       0       0       0       0       0       
      +0       0       0       0       0       0       0       0       0       0       0       0       0       0       0
 12496 ;;      Locals:         0       0       0       0       0       0       0       0       0       0       0       0       
      +0       0       0       0       0       0       0       0       0       0       0       0       0       0       0
 12497 ;;      Temps:          0       0       0       0       0       0       0       0       0       0       0       0       
      +0       0       0       0       0       0       0       0       0       0       0       0       0       0       0
 12498 ;;      Totals:         0       0       0       0       0       0       0       0       0       0       0       0       
      +0       0       0       0       0       0       0       0       0       0       0       0       0       0       0
 12499 ;;Total ram usage:        0 bytes
 12500 ;; Hardware stack levels used: 1
 12501 ;; Hardware stack levels required when called: 9
 12502 ;; This function calls:
 12503 ;;		_DFPlayer_SetVolume
 12504 ;; This function is called by:
 12505 ;;		_main
 12506 ;; This function uses a non-reentrant model
 12507 ;;
 12508                           
 12509     0951                     _DFPlayer_Init:	
 12510                           ;psect for function _DFPlayer_Init
 12511                           
 12512     0951                     l5428:	
 12513                           ;incstack = 0
 12514                           ; Regs used in _DFPlayer_Init: [wreg+fsr1l+fsr1h+status,2+status,0+pclath+cstack]
 12515                           
 12516                           
 12517                           ;drivers/dfplayer.c: 116:     DFPlayer_SetVolume(8, 1);
 12518     0951  0140               	movlb	0	; select bank0
 12519     0952  01C3               	clrf	DFPlayer_SetVolume@waitForAck
 12520     0953  0AC3               	incf	DFPlayer_SetVolume@waitForAck,f
 12521     0954  3008               	movlw	8
 12522     0955  318A  2251  3189   	fcall	_DFPlayer_SetVolume
 12523     0958                     l842:
 12524     0958  0008               	return
 12525     0959                     __end_of_DFPlayer_Init:
 12526                           
 12527                           	psect	text46
 12528     0B54                     __ptext46:	
 12529 ;; *************** function _DFPlayer_FadeOutAndStop *****************
 12530 ;; Defined at:
 12531 ;;		line 166 in file "drivers/dfplayer.c"
 12532 ;; Parameters:    Size  Location     Type
 12533 ;;		None
 12534 ;; Auto vars:     Size  Location     Type
 12535 ;;  startVolume     1   41[BANK0 ] unsigned char 
 12536 ;; Return value:  Size  Location     Type
 12537 ;;                  1    wreg      void 
 12538 ;; Registers used:
 12539 ;;		wreg, fsr1l, fsr1h, status,2, status,0, pclath, cstack
 12540 ;; Tracked objects:
 12541 ;;		On entry : 0/0
 12542 ;;		On exit  : 0/0
 12543 ;;		Unchanged: 0/0
 12544 ;; Data sizes:     COMMON   BANK0   BANK1   BANK2   BANK3   BANK4   BANK5   BANK6   BANK7   BANK8   BANK9  BANK10  BANK1
      +1  BANK12  BANK13  BANK14  BANK15  BANK16  BANK17  BANK18  BANK19  BANK20  BANK21  BANK22  BANK23  BANK24  BANK25
 12545 ;;      Params:         0       0       0       0       0       0       0       0       0       0       0       0       
      +0       0       0       0       0       0       0       0       0       0       0       0       0       0       0
 12546 ;;      Locals:         0       1       0       0       0       0       0       0       0       0       0       0       
      +0       0       0       0       0       0       0       0       0       0       0       0       0       0       0
 12547 ;;      Temps:          0       2       0       0       0       0       0       0       0       0       0       0       
      +0       0       0       0       0       0       0       0       0       0       0       0       0       0       0
 12548 ;;      Totals:         0       3       0       0       0       0       0       0       0       0       0       0       
      +0       0       0       0       0       0       0       0       0       0       0       0       0       0       0
 12549 ;;Total ram usage:        3 bytes
 12550 ;; Hardware stack levels used: 1
 12551 ;; Hardware stack levels required when called: 9
 12552 ;; This function calls:
 12553 ;;		_DFPlayer_SetVolume
 12554 ;;		_DFPlayer_Stop
 12555 ;; This function is called by:
 12556 ;;		_main
 12557 ;; This function uses a non-reentrant model
 12558 ;;
 12559                           
 12560     0B54                     _DFPlayer_FadeOutAndStop:	
 12561                           ;psect for function _DFPlayer_FadeOutAndStop
 12562                           
 12563     0B54                     l5488:	
 12564                           ;incstack = 0
 12565                           ; Regs used in _DFPlayer_FadeOutAndStop: [wreg+fsr1l+fsr1h+status,2+status,0+pclath+csta
      +                          ck]
 12566                           
 12567                           
 12568                           ;drivers/dfplayer.c: 168:     uint8_t startVolume = currentVolume;
 12569     0B54  0140               	movlb	0	; select bank0
 12570     0B55  086D               	movf	_currentVolume,w
 12571     0B56  00C9               	movwf	DFPlayer_FadeOutAndStop@startVolume
 12572                           
 12573                           ;drivers/dfplayer.c: 170:     while (currentVolume > 0)
 12574     0B57  2B6B               	goto	l5494
 12575     0B58                     l5490:
 12576                           
 12577                           ;drivers/dfplayer.c: 171:     {;drivers/dfplayer.c: 172:         DFPlayer_SetVolume((uin
      +                          t8_t)(currentVolume - 1), 0);
 12578     0B58  01C3               	clrf	DFPlayer_SetVolume@waitForAck
 12579     0B59  086D               	movf	_currentVolume,w
 12580     0B5A  3EFF               	addlw	255
 12581     0B5B  318A  2251  318B   	fcall	_DFPlayer_SetVolume
 12582     0B5E                     l5492:
 12583                           
 12584                           ;drivers/dfplayer.c: 173:         _delay((unsigned long)((80)*(32000000/4000.0)));
 12585     0B5E  3004               	movlw	4
 12586     0B5F  0140               	movlb	0	; select bank0
 12587     0B60  00C8               	movwf	??_DFPlayer_FadeOutAndStop+1
 12588     0B61  3040               	movlw	64
 12589     0B62  00C7               	movwf	??_DFPlayer_FadeOutAndStop
 12590     0B63  3026               	movlw	38
 12591     0B64                     u5667:
 12592     0B64  0B89               	decfsz	9,f
 12593     0B65  2B64               	goto	u5667
 12594     0B66  0BC7               	decfsz	??_DFPlayer_FadeOutAndStop,f
 12595     0B67  2B64               	goto	u5667
 12596     0B68  0BC8               	decfsz	??_DFPlayer_FadeOutAndStop+1,f
 12597     0B69  2B64               	goto	u5667
 12598     0B6A  0000               	nop
 12599     0B6B                     l5494:
 12600                           
 12601                           ;drivers/dfplayer.c: 170:     while (currentVolume > 0)
 12602     0B6B  0140               	movlb	0	; select bank0
 12603     0B6C  086D               	movf	_currentVolume,w
 12604     0B6D  1D03               	btfss	3,2
 12605     0B6E  2B70               	goto	u5421
 12606     0B6F  2B71               	goto	u5420
 12607     0B70                     u5421:
 12608     0B70  2B58               	goto	l5490
 12609     0B71                     u5420:
 12610     0B71                     l5496:
 12611                           
 12612                           ;drivers/dfplayer.c: 176:     DFPlayer_Stop();
 12613     0B71  3189  2163  318B   	fcall	_DFPlayer_Stop
 12614                           
 12615                           ;drivers/dfplayer.c: 177:     DFPlayer_SetVolume(startVolume, 1);
 12616     0B74  0140               	movlb	0	; select bank0
 12617     0B75  01C3               	clrf	DFPlayer_SetVolume@waitForAck
 12618     0B76  0AC3               	incf	DFPlayer_SetVolume@waitForAck,f
 12619     0B77  0849               	movf	DFPlayer_FadeOutAndStop@startVolume,w
 12620     0B78  318A  2251  318B   	fcall	_DFPlayer_SetVolume
 12621     0B7B                     l866:
 12622     0B7B  0008               	return
 12623     0B7C                     __end_of_DFPlayer_FadeOutAndStop:
 12624                           
 12625                           	psect	text47
 12626     0963                     __ptext47:	
 12627 ;; *************** function _DFPlayer_Stop *****************
 12628 ;; Defined at:
 12629 ;;		line 155 in file "drivers/dfplayer.c"
 12630 ;; Parameters:    Size  Location     Type
 12631 ;;		None
 12632 ;; Auto vars:     Size  Location     Type
 12633 ;;		None
 12634 ;; Return value:  Size  Location     Type
 12635 ;;                  1    wreg      void 
 12636 ;; Registers used:
 12637 ;;		wreg, fsr1l, fsr1h, status,2, status,0, pclath, cstack
 12638 ;; Tracked objects:
 12639 ;;		On entry : 0/0
 12640 ;;		On exit  : 0/0
 12641 ;;		Unchanged: 0/0
 12642 ;; Data sizes:     COMMON   BANK0   BANK1   BANK2   BANK3   BANK4   BANK5   BANK6   BANK7   BANK8   BANK9  BANK10  BANK1
      +1  BANK12  BANK13  BANK14  BANK15  BANK16  BANK17  BANK18  BANK19  BANK20  BANK21  BANK22  BANK23  BANK24  BANK25
 12643 ;;      Params:         0       0       0       0       0       0       0       0       0       0       0       0       
      +0       0       0       0       0       0       0       0       0       0       0       0       0       0       0
 12644 ;;      Locals:         0       0       0       0       0       0       0       0       0       0       0       0       
      +0       0       0       0       0       0       0       0       0       0       0       0       0       0       0
 12645 ;;      Temps:          0       0       0       0       0       0       0       0       0       0       0       0       
      +0       0       0       0       0       0       0       0       0       0       0       0       0       0       0
 12646 ;;      Totals:         0       0       0       0       0       0       0       0       0       0       0       0       
      +0       0       0       0       0       0       0       0       0       0       0       0       0       0       0
 12647 ;;Total ram usage:        0 bytes
 12648 ;; Hardware stack levels used: 1
 12649 ;; Hardware stack levels required when called: 8
 12650 ;; This function calls:
 12651 ;;		_DFPlayer_SendCommand
 12652 ;; This function is called by:
 12653 ;;		_on_power_button_pressed
 12654 ;;		_DFPlayer_FadeOutAndStop
 12655 ;; This function uses a non-reentrant model
 12656 ;;
 12657                           
 12658     0963                     _DFPlayer_Stop:	
 12659                           ;psect for function _DFPlayer_Stop
 12660                           
 12661     0963                     l4786:	
 12662                           ;incstack = 0
 12663                           ; Regs used in _DFPlayer_Stop: [wreg+fsr1l+fsr1h+status,2+status,0+pclath+cstack]
 12664                           
 12665                           
 12666                           ;drivers/dfplayer.c: 157:     DFPlayer_SendCommand(0x16, 0, 1);
 12667     0963  3000               	movlw	0
 12668     0964  0140               	movlb	0	; select bank0
 12669     0965  00B4               	movwf	DFPlayer_SendCommand@parameter
 12670     0966  00B5               	movwf	DFPlayer_SendCommand@parameter+1
 12671     0967  01B6               	clrf	DFPlayer_SendCommand@waitForAck
 12672     0968  0AB6               	incf	DFPlayer_SendCommand@waitForAck,f
 12673     0969  3016               	movlw	22
 12674     096A  318F  2787  3189   	fcall	_DFPlayer_SendCommand
 12675     096D                     l860:
 12676     096D  0008               	return
 12677     096E                     __end_of_DFPlayer_Stop:
 12678                           
 12679                           	psect	text48
 12680     0A51                     __ptext48:	
 12681 ;; *************** function _DFPlayer_SetVolume *****************
 12682 ;; Defined at:
 12683 ;;		line 119 in file "drivers/dfplayer.c"
 12684 ;; Parameters:    Size  Location     Type
 12685 ;;  volume          1    wreg     unsigned char 
 12686 ;;  waitForAck      1   35[BANK0 ] _Bool 
 12687 ;; Auto vars:     Size  Location     Type
 12688 ;;  volume          1   38[BANK0 ] unsigned char 
 12689 ;; Return value:  Size  Location     Type
 12690 ;;                  1    wreg      void 
 12691 ;; Registers used:
 12692 ;;		wreg, fsr1l, fsr1h, status,2, status,0, pclath, cstack
 12693 ;; Tracked objects:
 12694 ;;		On entry : 0/0
 12695 ;;		On exit  : 0/0
 12696 ;;		Unchanged: 0/0
 12697 ;; Data sizes:     COMMON   BANK0   BANK1   BANK2   BANK3   BANK4   BANK5   BANK6   BANK7   BANK8   BANK9  BANK10  BANK1
      +1  BANK12  BANK13  BANK14  BANK15  BANK16  BANK17  BANK18  BANK19  BANK20  BANK21  BANK22  BANK23  BANK24  BANK25
 12698 ;;      Params:         0       1       0       0       0       0       0       0       0       0       0       0       
      +0       0       0       0       0       0       0       0       0       0       0       0       0       0       0
 12699 ;;      Locals:         0       1       0       0       0       0       0       0       0       0       0       0       
      +0       0       0       0       0       0       0       0       0       0       0       0       0       0       0
 12700 ;;      Temps:          0       2       0       0       0       0       0       0       0       0       0       0       
      +0       0       0       0       0       0       0       0       0       0       0       0       0       0       0
 12701 ;;      Totals:         0       4       0       0       0       0       0       0       0       0       0       0       
      +0       0       0       0       0       0       0       0       0       0       0       0       0       0       0
 12702 ;;Total ram usage:        4 bytes
 12703 ;; Hardware stack levels used: 1
 12704 ;; Hardware stack levels required when called: 8
 12705 ;; This function calls:
 12706 ;;		_DFPlayer_SendCommand
 12707 ;; This function is called by:
 12708 ;;		_DFPlayer_Init
 12709 ;;		_DFPlayer_AdjustVolume
 12710 ;;		_DFPlayer_FadeOutAndStop
 12711 ;; This function uses a non-reentrant model
 12712 ;;
 12713                           
 12714     0A51                     _DFPlayer_SetVolume:	
 12715                           ;psect for function _DFPlayer_SetVolume
 12716                           
 12717                           
 12718                           ;incstack = 0
 12719                           ; Regs used in _DFPlayer_SetVolume: [wreg+fsr1l+fsr1h+status,2+status,0+pclath+cstack]
 12720                           ;DFPlayer_SetVolume@volume stored from wreg
 12721     0A51  0140               	movlb	0	; select bank0
 12722     0A52  00C6               	movwf	DFPlayer_SetVolume@volume
 12723     0A53                     l4834:
 12724                           
 12725                           ;drivers/dfplayer.c: 119: void DFPlayer_SetVolume(uint8_t volume, _Bool waitForAck);driv
      +                          ers/dfplayer.c: 120: {;drivers/dfplayer.c: 121:     if (volume > 25)
 12726     0A53  301A               	movlw	26
 12727     0A54  0246               	subwf	DFPlayer_SetVolume@volume,w
 12728     0A55  1C03               	skipc
 12729     0A56  2A58               	goto	u4491
 12730     0A57  2A59               	goto	u4490
 12731     0A58                     u4491:
 12732     0A58  2A5B               	goto	l845
 12733     0A59                     u4490:
 12734     0A59                     l4836:
 12735                           
 12736                           ;drivers/dfplayer.c: 122:     {;drivers/dfplayer.c: 123:         volume = 25;
 12737     0A59  3019               	movlw	25
 12738     0A5A  00C6               	movwf	DFPlayer_SetVolume@volume
 12739     0A5B                     l845:	
 12740                           ;drivers/dfplayer.c: 124:     }
 12741                           
 12742                           
 12743                           ;drivers/dfplayer.c: 125:     currentVolume = volume;
 12744     0A5B  0846               	movf	DFPlayer_SetVolume@volume,w
 12745     0A5C  00ED               	movwf	_currentVolume
 12746     0A5D                     l4838:
 12747                           
 12748                           ;drivers/dfplayer.c: 126:     DFPlayer_SendCommand(0x06, volume, waitForAck);
 12749     0A5D  0846               	movf	DFPlayer_SetVolume@volume,w
 12750     0A5E  00C4               	movwf	??_DFPlayer_SetVolume
 12751     0A5F  01C5               	clrf	??_DFPlayer_SetVolume+1
 12752     0A60  0844               	movf	??_DFPlayer_SetVolume,w
 12753     0A61  00B4               	movwf	DFPlayer_SendCommand@parameter
 12754     0A62  0845               	movf	??_DFPlayer_SetVolume+1,w
 12755     0A63  00B5               	movwf	DFPlayer_SendCommand@parameter+1
 12756     0A64  0843               	movf	DFPlayer_SetVolume@waitForAck,w
 12757     0A65  00B6               	movwf	DFPlayer_SendCommand@waitForAck
 12758     0A66  3006               	movlw	6
 12759     0A67  318F  2787  318A   	fcall	_DFPlayer_SendCommand
 12760     0A6A                     l846:
 12761     0A6A  0008               	return
 12762     0A6B                     __end_of_DFPlayer_SetVolume:
 12763                           
 12764                           	psect	text49
 12765     0F87                     __ptext49:	
 12766 ;; *************** function _DFPlayer_SendCommand *****************
 12767 ;; Defined at:
 12768 ;;		line 69 in file "drivers/dfplayer.c"
 12769 ;; Parameters:    Size  Location     Type
 12770 ;;  command         1    wreg     unsigned char 
 12771 ;;  parameter       2   20[BANK0 ] unsigned short 
 12772 ;;  waitForAck      1   22[BANK0 ] _Bool 
 12773 ;; Auto vars:     Size  Location     Type
 12774 ;;  command         1   29[BANK0 ] unsigned char 
 12775 ;;  checksum        2   30[BANK0 ] unsigned short 
 12776 ;;  feedback        1   34[BANK0 ] unsigned char 
 12777 ;;  low             1   33[BANK0 ] unsigned char 
 12778 ;;  high            1   32[BANK0 ] unsigned char 
 12779 ;; Return value:  Size  Location     Type
 12780 ;;                  1    wreg      _Bool 
 12781 ;; Registers used:
 12782 ;;		wreg, fsr1l, fsr1h, status,2, status,0, pclath, cstack
 12783 ;; Tracked objects:
 12784 ;;		On entry : 0/0
 12785 ;;		On exit  : 0/0
 12786 ;;		Unchanged: 0/0
 12787 ;; Data sizes:     COMMON   BANK0   BANK1   BANK2   BANK3   BANK4   BANK5   BANK6   BANK7   BANK8   BANK9  BANK10  BANK1
      +1  BANK12  BANK13  BANK14  BANK15  BANK16  BANK17  BANK18  BANK19  BANK20  BANK21  BANK22  BANK23  BANK24  BANK25
 12788 ;;      Params:         0       3       0       0       0       0       0       0       0       0       0       0       
      +0       0       0       0       0       0       0       0       0       0       0       0       0       0       0
 12789 ;;      Locals:         0       6       0       0       0       0       0       0       0       0       0       0       
      +0       0       0       0       0       0       0       0       0       0       0       0       0       0       0
 12790 ;;      Temps:          0       6       0       0       0       0       0       0       0       0       0       0       
      +0       0       0       0       0       0       0       0       0       0       0       0       0       0       0
 12791 ;;      Totals:         0      15       0       0       0       0       0       0       0       0       0       0       
      +0       0       0       0       0       0       0       0       0       0       0       0       0       0       0
 12792 ;;Total ram usage:       15 bytes
 12793 ;; Hardware stack levels used: 1
 12794 ;; Hardware stack levels required when called: 7
 12795 ;; This function calls:
 12796 ;;		_EUSART1_IsRxReady
 12797 ;;		_EUSART1_IsTxDone
 12798 ;;		_EUSART1_Read
 12799 ;;		_dfplayer_uart_write
 12800 ;;		_dfplayer_wait_for_ack
 12801 ;; This function is called by:
 12802 ;;		_DFPlayer_SetVolume
 12803 ;;		_DFPlayer_PlayTrack
 12804 ;;		_DFPlayer_Stop
 12805 ;; This function uses a non-reentrant model
 12806 ;;
 12807                           
 12808     0F87                     _DFPlayer_SendCommand:	
 12809                           ;psect for function _DFPlayer_SendCommand
 12810                           
 12811                           
 12812                           ;incstack = 0
 12813                           ; Regs used in _DFPlayer_SendCommand: [wreg+fsr1l+fsr1h+status,2+status,0+pclath+cstack]
 12814                           ;DFPlayer_SendCommand@command stored from wreg
 12815     0F87  0140               	movlb	0	; select bank0
 12816     0F88  00BD               	movwf	DFPlayer_SendCommand@command
 12817     0F89                     l4542:
 12818                           
 12819                           ;drivers/dfplayer.c: 69: _Bool DFPlayer_SendCommand(uint8_t command, uint16_t parameter,
      +                           _Bool waitForAck);drivers/dfplayer.c: 70: {;drivers/dfplayer.c: 71:     uint8_t high = 
      +                          parameter >> 8;
 12820     0F89  0835               	movf	DFPlayer_SendCommand@parameter+1,w
 12821     0F8A  00C0               	movwf	DFPlayer_SendCommand@high
 12822     0F8B                     l4544:
 12823                           
 12824                           ;drivers/dfplayer.c: 72:     uint8_t low = parameter & 0xFF;
 12825     0F8B  0834               	movf	DFPlayer_SendCommand@parameter,w
 12826     0F8C  00C1               	movwf	DFPlayer_SendCommand@low
 12827     0F8D                     l4546:
 12828                           
 12829                           ;drivers/dfplayer.c: 73:     uint8_t feedback = 0x01;
 12830     0F8D  01C2               	clrf	DFPlayer_SendCommand@feedback
 12831     0F8E  0AC2               	incf	DFPlayer_SendCommand@feedback,f
 12832     0F8F                     l4548:
 12833                           
 12834                           ;drivers/dfplayer.c: 75:     uint16_t checksum =
 12835     0F8F  083D               	movf	DFPlayer_SendCommand@command,w
 12836     0F90  00B7               	movwf	??_DFPlayer_SendCommand
 12837     0F91  01B8               	clrf	??_DFPlayer_SendCommand+1
 12838     0F92  09B7               	comf	??_DFPlayer_SendCommand,f
 12839     0F93  09B8               	comf	??_DFPlayer_SendCommand+1,f
 12840     0F94  0AB7               	incf	??_DFPlayer_SendCommand,f
 12841     0F95  1903               	skipnz
 12842     0F96  0AB8               	incf	??_DFPlayer_SendCommand+1,f
 12843     0F97  0838               	movf	??_DFPlayer_SendCommand+1,w
 12844     0F98  00BA               	movwf	??_DFPlayer_SendCommand+3
 12845     0F99  0840               	movf	DFPlayer_SendCommand@high,w
 12846     0F9A  0237               	subwf	??_DFPlayer_SendCommand,w
 12847     0F9B  00B9               	movwf	??_DFPlayer_SendCommand+2
 12848     0F9C  1C03               	skipc
 12849     0F9D  03BA               	decf	??_DFPlayer_SendCommand+3,f
 12850     0F9E  083A               	movf	??_DFPlayer_SendCommand+3,w
 12851     0F9F  00BC               	movwf	??_DFPlayer_SendCommand+5
 12852     0FA0  0841               	movf	DFPlayer_SendCommand@low,w
 12853     0FA1  0239               	subwf	??_DFPlayer_SendCommand+2,w
 12854     0FA2  00BB               	movwf	??_DFPlayer_SendCommand+4
 12855     0FA3  1C03               	skipc
 12856     0FA4  03BC               	decf	??_DFPlayer_SendCommand+5,f
 12857     0FA5  083B               	movf	??_DFPlayer_SendCommand+4,w
 12858     0FA6  3EFA               	addlw	250
 12859     0FA7  00BE               	movwf	DFPlayer_SendCommand@checksum
 12860     0FA8  30FE               	movlw	254
 12861     0FA9  3D3C               	addwfc	??_DFPlayer_SendCommand+5,w
 12862     0FAA  00BF               	movwf	DFPlayer_SendCommand@checksum+1
 12863                           
 12864                           ;drivers/dfplayer.c: 81:     while (EUSART1_IsRxReady())
 12865     0FAB  2FAF               	goto	l830
 12866     0FAC                     l4550:
 12867                           
 12868                           ;drivers/dfplayer.c: 82:     {;drivers/dfplayer.c: 83:         (void)EUSART1_Read();
 12869     0FAC  318B  237C  318F   	fcall	_EUSART1_Read
 12870     0FAF                     l830:	
 12871                           ;drivers/dfplayer.c: 84:     }
 12872                           
 12873                           
 12874                           ;drivers/dfplayer.c: 81:     while (EUSART1_IsRxReady())
 12875     0FAF  3189  2142  318F   	fcall	_EUSART1_IsRxReady
 12876     0FB2  3A00               	xorlw	0
 12877     0FB3  1D03               	skipz
 12878     0FB4  2FB6               	goto	u4151
 12879     0FB5  2FB7               	goto	u4150
 12880     0FB6                     u4151:
 12881     0FB6  2FAC               	goto	l4550
 12882     0FB7                     u4150:
 12883     0FB7                     l4552:
 12884                           
 12885                           ;drivers/dfplayer.c: 86:     dfplayer_uart_write(0x7E);
 12886     0FB7  307E               	movlw	126
 12887     0FB8  3189  21F1  318F   	fcall	_dfplayer_uart_write
 12888                           
 12889                           ;drivers/dfplayer.c: 87:     dfplayer_uart_write(0xFF);
 12890     0FBB  30FF               	movlw	255
 12891     0FBC  3189  21F1  318F   	fcall	_dfplayer_uart_write
 12892                           
 12893                           ;drivers/dfplayer.c: 88:     dfplayer_uart_write(0x06);
 12894     0FBF  3006               	movlw	6
 12895     0FC0  3189  21F1  318F   	fcall	_dfplayer_uart_write
 12896                           
 12897                           ;drivers/dfplayer.c: 89:     dfplayer_uart_write(command);
 12898     0FC3  0140               	movlb	0	; select bank0
 12899     0FC4  083D               	movf	DFPlayer_SendCommand@command,w
 12900     0FC5  3189  21F1  318F   	fcall	_dfplayer_uart_write
 12901                           
 12902                           ;drivers/dfplayer.c: 90:     dfplayer_uart_write(feedback);
 12903     0FC8  0140               	movlb	0	; select bank0
 12904     0FC9  0842               	movf	DFPlayer_SendCommand@feedback,w
 12905     0FCA  3189  21F1  318F   	fcall	_dfplayer_uart_write
 12906                           
 12907                           ;drivers/dfplayer.c: 91:     dfplayer_uart_write(high);
 12908     0FCD  0140               	movlb	0	; select bank0
 12909     0FCE  0840               	movf	DFPlayer_SendCommand@high,w
 12910     0FCF  3189  21F1  318F   	fcall	_dfplayer_uart_write
 12911                           
 12912                           ;drivers/dfplayer.c: 92:     dfplayer_uart_write(low);
 12913     0FD2  0140               	movlb	0	; select bank0
 12914     0FD3  0841               	movf	DFPlayer_SendCommand@low,w
 12915     0FD4  3189  21F1  318F   	fcall	_dfplayer_uart_write
 12916                           
 12917                           ;drivers/dfplayer.c: 93:     dfplayer_uart_write(checksum >> 8);
 12918     0FD7  0140               	movlb	0	; select bank0
 12919     0FD8  083F               	movf	DFPlayer_SendCommand@checksum+1,w
 12920     0FD9  3189  21F1  318F   	fcall	_dfplayer_uart_write
 12921                           
 12922                           ;drivers/dfplayer.c: 94:     dfplayer_uart_write(checksum & 0xFF);
 12923     0FDC  0140               	movlb	0	; select bank0
 12924     0FDD  083E               	movf	DFPlayer_SendCommand@checksum,w
 12925     0FDE  3189  21F1  318F   	fcall	_dfplayer_uart_write
 12926                           
 12927                           ;drivers/dfplayer.c: 95:     dfplayer_uart_write(0xEF);
 12928     0FE1  30EF               	movlw	239
 12929     0FE2  3189  21F1  318F   	fcall	_dfplayer_uart_write
 12930     0FE5                     l4554:	
 12931                           ;drivers/dfplayer.c: 101:     while (!EUSART1_IsTxDone())
 12932                           
 12933                           
 12934                           ;drivers/dfplayer.c: 101:     while (!EUSART1_IsTxDone())
 12935     0FE5  3189  2102  318F   	fcall	_EUSART1_IsTxDone
 12936     0FE8  3A00               	xorlw	0
 12937     0FE9  1903               	skipnz
 12938     0FEA  2FEC               	goto	u4161
 12939     0FEB  2FED               	goto	u4160
 12940     0FEC                     u4161:
 12941     0FEC  2FE5               	goto	l4554
 12942     0FED                     u4160:
 12943     0FED                     l4556:
 12944                           
 12945                           ;drivers/dfplayer.c: 105:     if (!waitForAck)
 12946     0FED  0140               	movlb	0	; select bank0
 12947     0FEE  0836               	movf	DFPlayer_SendCommand@waitForAck,w
 12948     0FEF  1D03               	btfss	3,2
 12949     0FF0  2FF2               	goto	u4171
 12950     0FF1  2FF3               	goto	u4170
 12951     0FF2                     u4171:
 12952     0FF2  2FF4               	goto	l4560
 12953     0FF3                     u4170:
 12954     0FF3  2FFF               	goto	l837
 12955     0FF4                     l4560:
 12956                           
 12957                           ;drivers/dfplayer.c: 109:     return dfplayer_wait_for_ack(50000);;	Return value of _DFP
      +                          layer_SendCommand is never used
 12958     0FF4  3000               	movlw	0
 12959     0FF5  00A3               	movwf	dfplayer_wait_for_ack@timeout_us+3
 12960     0FF6  3000               	movlw	0
 12961     0FF7  00A2               	movwf	dfplayer_wait_for_ack@timeout_us+2
 12962     0FF8  30C3               	movlw	195
 12963     0FF9  00A1               	movwf	dfplayer_wait_for_ack@timeout_us+1
 12964     0FFA  3050               	movlw	80
 12965     0FFB  00A0               	movwf	dfplayer_wait_for_ack@timeout_us
 12966     0FFC  3187  274F  318F   	fcall	_dfplayer_wait_for_ack
 12967     0FFF                     l837:
 12968     0FFF  0008               	return
 12969     1000                     __end_of_DFPlayer_SendCommand:
 12970                           
 12971                           	psect	text50
 12972     074F                     __ptext50:	
 12973 ;; *************** function _dfplayer_wait_for_ack *****************
 12974 ;; Defined at:
 12975 ;;		line 43 in file "drivers/dfplayer.c"
 12976 ;; Parameters:    Size  Location     Type
 12977 ;;  timeout_us      4    0[BANK0 ] unsigned long 
 12978 ;; Auto vars:     Size  Location     Type
 12979 ;;  frame          10    8[BANK0 ] unsigned char [10]
 12980 ;;  count           1   19[BANK0 ] unsigned char 
 12981 ;; Return value:  Size  Location     Type
 12982 ;;                  1    wreg      _Bool 
 12983 ;; Registers used:
 12984 ;;		wreg, fsr1l, fsr1h, status,2, status,0, pclath, cstack
 12985 ;; Tracked objects:
 12986 ;;		On entry : 0/0
 12987 ;;		On exit  : 0/0
 12988 ;;		Unchanged: 0/0
 12989 ;; Data sizes:     COMMON   BANK0   BANK1   BANK2   BANK3   BANK4   BANK5   BANK6   BANK7   BANK8   BANK9  BANK10  BANK1
      +1  BANK12  BANK13  BANK14  BANK15  BANK16  BANK17  BANK18  BANK19  BANK20  BANK21  BANK22  BANK23  BANK24  BANK25
 12990 ;;      Params:         0       4       0       0       0       0       0       0       0       0       0       0       
      +0       0       0       0       0       0       0       0       0       0       0       0       0       0       0
 12991 ;;      Locals:         0      12       0       0       0       0       0       0       0       0       0       0       
      +0       0       0       0       0       0       0       0       0       0       0       0       0       0       0
 12992 ;;      Temps:          0       4       0       0       0       0       0       0       0       0       0       0       
      +0       0       0       0       0       0       0       0       0       0       0       0       0       0       0
 12993 ;;      Totals:         0      20       0       0       0       0       0       0       0       0       0       0       
      +0       0       0       0       0       0       0       0       0       0       0       0       0       0       0
 12994 ;;Total ram usage:       20 bytes
 12995 ;; Hardware stack levels used: 1
 12996 ;; Hardware stack levels required when called: 6
 12997 ;; This function calls:
 12998 ;;		_EUSART1_IsRxReady
 12999 ;;		_EUSART1_Read
 13000 ;;		_dfplayer_uart_clear_overrun
 13001 ;; This function is called by:
 13002 ;;		_DFPlayer_SendCommand
 13003 ;; This function uses a non-reentrant model
 13004 ;;
 13005                           
 13006     074F                     _dfplayer_wait_for_ack:	
 13007                           ;psect for function _dfplayer_wait_for_ack
 13008                           
 13009     074F                     l4438:	
 13010                           ;incstack = 0
 13011                           ; Regs used in _dfplayer_wait_for_ack: [wreg+fsr1l+fsr1h+status,2+status,0+pclath+cstack
      +                          ]
 13012                           
 13013                           
 13014                           ;drivers/dfplayer.c: 43: static _Bool dfplayer_wait_for_ack(uint32_t timeout_us);drivers
      +                          /dfplayer.c: 44: {;drivers/dfplayer.c: 45:     dfplayer_uart_clear_overrun();
 13015     074F  3189  2149  3187   	fcall	_dfplayer_uart_clear_overrun
 13016     0752                     l4440:
 13017                           
 13018                           ;drivers/dfplayer.c: 47:     uint8_t frame[10];;drivers/dfplayer.c: 48:     uint8_t coun
      +                          t = 0;
 13019     0752  0140               	movlb	0	; select bank0
 13020     0753  01B3               	clrf	dfplayer_wait_for_ack@count
 13021                           
 13022                           ;drivers/dfplayer.c: 49:     while (count < sizeof(frame) && timeout_us)
 13023     0754  2FA3               	goto	l813
 13024     0755                     l4442:
 13025                           
 13026                           ;drivers/dfplayer.c: 50:     {;drivers/dfplayer.c: 51:         if (EUSART1_IsRxReady())
 13027     0755  3189  2142  3187   	fcall	_EUSART1_IsRxReady
 13028     0758  3A00               	xorlw	0
 13029     0759  1903               	skipnz
 13030     075A  2F5C               	goto	u3941
 13031     075B  2F5D               	goto	u3940
 13032     075C                     u3941:
 13033     075C  2F6C               	goto	l4448
 13034     075D                     u3940:
 13035     075D                     l4444:
 13036                           
 13037                           ;drivers/dfplayer.c: 52:         {;drivers/dfplayer.c: 53:             frame[count++] = 
      +                          EUSART1_Read();
 13038     075D  0140               	movlb	0	; select bank0
 13039     075E  0833               	movf	dfplayer_wait_for_ack@count,w
 13040     075F  3E28               	addlw	(low (dfplayer_wait_for_ack@frame| 0))& (0+255)
 13041     0760  0086               	movwf	6
 13042     0761  0187               	clrf	7
 13043     0762  318B  237C  3187   	fcall	_EUSART1_Read
 13044     0765  0081               	movwf	1
 13045     0766                     l4446:
 13046     0766  3001               	movlw	1
 13047     0767  0140               	movlb	0	; select bank0
 13048     0768  00A4               	movwf	??_dfplayer_wait_for_ack
 13049     0769  0824               	movf	??_dfplayer_wait_for_ack,w
 13050     076A  07B3               	addwf	dfplayer_wait_for_ack@count,f
 13051                           
 13052                           ;drivers/dfplayer.c: 54:         }
 13053     076B  2FA3               	goto	l813
 13054     076C                     l4448:
 13055                           
 13056                           ;drivers/dfplayer.c: 56:         {;drivers/dfplayer.c: 57:             _delay((unsigned 
      +                          long)((20)*(32000000/4000000.0)));
 13057     076C  3035               	movlw	53
 13058     076D                     u5677:
 13059     076D  0B89               	decfsz	9,f
 13060     076E  2F6D               	goto	u5677
 13061     076F  0000               	nop
 13062     0770                     l4450:
 13063                           
 13064                           ;drivers/dfplayer.c: 58:             timeout_us = (timeout_us > 20) ? (timeout_us - 20) 
      +                          : 0;
 13065     0770  0140               	movlb	0	; select bank0
 13066     0771  0823               	movf	dfplayer_wait_for_ack@timeout_us+3,w
 13067     0772  1D03               	btfss	3,2
 13068     0773  2F7F               	goto	u3951
 13069     0774  0822               	movf	dfplayer_wait_for_ack@timeout_us+2,w
 13070     0775  1D03               	btfss	3,2
 13071     0776  2F7F               	goto	u3951
 13072     0777  0821               	movf	dfplayer_wait_for_ack@timeout_us+1,w
 13073     0778  1D03               	btfss	3,2
 13074     0779  2F7F               	goto	u3951
 13075     077A  3015               	movlw	21
 13076     077B  0220               	subwf	dfplayer_wait_for_ack@timeout_us,w
 13077     077C  1803               	btfsc	3,0
 13078     077D  2F7F               	goto	u3951
 13079     077E  2F80               	goto	u3950
 13080     077F                     u3951:
 13081     077F  2F8A               	goto	l4454
 13082     0780                     u3950:
 13083     0780                     l4452:
 13084     0780  3000               	movlw	0
 13085     0781  0140               	movlb	0	; select bank0
 13086     0782  00A3               	movwf	dfplayer_wait_for_ack@timeout_us+3
 13087     0783  3000               	movlw	0
 13088     0784  00A2               	movwf	dfplayer_wait_for_ack@timeout_us+2
 13089     0785  3000               	movlw	0
 13090     0786  00A1               	movwf	dfplayer_wait_for_ack@timeout_us+1
 13091     0787  3000               	movlw	0
 13092     0788  00A0               	movwf	dfplayer_wait_for_ack@timeout_us
 13093     0789  2FA3               	goto	l813
 13094     078A                     l4454:
 13095     078A  30EC               	movlw	236
 13096     078B  0140               	movlb	0	; select bank0
 13097     078C  00A4               	movwf	??_dfplayer_wait_for_ack
 13098     078D  30FF               	movlw	255
 13099     078E  00A5               	movwf	??_dfplayer_wait_for_ack+1
 13100     078F  30FF               	movlw	255
 13101     0790  00A6               	movwf	??_dfplayer_wait_for_ack+2
 13102     0791  30FF               	movlw	255
 13103     0792  00A7               	movwf	??_dfplayer_wait_for_ack+3
 13104     0793  0820               	movf	dfplayer_wait_for_ack@timeout_us,w
 13105     0794  07A4               	addwf	??_dfplayer_wait_for_ack,f
 13106     0795  0821               	movf	dfplayer_wait_for_ack@timeout_us+1,w
 13107     0796  3DA5               	addwfc	??_dfplayer_wait_for_ack+1,f
 13108     0797  0822               	movf	dfplayer_wait_for_ack@timeout_us+2,w
 13109     0798  3DA6               	addwfc	??_dfplayer_wait_for_ack+2,f
 13110     0799  0823               	movf	dfplayer_wait_for_ack@timeout_us+3,w
 13111     079A  3DA7               	addwfc	??_dfplayer_wait_for_ack+3,f
 13112     079B  0827               	movf	??_dfplayer_wait_for_ack+3,w
 13113     079C  00A3               	movwf	dfplayer_wait_for_ack@timeout_us+3
 13114     079D  0826               	movf	??_dfplayer_wait_for_ack+2,w
 13115     079E  00A2               	movwf	dfplayer_wait_for_ack@timeout_us+2
 13116     079F  0825               	movf	??_dfplayer_wait_for_ack+1,w
 13117     07A0  00A1               	movwf	dfplayer_wait_for_ack@timeout_us+1
 13118     07A1  0824               	movf	??_dfplayer_wait_for_ack,w
 13119     07A2  00A0               	movwf	dfplayer_wait_for_ack@timeout_us
 13120     07A3                     l813:	
 13121                           ;drivers/dfplayer.c: 60:     }
 13122                           
 13123                           
 13124                           ;drivers/dfplayer.c: 49:     while (count < sizeof(frame) && timeout_us)
 13125     07A3  300A               	movlw	10
 13126     07A4  0233               	subwf	dfplayer_wait_for_ack@count,w
 13127     07A5  1803               	skipnc
 13128     07A6  2FA8               	goto	u3961
 13129     07A7  2FA9               	goto	u3960
 13130     07A8                     u3961:
 13131     07A8  2FB1               	goto	l4458
 13132     07A9                     u3960:
 13133     07A9                     l4456:
 13134     07A9  0823               	movf	dfplayer_wait_for_ack@timeout_us+3,w
 13135     07AA  0422               	iorwf	dfplayer_wait_for_ack@timeout_us+2,w
 13136     07AB  0421               	iorwf	dfplayer_wait_for_ack@timeout_us+1,w
 13137     07AC  0420               	iorwf	dfplayer_wait_for_ack@timeout_us,w
 13138     07AD  1D03               	skipz
 13139     07AE  2FB0               	goto	u3971
 13140     07AF  2FB1               	goto	u3970
 13141     07B0                     u3971:
 13142     07B0  2F55               	goto	l4442
 13143     07B1                     u3970:
 13144     07B1                     l4458:
 13145                           
 13146                           ;drivers/dfplayer.c: 62:     if (count < sizeof(frame))
 13147     07B1  300A               	movlw	10
 13148     07B2  0233               	subwf	dfplayer_wait_for_ack@count,w
 13149     07B3  1803               	skipnc
 13150     07B4  2FB6               	goto	u3981
 13151     07B5  2FB7               	goto	u3980
 13152     07B6                     u3981:
 13153     07B6  2FB9               	goto	l4464
 13154     07B7                     u3980:
 13155     07B7                     l4460:
 13156                           
 13157                           ;drivers/dfplayer.c: 63:     {;drivers/dfplayer.c: 64:         return 0;
 13158     07B7  3000               	movlw	0
 13159     07B8  2FCF               	goto	l825
 13160     07B9                     l4464:
 13161                           
 13162                           ;drivers/dfplayer.c: 66:     return frame[0] == 0x7E && frame[3] == 0x41 && frame[9] == 
      +                          0xEF;
 13163     07B9  01B2               	clrf	_dfplayer_wait_for_ack$1447
 13164     07BA                     l4466:
 13165     07BA  307E               	movlw	126
 13166     07BB  0628               	xorwf	dfplayer_wait_for_ack@frame,w
 13167     07BC  1D03               	btfss	3,2
 13168     07BD  2FBF               	goto	u3991
 13169     07BE  2FC0               	goto	u3990
 13170     07BF                     u3991:
 13171     07BF  2FCE               	goto	l4474
 13172     07C0                     u3990:
 13173     07C0                     l4468:
 13174     07C0  3041               	movlw	65
 13175     07C1  062B               	xorwf	dfplayer_wait_for_ack@frame+3,w
 13176     07C2  1D03               	btfss	3,2
 13177     07C3  2FC5               	goto	u4001
 13178     07C4  2FC6               	goto	u4000
 13179     07C5                     u4001:
 13180     07C5  2FCE               	goto	l4474
 13181     07C6                     u4000:
 13182     07C6                     l4470:
 13183     07C6  30EF               	movlw	239
 13184     07C7  0631               	xorwf	dfplayer_wait_for_ack@frame+9,w
 13185     07C8  1D03               	btfss	3,2
 13186     07C9  2FCB               	goto	u4011
 13187     07CA  2FCC               	goto	u4010
 13188     07CB                     u4011:
 13189     07CB  2FCE               	goto	l4474
 13190     07CC                     u4010:
 13191     07CC                     l4472:
 13192     07CC  01B2               	clrf	_dfplayer_wait_for_ack$1447
 13193     07CD  0AB2               	incf	_dfplayer_wait_for_ack$1447,f
 13194     07CE                     l4474:
 13195     07CE  0832               	movf	_dfplayer_wait_for_ack$1447,w
 13196     07CF                     l825:
 13197     07CF  0008               	return
 13198     07D0                     __end_of_dfplayer_wait_for_ack:
 13199                           
 13200                           	psect	text51
 13201     0949                     __ptext51:	
 13202 ;; *************** function _dfplayer_uart_clear_overrun *****************
 13203 ;; Defined at:
 13204 ;;		line 19 in file "drivers/dfplayer.c"
 13205 ;; Parameters:    Size  Location     Type
 13206 ;;		None
 13207 ;; Auto vars:     Size  Location     Type
 13208 ;;		None
 13209 ;; Return value:  Size  Location     Type
 13210 ;;                  1    wreg      void 
 13211 ;; Registers used:
 13212 ;;		None
 13213 ;; Tracked objects:
 13214 ;;		On entry : 0/0
 13215 ;;		On exit  : 0/0
 13216 ;;		Unchanged: 0/0
 13217 ;; Data sizes:     COMMON   BANK0   BANK1   BANK2   BANK3   BANK4   BANK5   BANK6   BANK7   BANK8   BANK9  BANK10  BANK1
      +1  BANK12  BANK13  BANK14  BANK15  BANK16  BANK17  BANK18  BANK19  BANK20  BANK21  BANK22  BANK23  BANK24  BANK25
 13218 ;;      Params:         0       0       0       0       0       0       0       0       0       0       0       0       
      +0       0       0       0       0       0       0       0       0       0       0       0       0       0       0
 13219 ;;      Locals:         0       0       0       0       0       0       0       0       0       0       0       0       
      +0       0       0       0       0       0       0       0       0       0       0       0       0       0       0
 13220 ;;      Temps:          0       0       0       0       0       0       0       0       0       0       0       0       
      +0       0       0       0       0       0       0       0       0       0       0       0       0       0       0
 13221 ;;      Totals:         0       0       0       0       0       0       0       0       0       0       0       0       
      +0       0       0       0       0       0       0       0       0       0       0       0       0       0       0
 13222 ;;Total ram usage:        0 bytes
 13223 ;; Hardware stack levels used: 1
 13224 ;; Hardware stack levels required when called: 4
 13225 ;; This function calls:
 13226 ;;		Nothing
 13227 ;; This function is called by:
 13228 ;;		_dfplayer_wait_for_ack
 13229 ;; This function uses a non-reentrant model
 13230 ;;
 13231                           
 13232     0949                     _dfplayer_uart_clear_overrun:	
 13233                           ;psect for function _dfplayer_uart_clear_overrun
 13234                           
 13235     0949                     l4380:	
 13236                           ;incstack = 0
 13237                           ; Regs used in _dfplayer_uart_clear_overrun: []
 13238                           
 13239                           
 13240                           ;drivers/dfplayer.c: 21:     if (RC1STAbits.OERR)
 13241     0949  014C               	movlb	12	; select bank12
 13242     094A  1C90               	btfss	16,1	;volatile
 13243     094B  294D               	goto	u3861
 13244     094C  294E               	goto	u3860
 13245     094D                     u3861:
 13246     094D  2950               	goto	l810
 13247     094E                     u3860:
 13248     094E                     l4382:
 13249                           
 13250                           ;drivers/dfplayer.c: 22:     {;drivers/dfplayer.c: 23:         RC1STAbits.CREN = 0;
 13251     094E  1210               	bcf	16,4	;volatile
 13252                           
 13253                           ;drivers/dfplayer.c: 24:         RC1STAbits.CREN = 1;
 13254     094F  1610               	bsf	16,4	;volatile
 13255     0950                     l810:
 13256     0950  0008               	return
 13257     0951                     __end_of_dfplayer_uart_clear_overrun:
 13258                           
 13259                           	psect	text52
 13260     0B7C                     __ptext52:	
 13261 ;; *************** function _EUSART1_Read *****************
 13262 ;; Defined at:
 13263 ;;		line 213 in file "mcc_generated_files/uart/src/eusart1.c"
 13264 ;; Parameters:    Size  Location     Type
 13265 ;;		None
 13266 ;; Auto vars:     Size  Location     Type
 13267 ;;		None
 13268 ;; Return value:  Size  Location     Type
 13269 ;;                  1    wreg      unsigned char 
 13270 ;; Registers used:
 13271 ;;		wreg, status,2, status,0, pclath, cstack
 13272 ;; Tracked objects:
 13273 ;;		On entry : 0/0
 13274 ;;		On exit  : 0/0
 13275 ;;		Unchanged: 0/0
 13276 ;; Data sizes:     COMMON   BANK0   BANK1   BANK2   BANK3   BANK4   BANK5   BANK6   BANK7   BANK8   BANK9  BANK10  BANK1
      +1  BANK12  BANK13  BANK14  BANK15  BANK16  BANK17  BANK18  BANK19  BANK20  BANK21  BANK22  BANK23  BANK24  BANK25
 13277 ;;      Params:         0       0       0       0       0       0       0       0       0       0       0       0       
      +0       0       0       0       0       0       0       0       0       0       0       0       0       0       0
 13278 ;;      Locals:         0       0       0       0       0       0       0       0       0       0       0       0       
      +0       0       0       0       0       0       0       0       0       0       0       0       0       0       0
 13279 ;;      Temps:          0       0       0       0       0       0       0       0       0       0       0       0       
      +0       0       0       0       0       0       0       0       0       0       0       0       0       0       0
 13280 ;;      Totals:         0       0       0       0       0       0       0       0       0       0       0       0       
      +0       0       0       0       0       0       0       0       0       0       0       0       0       0       0
 13281 ;;Total ram usage:        0 bytes
 13282 ;; Hardware stack levels used: 1
 13283 ;; Hardware stack levels required when called: 5
 13284 ;; This function calls:
 13285 ;;		NULL
 13286 ;;		_EUSART1_DefaultFramingErrorCallback
 13287 ;;		_EUSART1_DefaultOverrunErrorCallback
 13288 ;;		_EUSART2_DefaultFramingErrorCallback
 13289 ;;		_EUSART2_DefaultOverrunErrorCallback
 13290 ;; This function is called by:
 13291 ;;		_dfplayer_wait_for_ack
 13292 ;;		_DFPlayer_SendCommand
 13293 ;; This function uses a non-reentrant model
 13294 ;;
 13295                           
 13296     0B7C                     _EUSART1_Read:	
 13297                           ;psect for function _EUSART1_Read
 13298                           
 13299     0B7C                     l4356:	
 13300                           ;incstack = 0
 13301                           ; Regs used in _EUSART1_Read: [wreg+status,2+status,0+pclath+cstack]
 13302                           
 13303                           
 13304                           ;mcc_generated_files/uart/src/eusart1.c: 215:     eusart1RxLastError.status = 0;
 13305     0B7C  0140               	movlb	0	; select bank0
 13306     0B7D  01E5               	clrf	_eusart1RxLastError	;volatile
 13307     0B7E  01E6               	clrf	_eusart1RxLastError+1	;volatile
 13308     0B7F                     l4358:
 13309                           
 13310                           ;mcc_generated_files/uart/src/eusart1.c: 216:     if(RC1STAbits.OERR)
 13311     0B7F  014C               	movlb	12	; select bank12
 13312     0B80  1C90               	btfss	16,1	;volatile
 13313     0B81  2B83               	goto	u3821
 13314     0B82  2B84               	goto	u3820
 13315     0B83                     u3821:
 13316     0B83  2B91               	goto	l4366
 13317     0B84                     u3820:
 13318     0B84                     l4360:
 13319                           
 13320                           ;mcc_generated_files/uart/src/eusart1.c: 217:     {;mcc_generated_files/uart/src/eusart1
      +                          .c: 218:         eusart1RxLastError.oerr = 1;
 13321     0B84  0140               	movlb	0	; select bank0
 13322     0B85  1565               	bsf	_eusart1RxLastError,2	;volatile
 13323     0B86                     l4362:
 13324                           
 13325                           ;mcc_generated_files/uart/src/eusart1.c: 219:         if(((void*)0) != EUSART1_OverrunEr
      +                          rorHandler)
 13326     0B86  0861               	movf	_EUSART1_OverrunErrorHandler,w
 13327     0B87  0462               	iorwf	_EUSART1_OverrunErrorHandler+1,w
 13328     0B88  1903               	btfsc	3,2
 13329     0B89  2B8B               	goto	u3831
 13330     0B8A  2B8C               	goto	u3830
 13331     0B8B                     u3831:
 13332     0B8B  2B91               	goto	l4366
 13333     0B8C                     u3830:
 13334     0B8C                     l4364:
 13335                           
 13336                           ;mcc_generated_files/uart/src/eusart1.c: 220:         {;mcc_generated_files/uart/src/eus
      +                          art1.c: 221:             EUSART1_OverrunErrorHandler();
 13337     0B8C  0862               	movf	_EUSART1_OverrunErrorHandler+1,w
 13338     0B8D  008A               	movwf	10
 13339     0B8E  0861               	movf	_EUSART1_OverrunErrorHandler,w
 13340     0B8F  000A               	callw
 13341     0B90  318B               	pagesel	$
 13342     0B91                     l4366:
 13343                           
 13344                           ;mcc_generated_files/uart/src/eusart1.c: 224:     if(RC1STAbits.FERR)
 13345     0B91  014C               	movlb	12	; select bank12
 13346     0B92  1D10               	btfss	16,2	;volatile
 13347     0B93  2B95               	goto	u3841
 13348     0B94  2B96               	goto	u3840
 13349     0B95                     u3841:
 13350     0B95  2BA3               	goto	l4374
 13351     0B96                     u3840:
 13352     0B96                     l4368:
 13353                           
 13354                           ;mcc_generated_files/uart/src/eusart1.c: 225:     {;mcc_generated_files/uart/src/eusart1
      +                          .c: 226:         eusart1RxLastError.ferr = 1;
 13355     0B96  0140               	movlb	0	; select bank0
 13356     0B97  14E5               	bsf	_eusart1RxLastError,1	;volatile
 13357     0B98                     l4370:
 13358                           
 13359                           ;mcc_generated_files/uart/src/eusart1.c: 227:         if(((void*)0) != EUSART1_FramingEr
      +                          rorHandler)
 13360     0B98  0863               	movf	_EUSART1_FramingErrorHandler,w
 13361     0B99  0464               	iorwf	_EUSART1_FramingErrorHandler+1,w
 13362     0B9A  1903               	btfsc	3,2
 13363     0B9B  2B9D               	goto	u3851
 13364     0B9C  2B9E               	goto	u3850
 13365     0B9D                     u3851:
 13366     0B9D  2BA3               	goto	l4374
 13367     0B9E                     u3850:
 13368     0B9E                     l4372:
 13369                           
 13370                           ;mcc_generated_files/uart/src/eusart1.c: 228:         {;mcc_generated_files/uart/src/eus
      +                          art1.c: 229:             EUSART1_FramingErrorHandler();
 13371     0B9E  0864               	movf	_EUSART1_FramingErrorHandler+1,w
 13372     0B9F  008A               	movwf	10
 13373     0BA0  0863               	movf	_EUSART1_FramingErrorHandler,w
 13374     0BA1  000A               	callw
 13375     0BA2  318B               	pagesel	$
 13376     0BA3                     l4374:
 13377                           
 13378                           ;mcc_generated_files/uart/src/eusart1.c: 232:     return RC1REG;
 13379     0BA3  014C               	movlb	12	; select bank12
 13380     0BA4  080C               	movf	12,w	;volatile
 13381     0BA5                     l535:
 13382     0BA5  0008               	return
 13383     0BA6                     __end_of_EUSART1_Read:
 13384                           
 13385                           	psect	text53
 13386     090E                     __ptext53:	
 13387 ;; *************** function _EUSART1_DefaultOverrunErrorCallback *****************
 13388 ;; Defined at:
 13389 ;;		line 245 in file "mcc_generated_files/uart/src/eusart1.c"
 13390 ;; Parameters:    Size  Location     Type
 13391 ;;		None
 13392 ;; Auto vars:     Size  Location     Type
 13393 ;;		None
 13394 ;; Return value:  Size  Location     Type
 13395 ;;                  1    wreg      void 
 13396 ;; Registers used:
 13397 ;;		None
 13398 ;; Tracked objects:
 13399 ;;		On entry : 0/0
 13400 ;;		On exit  : 0/0
 13401 ;;		Unchanged: 0/0
 13402 ;; Data sizes:     COMMON   BANK0   BANK1   BANK2   BANK3   BANK4   BANK5   BANK6   BANK7   BANK8   BANK9  BANK10  BANK1
      +1  BANK12  BANK13  BANK14  BANK15  BANK16  BANK17  BANK18  BANK19  BANK20  BANK21  BANK22  BANK23  BANK24  BANK25
 13403 ;;      Params:         0       0       0       0       0       0       0       0       0       0       0       0       
      +0       0       0       0       0       0       0       0       0       0       0       0       0       0       0
 13404 ;;      Locals:         0       0       0       0       0       0       0       0       0       0       0       0       
      +0       0       0       0       0       0       0       0       0       0       0       0       0       0       0
 13405 ;;      Temps:          0       0       0       0       0       0       0       0       0       0       0       0       
      +0       0       0       0       0       0       0       0       0       0       0       0       0       0       0
 13406 ;;      Totals:         0       0       0       0       0       0       0       0       0       0       0       0       
      +0       0       0       0       0       0       0       0       0       0       0       0       0       0       0
 13407 ;;Total ram usage:        0 bytes
 13408 ;; Hardware stack levels used: 1
 13409 ;; Hardware stack levels required when called: 4
 13410 ;; This function calls:
 13411 ;;		Nothing
 13412 ;; This function is called by:
 13413 ;;		_EUSART1_Initialize
 13414 ;;		_EUSART1_Read
 13415 ;;		_EUSART2_Read
 13416 ;; This function uses a non-reentrant model
 13417 ;;
 13418                           
 13419     090E                     _EUSART1_DefaultOverrunErrorCallback:	
 13420                           ;psect for function _EUSART1_DefaultOverrunErrorCallback
 13421                           
 13422     090E                     l4336:	
 13423                           ;incstack = 0
 13424                           ; Regs used in _EUSART1_DefaultOverrunErrorCallback: []
 13425                           
 13426                           
 13427                           ;mcc_generated_files/uart/src/eusart1.c: 248:     RC1STAbits.CREN = 0;
 13428     090E  014C               	movlb	12	; select bank12
 13429     090F  1210               	bcf	16,4	;volatile
 13430                           
 13431                           ;mcc_generated_files/uart/src/eusart1.c: 249:     RC1STAbits.CREN = 1;
 13432     0910  1610               	bsf	16,4	;volatile
 13433     0911                     l544:
 13434     0911  0008               	return
 13435     0912                     __end_of_EUSART1_DefaultOverrunErrorCallback:
 13436                           
 13437                           	psect	text54
 13438     090A                     __ptext54:	
 13439 ;; *************** function _EUSART2_DefaultOverrunErrorCallback *****************
 13440 ;; Defined at:
 13441 ;;		line 245 in file "mcc_generated_files/uart/src/eusart2.c"
 13442 ;; Parameters:    Size  Location     Type
 13443 ;;		None
 13444 ;; Auto vars:     Size  Location     Type
 13445 ;;		None
 13446 ;; Return value:  Size  Location     Type
 13447 ;;                  1    wreg      void 
 13448 ;; Registers used:
 13449 ;;		None
 13450 ;; Tracked objects:
 13451 ;;		On entry : 0/0
 13452 ;;		On exit  : 0/0
 13453 ;;		Unchanged: 0/0
 13454 ;; Data sizes:     COMMON   BANK0   BANK1   BANK2   BANK3   BANK4   BANK5   BANK6   BANK7   BANK8   BANK9  BANK10  BANK1
      +1  BANK12  BANK13  BANK14  BANK15  BANK16  BANK17  BANK18  BANK19  BANK20  BANK21  BANK22  BANK23  BANK24  BANK25
 13455 ;;      Params:         0       0       0       0       0       0       0       0       0       0       0       0       
      +0       0       0       0       0       0       0       0       0       0       0       0       0       0       0
 13456 ;;      Locals:         0       0       0       0       0       0       0       0       0       0       0       0       
      +0       0       0       0       0       0       0       0       0       0       0       0       0       0       0
 13457 ;;      Temps:          0       0       0       0       0       0       0       0       0       0       0       0       
      +0       0       0       0       0       0       0       0       0       0       0       0       0       0       0
 13458 ;;      Totals:         0       0       0       0       0       0       0       0       0       0       0       0       
      +0       0       0       0       0       0       0       0       0       0       0       0       0       0       0
 13459 ;;Total ram usage:        0 bytes
 13460 ;; Hardware stack levels used: 1
 13461 ;; Hardware stack levels required when called: 4
 13462 ;; This function calls:
 13463 ;;		Nothing
 13464 ;; This function is called by:
 13465 ;;		_EUSART2_Initialize
 13466 ;;		_EUSART1_Read
 13467 ;;		_EUSART2_Read
 13468 ;; This function uses a non-reentrant model
 13469 ;;
 13470                           
 13471     090A                     _EUSART2_DefaultOverrunErrorCallback:	
 13472                           ;psect for function _EUSART2_DefaultOverrunErrorCallback
 13473                           
 13474     090A                     l4338:	
 13475                           ;incstack = 0
 13476                           ; Regs used in _EUSART2_DefaultOverrunErrorCallback: []
 13477                           
 13478                           
 13479                           ;mcc_generated_files/uart/src/eusart2.c: 248:     RC2STAbits.CREN = 0;
 13480     090A  014C               	movlb	12	; select bank12
 13481     090B  121A               	bcf	26,4	;volatile
 13482                           
 13483                           ;mcc_generated_files/uart/src/eusart2.c: 249:     RC2STAbits.CREN = 1;
 13484     090C  161A               	bsf	26,4	;volatile
 13485     090D                     l688:
 13486     090D  0008               	return
 13487     090E                     __end_of_EUSART2_DefaultOverrunErrorCallback:
 13488                           
 13489                           	psect	text55
 13490     0002                     __ptext55:	
 13491 ;; *************** function _EUSART1_DefaultFramingErrorCallback *****************
 13492 ;; Defined at:
 13493 ;;		line 240 in file "mcc_generated_files/uart/src/eusart1.c"
 13494 ;; Parameters:    Size  Location     Type
 13495 ;;		None
 13496 ;; Auto vars:     Size  Location     Type
 13497 ;;		None
 13498 ;; Return value:  Size  Location     Type
 13499 ;;                  1    wreg      void 
 13500 ;; Registers used:
 13501 ;;		None
 13502 ;; Tracked objects:
 13503 ;;		On entry : 0/0
 13504 ;;		On exit  : 0/0
 13505 ;;		Unchanged: 0/0
 13506 ;; Data sizes:     COMMON   BANK0   BANK1   BANK2   BANK3   BANK4   BANK5   BANK6   BANK7   BANK8   BANK9  BANK10  BANK1
      +1  BANK12  BANK13  BANK14  BANK15  BANK16  BANK17  BANK18  BANK19  BANK20  BANK21  BANK22  BANK23  BANK24  BANK25
 13507 ;;      Params:         0       0       0       0       0       0       0       0       0       0       0       0       
      +0       0       0       0       0       0       0       0       0       0       0       0       0       0       0
 13508 ;;      Locals:         0       0       0       0       0       0       0       0       0       0       0       0       
      +0       0       0       0       0       0       0       0       0       0       0       0       0       0       0
 13509 ;;      Temps:          0       0       0       0       0       0       0       0       0       0       0       0       
      +0       0       0       0       0       0       0       0       0       0       0       0       0       0       0
 13510 ;;      Totals:         0       0       0       0       0       0       0       0       0       0       0       0       
      +0       0       0       0       0       0       0       0       0       0       0       0       0       0       0
 13511 ;;Total ram usage:        0 bytes
 13512 ;; Hardware stack levels used: 1
 13513 ;; Hardware stack levels required when called: 4
 13514 ;; This function calls:
 13515 ;;		Nothing
 13516 ;; This function is called by:
 13517 ;;		_EUSART1_Initialize
 13518 ;;		_EUSART1_Read
 13519 ;;		_EUSART2_Read
 13520 ;; This function uses a non-reentrant model
 13521 ;;
 13522                           
 13523     0002                     _EUSART1_DefaultFramingErrorCallback:	
 13524                           ;psect for function _EUSART1_DefaultFramingErrorCallback
 13525                           
 13526     0002                     l541:	
 13527                           ;incstack = 0
 13528                           ; Regs used in _EUSART1_DefaultFramingErrorCallback: []
 13529                           
 13530     0002  0008               	return
 13531     0003                     __end_of_EUSART1_DefaultFramingErrorCallback:
 13532                           
 13533                           	psect	text56
 13534     08F7                     __ptext56:	
 13535 ;; *************** function _EUSART2_DefaultFramingErrorCallback *****************
 13536 ;; Defined at:
 13537 ;;		line 240 in file "mcc_generated_files/uart/src/eusart2.c"
 13538 ;; Parameters:    Size  Location     Type
 13539 ;;		None
 13540 ;; Auto vars:     Size  Location     Type
 13541 ;;		None
 13542 ;; Return value:  Size  Location     Type
 13543 ;;                  1    wreg      void 
 13544 ;; Registers used:
 13545 ;;		None
 13546 ;; Tracked objects:
 13547 ;;		On entry : 0/0
 13548 ;;		On exit  : 0/0
 13549 ;;		Unchanged: 0/0
 13550 ;; Data sizes:     COMMON   BANK0   BANK1   BANK2   BANK3   BANK4   BANK5   BANK6   BANK7   BANK8   BANK9  BANK10  BANK1
      +1  BANK12  BANK13  BANK14  BANK15  BANK16  BANK17  BANK18  BANK19  BANK20  BANK21  BANK22  BANK23  BANK24  BANK25
 13551 ;;      Params:         0       0       0       0       0       0       0       0       0       0       0       0       
      +0       0       0       0       0       0       0       0       0       0       0       0       0       0       0
 13552 ;;      Locals:         0       0       0       0       0       0       0       0       0       0       0       0       
      +0       0       0       0       0       0       0       0       0       0       0       0       0       0       0
 13553 ;;      Temps:          0       0       0       0       0       0       0       0       0       0       0       0       
      +0       0       0       0       0       0       0       0       0       0       0       0       0       0       0
 13554 ;;      Totals:         0       0       0       0       0       0       0       0       0       0       0       0       
      +0       0       0       0       0       0       0       0       0       0       0       0       0       0       0
 13555 ;;Total ram usage:        0 bytes
 13556 ;; Hardware stack levels used: 1
 13557 ;; Hardware stack levels required when called: 4
 13558 ;; This function calls:
 13559 ;;		Nothing
 13560 ;; This function is called by:
 13561 ;;		_EUSART2_Initialize
 13562 ;;		_EUSART1_Read
 13563 ;;		_EUSART2_Read
 13564 ;; This function uses a non-reentrant model
 13565 ;;
 13566                           
 13567     08F7                     _EUSART2_DefaultFramingErrorCallback:	
 13568                           ;psect for function _EUSART2_DefaultFramingErrorCallback
 13569                           
 13570     08F7                     l685:	
 13571                           ;incstack = 0
 13572                           ; Regs used in _EUSART2_DefaultFramingErrorCallback: []
 13573                           
 13574     08F7  0008               	return
 13575     08F8                     __end_of_EUSART2_DefaultFramingErrorCallback:
 13576                           
 13577                           	psect	text57
 13578     0942                     __ptext57:	
 13579 ;; *************** function _EUSART1_IsRxReady *****************
 13580 ;; Defined at:
 13581 ;;		line 193 in file "mcc_generated_files/uart/src/eusart1.c"
 13582 ;; Parameters:    Size  Location     Type
 13583 ;;		None
 13584 ;; Auto vars:     Size  Location     Type
 13585 ;;		None
 13586 ;; Return value:  Size  Location     Type
 13587 ;;                  1    wreg      _Bool 
 13588 ;; Registers used:
 13589 ;;		wreg, status,2, status,0
 13590 ;; Tracked objects:
 13591 ;;		On entry : 0/0
 13592 ;;		On exit  : 0/0
 13593 ;;		Unchanged: 0/0
 13594 ;; Data sizes:     COMMON   BANK0   BANK1   BANK2   BANK3   BANK4   BANK5   BANK6   BANK7   BANK8   BANK9  BANK10  BANK1
      +1  BANK12  BANK13  BANK14  BANK15  BANK16  BANK17  BANK18  BANK19  BANK20  BANK21  BANK22  BANK23  BANK24  BANK25
 13595 ;;      Params:         0       0       0       0       0       0       0       0       0       0       0       0       
      +0       0       0       0       0       0       0       0       0       0       0       0       0       0       0
 13596 ;;      Locals:         0       0       0       0       0       0       0       0       0       0       0       0       
      +0       0       0       0       0       0       0       0       0       0       0       0       0       0       0
 13597 ;;      Temps:          1       0       0       0       0       0       0       0       0       0       0       0       
      +0       0       0       0       0       0       0       0       0       0       0       0       0       0       0
 13598 ;;      Totals:         1       0       0       0       0       0       0       0       0       0       0       0       
      +0       0       0       0       0       0       0       0       0       0       0       0       0       0       0
 13599 ;;Total ram usage:        1 bytes
 13600 ;; Hardware stack levels used: 1
 13601 ;; Hardware stack levels required when called: 4
 13602 ;; This function calls:
 13603 ;;		Nothing
 13604 ;; This function is called by:
 13605 ;;		_dfplayer_wait_for_ack
 13606 ;;		_DFPlayer_SendCommand
 13607 ;; This function uses a non-reentrant model
 13608 ;;
 13609                           
 13610     0942                     _EUSART1_IsRxReady:	
 13611                           ;psect for function _EUSART1_IsRxReady
 13612                           
 13613     0942                     l4340:	
 13614                           ;incstack = 0
 13615                           ; Regs used in _EUSART1_IsRxReady: [wreg+status,2+status,0]
 13616                           
 13617                           
 13618                           ;mcc_generated_files/uart/src/eusart1.c: 195:     return (_Bool)(PIR3bits.RC1IF);
 13619     0942  0141               	movlb	1	; select bank1
 13620     0943  0C0F               	rrf	15,w	;volatile
 13621     0944  00F4               	movwf	??_EUSART1_IsRxReady
 13622     0945  0CF4               	rrf	??_EUSART1_IsRxReady,f
 13623     0946  0C74               	rrf	??_EUSART1_IsRxReady,w
 13624     0947  3901               	andlw	1
 13625     0948                     l517:
 13626     0948  0008               	return
 13627     0949                     __end_of_EUSART1_IsRxReady:
 13628                           
 13629                           	psect	text58
 13630     09F1                     __ptext58:	
 13631 ;; *************** function _dfplayer_uart_write *****************
 13632 ;; Defined at:
 13633 ;;		line 4 in file "drivers/dfplayer.c"
 13634 ;; Parameters:    Size  Location     Type
 13635 ;;  data            1    wreg     unsigned char 
 13636 ;; Auto vars:     Size  Location     Type
 13637 ;;  data            1    5[COMMON] unsigned char 
 13638 ;; Return value:  Size  Location     Type
 13639 ;;                  1    wreg      void 
 13640 ;; Registers used:
 13641 ;;		wreg, status,2, status,0, pclath, cstack
 13642 ;; Tracked objects:
 13643 ;;		On entry : 0/0
 13644 ;;		On exit  : 0/0
 13645 ;;		Unchanged: 0/0
 13646 ;; Data sizes:     COMMON   BANK0   BANK1   BANK2   BANK3   BANK4   BANK5   BANK6   BANK7   BANK8   BANK9  BANK10  BANK1
      +1  BANK12  BANK13  BANK14  BANK15  BANK16  BANK17  BANK18  BANK19  BANK20  BANK21  BANK22  BANK23  BANK24  BANK25
 13647 ;;      Params:         0       0       0       0       0       0       0       0       0       0       0       0       
      +0       0       0       0       0       0       0       0       0       0       0       0       0       0       0
 13648 ;;      Locals:         1       0       0       0       0       0       0       0       0       0       0       0       
      +0       0       0       0       0       0       0       0       0       0       0       0       0       0       0
 13649 ;;      Temps:          0       0       0       0       0       0       0       0       0       0       0       0       
      +0       0       0       0       0       0       0       0       0       0       0       0       0       0       0
 13650 ;;      Totals:         1       0       0       0       0       0       0       0       0       0       0       0       
      +0       0       0       0       0       0       0       0       0       0       0       0       0       0       0
 13651 ;;Total ram usage:        1 bytes
 13652 ;; Hardware stack levels used: 1
 13653 ;; Hardware stack levels required when called: 5
 13654 ;; This function calls:
 13655 ;;		_EUSART1_IsTxReady
 13656 ;;		_EUSART1_Write
 13657 ;; This function is called by:
 13658 ;;		_DFPlayer_SendCommand
 13659 ;; This function uses a non-reentrant model
 13660 ;;
 13661                           
 13662     09F1                     _dfplayer_uart_write:	
 13663                           ;psect for function _dfplayer_uart_write
 13664                           
 13665                           
 13666                           ;incstack = 0
 13667                           ; Regs used in _dfplayer_uart_write: [wreg+status,2+status,0+pclath+cstack]
 13668                           ;dfplayer_uart_write@data stored from wreg
 13669     09F1  00F5               	movwf	dfplayer_uart_write@data
 13670     09F2                     l4432:
 13671     09F2                     l4434:	
 13672                           ;drivers/dfplayer.c: 4: static void dfplayer_uart_write(uint8_t data);drivers/dfplayer.c
      +                          : 5: {;drivers/dfplayer.c: 6:     while (!EUSART1_IsTxReady())
 13673                           
 13674                           
 13675                           ;drivers/dfplayer.c: 6:     while (!EUSART1_IsTxReady())
 13676     09F2  3189  21E2  3189   	fcall	_EUSART1_IsTxReady
 13677     09F5  3A00               	xorlw	0
 13678     09F6  1903               	skipnz
 13679     09F7  29F9               	goto	u3931
 13680     09F8  29FA               	goto	u3930
 13681     09F9                     u3931:
 13682     09F9  29F2               	goto	l4434
 13683     09FA                     u3930:
 13684     09FA                     l4436:
 13685                           
 13686                           ;drivers/dfplayer.c: 11:     EUSART1_Write(data);
 13687     09FA  0875               	movf	dfplayer_uart_write@data,w
 13688     09FB  00F4               	movwf	EUSART1_Write@txData
 13689     09FC  3189  2106  3189   	fcall	_EUSART1_Write
 13690     09FF                     l806:
 13691     09FF  0008               	return
 13692     0A00                     __end_of_dfplayer_uart_write:
 13693                           
 13694                           	psect	text59
 13695     0906                     __ptext59:	
 13696 ;; *************** function _EUSART1_Write *****************
 13697 ;; Defined at:
 13698 ;;		line 235 in file "mcc_generated_files/uart/src/eusart1.c"
 13699 ;; Parameters:    Size  Location     Type
 13700 ;;  txData          1    4[COMMON] unsigned char 
 13701 ;; Auto vars:     Size  Location     Type
 13702 ;;		None
 13703 ;; Return value:  Size  Location     Type
 13704 ;;                  1    wreg      void 
 13705 ;; Registers used:
 13706 ;;		wreg
 13707 ;; Tracked objects:
 13708 ;;		On entry : 0/0
 13709 ;;		On exit  : 0/0
 13710 ;;		Unchanged: 0/0
 13711 ;; Data sizes:     COMMON   BANK0   BANK1   BANK2   BANK3   BANK4   BANK5   BANK6   BANK7   BANK8   BANK9  BANK10  BANK1
      +1  BANK12  BANK13  BANK14  BANK15  BANK16  BANK17  BANK18  BANK19  BANK20  BANK21  BANK22  BANK23  BANK24  BANK25
 13712 ;;      Params:         1       0       0       0       0       0       0       0       0       0       0       0       
      +0       0       0       0       0       0       0       0       0       0       0       0       0       0       0
 13713 ;;      Locals:         0       0       0       0       0       0       0       0       0       0       0       0       
      +0       0       0       0       0       0       0       0       0       0       0       0       0       0       0
 13714 ;;      Temps:          0       0       0       0       0       0       0       0       0       0       0       0       
      +0       0       0       0       0       0       0       0       0       0       0       0       0       0       0
 13715 ;;      Totals:         1       0       0       0       0       0       0       0       0       0       0       0       
      +0       0       0       0       0       0       0       0       0       0       0       0       0       0       0
 13716 ;;Total ram usage:        1 bytes
 13717 ;; Hardware stack levels used: 1
 13718 ;; Hardware stack levels required when called: 4
 13719 ;; This function calls:
 13720 ;;		Nothing
 13721 ;; This function is called by:
 13722 ;;		_dfplayer_uart_write
 13723 ;; This function uses a non-reentrant model
 13724 ;;
 13725                           
 13726     0906                     _EUSART1_Write:	
 13727                           ;psect for function _EUSART1_Write
 13728                           
 13729     0906                     l4378:	
 13730                           ;incstack = 0
 13731                           ; Regs used in _EUSART1_Write: [wreg]
 13732                           
 13733                           
 13734                           ;mcc_generated_files/uart/src/eusart1.c: 235: void EUSART1_Write(uint8_t txData);mcc_gen
      +                          erated_files/uart/src/eusart1.c: 236: {;mcc_generated_files/uart/src/eusart1.c: 237:    
      +                           TX1REG = txData;
 13735     0906  0874               	movf	EUSART1_Write@txData,w
 13736     0907  014C               	movlb	12	; select bank12
 13737     0908  008D               	movwf	13	;volatile
 13738     0909                     l538:
 13739     0909  0008               	return
 13740     090A                     __end_of_EUSART1_Write:
 13741                           
 13742                           	psect	text60
 13743     09E2                     __ptext60:	
 13744 ;; *************** function _EUSART1_IsTxReady *****************
 13745 ;; Defined at:
 13746 ;;		line 198 in file "mcc_generated_files/uart/src/eusart1.c"
 13747 ;; Parameters:    Size  Location     Type
 13748 ;;		None
 13749 ;; Auto vars:     Size  Location     Type
 13750 ;;		None
 13751 ;; Return value:  Size  Location     Type
 13752 ;;                  1    wreg      _Bool 
 13753 ;; Registers used:
 13754 ;;		wreg, status,2
 13755 ;; Tracked objects:
 13756 ;;		On entry : 0/0
 13757 ;;		On exit  : 0/0
 13758 ;;		Unchanged: 0/0
 13759 ;; Data sizes:     COMMON   BANK0   BANK1   BANK2   BANK3   BANK4   BANK5   BANK6   BANK7   BANK8   BANK9  BANK10  BANK1
      +1  BANK12  BANK13  BANK14  BANK15  BANK16  BANK17  BANK18  BANK19  BANK20  BANK21  BANK22  BANK23  BANK24  BANK25
 13760 ;;      Params:         0       0       0       0       0       0       0       0       0       0       0       0       
      +0       0       0       0       0       0       0       0       0       0       0       0       0       0       0
 13761 ;;      Locals:         1       0       0       0       0       0       0       0       0       0       0       0       
      +0       0       0       0       0       0       0       0       0       0       0       0       0       0       0
 13762 ;;      Temps:          0       0       0       0       0       0       0       0       0       0       0       0       
      +0       0       0       0       0       0       0       0       0       0       0       0       0       0       0
 13763 ;;      Totals:         1       0       0       0       0       0       0       0       0       0       0       0       
      +0       0       0       0       0       0       0       0       0       0       0       0       0       0       0
 13764 ;;Total ram usage:        1 bytes
 13765 ;; Hardware stack levels used: 1
 13766 ;; Hardware stack levels required when called: 4
 13767 ;; This function calls:
 13768 ;;		Nothing
 13769 ;; This function is called by:
 13770 ;;		_dfplayer_uart_write
 13771 ;; This function uses a non-reentrant model
 13772 ;;
 13773                           
 13774     09E2                     _EUSART1_IsTxReady:	
 13775                           ;psect for function _EUSART1_IsTxReady
 13776                           
 13777     09E2                     l4344:	
 13778                           ;incstack = 0
 13779                           ; Regs used in _EUSART1_IsTxReady: [wreg+status,2]
 13780                           
 13781                           
 13782                           ;mcc_generated_files/uart/src/eusart1.c: 200:     return (_Bool)(PIR3bits.TX1IF && TX1ST
      +                          Abits.TXEN);
 13783     09E2  01F4               	clrf	_EUSART1_IsTxReady$893
 13784     09E3                     l4346:
 13785     09E3  0141               	movlb	1	; select bank1
 13786     09E4  1D0F               	btfss	15,2	;volatile
 13787     09E5  29E7               	goto	u3801
 13788     09E6  29E8               	goto	u3800
 13789     09E7                     u3801:
 13790     09E7  29EF               	goto	l4352
 13791     09E8                     u3800:
 13792     09E8                     l4348:
 13793     09E8  014C               	movlb	12	; select bank12
 13794     09E9  1E91               	btfss	17,5	;volatile
 13795     09EA  29EC               	goto	u3811
 13796     09EB  29ED               	goto	u3810
 13797     09EC                     u3811:
 13798     09EC  29EF               	goto	l4352
 13799     09ED                     u3810:
 13800     09ED                     l4350:
 13801     09ED  01F4               	clrf	_EUSART1_IsTxReady$893
 13802     09EE  0AF4               	incf	_EUSART1_IsTxReady$893,f
 13803     09EF                     l4352:
 13804     09EF  0874               	movf	_EUSART1_IsTxReady$893,w
 13805     09F0                     l522:
 13806     09F0  0008               	return
 13807     09F1                     __end_of_EUSART1_IsTxReady:
 13808                           
 13809                           	psect	text61
 13810     0902                     __ptext61:	
 13811 ;; *************** function _EUSART1_IsTxDone *****************
 13812 ;; Defined at:
 13813 ;;		line 203 in file "mcc_generated_files/uart/src/eusart1.c"
 13814 ;; Parameters:    Size  Location     Type
 13815 ;;		None
 13816 ;; Auto vars:     Size  Location     Type
 13817 ;;		None
 13818 ;; Return value:  Size  Location     Type
 13819 ;;                  1    wreg      _Bool 
 13820 ;; Registers used:
 13821 ;;		wreg, status,2, status,0
 13822 ;; Tracked objects:
 13823 ;;		On entry : 0/0
 13824 ;;		On exit  : 0/0
 13825 ;;		Unchanged: 0/0
 13826 ;; Data sizes:     COMMON   BANK0   BANK1   BANK2   BANK3   BANK4   BANK5   BANK6   BANK7   BANK8   BANK9  BANK10  BANK1
      +1  BANK12  BANK13  BANK14  BANK15  BANK16  BANK17  BANK18  BANK19  BANK20  BANK21  BANK22  BANK23  BANK24  BANK25
 13827 ;;      Params:         0       0       0       0       0       0       0       0       0       0       0       0       
      +0       0       0       0       0       0       0       0       0       0       0       0       0       0       0
 13828 ;;      Locals:         0       0       0       0       0       0       0       0       0       0       0       0       
      +0       0       0       0       0       0       0       0       0       0       0       0       0       0       0
 13829 ;;      Temps:          0       0       0       0       0       0       0       0       0       0       0       0       
      +0       0       0       0       0       0       0       0       0       0       0       0       0       0       0
 13830 ;;      Totals:         0       0       0       0       0       0       0       0       0       0       0       0       
      +0       0       0       0       0       0       0       0       0       0       0       0       0       0       0
 13831 ;;Total ram usage:        0 bytes
 13832 ;; Hardware stack levels used: 1
 13833 ;; Hardware stack levels required when called: 4
 13834 ;; This function calls:
 13835 ;;		Nothing
 13836 ;; This function is called by:
 13837 ;;		_DFPlayer_SendCommand
 13838 ;; This function uses a non-reentrant model
 13839 ;;
 13840                           
 13841     0902                     _EUSART1_IsTxDone:	
 13842                           ;psect for function _EUSART1_IsTxDone
 13843                           
 13844     0902                     l4428:	
 13845                           ;incstack = 0
 13846                           ; Regs used in _EUSART1_IsTxDone: [wreg+status,2+status,0]
 13847                           
 13848                           
 13849                           ;mcc_generated_files/uart/src/eusart1.c: 205:     return TX1STAbits.TRMT;
 13850     0902  014C               	movlb	12	; select bank12
 13851     0903  0C11               	rrf	17,w	;volatile
 13852     0904  3901               	andlw	1
 13853     0905                     l525:
 13854     0905  0008               	return
 13855     0906                     __end_of_EUSART1_IsTxDone:
 13856                           
 13857                           	psect	intentry
 13858     0004                     __pintentry:	
 13859 ;; *************** function _INTERRUPT_InterruptManager *****************
 13860 ;; Defined at:
 13861 ;;		line 59 in file "mcc_generated_files/system/src/interrupt.c"
 13862 ;; Parameters:    Size  Location     Type
 13863 ;;		None
 13864 ;; Auto vars:     Size  Location     Type
 13865 ;;		None
 13866 ;; Return value:  Size  Location     Type
 13867 ;;                  1    wreg      void 
 13868 ;; Registers used:
 13869 ;;		wreg, fsr0l, fsr0h, status,2, status,0, pclath, cstack
 13870 ;; Tracked objects:
 13871 ;;		On entry : 0/0
 13872 ;;		On exit  : 0/0
 13873 ;;		Unchanged: 0/0
 13874 ;; Data sizes:     COMMON   BANK0   BANK1   BANK2   BANK3   BANK4   BANK5   BANK6   BANK7   BANK8   BANK9  BANK10  BANK1
      +1  BANK12  BANK13  BANK14  BANK15  BANK16  BANK17  BANK18  BANK19  BANK20  BANK21  BANK22  BANK23  BANK24  BANK25
 13875 ;;      Params:         0       0       0       0       0       0       0       0       0       0       0       0       
      +0       0       0       0       0       0       0       0       0       0       0       0       0       0       0
 13876 ;;      Locals:         0       0       0       0       0       0       0       0       0       0       0       0       
      +0       0       0       0       0       0       0       0       0       0       0       0       0       0       0
 13877 ;;      Temps:          0       0       0       0       0       0       0       0       0       0       0       0       
      +0       0       0       0       0       0       0       0       0       0       0       0       0       0       0
 13878 ;;      Totals:         0       0       0       0       0       0       0       0       0       0       0       0       
      +0       0       0       0       0       0       0       0       0       0       0       0       0       0       0
 13879 ;;Total ram usage:        0 bytes
 13880 ;; Hardware stack levels used: 1
 13881 ;; Hardware stack levels required when called: 3
 13882 ;; This function calls:
 13883 ;;		_PIN_MANAGER_IOC
 13884 ;; This function is called by:
 13885 ;;		Interrupt level 1
 13886 ;; This function uses a non-reentrant model
 13887 ;;
 13888                           
 13889     0004                     _INTERRUPT_InterruptManager:
 13890                           
 13891                           ;incstack = 0
 13892     0004  147E               	bsf	int$flags,0	;set compiler interrupt flag (level 1)
 13893                           
 13894                           ; Regs used in _INTERRUPT_InterruptManager: [wreg-fsr0h+status,2+status,0+pclath+cstack]
 13895     0005  3180               	pagesel	$
 13896     0006                     i1l4234:
 13897                           
 13898                           ;mcc_generated_files/system/src/interrupt.c: 62:     if(PIE0bits.IOCIE == 1 && PIR0bits.
      +                          IOCIF == 1)
 13899     0006  0141               	movlb	1	; select bank1
 13900     0007  1E16               	btfss	22,4	;volatile
 13901     0008  280A               	goto	u365_21
 13902     0009  280B               	goto	u365_20
 13903     000A                     u365_21:
 13904     000A  2812               	goto	i1l222
 13905     000B                     u365_20:
 13906     000B                     i1l4236:
 13907     000B  1E0C               	btfss	12,4	;volatile
 13908     000C  280E               	goto	u366_21
 13909     000D  280F               	goto	u366_20
 13910     000E                     u366_21:
 13911     000E  2812               	goto	i1l222
 13912     000F                     u366_20:
 13913     000F                     i1l4238:
 13914                           
 13915                           ;mcc_generated_files/system/src/interrupt.c: 63:     {;mcc_generated_files/system/src/in
      +                          terrupt.c: 64:         PIN_MANAGER_IOC();
 13916     000F  318A  221F  3180   	fcall	_PIN_MANAGER_IOC
 13917     0012                     i1l222:	
 13918                           ;mcc_generated_files/system/src/interrupt.c: 65:     }
 13919                           
 13920     0012  107E               	bcf	int$flags,0	;clear compiler interrupt flag (level 1)
 13921     0013  0009               	retfie
 13922     0014                     __end_of_INTERRUPT_InterruptManager:
 13923                           
 13924                           	psect	text63
 13925     0A1F                     __ptext63:	
 13926 ;; *************** function _PIN_MANAGER_IOC *****************
 13927 ;; Defined at:
 13928 ;;		line 142 in file "mcc_generated_files/system/src/pins.c"
 13929 ;; Parameters:    Size  Location     Type
 13930 ;;		None
 13931 ;; Auto vars:     Size  Location     Type
 13932 ;;		None
 13933 ;; Return value:  Size  Location     Type
 13934 ;;                  1    wreg      void 
 13935 ;; Registers used:
 13936 ;;		wreg, fsr0l, fsr0h, status,2, status,0, pclath, cstack
 13937 ;; Tracked objects:
 13938 ;;		On entry : 0/0
 13939 ;;		On exit  : 0/0
 13940 ;;		Unchanged: 0/0
 13941 ;; Data sizes:     COMMON   BANK0   BANK1   BANK2   BANK3   BANK4   BANK5   BANK6   BANK7   BANK8   BANK9  BANK10  BANK1
      +1  BANK12  BANK13  BANK14  BANK15  BANK16  BANK17  BANK18  BANK19  BANK20  BANK21  BANK22  BANK23  BANK24  BANK25
 13942 ;;      Params:         0       0       0       0       0       0       0       0       0       0       0       0       
      +0       0       0       0       0       0       0       0       0       0       0       0       0       0       0
 13943 ;;      Locals:         0       0       0       0       0       0       0       0       0       0       0       0       
      +0       0       0       0       0       0       0       0       0       0       0       0       0       0       0
 13944 ;;      Temps:          0       0       0       0       0       0       0       0       0       0       0       0       
      +0       0       0       0       0       0       0       0       0       0       0       0       0       0       0
 13945 ;;      Totals:         0       0       0       0       0       0       0       0       0       0       0       0       
      +0       0       0       0       0       0       0       0       0       0       0       0       0       0       0
 13946 ;;Total ram usage:        0 bytes
 13947 ;; Hardware stack levels used: 1
 13948 ;; Hardware stack levels required when called: 2
 13949 ;; This function calls:
 13950 ;;		_POWER_ISR
 13951 ;;		_VOL_A_ISR
 13952 ;;		_VOL_B_ISR
 13953 ;; This function is called by:
 13954 ;;		_INTERRUPT_InterruptManager
 13955 ;; This function uses a non-reentrant model
 13956 ;;
 13957                           
 13958     0A1F                     _PIN_MANAGER_IOC:	
 13959                           ;psect for function _PIN_MANAGER_IOC
 13960                           
 13961     0A1F                     i1l4128:	
 13962                           ;incstack = 0
 13963                           ; Regs used in _PIN_MANAGER_IOC: [wreg-fsr0h+status,2+status,0+pclath+cstack]
 13964                           
 13965                           
 13966                           ;mcc_generated_files/system/src/pins.c: 145:     if(IOCAFbits.IOCAF3 == 1)
 13967     0A1F  017D               	movlb	61	; select bank61
 13968     0A20  1D93               	btfss	19,3	;volatile
 13969     0A21  2A23               	goto	u350_21
 13970     0A22  2A24               	goto	u350_20
 13971     0A23                     u350_21:
 13972     0A23  2A27               	goto	i1l4132
 13973     0A24                     u350_20:
 13974     0A24                     i1l4130:
 13975                           
 13976                           ;mcc_generated_files/system/src/pins.c: 146:     {;mcc_generated_files/system/src/pins.c
      +                          : 147:         POWER_ISR();
 13977     0A24  3189  21B5  318A   	fcall	_POWER_ISR
 13978     0A27                     i1l4132:
 13979                           
 13980                           ;mcc_generated_files/system/src/pins.c: 150:     if(IOCCFbits.IOCCF3 == 1)
 13981     0A27  017D               	movlb	61	; select bank61
 13982     0A28  1DA7               	btfss	39,3	;volatile
 13983     0A29  2A2B               	goto	u351_21
 13984     0A2A  2A2C               	goto	u351_20
 13985     0A2B                     u351_21:
 13986     0A2B  2A2F               	goto	i1l4136
 13987     0A2C                     u351_20:
 13988     0A2C                     i1l4134:
 13989                           
 13990                           ;mcc_generated_files/system/src/pins.c: 151:     {;mcc_generated_files/system/src/pins.c
      +                          : 152:         VOL_A_ISR();
 13991     0A2C  3189  21C4  318A   	fcall	_VOL_A_ISR
 13992     0A2F                     i1l4136:
 13993                           
 13994                           ;mcc_generated_files/system/src/pins.c: 155:     if(IOCCFbits.IOCCF4 == 1)
 13995     0A2F  017D               	movlb	61	; select bank61
 13996     0A30  1E27               	btfss	39,4	;volatile
 13997     0A31  2A33               	goto	u352_21
 13998     0A32  2A34               	goto	u352_20
 13999     0A33                     u352_21:
 14000     0A33  2A37               	goto	i1l378
 14001     0A34                     u352_20:
 14002     0A34                     i1l4138:
 14003                           
 14004                           ;mcc_generated_files/system/src/pins.c: 156:     {;mcc_generated_files/system/src/pins.c
      +                          : 157:         VOL_B_ISR();
 14005     0A34  3189  21D3  318A   	fcall	_VOL_B_ISR
 14006     0A37                     i1l378:
 14007     0A37  0008               	return
 14008     0A38                     __end_of_PIN_MANAGER_IOC:
 14009                           
 14010                           	psect	text64
 14011     09D3                     __ptext64:	
 14012 ;; *************** function _VOL_B_ISR *****************
 14013 ;; Defined at:
 14014 ;;		line 224 in file "mcc_generated_files/system/src/pins.c"
 14015 ;; Parameters:    Size  Location     Type
 14016 ;;		None
 14017 ;; Auto vars:     Size  Location     Type
 14018 ;;		None
 14019 ;; Return value:  Size  Location     Type
 14020 ;;                  1    wreg      void 
 14021 ;; Registers used:
 14022 ;;		wreg, fsr0l, fsr0h, status,2, status,0, pclath, cstack
 14023 ;; Tracked objects:
 14024 ;;		On entry : 0/0
 14025 ;;		On exit  : 0/0
 14026 ;;		Unchanged: 0/0
 14027 ;; Data sizes:     COMMON   BANK0   BANK1   BANK2   BANK3   BANK4   BANK5   BANK6   BANK7   BANK8   BANK9  BANK10  BANK1
      +1  BANK12  BANK13  BANK14  BANK15  BANK16  BANK17  BANK18  BANK19  BANK20  BANK21  BANK22  BANK23  BANK24  BANK25
 14028 ;;      Params:         0       0       0       0       0       0       0       0       0       0       0       0       
      +0       0       0       0       0       0       0       0       0       0       0       0       0       0       0
 14029 ;;      Locals:         0       0       0       0       0       0       0       0       0       0       0       0       
      +0       0       0       0       0       0       0       0       0       0       0       0       0       0       0
 14030 ;;      Temps:          0       0       0       0       0       0       0       0       0       0       0       0       
      +0       0       0       0       0       0       0       0       0       0       0       0       0       0       0
 14031 ;;      Totals:         0       0       0       0       0       0       0       0       0       0       0       0       
      +0       0       0       0       0       0       0       0       0       0       0       0       0       0       0
 14032 ;;Total ram usage:        0 bytes
 14033 ;; Hardware stack levels used: 1
 14034 ;; Hardware stack levels required when called: 1
 14035 ;; This function calls:
 14036 ;;		NULL
 14037 ;;		_VOL_B_DefaultInterruptHandler
 14038 ;;		_encoder_isr
 14039 ;; This function is called by:
 14040 ;;		_PIN_MANAGER_IOC
 14041 ;; This function uses a non-reentrant model
 14042 ;;
 14043                           
 14044     09D3                     _VOL_B_ISR:	
 14045                           ;psect for function _VOL_B_ISR
 14046                           
 14047     09D3                     i1l3868:	
 14048                           ;incstack = 0
 14049                           ; Regs used in _VOL_B_ISR: [wreg-fsr0h+status,2+status,0+pclath+cstack]
 14050                           
 14051                           
 14052                           ;mcc_generated_files/system/src/pins.c: 229:     if(VOL_B_InterruptHandler)
 14053     09D3  0141               	movlb	1	; select bank1
 14054     09D4  0867               	movf	_VOL_B_InterruptHandler^(0+128),w
 14055     09D5  0468               	iorwf	(_VOL_B_InterruptHandler+1)^(0+128),w
 14056     09D6  1903               	btfsc	3,2
 14057     09D7  29D9               	goto	u304_21
 14058     09D8  29DA               	goto	u304_20
 14059     09D9                     u304_21:
 14060     09D9  29DF               	goto	i1l3872
 14061     09DA                     u304_20:
 14062     09DA                     i1l3870:
 14063                           
 14064                           ;mcc_generated_files/system/src/pins.c: 230:     {;mcc_generated_files/system/src/pins.c
      +                          : 231:         VOL_B_InterruptHandler();
 14065     09DA  0868               	movf	(_VOL_B_InterruptHandler+1)^(0+128),w
 14066     09DB  008A               	movwf	10
 14067     09DC  0867               	movf	_VOL_B_InterruptHandler^(0+128),w
 14068     09DD  000A               	callw
 14069     09DE  3189               	pagesel	$
 14070     09DF                     i1l3872:
 14071                           
 14072                           ;mcc_generated_files/system/src/pins.c: 233:     IOCCFbits.IOCCF4 = 0;
 14073     09DF  017D               	movlb	61	; select bank61
 14074     09E0  1227               	bcf	39,4	;volatile
 14075     09E1                     i1l402:
 14076     09E1  0008               	return
 14077     09E2                     __end_of_VOL_B_ISR:
 14078                           
 14079                           	psect	text65
 14080     08F6                     __ptext65:	
 14081 ;; *************** function _VOL_A_DefaultInterruptHandler *****************
 14082 ;; Defined at:
 14083 ;;		line 216 in file "mcc_generated_files/system/src/pins.c"
 14084 ;; Parameters:    Size  Location     Type
 14085 ;;		None
 14086 ;; Auto vars:     Size  Location     Type
 14087 ;;		None
 14088 ;; Return value:  Size  Location     Type
 14089 ;;                  1    wreg      void 
 14090 ;; Registers used:
 14091 ;;		None
 14092 ;; Tracked objects:
 14093 ;;		On entry : 0/0
 14094 ;;		On exit  : 0/0
 14095 ;;		Unchanged: 0/0
 14096 ;; Data sizes:     COMMON   BANK0   BANK1   BANK2   BANK3   BANK4   BANK5   BANK6   BANK7   BANK8   BANK9  BANK10  BANK1
      +1  BANK12  BANK13  BANK14  BANK15  BANK16  BANK17  BANK18  BANK19  BANK20  BANK21  BANK22  BANK23  BANK24  BANK25
 14097 ;;      Params:         0       0       0       0       0       0       0       0       0       0       0       0       
      +0       0       0       0       0       0       0       0       0       0       0       0       0       0       0
 14098 ;;      Locals:         0       0       0       0       0       0       0       0       0       0       0       0       
      +0       0       0       0       0       0       0       0       0       0       0       0       0       0       0
 14099 ;;      Temps:          0       0       0       0       0       0       0       0       0       0       0       0       
      +0       0       0       0       0       0       0       0       0       0       0       0       0       0       0
 14100 ;;      Totals:         0       0       0       0       0       0       0       0       0       0       0       0       
      +0       0       0       0       0       0       0       0       0       0       0       0       0       0       0
 14101 ;;Total ram usage:        0 bytes
 14102 ;; Hardware stack levels used: 1
 14103 ;; This function calls:
 14104 ;;		Nothing
 14105 ;; This function is called by:
 14106 ;;		_PIN_MANAGER_Initialize
 14107 ;;		_VOL_A_ISR
 14108 ;; This function uses a non-reentrant model
 14109 ;;
 14110                           
 14111     08F6                     _VOL_A_DefaultInterruptHandler:	
 14112                           ;psect for function _VOL_A_DefaultInterruptHandler
 14113                           
 14114     08F6                     i1l398:	
 14115                           ;incstack = 0
 14116                           ; Regs used in _VOL_A_DefaultInterruptHandler: []
 14117                           
 14118     08F6  0008               	return
 14119     08F7                     __end_of_VOL_A_DefaultInterruptHandler:
 14120                           
 14121                           	psect	text66
 14122     0BFA                     __ptext66:	
 14123 ;; *************** function _encoder_isr *****************
 14124 ;; Defined at:
 14125 ;;		line 40 in file "drivers/rotary_encoder.c"
 14126 ;; Parameters:    Size  Location     Type
 14127 ;;		None
 14128 ;; Auto vars:     Size  Location     Type
 14129 ;;  ab              1    3[COMMON] unsigned char 
 14130 ;;  index           1    2[COMMON] unsigned char 
 14131 ;; Return value:  Size  Location     Type
 14132 ;;                  1    wreg      void 
 14133 ;; Registers used:
 14134 ;;		wreg, fsr0l, fsr0h, status,2, status,0, pclath
 14135 ;; Tracked objects:
 14136 ;;		On entry : 0/0
 14137 ;;		On exit  : 0/0
 14138 ;;		Unchanged: 0/0
 14139 ;; Data sizes:     COMMON   BANK0   BANK1   BANK2   BANK3   BANK4   BANK5   BANK6   BANK7   BANK8   BANK9  BANK10  BANK1
      +1  BANK12  BANK13  BANK14  BANK15  BANK16  BANK17  BANK18  BANK19  BANK20  BANK21  BANK22  BANK23  BANK24  BANK25
 14140 ;;      Params:         0       0       0       0       0       0       0       0       0       0       0       0       
      +0       0       0       0       0       0       0       0       0       0       0       0       0       0       0
 14141 ;;      Locals:         2       0       0       0       0       0       0       0       0       0       0       0       
      +0       0       0       0       0       0       0       0       0       0       0       0       0       0       0
 14142 ;;      Temps:          2       0       0       0       0       0       0       0       0       0       0       0       
      +0       0       0       0       0       0       0       0       0       0       0       0       0       0       0
 14143 ;;      Totals:         4       0       0       0       0       0       0       0       0       0       0       0       
      +0       0       0       0       0       0       0       0       0       0       0       0       0       0       0
 14144 ;;Total ram usage:        4 bytes
 14145 ;; Hardware stack levels used: 1
 14146 ;; This function calls:
 14147 ;;		Nothing
 14148 ;; This function is called by:
 14149 ;;		_RotaryEncoder_Init
 14150 ;;		_VOL_A_ISR
 14151 ;;		_VOL_B_ISR
 14152 ;; This function uses a non-reentrant model
 14153 ;;
 14154                           
 14155     0BFA                     _encoder_isr:	
 14156                           ;psect for function _encoder_isr
 14157                           
 14158     0BFA                     i1l3526:	
 14159                           ;incstack = 0
 14160                           ; Regs used in _encoder_isr: [wreg-fsr0h+status,2+status,0+pclath]
 14161                           
 14162                           
 14163                           ;drivers/rotary_encoder.c: 42:     uint8_t ab = (uint8_t)(((PORTCbits.RC3 ? 1 : 0) << 1)
      +                           | (PORTCbits.RC4 ? 1 : 0));
 14164     0BFA  0140               	movlb	0	; select bank0
 14165     0BFB  0E0E               	swapf	14,w	;volatile
 14166     0BFC  3901               	andlw	1
 14167     0BFD  00F0               	movwf	??_encoder_isr
 14168     0BFE  0C0E               	rrf	14,w	;volatile
 14169     0BFF  00F1               	movwf	??_encoder_isr+1
 14170     0C00  0CF1               	rrf	??_encoder_isr+1,f
 14171     0C01  0C71               	rrf	??_encoder_isr+1,w
 14172     0C02  3901               	andlw	1
 14173     0C03  0709               	addwf	9,w
 14174     0C04  0470               	iorwf	??_encoder_isr,w
 14175     0C05  00F3               	movwf	encoder_isr@ab
 14176                           
 14177                           ;drivers/rotary_encoder.c: 43:     uint8_t index = (uint8_t)((encoderLastAB << 2) | ab);
 14178     0C06  0878               	movf	_encoderLastAB,w
 14179     0C07  00F0               	movwf	??_encoder_isr
 14180     0C08  3001               	movlw	1
 14181     0C09                     u262_25:
 14182     0C09  35F0               	lslf	??_encoder_isr,f
 14183     0C0A  3EFF               	addlw	-1
 14184     0C0B  1D03               	skipz
 14185     0C0C  2C09               	goto	u262_25
 14186     0C0D  3570               	lslf	??_encoder_isr,w
 14187     0C0E  0473               	iorwf	encoder_isr@ab,w
 14188     0C0F  00F2               	movwf	encoder_isr@index
 14189     0C10                     i1l3528:
 14190                           
 14191                           ;drivers/rotary_encoder.c: 44:     encoderRawDelta = (int16_t)(encoderRawDelta + QUAD_TA
      +                          BLE[index]);
 14192     0C10  0872               	movf	encoder_isr@index,w
 14193     0C11  3E60               	addlw	low (_QUAD_TABLE| (0+32768))
 14194     0C12  0084               	movwf	4
 14195     0C13  3090               	movlw	high (_QUAD_TABLE| (0+32768))
 14196     0C14  1803               	skipnc
 14197     0C15  3E01               	addlw	1
 14198     0C16  0085               	movwf	5
 14199     0C17  0800               	movf	0,w	;code access
 14200     0C18  00F0               	movwf	??_encoder_isr
 14201     0C19  01F1               	clrf	??_encoder_isr+1
 14202     0C1A  1BF0               	btfsc	??_encoder_isr,7
 14203     0C1B  03F1               	decf	??_encoder_isr+1,f
 14204     0C1C  0876               	movf	_encoderRawDelta,w	;volatile
 14205     0C1D  0770               	addwf	??_encoder_isr,w
 14206     0C1E  00F6               	movwf	_encoderRawDelta	;volatile
 14207     0C1F  0877               	movf	_encoderRawDelta+1,w	;volatile
 14208     0C20  3D71               	addwfc	??_encoder_isr+1,w
 14209     0C21  00F7               	movwf	_encoderRawDelta+1	;volatile
 14210     0C22                     i1l3530:
 14211                           
 14212                           ;drivers/rotary_encoder.c: 45:     encoderLastAB = ab;
 14213     0C22  0873               	movf	encoder_isr@ab,w
 14214     0C23  00F8               	movwf	_encoderLastAB
 14215     0C24                     i1l901:
 14216     0C24  0008               	return
 14217     0C25                     __end_of_encoder_isr:
 14218                           
 14219                           	psect	text67
 14220     08F5                     __ptext67:	
 14221 ;; *************** function _VOL_B_DefaultInterruptHandler *****************
 14222 ;; Defined at:
 14223 ;;		line 246 in file "mcc_generated_files/system/src/pins.c"
 14224 ;; Parameters:    Size  Location     Type
 14225 ;;		None
 14226 ;; Auto vars:     Size  Location     Type
 14227 ;;		None
 14228 ;; Return value:  Size  Location     Type
 14229 ;;                  1    wreg      void 
 14230 ;; Registers used:
 14231 ;;		None
 14232 ;; Tracked objects:
 14233 ;;		On entry : 0/0
 14234 ;;		On exit  : 0/0
 14235 ;;		Unchanged: 0/0
 14236 ;; Data sizes:     COMMON   BANK0   BANK1   BANK2   BANK3   BANK4   BANK5   BANK6   BANK7   BANK8   BANK9  BANK10  BANK1
      +1  BANK12  BANK13  BANK14  BANK15  BANK16  BANK17  BANK18  BANK19  BANK20  BANK21  BANK22  BANK23  BANK24  BANK25
 14237 ;;      Params:         0       0       0       0       0       0       0       0       0       0       0       0       
      +0       0       0       0       0       0       0       0       0       0       0       0       0       0       0
 14238 ;;      Locals:         0       0       0       0       0       0       0       0       0       0       0       0       
      +0       0       0       0       0       0       0       0       0       0       0       0       0       0       0
 14239 ;;      Temps:          0       0       0       0       0       0       0       0       0       0       0       0       
      +0       0       0       0       0       0       0       0       0       0       0       0       0       0       0
 14240 ;;      Totals:         0       0       0       0       0       0       0       0       0       0       0       0       
      +0       0       0       0       0       0       0       0       0       0       0       0       0       0       0
 14241 ;;Total ram usage:        0 bytes
 14242 ;; Hardware stack levels used: 1
 14243 ;; This function calls:
 14244 ;;		Nothing
 14245 ;; This function is called by:
 14246 ;;		_PIN_MANAGER_Initialize
 14247 ;;		_VOL_B_ISR
 14248 ;; This function uses a non-reentrant model
 14249 ;;
 14250                           
 14251     08F5                     _VOL_B_DefaultInterruptHandler:	
 14252                           ;psect for function _VOL_B_DefaultInterruptHandler
 14253                           
 14254     08F5                     i1l408:	
 14255                           ;incstack = 0
 14256                           ; Regs used in _VOL_B_DefaultInterruptHandler: []
 14257                           
 14258     08F5  0008               	return
 14259     08F6                     __end_of_VOL_B_DefaultInterruptHandler:
 14260                           
 14261                           	psect	text68
 14262     09C4                     __ptext68:	
 14263 ;; *************** function _VOL_A_ISR *****************
 14264 ;; Defined at:
 14265 ;;		line 194 in file "mcc_generated_files/system/src/pins.c"
 14266 ;; Parameters:    Size  Location     Type
 14267 ;;		None
 14268 ;; Auto vars:     Size  Location     Type
 14269 ;;		None
 14270 ;; Return value:  Size  Location     Type
 14271 ;;                  1    wreg      void 
 14272 ;; Registers used:
 14273 ;;		wreg, fsr0l, fsr0h, status,2, status,0, pclath, cstack
 14274 ;; Tracked objects:
 14275 ;;		On entry : 0/0
 14276 ;;		On exit  : 0/0
 14277 ;;		Unchanged: 0/0
 14278 ;; Data sizes:     COMMON   BANK0   BANK1   BANK2   BANK3   BANK4   BANK5   BANK6   BANK7   BANK8   BANK9  BANK10  BANK1
      +1  BANK12  BANK13  BANK14  BANK15  BANK16  BANK17  BANK18  BANK19  BANK20  BANK21  BANK22  BANK23  BANK24  BANK25
 14279 ;;      Params:         0       0       0       0       0       0       0       0       0       0       0       0       
      +0       0       0       0       0       0       0       0       0       0       0       0       0       0       0
 14280 ;;      Locals:         0       0       0       0       0       0       0       0       0       0       0       0       
      +0       0       0       0       0       0       0       0       0       0       0       0       0       0       0
 14281 ;;      Temps:          0       0       0       0       0       0       0       0       0       0       0       0       
      +0       0       0       0       0       0       0       0       0       0       0       0       0       0       0
 14282 ;;      Totals:         0       0       0       0       0       0       0       0       0       0       0       0       
      +0       0       0       0       0       0       0       0       0       0       0       0       0       0       0
 14283 ;;Total ram usage:        0 bytes
 14284 ;; Hardware stack levels used: 1
 14285 ;; Hardware stack levels required when called: 1
 14286 ;; This function calls:
 14287 ;;		NULL
 14288 ;;		_VOL_A_DefaultInterruptHandler
 14289 ;;		_encoder_isr
 14290 ;; This function is called by:
 14291 ;;		_PIN_MANAGER_IOC
 14292 ;; This function uses a non-reentrant model
 14293 ;;
 14294                           
 14295     09C4                     _VOL_A_ISR:	
 14296                           ;psect for function _VOL_A_ISR
 14297                           
 14298     09C4                     i1l3862:	
 14299                           ;incstack = 0
 14300                           ; Regs used in _VOL_A_ISR: [wreg-fsr0h+status,2+status,0+pclath+cstack]
 14301                           
 14302                           
 14303                           ;mcc_generated_files/system/src/pins.c: 199:     if(VOL_A_InterruptHandler)
 14304     09C4  0141               	movlb	1	; select bank1
 14305     09C5  0869               	movf	_VOL_A_InterruptHandler^(0+128),w
 14306     09C6  046A               	iorwf	(_VOL_A_InterruptHandler+1)^(0+128),w
 14307     09C7  1903               	btfsc	3,2
 14308     09C8  29CA               	goto	u303_21
 14309     09C9  29CB               	goto	u303_20
 14310     09CA                     u303_21:
 14311     09CA  29D0               	goto	i1l3866
 14312     09CB                     u303_20:
 14313     09CB                     i1l3864:
 14314                           
 14315                           ;mcc_generated_files/system/src/pins.c: 200:     {;mcc_generated_files/system/src/pins.c
      +                          : 201:         VOL_A_InterruptHandler();
 14316     09CB  086A               	movf	(_VOL_A_InterruptHandler+1)^(0+128),w
 14317     09CC  008A               	movwf	10
 14318     09CD  0869               	movf	_VOL_A_InterruptHandler^(0+128),w
 14319     09CE  000A               	callw
 14320     09CF  3189               	pagesel	$
 14321     09D0                     i1l3866:
 14322                           
 14323                           ;mcc_generated_files/system/src/pins.c: 203:     IOCCFbits.IOCCF3 = 0;
 14324     09D0  017D               	movlb	61	; select bank61
 14325     09D1  11A7               	bcf	39,3	;volatile
 14326     09D2                     i1l392:
 14327     09D2  0008               	return
 14328     09D3                     __end_of_VOL_A_ISR:
 14329                           
 14330                           	psect	text69
 14331     09B5                     __ptext69:	
 14332 ;; *************** function _POWER_ISR *****************
 14333 ;; Defined at:
 14334 ;;		line 164 in file "mcc_generated_files/system/src/pins.c"
 14335 ;; Parameters:    Size  Location     Type
 14336 ;;		None
 14337 ;; Auto vars:     Size  Location     Type
 14338 ;;		None
 14339 ;; Return value:  Size  Location     Type
 14340 ;;                  1    wreg      void 
 14341 ;; Registers used:
 14342 ;;		wreg, status,2, status,0, pclath, cstack
 14343 ;; Tracked objects:
 14344 ;;		On entry : 0/0
 14345 ;;		On exit  : 0/0
 14346 ;;		Unchanged: 0/0
 14347 ;; Data sizes:     COMMON   BANK0   BANK1   BANK2   BANK3   BANK4   BANK5   BANK6   BANK7   BANK8   BANK9  BANK10  BANK1
      +1  BANK12  BANK13  BANK14  BANK15  BANK16  BANK17  BANK18  BANK19  BANK20  BANK21  BANK22  BANK23  BANK24  BANK25
 14348 ;;      Params:         0       0       0       0       0       0       0       0       0       0       0       0       
      +0       0       0       0       0       0       0       0       0       0       0       0       0       0       0
 14349 ;;      Locals:         0       0       0       0       0       0       0       0       0       0       0       0       
      +0       0       0       0       0       0       0       0       0       0       0       0       0       0       0
 14350 ;;      Temps:          0       0       0       0       0       0       0       0       0       0       0       0       
      +0       0       0       0       0       0       0       0       0       0       0       0       0       0       0
 14351 ;;      Totals:         0       0       0       0       0       0       0       0       0       0       0       0       
      +0       0       0       0       0       0       0       0       0       0       0       0       0       0       0
 14352 ;;Total ram usage:        0 bytes
 14353 ;; Hardware stack levels used: 1
 14354 ;; Hardware stack levels required when called: 1
 14355 ;; This function calls:
 14356 ;;		NULL
 14357 ;;		_POWER_DefaultInterruptHandler
 14358 ;;		_power_isr
 14359 ;; This function is called by:
 14360 ;;		_PIN_MANAGER_IOC
 14361 ;; This function uses a non-reentrant model
 14362 ;;
 14363                           
 14364     09B5                     _POWER_ISR:	
 14365                           ;psect for function _POWER_ISR
 14366                           
 14367     09B5                     i1l3856:	
 14368                           ;incstack = 0
 14369                           ; Regs used in _POWER_ISR: [wreg+status,2+status,0+pclath+cstack]
 14370                           
 14371                           
 14372                           ;mcc_generated_files/system/src/pins.c: 169:     if(POWER_InterruptHandler)
 14373     09B5  0141               	movlb	1	; select bank1
 14374     09B6  086B               	movf	_POWER_InterruptHandler^(0+128),w
 14375     09B7  046C               	iorwf	(_POWER_InterruptHandler+1)^(0+128),w
 14376     09B8  1903               	btfsc	3,2
 14377     09B9  29BB               	goto	u302_21
 14378     09BA  29BC               	goto	u302_20
 14379     09BB                     u302_21:
 14380     09BB  29C1               	goto	i1l3860
 14381     09BC                     u302_20:
 14382     09BC                     i1l3858:
 14383                           
 14384                           ;mcc_generated_files/system/src/pins.c: 170:     {;mcc_generated_files/system/src/pins.c
      +                          : 171:         POWER_InterruptHandler();
 14385     09BC  086C               	movf	(_POWER_InterruptHandler+1)^(0+128),w
 14386     09BD  008A               	movwf	10
 14387     09BE  086B               	movf	_POWER_InterruptHandler^(0+128),w
 14388     09BF  000A               	callw
 14389     09C0  3189               	pagesel	$
 14390     09C1                     i1l3860:
 14391                           
 14392                           ;mcc_generated_files/system/src/pins.c: 173:     IOCAFbits.IOCAF3 = 0;
 14393     09C1  017D               	movlb	61	; select bank61
 14394     09C2  1193               	bcf	19,3	;volatile
 14395     09C3                     i1l382:
 14396     09C3  0008               	return
 14397     09C4                     __end_of_POWER_ISR:
 14398                           
 14399                           	psect	text70
 14400     08F4                     __ptext70:	
 14401 ;; *************** function _POWER_DefaultInterruptHandler *****************
 14402 ;; Defined at:
 14403 ;;		line 186 in file "mcc_generated_files/system/src/pins.c"
 14404 ;; Parameters:    Size  Location     Type
 14405 ;;		None
 14406 ;; Auto vars:     Size  Location     Type
 14407 ;;		None
 14408 ;; Return value:  Size  Location     Type
 14409 ;;                  1    wreg      void 
 14410 ;; Registers used:
 14411 ;;		None
 14412 ;; Tracked objects:
 14413 ;;		On entry : 0/0
 14414 ;;		On exit  : 0/0
 14415 ;;		Unchanged: 0/0
 14416 ;; Data sizes:     COMMON   BANK0   BANK1   BANK2   BANK3   BANK4   BANK5   BANK6   BANK7   BANK8   BANK9  BANK10  BANK1
      +1  BANK12  BANK13  BANK14  BANK15  BANK16  BANK17  BANK18  BANK19  BANK20  BANK21  BANK22  BANK23  BANK24  BANK25
 14417 ;;      Params:         0       0       0       0       0       0       0       0       0       0       0       0       
      +0       0       0       0       0       0       0       0       0       0       0       0       0       0       0
 14418 ;;      Locals:         0       0       0       0       0       0       0       0       0       0       0       0       
      +0       0       0       0       0       0       0       0       0       0       0       0       0       0       0
 14419 ;;      Temps:          0       0       0       0       0       0       0       0       0       0       0       0       
      +0       0       0       0       0       0       0       0       0       0       0       0       0       0       0
 14420 ;;      Totals:         0       0       0       0       0       0       0       0       0       0       0       0       
      +0       0       0       0       0       0       0       0       0       0       0       0       0       0       0
 14421 ;;Total ram usage:        0 bytes
 14422 ;; Hardware stack levels used: 1
 14423 ;; This function calls:
 14424 ;;		Nothing
 14425 ;; This function is called by:
 14426 ;;		_PIN_MANAGER_Initialize
 14427 ;;		_POWER_ISR
 14428 ;; This function uses a non-reentrant model
 14429 ;;
 14430                           
 14431     08F4                     _POWER_DefaultInterruptHandler:	
 14432                           ;psect for function _POWER_DefaultInterruptHandler
 14433                           
 14434     08F4                     i1l388:	
 14435                           ;incstack = 0
 14436                           ; Regs used in _POWER_DefaultInterruptHandler: []
 14437                           
 14438     08F4  0008               	return
 14439     08F5                     __end_of_POWER_DefaultInterruptHandler:
 14440                           
 14441                           	psect	text71
 14442     08FE                     __ptext71:	
 14443 ;; *************** function _power_isr *****************
 14444 ;; Defined at:
 14445 ;;		line 48 in file "drivers/rotary_encoder.c"
 14446 ;; Parameters:    Size  Location     Type
 14447 ;;		None
 14448 ;; Auto vars:     Size  Location     Type
 14449 ;;		None
 14450 ;; Return value:  Size  Location     Type
 14451 ;;                  1    wreg      void 
 14452 ;; Registers used:
 14453 ;;		wreg
 14454 ;; Tracked objects:
 14455 ;;		On entry : 0/0
 14456 ;;		On exit  : 0/0
 14457 ;;		Unchanged: 0/0
 14458 ;; Data sizes:     COMMON   BANK0   BANK1   BANK2   BANK3   BANK4   BANK5   BANK6   BANK7   BANK8   BANK9  BANK10  BANK1
      +1  BANK12  BANK13  BANK14  BANK15  BANK16  BANK17  BANK18  BANK19  BANK20  BANK21  BANK22  BANK23  BANK24  BANK25
 14459 ;;      Params:         0       0       0       0       0       0       0       0       0       0       0       0       
      +0       0       0       0       0       0       0       0       0       0       0       0       0       0       0
 14460 ;;      Locals:         0       0       0       0       0       0       0       0       0       0       0       0       
      +0       0       0       0       0       0       0       0       0       0       0       0       0       0       0
 14461 ;;      Temps:          0       0       0       0       0       0       0       0       0       0       0       0       
      +0       0       0       0       0       0       0       0       0       0       0       0       0       0       0
 14462 ;;      Totals:         0       0       0       0       0       0       0       0       0       0       0       0       
      +0       0       0       0       0       0       0       0       0       0       0       0       0       0       0
 14463 ;;Total ram usage:        0 bytes
 14464 ;; Hardware stack levels used: 1
 14465 ;; This function calls:
 14466 ;;		Nothing
 14467 ;; This function is called by:
 14468 ;;		_RotaryEncoder_Init
 14469 ;;		_POWER_ISR
 14470 ;; This function uses a non-reentrant model
 14471 ;;
 14472                           
 14473     08FE                     _power_isr:	
 14474                           ;psect for function _power_isr
 14475                           
 14476     08FE                     i1l3532:	
 14477                           ;incstack = 0
 14478                           ; Regs used in _power_isr: [wreg]
 14479                           
 14480                           
 14481                           ;drivers/rotary_encoder.c: 50:     powerFallingEdgeSeen = 1;
 14482     08FE  3001               	movlw	1
 14483     08FF  0140               	movlb	0	; select bank0
 14484     0900  00EA               	movwf	_powerFallingEdgeSeen	;volatile
 14485     0901                     i1l904:
 14486     0901  0008               	return
 14487     0902                     __end_of_power_isr:
 14488     007E                     btemp	set	126	;btemp
 14489     007E                     int$flags	set	126
 14490     007E                     wtemp0	set	126
 14491                           
 14492                           	psect	config
 14493                           
 14494                           ;Config register CONFIG1 @ 0x8007
 14495                           ;	External Oscillator Selection bits
 14496                           ;	FEXTOSC = ECH, EC (external clock) above 16 MHz
 14497                           ;	Reset Oscillator Selection bits
 14498                           ;	RSTOSC = HFINTOSC_32MHz, HFINTOSC (32 MHz)
 14499                           ;	Clock Out Enable bit
 14500                           ;	CLKOUTEN = OFF, CLKOUT function is disabled; i/o or oscillator function on OSC2
 14501                           ;	VDD Range Analog Calibration Selection bit
 14502                           ;	VDDAR = HI, Internal analog systems are calibrated for operation between VDD = 2.3 - 5
      +                          .5V
 14503     8007                     	org	32775
 14504     8007  3F8F               	dw	16271
 14505                           
 14506                           ;Config register CONFIG2 @ 0x8008
 14507                           ;	Master Clear Enable bit
 14508                           ;	MCLRE = EXTMCLR, If LVP = 0, MCLR pin is MCLR; If LVP = 1, RA3 pin function is MCLR
 14509                           ;	Power-up Timer Selection bits
 14510                           ;	PWRTS = PWRT_OFF, PWRT is disabled
 14511                           ;	WDT Operating Mode bits
 14512                           ;	WDTE = OFF, WDT disabled; SEN is ignored
 14513                           ;	Brown-out Reset Enable bits
 14514                           ;	BOREN = ON, Brown-out Reset enabled, SBOREN bit is ignored
 14515                           ;	DAC Buffer Automatic Range Select Enable bit
 14516                           ;	DACAUTOEN = OFF, DAC Buffer reference range is determined by the REFRNG bit
 14517                           ;	Brown-out Reset Voltage Selection bit
 14518                           ;	BORV = LO, Brown-out Reset Voltage (VBOR) set to 1.9V
 14519                           ;	ZCD Disable bit
 14520                           ;	ZCD = OFF, ZCD module is disabled; ZCD can be enabled by setting the ZCDSEN bit of ZCD
      +                          CON
 14521                           ;	PPSLOCKED One-Way Set Enable bit
 14522                           ;	PPS1WAY = ON, The PPSLOCKED bit can be cleared and set only once after an unlocking se
      +                          quence is executed; once PPSLOCKED is set, all future changes to PPS registers are preve
      +                          nted
 14523                           ;	Stack Overflow/Underflow Reset Enable bit
 14524                           ;	STVREN = ON, Stack Overflow or Underflow will cause a reset
 14525     8008                     	org	32776
 14526     8008  3FE7               	dw	16359
 14527                           
 14528                           ;Config register CONFIG4 @ 0x800A
 14529                           ;	Boot Block Size Selection bits
 14530                           ;	BBSIZE = BB512, 512 words boot block size
 14531                           ;	Boot Block Enable bit
 14532                           ;	BBEN = OFF, Boot Block disabled
 14533                           ;	Storage Area Flash (SAF) Enable bit
 14534                           ;	SAFEN = OFF, SAF disabled
 14535                           ;	Application Block Write Protection bit
 14536                           ;	WRTAPP = OFF, Application Block is NOT write protected
 14537                           ;	Boot Block Write Protection bit
 14538                           ;	WRTB = OFF, Boot Block is NOT write protected
 14539                           ;	Configuration Register Write Protection bit
 14540                           ;	WRTC = OFF, Configuration Register is NOT write protected
 14541                           ;	Data EEPROM Write-Protection bit
 14542                           ;	WRTD = OFF, Data EEPROM is NOT write-protected
 14543                           ;	Storage Area Flash (SAF) Write Protection bit
 14544                           ;	WRTSAF = OFF, SAF is NOT write protected
 14545                           ;	Low Voltage Programming Enable bit
 14546                           ;	LVP = ON, Low Voltage programming enabled. MCLR/Vpp pin function is MCLR. MCLRE Config
      +                          uration bit is ignored
 14547     800A                     	org	32778
 14548     800A  3FFF               	dw	16383
 14549                           
 14550                           ;Config register CONFIG5 @ 0x800B
 14551                           ;	Program Flash Memory Code Protection bit
 14552                           ;	CP = OFF, Program Flash Memory code protection is disabled
 14553                           ;	Data EEPROM Code Protection bit
 14554                           ;	CPD = OFF, EEPROM code protection is disabled
 14555     800B                     	org	32779
 14556     800B  3FFF               	dw	16383

Data Sizes:
    Strings     3
    Constant    118
    Data        11
    BSS         96
    Persistent  38
    Stack       0

Auto Spaces:
    Space          Size  Autos    Used
    COMMON           14      6      10
    BANK0            80     57      78
    BANK1            80     71      80
    BANK2            80     53      68
    BANK3            80      0      64
    BANK4            80      0       0
    BANK5            80      0       0
    BANK6            80      0       0
    BANK7            80      0       0
    BANK8            80      0       0
    BANK9            80      0       0
    BANK10           80      0       0
    BANK11           80      0       0
    BANK12           80      0       0
    BANK13           80      0       0
    BANK14           80      0       0
    BANK15           80      0       0
    BANK16           80      0       0
    BANK17           80      0       0
    BANK18           80      0       0
    BANK19           80      0       0
    BANK20           80      0       0
    BANK21           80      0       0
    BANK22           80      0       0
    BANK23           80      0       0
    BANK24           80      0       0
    BANK25           32      0       0

Pointer List with Targets:

    S534$20$0	PTR FTN()void  size(2) Largest target is 1
		 -> EUSART2_DefaultFramingErrorCallback(), EUSART1_DefaultFramingErrorCallback(), 

    S534$21$0	PTR FTN()void  size(2) Largest target is 1
		 -> EUSART2_DefaultOverrunErrorCallback(), EUSART1_DefaultOverrunErrorCallback(), 

    strncmp@_r	PTR const unsigned char  size(2) Largest target is 3
		 -> STR_1(CODE[3]), 

    strncmp@r	PTR const unsigned char  size(2) Largest target is 3
		 -> STR_1(CODE[3]), 

    strncmp@_l	PTR const unsigned char  size(1) Largest target is 32
		 -> main@text(BANK2[32]), NULL(NULL[0]), 

    strncmp@l	PTR const unsigned char  size(1) Largest target is 32
		 -> main@text(BANK2[32]), NULL(NULL[0]), 

    strlen@s	PTR const unsigned char  size(2) Largest target is 3
		 -> STR_1(CODE[3]), 

    strlen@a	PTR const unsigned char  size(2) Largest target is 3
		 -> STR_1(CODE[3]), 

    strchr@s	PTR const unsigned char  size(1) Largest target is 32
		 -> main@text(BANK2[32]), NULL(NULL[0]), 

    sp__strchr	PTR unsigned char  size(1) Largest target is 32
		 -> main@text(BANK2[32]), NULL(NULL[0]), 

    strstr@h	PTR const unsigned char  size(1) Largest target is 32
		 -> main@text(BANK2[32]), NULL(NULL[0]), 

    strstr@n	PTR const unsigned char  size(2) Largest target is 3
		 -> STR_1(CODE[3]), 

    memset@dest	PTR void  size(1) Largest target is 7
		 -> lastUid(BANK2[7]), 

    memset@s	PTR unsigned char  size(1) Largest target is 7
		 -> lastUid(BANK2[7]), 

    memcpy@d1	PTR void  size(1) Largest target is 64
		 -> main@text(BANK2[32]), lastUid(BANK2[7]), PN532_ReadNdefText@buf(BANK3[64]), 

    memcpy@d	PTR unsigned char  size(1) Largest target is 64
		 -> main@text(BANK2[32]), lastUid(BANK2[7]), PN532_ReadNdefText@buf(BANK3[64]), 

    memcpy@s1	PTR const void  size(2) Largest target is 64
		 -> main@uid(BANK2[7]), PN532_ReadNdefText@buf(BANK3[64]), ntag_read4pages@rsp(BANK0[20]), 

    memcpy@s	PTR const unsigned char  size(2) Largest target is 64
		 -> main@uid(BANK2[7]), PN532_ReadNdefText@buf(BANK3[64]), ntag_read4pages@rsp(BANK0[20]), 

    memcmp@vr	PTR const void  size(2) Largest target is 7
		 -> lastUid(BANK2[7]), pn532_transact@expectedAck(CODE[6]), 

    memcmp@r	PTR const unsigned char  size(2) Largest target is 7
		 -> lastUid(BANK2[7]), pn532_transact@expectedAck(CODE[6]), 

    memcmp@vl	PTR const void  size(2) Largest target is 32
		 -> main@uid(BANK2[7]), pn532_transact@buffer(BANK1[32]), 

    memcmp@l	PTR const unsigned char  size(2) Largest target is 32
		 -> main@uid(BANK2[7]), pn532_transact@buffer(BANK1[32]), 

    atoi@s	PTR const unsigned char  size(1) Largest target is 32
		 -> main@text(BANK2[32]), NULL(NULL[0]), 

    RotaryEncoder_Init@onPowerButtonPressed	PTR FTN()void  size(2) Largest target is 1
		 -> on_power_button_pressed(), 

    powerButtonCallback	PTR FTN()void  size(2) Largest target is 1
		 -> on_power_button_pressed(), NULL(), 

    sp__memset	PTR void  size(1) Largest target is 7
		 -> lastUid(BANK2[7]), 

    sp__strstr	PTR unsigned char  size(1) Largest target is 32
		 -> main@text(BANK2[32]), NULL(NULL[0]), 

    parse_track_number@text	PTR const unsigned char  size(1) Largest target is 32
		 -> main@text(BANK2[32]), 

    parse_track_number@sep	PTR const unsigned char  size(1) Largest target is 32
		 -> main@text(BANK2[32]), NULL(NULL[0]), 

    EUSART2_OverrunErrorCallbackRegister@callbackHandler	PTR FTN()void  size(2) Largest target is 1
		 -> EUSART2_DefaultOverrunErrorCallback(), EUSART1_DefaultOverrunErrorCallback(), 

    EUSART2_FramingErrorCallbackRegister@callbackHandler	PTR FTN()void  size(2) Largest target is 1
		 -> EUSART2_DefaultFramingErrorCallback(), EUSART1_DefaultFramingErrorCallback(), 

    EUSART2_FramingErrorHandler	PTR FTN()void  size(2) Largest target is 1
		 -> EUSART2_DefaultFramingErrorCallback(), EUSART1_DefaultFramingErrorCallback(), NULL(), 

    EUSART2_OverrunErrorHandler	PTR FTN()void  size(2) Largest target is 1
		 -> EUSART2_DefaultOverrunErrorCallback(), EUSART1_DefaultOverrunErrorCallback(), NULL(), 

    UART2.EventCallbackRegister	PTR FTN(PTR FTN()void ,)void  size(2) Largest target is 1
		 -> NULL(), 

    UART2.ParityErrorCallbackRegister	PTR FTN(PTR FTN()void ,)void  size(2) Largest target is 1
		 -> NULL(), 

    UART2.OverrunErrorCallbackRegister	PTR FTN(PTR FTN()void ,)void  size(2) Largest target is 1
		 -> EUSART2_OverrunErrorCallbackRegister(), EUSART1_OverrunErrorCallbackRegister(), 

    UART2.FramingErrorCallbackRegister	PTR FTN(PTR FTN()void ,)void  size(2) Largest target is 1
		 -> EUSART2_FramingErrorCallbackRegister(), EUSART1_FramingErrorCallbackRegister(), 

    UART2.TxCollisionCallbackRegister	PTR FTN(PTR FTN()void ,)void  size(2) Largest target is 1
		 -> NULL(), 

    UART2.RxCompleteCallbackRegister	PTR FTN(PTR FTN()void ,)void  size(2) Largest target is 1
		 -> NULL(), 

    UART2.TxCompleteCallbackRegister	PTR FTN(PTR FTN()void ,)void  size(2) Largest target is 1
		 -> NULL(), 

    UART2.ErrorGet	PTR FTN()unsigned int  size(2) Largest target is 2
		 -> EUSART2_ErrorGet(), EUSART1_ErrorGet(), 

    UART2.BaudRateGet	PTR FTN()unsigned long  size(2) Largest target is 1
		 -> NULL(), 

    UART2.BaudRateSet	PTR FTN(unsigned long ,)void  size(2) Largest target is 1
		 -> NULL(), 

    UART2.BRGCountGet	PTR FTN()unsigned long  size(2) Largest target is 1
		 -> NULL(), 

    UART2.BRGCountSet	PTR FTN(unsigned long ,)void  size(2) Largest target is 1
		 -> NULL(), 

    UART2.AutoBaudEventEnableGet	PTR FTN()_Bool  size(2) Largest target is 1
		 -> NULL(), 

    UART2.AutoBaudQuery	PTR FTN()_Bool  size(2) Largest target is 1
		 -> EUSART2_AutoBaudQuery(), EUSART1_AutoBaudQuery(), 

    UART2.AutoBaudSet	PTR FTN(_Bool ,)void  size(2) Largest target is 1
		 -> EUSART2_AutoBaudSet(), EUSART1_AutoBaudSet(), 

    UART2.TransmitDisable	PTR FTN()void  size(2) Largest target is 1
		 -> EUSART2_TransmitDisable(), EUSART1_TransmitDisable(), 

    UART2.TransmitEnable	PTR FTN()void  size(2) Largest target is 1
		 -> EUSART2_TransmitEnable(), EUSART1_TransmitEnable(), 

    UART2.IsTxDone	PTR FTN()_Bool  size(2) Largest target is 1
		 -> EUSART1_IsTxDone(), EUSART2_IsTxDone(), 

    UART2.IsTxReady	PTR FTN()_Bool  size(2) Largest target is 1
		 -> EUSART1_IsTxReady(), EUSART2_IsTxReady(), 

    UART2.IsRxReady	PTR FTN()_Bool  size(2) Largest target is 1
		 -> EUSART1_IsRxReady(), EUSART2_IsRxReady(), 

    UART2.Write	PTR FTN(unsigned char ,)void  size(2) Largest target is 1
		 -> EUSART1_Write(), EUSART2_Write(), 

    UART2.Read	PTR FTN()unsigned char  size(2) Largest target is 1
		 -> EUSART1_Read(), EUSART2_Read(), 

    UART2.Deinitialize	PTR FTN()void  size(2) Largest target is 1
		 -> EUSART2_Deinitialize(), EUSART1_Deinitialize(), 

    UART2.Initialize	PTR FTN()void  size(2) Largest target is 1
		 -> EUSART2_Initialize(), EUSART1_Initialize(), 

    EUSART1_OverrunErrorCallbackRegister@callbackHandler	PTR FTN()void  size(2) Largest target is 1
		 -> EUSART2_DefaultOverrunErrorCallback(), EUSART1_DefaultOverrunErrorCallback(), 

    EUSART1_FramingErrorCallbackRegister@callbackHandler	PTR FTN()void  size(2) Largest target is 1
		 -> EUSART2_DefaultFramingErrorCallback(), EUSART1_DefaultFramingErrorCallback(), 

    EUSART1_FramingErrorHandler	PTR FTN()void  size(2) Largest target is 1
		 -> EUSART2_DefaultFramingErrorCallback(), EUSART1_DefaultFramingErrorCallback(), NULL(), 

    EUSART1_OverrunErrorHandler	PTR FTN()void  size(2) Largest target is 1
		 -> EUSART2_DefaultOverrunErrorCallback(), EUSART1_DefaultOverrunErrorCallback(), NULL(), 

    S534$EventCallbackRegister	PTR FTN(PTR FTN()void ,)void  size(2) Largest target is 1
		 -> NULL(), 

    UART1.EventCallbackRegister	PTR FTN(PTR FTN()void ,)void  size(2) Largest target is 1
		 -> NULL(), 

    S534$ParityErrorCallbackRegister	PTR FTN(PTR FTN()void ,)void  size(2) Largest target is 1
		 -> NULL(), 

    UART1.ParityErrorCallbackRegister	PTR FTN(PTR FTN()void ,)void  size(2) Largest target is 1
		 -> NULL(), 

    S534$OverrunErrorCallbackRegister	PTR FTN(PTR FTN()void ,)void  size(2) Largest target is 1
		 -> EUSART2_OverrunErrorCallbackRegister(), EUSART1_OverrunErrorCallbackRegister(), 

    UART1.OverrunErrorCallbackRegister	PTR FTN(PTR FTN()void ,)void  size(2) Largest target is 1
		 -> EUSART2_OverrunErrorCallbackRegister(), EUSART1_OverrunErrorCallbackRegister(), 

    S534$FramingErrorCallbackRegister	PTR FTN(PTR FTN()void ,)void  size(2) Largest target is 1
		 -> EUSART2_FramingErrorCallbackRegister(), EUSART1_FramingErrorCallbackRegister(), 

    UART1.FramingErrorCallbackRegister	PTR FTN(PTR FTN()void ,)void  size(2) Largest target is 1
		 -> EUSART2_FramingErrorCallbackRegister(), EUSART1_FramingErrorCallbackRegister(), 

    S534$TxCollisionCallbackRegister	PTR FTN(PTR FTN()void ,)void  size(2) Largest target is 1
		 -> NULL(), 

    UART1.TxCollisionCallbackRegister	PTR FTN(PTR FTN()void ,)void  size(2) Largest target is 1
		 -> NULL(), 

    S534$RxCompleteCallbackRegister	PTR FTN(PTR FTN()void ,)void  size(2) Largest target is 1
		 -> NULL(), 

    UART1.RxCompleteCallbackRegister	PTR FTN(PTR FTN()void ,)void  size(2) Largest target is 1
		 -> NULL(), 

    S534$TxCompleteCallbackRegister	PTR FTN(PTR FTN()void ,)void  size(2) Largest target is 1
		 -> NULL(), 

    UART1.TxCompleteCallbackRegister	PTR FTN(PTR FTN()void ,)void  size(2) Largest target is 1
		 -> NULL(), 

    S534$ErrorGet	PTR FTN()unsigned int  size(2) Largest target is 2
		 -> EUSART2_ErrorGet(), EUSART1_ErrorGet(), 

    UART1.ErrorGet	PTR FTN()unsigned int  size(2) Largest target is 2
		 -> EUSART2_ErrorGet(), EUSART1_ErrorGet(), 

    S534$BaudRateGet	PTR FTN()unsigned long  size(2) Largest target is 1
		 -> NULL(), 

    UART1.BaudRateGet	PTR FTN()unsigned long  size(2) Largest target is 1
		 -> NULL(), 

    S534$BaudRateSet	PTR FTN(unsigned long ,)void  size(2) Largest target is 1
		 -> NULL(), 

    UART1.BaudRateSet	PTR FTN(unsigned long ,)void  size(2) Largest target is 1
		 -> NULL(), 

    S534$BRGCountGet	PTR FTN()unsigned long  size(2) Largest target is 1
		 -> NULL(), 

    UART1.BRGCountGet	PTR FTN()unsigned long  size(2) Largest target is 1
		 -> NULL(), 

    S534$BRGCountSet	PTR FTN(unsigned long ,)void  size(2) Largest target is 1
		 -> NULL(), 

    UART1.BRGCountSet	PTR FTN(unsigned long ,)void  size(2) Largest target is 1
		 -> NULL(), 

    S534$AutoBaudEventEnableGet	PTR FTN()_Bool  size(2) Largest target is 1
		 -> NULL(), 

    UART1.AutoBaudEventEnableGet	PTR FTN()_Bool  size(2) Largest target is 1
		 -> NULL(), 

    S534$AutoBaudQuery	PTR FTN()_Bool  size(2) Largest target is 1
		 -> EUSART2_AutoBaudQuery(), EUSART1_AutoBaudQuery(), 

    UART1.AutoBaudQuery	PTR FTN()_Bool  size(2) Largest target is 1
		 -> EUSART2_AutoBaudQuery(), EUSART1_AutoBaudQuery(), 

    S534$AutoBaudSet	PTR FTN(_Bool ,)void  size(2) Largest target is 1
		 -> EUSART2_AutoBaudSet(), EUSART1_AutoBaudSet(), 

    UART1.AutoBaudSet	PTR FTN(_Bool ,)void  size(2) Largest target is 1
		 -> EUSART2_AutoBaudSet(), EUSART1_AutoBaudSet(), 

    S534$TransmitDisable	PTR FTN()void  size(2) Largest target is 1
		 -> EUSART2_TransmitDisable(), EUSART1_TransmitDisable(), 

    UART1.TransmitDisable	PTR FTN()void  size(2) Largest target is 1
		 -> EUSART2_TransmitDisable(), EUSART1_TransmitDisable(), 

    S534$TransmitEnable	PTR FTN()void  size(2) Largest target is 1
		 -> EUSART2_TransmitEnable(), EUSART1_TransmitEnable(), 

    UART1.TransmitEnable	PTR FTN()void  size(2) Largest target is 1
		 -> EUSART2_TransmitEnable(), EUSART1_TransmitEnable(), 

    S534$IsTxDone	PTR FTN()_Bool  size(2) Largest target is 1
		 -> EUSART1_IsTxDone(), EUSART2_IsTxDone(), 

    UART1.IsTxDone	PTR FTN()_Bool  size(2) Largest target is 1
		 -> EUSART1_IsTxDone(), EUSART2_IsTxDone(), 

    S534$IsTxReady	PTR FTN()_Bool  size(2) Largest target is 1
		 -> EUSART1_IsTxReady(), EUSART2_IsTxReady(), 

    UART1.IsTxReady	PTR FTN()_Bool  size(2) Largest target is 1
		 -> EUSART1_IsTxReady(), EUSART2_IsTxReady(), 

    S534$IsRxReady	PTR FTN()_Bool  size(2) Largest target is 1
		 -> EUSART1_IsRxReady(), EUSART2_IsRxReady(), 

    UART1.IsRxReady	PTR FTN()_Bool  size(2) Largest target is 1
		 -> EUSART1_IsRxReady(), EUSART2_IsRxReady(), 

    S534$Write	PTR FTN(unsigned char ,)void  size(2) Largest target is 1
		 -> EUSART1_Write(), EUSART2_Write(), 

    UART1.Write	PTR FTN(unsigned char ,)void  size(2) Largest target is 1
		 -> EUSART1_Write(), EUSART2_Write(), 

    S534$Read	PTR FTN()unsigned char  size(2) Largest target is 1
		 -> EUSART1_Read(), EUSART2_Read(), 

    UART1.Read	PTR FTN()unsigned char  size(2) Largest target is 1
		 -> EUSART1_Read(), EUSART2_Read(), 

    S534$Deinitialize	PTR FTN()void  size(2) Largest target is 1
		 -> EUSART2_Deinitialize(), EUSART1_Deinitialize(), 

    UART1.Deinitialize	PTR FTN()void  size(2) Largest target is 1
		 -> EUSART2_Deinitialize(), EUSART1_Deinitialize(), 

    S534$Initialize	PTR FTN()void  size(2) Largest target is 1
		 -> EUSART2_Initialize(), EUSART1_Initialize(), 

    UART1.Initialize	PTR FTN()void  size(2) Largest target is 1
		 -> EUSART2_Initialize(), EUSART1_Initialize(), 

    VOL_B_SetInterruptHandler@InterruptHandler	PTR FTN()void  size(2) Largest target is 1
		 -> encoder_isr(), VOL_B_DefaultInterruptHandler(), 

    VOL_B_InterruptHandler	PTR FTN()void  size(2) Largest target is 1
		 -> encoder_isr(), VOL_B_DefaultInterruptHandler(), NULL(), 

    VOL_A_SetInterruptHandler@InterruptHandler	PTR FTN()void  size(2) Largest target is 1
		 -> encoder_isr(), VOL_A_DefaultInterruptHandler(), 

    VOL_A_InterruptHandler	PTR FTN()void  size(2) Largest target is 1
		 -> encoder_isr(), VOL_A_DefaultInterruptHandler(), NULL(), 

    POWER_SetInterruptHandler@InterruptHandler	PTR FTN()void  size(2) Largest target is 1
		 -> power_isr(), POWER_DefaultInterruptHandler(), 

    POWER_InterruptHandler	PTR FTN()void  size(2) Largest target is 1
		 -> power_isr(), POWER_DefaultInterruptHandler(), NULL(), 

    INT_SetInterruptHandler@InterruptHandler	PTR FTN()void  size(2) Largest target is 1
		 -> INT_DefaultInterruptHandler(), 

    INT_InterruptHandler	PTR FTN()void  size(2) Largest target is 1
		 -> NULL(), INT_DefaultInterruptHandler(), 

    PN532_ReadNdefText@out	PTR unsigned char  size(1) Largest target is 32
		 -> main@text(BANK2[32]), 

    parse_ndef_text_record@out	PTR unsigned char  size(1) Largest target is 32
		 -> main@text(BANK2[32]), 

    parse_ndef_text_record@payload	PTR const unsigned char  size(1) Largest target is 64
		 -> PN532_ReadNdefText@buf(BANK3[64]), 

    parse_ndef_text_record@rec	PTR const unsigned char  size(1) Largest target is 64
		 -> PN532_ReadNdefText@buf(BANK3[64]), 

    sp__memcpy	PTR void  size(1) Largest target is 64
		 -> main@text(BANK2[32]), lastUid(BANK2[7]), PN532_ReadNdefText@buf(BANK3[64]), 

    ntag_read4pages@out16	PTR unsigned char  size(1) Largest target is 64
		 -> PN532_ReadNdefText@buf(BANK3[64]), 

    PN532_ReadPassiveTarget@uidLen	PTR unsigned char  size(1) Largest target is 1
		 -> main@uidLen(BANK2[1]), 

    PN532_ReadPassiveTarget@uid	PTR unsigned char  size(1) Largest target is 7
		 -> main@uid(BANK2[7]), 

    pn532_transact@outLen	PTR unsigned char  size(1) Largest target is 1
		 -> ntag_read4pages@rlen(BANK0[1]), PN532_ReadPassiveTarget@rlen(BANK0[1]), PN532_Init@rlen(BANK0[1]), 

    pn532_transact@out	PTR unsigned char  size(1) Largest target is 24
		 -> ntag_read4pages@rsp(BANK0[20]), PN532_ReadPassiveTarget@rsp(BANK0[24]), PN532_Init@rsp(BANK0[16]), 

    pn532_transact@params	PTR const unsigned char  size(1) Largest target is 4
		 -> ntag_read4pages@params(BANK0[3]), PN532_ReadPassiveTarget@params(BANK0[2]), NULL(NULL[0]), PN532_Init@rfcfg(BANK0[4]), 
		 -> PN532_Init@samcfg(BANK0[3]), 

    pn532_send_and_capture@buffer	PTR unsigned char  size(1) Largest target is 32
		 -> pn532_transact@buffer(BANK1[32]), 

    pn532_send_and_capture@packet	PTR const unsigned char  size(1) Largest target is 21
		 -> pn532_transact@packet(BANK1[21]), 


Critical Paths under _main in COMMON

    _strstr->_strchr
    _strstr->_strlen
    _atoi->___wmul
    _atoi->_isdigit
    _atoi->_isspace
    _PIN_MANAGER_Initialize->_POWER_SetInterruptHandler
    _PIN_MANAGER_Initialize->_VOL_A_SetInterruptHandler
    _PIN_MANAGER_Initialize->_VOL_B_SetInterruptHandler
    _INTERRUPT_Initialize->_INT_SetInterruptHandler
    _EUSART2_Initialize->_EUSART2_FramingErrorCallbackRegister
    _EUSART2_Initialize->_EUSART2_OverrunErrorCallbackRegister
    _EUSART1_Initialize->_EUSART1_FramingErrorCallbackRegister
    _EUSART1_Initialize->_EUSART1_OverrunErrorCallbackRegister
    _on_power_button_pressed->_memset
    _RotaryEncoder_Init->_POWER_SetInterruptHandler
    _RotaryEncoder_Init->_VOL_A_SetInterruptHandler
    _RotaryEncoder_Init->_VOL_B_SetInterruptHandler
    _parse_ndef_text_record->_memcpy
    _pn532_transact->_pn532_send_and_capture
    _pn532_send_and_capture->_EUSART2_IsTxReady
    _pn532_send_and_capture->_EUSART2_Write
    _DFPlayer_SendCommand->_dfplayer_uart_write
    _dfplayer_wait_for_ack->_EUSART1_IsRxReady
    _dfplayer_uart_write->_EUSART1_IsTxReady
    _dfplayer_uart_write->_EUSART1_Write

Critical Paths under _INTERRUPT_InterruptManager in COMMON

    _VOL_B_ISR->_encoder_isr
    _VOL_A_ISR->_encoder_isr

Critical Paths under _main in BANK0

    _main->_PN532_ReadPassiveTarget
    _parse_track_number->_strstr
    _strstr->_strncmp
    _atoi->___wmul
    _atoi->_isdigit
    _RotaryEncoder_Tasks->_DFPlayer_AdjustVolume
    _DFPlayer_AdjustVolume->_DFPlayer_SetVolume
    _PN532_ReadPassiveTarget->_pn532_transact
    _PN532_ReadNdefText->_ntag_read4pages
    _parse_ndef_text_record->_memcpy
    _ntag_read4pages->_pn532_transact
    _PN532_Init->_pn532_transact
    _pn532_transact->_pn532_send_and_capture
    _DFPlayer_PlayTrack->_DFPlayer_SendCommand
    _DFPlayer_Init->_DFPlayer_SetVolume
    _DFPlayer_FadeOutAndStop->_DFPlayer_SetVolume
    _DFPlayer_Stop->_DFPlayer_SendCommand
    _DFPlayer_SetVolume->_DFPlayer_SendCommand
    _DFPlayer_SendCommand->_dfplayer_wait_for_ack

Critical Paths under _INTERRUPT_InterruptManager in BANK0

    None.

Critical Paths under _main in BANK1

    _PN532_ReadPassiveTarget->_pn532_transact
    _ntag_read4pages->_pn532_transact
    _PN532_Init->_pn532_transact

Critical Paths under _INTERRUPT_InterruptManager in BANK1

    None.

Critical Paths under _main in BANK2

    _main->_PN532_ReadNdefText

Critical Paths under _INTERRUPT_InterruptManager in BANK2

    None.

Critical Paths under _main in BANK3

    None.

Critical Paths under _INTERRUPT_InterruptManager in BANK3

    None.

Critical Paths under _main in BANK4

    None.

Critical Paths under _INTERRUPT_InterruptManager in BANK4

    None.

Critical Paths under _main in BANK5

    None.

Critical Paths under _INTERRUPT_InterruptManager in BANK5

    None.

Critical Paths under _main in BANK6

    None.

Critical Paths under _INTERRUPT_InterruptManager in BANK6

    None.

Critical Paths under _main in BANK7

    None.

Critical Paths under _INTERRUPT_InterruptManager in BANK7

    None.

Critical Paths under _main in BANK8

    None.

Critical Paths under _INTERRUPT_InterruptManager in BANK8

    None.

Critical Paths under _main in BANK9

    None.

Critical Paths under _INTERRUPT_InterruptManager in BANK9

    None.

Critical Paths under _main in BANK10

    None.

Critical Paths under _INTERRUPT_InterruptManager in BANK10

    None.

Critical Paths under _main in BANK11

    None.

Critical Paths under _INTERRUPT_InterruptManager in BANK11

    None.

Critical Paths under _main in BANK12

    None.

Critical Paths under _INTERRUPT_InterruptManager in BANK12

    None.

Critical Paths under _main in BANK13

    None.

Critical Paths under _INTERRUPT_InterruptManager in BANK13

    None.

Critical Paths under _main in BANK14

    None.

Critical Paths under _INTERRUPT_InterruptManager in BANK14

    None.

Critical Paths under _main in BANK15

    None.

Critical Paths under _INTERRUPT_InterruptManager in BANK15

    None.

Critical Paths under _main in BANK16

    None.

Critical Paths under _INTERRUPT_InterruptManager in BANK16

    None.

Critical Paths under _main in BANK17

    None.

Critical Paths under _INTERRUPT_InterruptManager in BANK17

    None.

Critical Paths under _main in BANK18

    None.

Critical Paths under _INTERRUPT_InterruptManager in BANK18

    None.

Critical Paths under _main in BANK19

    None.

Critical Paths under _INTERRUPT_InterruptManager in BANK19

    None.

Critical Paths under _main in BANK20

    None.

Critical Paths under _INTERRUPT_InterruptManager in BANK20

    None.

Critical Paths under _main in BANK21

    None.

Critical Paths under _INTERRUPT_InterruptManager in BANK21

    None.

Critical Paths under _main in BANK22

    None.

Critical Paths under _INTERRUPT_InterruptManager in BANK22

    None.

Critical Paths under _main in BANK23

    None.

Critical Paths under _INTERRUPT_InterruptManager in BANK23

    None.

Critical Paths under _main in BANK24

    None.

Critical Paths under _INTERRUPT_InterruptManager in BANK24

    None.

Critical Paths under _main in BANK25

    None.

Critical Paths under _INTERRUPT_InterruptManager in BANK25

    None.

Call Graph Tables:

 ---------------------------------------------------------------------------------
 (Depth) Function   	        Calls       Base Space   Used Autos Params    Refs
 ---------------------------------------------------------------------------------
 (0) _main                                                48    48      0   50852
                                             55 BANK0      2     2      0
                                              7 BANK2     46    46      0
            _DFPlayer_FadeOutAndStop
                      _DFPlayer_Init
                 _DFPlayer_PlayTrack
                         _PN532_Init
                 _PN532_ReadNdefText
            _PN532_ReadPassiveTarget
                 _RotaryEncoder_Init
                _RotaryEncoder_Tasks
                  _SYSTEM_Initialize
                             _memcmp
                             _memcpy
                 _parse_track_number
 ---------------------------------------------------------------------------------
 (1) _parse_track_number                                   4     2      2    2749
                                             15 BANK0      4     2      2
                               _atoi
                             _strstr
 ---------------------------------------------------------------------------------
 (2) _strstr                                               7     5      2    1453
                                              8 BANK0      7     5      2
                             _strchr
                             _strlen
                            _strncmp
 ---------------------------------------------------------------------------------
 (3) _strncmp                                              9     5      4     541
                                              4 COMMON     1     1      0
                                              0 BANK0      8     4      4
 ---------------------------------------------------------------------------------
 (3) _strlen                                               5     3      2     220
                                              4 COMMON     2     0      2
                                              0 BANK0      3     3      0
 ---------------------------------------------------------------------------------
 (3) _strchr                                               3     1      2     250
                                              4 COMMON     2     0      2
                                              0 BANK0      1     1      0
 ---------------------------------------------------------------------------------
 (2) _atoi                                                 9     7      2    1164
                                              4 BANK0      9     7      2
                             ___wmul
                            _isdigit
                            _isspace
 ---------------------------------------------------------------------------------
 (3) _isspace                                              5     3      2     259
                                              4 COMMON     2     0      2
                                              0 BANK0      3     3      0
 ---------------------------------------------------------------------------------
 (3) _isdigit                                              6     4      2     191
                                              4 COMMON     2     0      2
                                              0 BANK0      4     4      0
 ---------------------------------------------------------------------------------
 (3) ___wmul                                               6     2      4     316
                                              4 COMMON     2     2      0
                                              0 BANK0      4     0      4
 ---------------------------------------------------------------------------------
 (1) _SYSTEM_Initialize                                    0     0      0    1362
                   _CLOCK_Initialize
                 _EUSART1_Initialize
                 _EUSART2_Initialize
               _INTERRUPT_Initialize
             _PIN_MANAGER_Initialize
 ---------------------------------------------------------------------------------
 (2) _PIN_MANAGER_Initialize                               0     0      0     633
          _POWER_SetInterruptHandler
          _VOL_A_SetInterruptHandler
          _VOL_B_SetInterruptHandler
 ---------------------------------------------------------------------------------
 (2) _INTERRUPT_Initialize                                 0     0      0     121
            _INT_SetInterruptHandler
 ---------------------------------------------------------------------------------
 (3) _INT_SetInterruptHandler                              2     0      2     121
                                              4 COMMON     2     0      2
 ---------------------------------------------------------------------------------
 (2) _EUSART2_Initialize                                   0     0      0     304
_EUSART2_FramingErrorCallbackRegiste
_EUSART2_OverrunErrorCallbackRegiste
 ---------------------------------------------------------------------------------
 (3) _EUSART2_OverrunErrorCallbackRegister                 2     0      2     152
                                              4 COMMON     2     0      2
 ---------------------------------------------------------------------------------
 (3) _EUSART2_FramingErrorCallbackRegister                 2     0      2     152
                                              4 COMMON     2     0      2
 ---------------------------------------------------------------------------------
 (2) _EUSART1_Initialize                                   0     0      0     304
_EUSART1_FramingErrorCallbackRegiste
_EUSART1_OverrunErrorCallbackRegiste
 ---------------------------------------------------------------------------------
 (3) _EUSART1_OverrunErrorCallbackRegister                 2     0      2     152
                                              4 COMMON     2     0      2
 ---------------------------------------------------------------------------------
 (3) _EUSART1_FramingErrorCallbackRegister                 2     0      2     152
                                              4 COMMON     2     0      2
 ---------------------------------------------------------------------------------
 (2) _CLOCK_Initialize                                     0     0      0       0
 ---------------------------------------------------------------------------------
 (1) _RotaryEncoder_Tasks                                  5     5      0    5849
                                             43 BANK0      5     5      0
                                NULL *
              _DFPlayer_AdjustVolume
                            ___awdiv
            _on_power_button_pressed *
 ---------------------------------------------------------------------------------
 (2) _on_power_button_pressed                              0     0      0    2838
                      _DFPlayer_Stop
                             _memset
 ---------------------------------------------------------------------------------
 (3) _memset                                              10     6      4    1233
                                              4 COMMON     2     2      0
                                              0 BANK0      8     4      4
 ---------------------------------------------------------------------------------
 (2) ___awdiv                                              9     5      4     625
                                              4 COMMON     1     1      0
                                              0 BANK0      8     4      4
 ---------------------------------------------------------------------------------
 (2) _DFPlayer_AdjustVolume                                4     4      0    2225
                                             39 BANK0      4     4      0
                 _DFPlayer_SetVolume
 ---------------------------------------------------------------------------------
 (1) _RotaryEncoder_Init                                   4     2      2     754
                                              0 BANK0      4     2      2
          _POWER_SetInterruptHandler
          _VOL_A_SetInterruptHandler
          _VOL_B_SetInterruptHandler
 ---------------------------------------------------------------------------------
 (3) _VOL_B_SetInterruptHandler                            2     0      2     211
                                              4 COMMON     2     0      2
 ---------------------------------------------------------------------------------
 (3) _VOL_A_SetInterruptHandler                            2     0      2     211
                                              4 COMMON     2     0      2
 ---------------------------------------------------------------------------------
 (3) _POWER_SetInterruptHandler                            2     0      2     211
                                              4 COMMON     2     0      2
 ---------------------------------------------------------------------------------
 (1) _PN532_ReadPassiveTarget                             32    31      1    8754
                                             23 BANK0     32    31      1
                     _pn532_transact
 ---------------------------------------------------------------------------------
 (1) _PN532_ReadNdefText                                  12    11      1   13257
                                             49 BANK0      5     4      1
                                              0 BANK2      7     7      0
                    _ntag_read4pages
             _parse_ndef_text_record
 ---------------------------------------------------------------------------------
 (2) _parse_ndef_text_record                              27    24      3    2951
                                              9 BANK0     27    24      3
                             _memcpy
 ---------------------------------------------------------------------------------
 (2) _ntag_read4pages                                     26    25      1    9344
                                             23 BANK0     26    25      1
                             _memcpy
                     _pn532_transact
 ---------------------------------------------------------------------------------
 (1) _memcpy                                              10     6      4     871
                                              4 COMMON     1     1      0
                                              0 BANK0      9     5      4
 ---------------------------------------------------------------------------------
 (1) _PN532_Init                                          25    25      0    8374
                                             23 BANK0     25    25      0
                     _pn532_transact
 ---------------------------------------------------------------------------------
 (2) _pn532_transact                                      81    75      6    8034
                                             13 BANK0     10     4      6
                                              0 BANK1     71    71      0
                             _memcmp
             _pn532_send_and_capture
 ---------------------------------------------------------------------------------
 (3) _pn532_send_and_capture                              14     9      5    1049
                                              5 COMMON     1     1      0
                                              0 BANK0     13     8      5
                  _EUSART2_IsRxReady
                   _EUSART2_IsTxDone
                  _EUSART2_IsTxReady
                       _EUSART2_Read
                      _EUSART2_Write
 ---------------------------------------------------------------------------------
 (4) _EUSART2_Write                                        1     0      1     211
                                              4 COMMON     1     0      1
 ---------------------------------------------------------------------------------
 (4) _EUSART2_Read                                         0     0      0       0
                                NULL *
_EUSART1_DefaultFramingErrorCallback *
_EUSART1_DefaultOverrunErrorCallback *
_EUSART2_DefaultFramingErrorCallback *
_EUSART2_DefaultOverrunErrorCallback *
 ---------------------------------------------------------------------------------
 (4) _EUSART2_IsTxReady                                    1     1      0      37
                                              4 COMMON     1     1      0
 ---------------------------------------------------------------------------------
 (4) _EUSART2_IsTxDone                                     0     0      0       0
 ---------------------------------------------------------------------------------
 (4) _EUSART2_IsRxReady                                    0     0      0       0
 ---------------------------------------------------------------------------------
 (1) _memcmp                                              11     5      6     713
                                              4 COMMON     1     1      0
                                              0 BANK0     10     4      6
 ---------------------------------------------------------------------------------
 (1) _DFPlayer_PlayTrack                                   2     0      2    1726
                                             35 BANK0      2     0      2
               _DFPlayer_SendCommand
 ---------------------------------------------------------------------------------
 (1) _DFPlayer_Init                                        0     0      0    2092
                 _DFPlayer_SetVolume
 ---------------------------------------------------------------------------------
 (1) _DFPlayer_FadeOutAndStop                              3     3      0    3731
                                             39 BANK0      3     3      0
                 _DFPlayer_SetVolume
                      _DFPlayer_Stop
 ---------------------------------------------------------------------------------
 (3) _DFPlayer_Stop                                        0     0      0    1605
               _DFPlayer_SendCommand
 ---------------------------------------------------------------------------------
 (3) _DFPlayer_SetVolume                                   4     3      1    2092
                                             35 BANK0      4     3      1
               _DFPlayer_SendCommand
 ---------------------------------------------------------------------------------
 (4) _DFPlayer_SendCommand                                15    12      3    1605
                                             20 BANK0     15    12      3
                  _EUSART1_IsRxReady
                   _EUSART1_IsTxDone
                       _EUSART1_Read
                _dfplayer_uart_write
              _dfplayer_wait_for_ack
 ---------------------------------------------------------------------------------
 (5) _dfplayer_wait_for_ack                               20    16      4     461
                                              0 BANK0     20    16      4
                  _EUSART1_IsRxReady
                       _EUSART1_Read
        _dfplayer_uart_clear_overrun
 ---------------------------------------------------------------------------------
 (6) _dfplayer_uart_clear_overrun                          0     0      0       0
 ---------------------------------------------------------------------------------
 (6) _EUSART1_Read                                         0     0      0       0
                                NULL *
_EUSART1_DefaultFramingErrorCallback *
_EUSART1_DefaultOverrunErrorCallback *
_EUSART2_DefaultFramingErrorCallback *
_EUSART2_DefaultOverrunErrorCallback *
 ---------------------------------------------------------------------------------
 (7) _EUSART2_DefaultOverrunErrorCallback                  0     0      0       0
 ---------------------------------------------------------------------------------
 (7) _EUSART2_DefaultFramingErrorCallback                  0     0      0       0
 ---------------------------------------------------------------------------------
 (7) _EUSART1_DefaultOverrunErrorCallback                  0     0      0       0
 ---------------------------------------------------------------------------------
 (7) _EUSART1_DefaultFramingErrorCallback                  0     0      0       0
 ---------------------------------------------------------------------------------
 (11) NULL(Fake)                                           0     0      0       0
 ---------------------------------------------------------------------------------
 (6) _EUSART1_IsRxReady                                    1     1      0       0
                                              4 COMMON     1     1      0
 ---------------------------------------------------------------------------------
 (5) _dfplayer_uart_write                                  1     1      0     189
                                              5 COMMON     1     1      0
                  _EUSART1_IsTxReady
                      _EUSART1_Write
 ---------------------------------------------------------------------------------
 (6) _EUSART1_Write                                        1     0      1     121
                                              4 COMMON     1     0      1
 ---------------------------------------------------------------------------------
 (6) _EUSART1_IsTxReady                                    1     1      0      37
                                              4 COMMON     1     1      0
 ---------------------------------------------------------------------------------
 (5) _EUSART1_IsTxDone                                     0     0      0       0
 ---------------------------------------------------------------------------------
 Estimated maximum stack depth 11
 ---------------------------------------------------------------------------------
 (Depth) Function   	        Calls       Base Space   Used Autos Params    Refs
 ---------------------------------------------------------------------------------
 (8) _INTERRUPT_InterruptManager                           0     0      0     136
                    _PIN_MANAGER_IOC
 ---------------------------------------------------------------------------------
 (9) _PIN_MANAGER_IOC                                      0     0      0     136
                          _POWER_ISR
                          _VOL_A_ISR
                          _VOL_B_ISR
 ---------------------------------------------------------------------------------
 (10) _VOL_B_ISR                                           0     0      0      68
                                NULL *
      _VOL_B_DefaultInterruptHandler *
                        _encoder_isr *
 ---------------------------------------------------------------------------------
 (11) _VOL_B_DefaultInterruptHandler                       0     0      0       0
 ---------------------------------------------------------------------------------
 (10) _VOL_A_ISR                                           0     0      0      68
                                NULL *
      _VOL_A_DefaultInterruptHandler *
                        _encoder_isr *
 ---------------------------------------------------------------------------------
 (11) _encoder_isr                                         4     4      0      68
                                              0 COMMON     4     4      0
 ---------------------------------------------------------------------------------
 (11) _VOL_A_DefaultInterruptHandler                       0     0      0       0
 ---------------------------------------------------------------------------------
 (10) _POWER_ISR                                           0     0      0       0
                                NULL *
      _POWER_DefaultInterruptHandler *
                          _power_isr *
 ---------------------------------------------------------------------------------
 (11) _power_isr                                           0     0      0       0
 ---------------------------------------------------------------------------------
 (11) _POWER_DefaultInterruptHandler                       0     0      0       0
 ---------------------------------------------------------------------------------
 (11) NULL(Fake)                                           0     0      0       0
 ---------------------------------------------------------------------------------
 Estimated maximum stack depth 11
 ---------------------------------------------------------------------------------

 Call Graph Graphs:

 _main (ROOT)
   _DFPlayer_FadeOutAndStop
     _DFPlayer_SetVolume
       _DFPlayer_SendCommand
         _EUSART1_IsRxReady
         _EUSART1_IsTxDone
         _EUSART1_Read
           NULL(Fake) *
           _EUSART1_DefaultFramingErrorCallback *
           _EUSART1_DefaultOverrunErrorCallback *
           _EUSART2_DefaultFramingErrorCallback *
           _EUSART2_DefaultOverrunErrorCallback *
         _dfplayer_uart_write
           _EUSART1_IsTxReady
           _EUSART1_Write
         _dfplayer_wait_for_ack
           _EUSART1_IsRxReady
           _EUSART1_Read
           _dfplayer_uart_clear_overrun
     _DFPlayer_Stop
       _DFPlayer_SendCommand
   _DFPlayer_Init
     _DFPlayer_SetVolume
   _DFPlayer_PlayTrack
     _DFPlayer_SendCommand
   _PN532_Init
     _pn532_transact
       _memcmp
       _pn532_send_and_capture
         _EUSART2_IsRxReady
         _EUSART2_IsTxDone
         _EUSART2_IsTxReady
         _EUSART2_Read
           NULL(Fake) *
           _EUSART1_DefaultFramingErrorCallback *
           _EUSART1_DefaultOverrunErrorCallback *
           _EUSART2_DefaultFramingErrorCallback *
           _EUSART2_DefaultOverrunErrorCallback *
         _EUSART2_Write
   _PN532_ReadNdefText
     _ntag_read4pages
       _memcpy
       _pn532_transact
     _parse_ndef_text_record
       _memcpy
   _PN532_ReadPassiveTarget
     _pn532_transact
   _RotaryEncoder_Init
     _POWER_SetInterruptHandler
     _VOL_A_SetInterruptHandler
     _VOL_B_SetInterruptHandler
   _RotaryEncoder_Tasks
     NULL(Fake) *
     _DFPlayer_AdjustVolume *
       _DFPlayer_SetVolume
     ___awdiv *
     _on_power_button_pressed *
       _DFPlayer_Stop
       _memset
   _SYSTEM_Initialize
     _CLOCK_Initialize
     _EUSART1_Initialize
       _EUSART1_FramingErrorCallbackRegister
       _EUSART1_OverrunErrorCallbackRegister
     _EUSART2_Initialize
       _EUSART2_FramingErrorCallbackRegister
       _EUSART2_OverrunErrorCallbackRegister
     _INTERRUPT_Initialize
       _INT_SetInterruptHandler
     _PIN_MANAGER_Initialize
       _POWER_SetInterruptHandler
       _VOL_A_SetInterruptHandler
       _VOL_B_SetInterruptHandler
   _memcmp
   _memcpy
   _parse_track_number
     _atoi
       ___wmul
       _isdigit
       _isspace
     _strstr
       _strchr
       _strlen
       _strncmp

 _INTERRUPT_InterruptManager (ROOT)
   _PIN_MANAGER_IOC
     _POWER_ISR
       NULL(Fake) *
       _POWER_DefaultInterruptHandler *
       _power_isr *
     _VOL_A_ISR
       NULL(Fake) *
       _VOL_A_DefaultInterruptHandler *
       _encoder_isr *
     _VOL_B_ISR
       NULL(Fake) *
       _VOL_B_DefaultInterruptHandler *
       _encoder_isr *

 Address spaces:
Name               Size   Autos  Total    Cost      Usage
BIGRAM             7F0      0       0       0        0.0%
EEDATA             100      0       0       0        0.0%
NULL                 0      0       0       0        0.0%
CODE                 0      0       0       0        0.0%
BITCOMMON            E      0       0       1        0.0%
BITSFR0              0      0       0       1        0.0%
SFR0                 0      0       0       1        0.0%
COMMON               E      6       A       2       71.4%
BITSFR1              0      0       0       2        0.0%
SFR1                 0      0       0       2        0.0%
BITSFR2              0      0       0       3        0.0%
SFR2                 0      0       0       3        0.0%
STACK                0      0       0       3        0.0%
BITBANK0            50      0       0       4        0.0%
BITSFR3              0      0       0       4        0.0%
SFR3                 0      0       0       4        0.0%
BANK0               50     39      4E       5       97.5%
BITSFR4              0      0       0       5        0.0%
SFR4                 0      0       0       5        0.0%
BITSFR5              0      0       0       6        0.0%
SFR5                 0      0       0       6        0.0%
ABS                  0      0     12C       6        0.0%
BITBANK1            50      0       0       7        0.0%
BITSFR6              0      0       0       7        0.0%
SFR6                 0      0       0       7        0.0%
BANK1               50     47      50       8      100.0%
BITSFR7              0      0       0       8        0.0%
SFR7                 0      0       0       8        0.0%
BITBANK2            50      0       0       9        0.0%
BITSFR8              0      0       0       9        0.0%
SFR8                 0      0       0       9        0.0%
BANK2               50     35      44      10       85.0%
BITSFR9              0      0       0      10        0.0%
SFR9                 0      0       0      10        0.0%
BITBANK3            50      0       0      11        0.0%
BITSFR10             0      0       0      11        0.0%
SFR10                0      0       0      11        0.0%
BANK3               50      0      40      12       80.0%
BITSFR11             0      0       0      12        0.0%
SFR11                0      0       0      12        0.0%
BITBANK4            50      0       0      13        0.0%
BITSFR12             0      0       0      13        0.0%
SFR12                0      0       0      13        0.0%
BANK4               50      0       0      14        0.0%
BITSFR13             0      0       0      14        0.0%
SFR13                0      0       0      14        0.0%
BITBANK5            50      0       0      15        0.0%
BITSFR14             0      0       0      15        0.0%
SFR14                0      0       0      15        0.0%
BANK5               50      0       0      16        0.0%
BITSFR15             0      0       0      16        0.0%
SFR15                0      0       0      16        0.0%
BITBANK6            50      0       0      17        0.0%
BITSFR16             0      0       0      17        0.0%
SFR16                0      0       0      17        0.0%
BANK6               50      0       0      18        0.0%
BITSFR17             0      0       0      18        0.0%
SFR17                0      0       0      18        0.0%
BITBANK7            50      0       0      19        0.0%
BITSFR18             0      0       0      19        0.0%
SFR18                0      0       0      19        0.0%
BANK7               50      0       0      20        0.0%
BITSFR19             0      0       0      20        0.0%
SFR19                0      0       0      20        0.0%
BITBANK8            50      0       0      21        0.0%
BITSFR20             0      0       0      21        0.0%
SFR20                0      0       0      21        0.0%
BANK8               50      0       0      22        0.0%
BITSFR21             0      0       0      22        0.0%
SFR21                0      0       0      22        0.0%
BITBANK9            50      0       0      23        0.0%
BITSFR22             0      0       0      23        0.0%
SFR22                0      0       0      23        0.0%
BANK9               50      0       0      24        0.0%
BITSFR23             0      0       0      24        0.0%
SFR23                0      0       0      24        0.0%
BITBANK10           50      0       0      25        0.0%
BITSFR24             0      0       0      25        0.0%
SFR24                0      0       0      25        0.0%
BANK10              50      0       0      26        0.0%
BITSFR25             0      0       0      26        0.0%
SFR25                0      0       0      26        0.0%
BITBANK11           50      0       0      27        0.0%
BITSFR26             0      0       0      27        0.0%
SFR26                0      0       0      27        0.0%
BANK11              50      0       0      28        0.0%
BITSFR27             0      0       0      28        0.0%
SFR27                0      0       0      28        0.0%
BITBANK12           50      0       0      29        0.0%
BITSFR28             0      0       0      29        0.0%
SFR28                0      0       0      29        0.0%
BANK12              50      0       0      30        0.0%
BITSFR29             0      0       0      30        0.0%
SFR29                0      0       0      30        0.0%
BITBANK13           50      0       0      31        0.0%
BITSFR30             0      0       0      31        0.0%
SFR30                0      0       0      31        0.0%
BANK13              50      0       0      32        0.0%
BITSFR31             0      0       0      32        0.0%
SFR31                0      0       0      32        0.0%
BITBANK14           50      0       0      33        0.0%
BITSFR32             0      0       0      33        0.0%
SFR32                0      0       0      33        0.0%
BANK14              50      0       0      34        0.0%
BITSFR33             0      0       0      34        0.0%
SFR33                0      0       0      34        0.0%
BITBANK15           50      0       0      35        0.0%
BITSFR34             0      0       0      35        0.0%
SFR34                0      0       0      35        0.0%
BANK15              50      0       0      36        0.0%
BITSFR35             0      0       0      36        0.0%
SFR35                0      0       0      36        0.0%
BITBANK16           50      0       0      37        0.0%
BITSFR36             0      0       0      37        0.0%
SFR36                0      0       0      37        0.0%
BANK16              50      0       0      38        0.0%
BITSFR37             0      0       0      38        0.0%
SFR37                0      0       0      38        0.0%
BITBANK17           50      0       0      39        0.0%
BITSFR38             0      0       0      39        0.0%
SFR38                0      0       0      39        0.0%
BANK17              50      0       0      40        0.0%
BITSFR39             0      0       0      40        0.0%
SFR39                0      0       0      40        0.0%
BITBANK18           50      0       0      41        0.0%
BITSFR40             0      0       0      41        0.0%
SFR40                0      0       0      41        0.0%
BANK18              50      0       0      42        0.0%
BITSFR41             0      0       0      42        0.0%
SFR41                0      0       0      42        0.0%
BITBANK19           50      0       0      43        0.0%
BITSFR42             0      0       0      43        0.0%
SFR42                0      0       0      43        0.0%
BANK19              50      0       0      44        0.0%
BITSFR43             0      0       0      44        0.0%
SFR43                0      0       0      44        0.0%
BITBANK20           50      0       0      45        0.0%
BITSFR44             0      0       0      45        0.0%
SFR44                0      0       0      45        0.0%
BANK20              50      0       0      46        0.0%
BITSFR45             0      0       0      46        0.0%
SFR45                0      0       0      46        0.0%
BITBANK21           50      0       0      47        0.0%
BITSFR46             0      0       0      47        0.0%
SFR46                0      0       0      47        0.0%
BANK21              50      0       0      48        0.0%
BITSFR47             0      0       0      48        0.0%
SFR47                0      0       0      48        0.0%
BITBANK22           50      0       0      49        0.0%
BITSFR48             0      0       0      49        0.0%
SFR48                0      0       0      49        0.0%
BANK22              50      0       0      50        0.0%
BITSFR49             0      0       0      50        0.0%
SFR49                0      0       0      50        0.0%
BITBANK23           50      0       0      51        0.0%
BITSFR50             0      0       0      51        0.0%
SFR50                0      0       0      51        0.0%
BANK23              50      0       0      52        0.0%
BITSFR51             0      0       0      52        0.0%
SFR51                0      0       0      52        0.0%
BITBANK24           50      0       0      53        0.0%
BITSFR52             0      0       0      53        0.0%
SFR52                0      0       0      53        0.0%
BANK24              50      0       0      54        0.0%
BITSFR53             0      0       0      54        0.0%
SFR53                0      0       0      54        0.0%
BITBANK25           20      0       0      55        0.0%
BITSFR54             0      0       0      55        0.0%
SFR54                0      0       0      55        0.0%
BANK25              20      0       0      56        0.0%
BITSFR55             0      0       0      56        0.0%
SFR55                0      0       0      56        0.0%
BITSFR56             0      0       0      57        0.0%
SFR56                0      0       0      57        0.0%
DATA                 0      0     12C      57        0.0%
BITSFR57             0      0       0      58        0.0%
SFR57                0      0       0      58        0.0%
BITSFR58             0      0       0      59        0.0%
SFR58                0      0       0      59        0.0%
BITSFR59             0      0       0      60        0.0%
SFR59                0      0       0      60        0.0%
BITSFR60             0      0       0      61        0.0%
SFR60                0      0       0      61        0.0%
BITSFR61             0      0       0      62        0.0%
SFR61                0      0       0      62        0.0%
BITSFR62             0      0       0      63        0.0%
SFR62                0      0       0      63        0.0%
BITSFR63             0      0       0      64        0.0%
SFR63                0      0       0      64        0.0%


Microchip Technology PIC Macro Assembler V2.41 build 20230208172133 
Symbol Table                                                                                   Thu Aug 27 10:45:42 2026

                               _powerFallingEdgeSeen 006A                                  ?_parse_track_number 002F  
                                                 l38 0640                                                   l63 0291  
                                                 l72 01A2                                                   l59 06BE  
                                                 l97 0F86                                         ___awdiv@sign 0025  
                                ___wmul@multiplicand 0022                    __end_ofpn532_transact@expectedAck 1076  
                                                l131 03DF                                                  l124 0C8E  
                                                l109 0DD7                                                  l215 0978  
                                                l232 0935                                                  l153 0592  
                                                l405 092F                                                  l522 09F0  
                                                l179 0A1E                                                  l196 0962  
                                                l372 0F11                                                  l525 0905  
                                                l517 0948                                                  l541 0002  
                                                l535 0BA5                                                  l544 0911  
                                                l552 099C                                                  l385 0923  
                                                l473 0AF2                                                  l617 0AD5  
                                                l538 0909                                                  l810 0950  
                                                l395 0929                                                  l548 0990  
                                                l813 07A3                                                  l661 07FF  
                                                l806 09FF                                                  l830 0FAF  
                                                l760 0401                                                  l825 07CF  
                                                l913 0C4F                                                  l842 0958  
                                                l666 0A0E                                                  l682 0919  
                                                l922 0EA4                                                  l738 0B11  
                                                l851 07FA                                                  l747 0A84  
                                                l771 0459                                                  l763 0412  
                                                l860 096D                                                  l692 09A8  
                                                l772 045B                                                  l685 08F7  
                                                l837 0FFF                                                  l845 0A5B  
                                                l669 0915                                                  l846 0A6A  
                                                l918 0E99                                                  l679 0BCF  
                                                l767 0438                                                  l688 090D  
                                                l696 09B4                                                  l776 04B8  
                                                l857 0984                                                  l866 0B7B  
                           PN532_ReadPassiveTarget@i 0055         __end_of_EUSART2_FramingErrorCallbackRegister 09A9  
             ??_EUSART2_FramingErrorCallbackRegister 0076                ?_EUSART2_FramingErrorCallbackRegister 0074  
               _EUSART2_FramingErrorCallbackRegister 099D                                                  wreg 0009  
                               ??_parse_track_number 0076                                         _BAUD1CONbits 0612  
                                       _BAUD2CONbits 061C                                                 l1074 0B1D  
                                               l1227 0E37                                                 l1076 0B31  
                                               l1610 0D1E                                                 l1616 0A87  
                                               l1625 0AB9                                                 l5010 034E  
                                               l1618 0A9E                                                 l1555 074E  
                                               l5020 036F                                                 l5012 035B  
                                               l5004 0343                                                 l5100 0EDA  
                                               l1581 0CD2                                                 l1629 0D78  
                                               l5030 038D                                                 l5014 035D  
                                               l5006 0344                                                 l5110 0EE6  
                                               l5102 0EDC                                                 l1558 0A50  
                                               l1566 0B53                                                 l1591 062C  
                                               l5040 03AF                                                 l5032 0390  
                                               l5008 0349                                                 l5120 0EF0  
                                               l5112 0EE8                                                 l5104 0EDE  
                                               l4410 0BB6                                                 l4402 0BA6  
                                               l5042 03C0                                                 l5026 0384  
                                               l5130 0EF9                                                 l5122 0EF1  
                                               l5114 0EEA                                                 l5106 0EE1  
                                               l5210 074A                                                 l1587 0BF9  
                                               l4340 0942                                                 l4420 0BCD  
                                               l4412 0BBB                                                 l4404 0BA9  
                                               l4500 067B                                                 l5300 0F7D  
                                               l5044 03C7                                                 l5028 0387  
                                               l5220 0A7A                                                 l5060 0961  
                                               l5052 0959                                                 l5140 0AD6  
                                               l5132 0EFA                                                 l5124 0EF6  
                                               l5116 0EEE                                                 l5108 0EE3  
                                               l5204 0724                                                 l4350 09ED  
                                               l4414 0BC0                                                 l4406 0BAE  
                                               l4510 0694                                                 l4502 0686  
                                               l5302 0F83                                                 l5046 03D5  
                                               l5038 03A2                                                 l5310 0D7B  
                                               l5230 07E2                                                 l5222 0A7C  
                                               l5054 095D                                                 l5142 0AE1  
                                               l5150 0AC3                                                 l5134 0F01  
                                               l5126 0EF7                                                 l5118 0EEF  
                                               l5070 0EB1                                                 l5062 0EA5  
                                               l5206 0738                                                 l4352 09EF  
                                               l4344 09E2                                                 l4432 09F2  
                                               l4336 090E                                                 l4360 0B84  
                                               l4440 0752                                                 l4424 07FB  
                                               l4416 0BC2                                                 l4408 0BB0  
                                               l4512 069A                                                 l4504 068B  
                                               l4520 06B6                                                 l4600 00D4  
                                               l5048 03DE                                                 l5320 0D9B  
                                               l5312 0D7F                                                 l5232 07EF  
                                               l5224 07D2                                                 l5240 0DDE  
                                               l5056 095F                                                 l5144 0AE8  
                                               l5152 0AC4                                                 l5160 0971  
                                               l5136 0F08                                                 l5128 0EF8  
                                               l5080 0EBC                                                 l5072 0EB3  
                                               l5064 0EAB                                                 l5208 073E  
                                               l4346 09E3                                                 l4434 09F2  
                                               l4338 090A                                                 l4370 0B98  
                                               l4362 0B86                                                 l4450 0770  
                                               l4442 0755                                                 l4530 0CA5  
                                               l4418 0BC8                                                 l4522 06BD  
                                               l4506 068D                                                 l4610 00F5  
                                               l4602 00E1                                                 l5306 0F85  
                                               l5402 0570                                                 l5330 0DA8  
                                               l5314 0D93                                                 l5234 07F4  
                                               l5226 07DB                                                 l5250 0DF2  
                                               l5242 0DE3                                                 l5218 0A6B  
                                               l5058 0960                                                 l5146 0AEF  
                                               l5154 0ACB                                                 l5138 0F0F  
                                               l5090 0ED0                                                 l5082 0EBE  
                                               l5074 0EB5                                                 l5066 0EAD  
                                               l5162 0CD5                                                 l4428 0902  
                                               l4348 09E8                                                 l4436 09FA  
                                               l4372 0B9E                                                 l4364 0B8C  
                                               l4356 0B7C                                                 l4380 0949  
                                               l4460 07B7                                                 l4452 0780  
                                               l4444 075D                                                 l4532 0CAB  
                                               l4516 06A8                                                 l4508 0690  
                                               l4700 0211                                                 l4620 0113  
                                               l4612 00FB                                                 l4604 00E7  
                                               l5404 0573                                                 l5340 0DB8  
                                               l5332 0DAE                                                 l5228 07E0  
                                               l5260 0E06                                                 l5252 0DF4  
                                               l5244 0DE5                                                 l5236 0DD8  
                                               l5156 0AD2                                                 l5148 0ABA  
                                               l5092 0ED2                                                 l5084 0ECA  
                                               l5076 0EB8                                                 l5068 0EAF  
                                               l5172 0CFD                                                 l5164 0CDB  
                                               l5420 0B04                                                 l4374 0BA3  
                                               l4366 0B91                                                 l4358 0B7F  
                                               l4382 094E                                                 l4470 07C6  
                                               l4454 078A                                                 l4446 0766  
                                               l4438 074F                                                 l4550 0FAC  
                                               l4542 0F89                                                 l4534 0CBB  
                                               l4526 0C8F                                                 l4390 0A0B  
                                               l4710 0230                                                 l4630 0138  
                                               l4622 0118                                                 l4614 0101  
                                               l4606 00E9                                                 l5406 0579  
                                               l5342 0DC6                                                 l5326 0DA1  
                                               l5318 0D95                                                 l5430 0C25  
                                               l5270 0E23                                                 l5262 0E0A  
                                               l5254 0DFA                                                 l5246 0DE9  
                                               l5238 0DDA                                                 l5158 096E  
                                               l5094 0ED4                                                 l5086 0ECC  
                                               l5078 0EBA                                                 l5414 0A0F  
                                               l5190 06D4                                                 l5182 06C1  
                                               l5166 0CE8                                                 l5174 0D0F  
                                               l5510 03E0                                                 l4368 0B96  
                                               l4472 07CC                                                 l4464 07B9  
                                               l4456 07A9                                                 l4448 076C  
                                               l4560 0FF4                                                 l4552 0FB7  
                                               l4544 0F8B                                                 l4536 0CC1  
                                               l4528 0C99                                                 l4392 0A0D  
                                               l4384 0A00                                                 l4480 0635  
                                               l4712 0236                                                 l4632 013E  
                                               l4624 0123                                                 l4616 0104  
                                               l4608 00EF                                                 l5280 0F12  
                                               l5408 0580                                                 l5360 0501  
                                               l5352 04ED                                                 l5344 0DCA  
                                               l5328 0DA3                                                 l5440 0C3A  
                                               l5432 0C2A                                                 l5264 0E19  
                                               l5256 0DFD                                                 l5272 0E29  
                                               l5248 0DEE                                                 l5096 0ED6  
                                               l5088 0ECE                                                 l5192 06E9  
                                               l5184 06C6                                                 l5176 0D14  
                                               l5168 0CFB                                                 l5424 0B07  
                                               l5416 0AF5                                                 l5520 03E8  
                                               l5512 03E3                                                 l4378 0906  
                                               l4474 07CE                                                 l4466 07BA  
                                               l4458 07B1                                                 l4554 0FE5  
                                               l4546 0F8D                                                 l4538 0CC4  
                                               l4386 0A01                                                 l4490 0653  
                                               l4482 063A                                                 l4730 0257  
                                               l4722 024A                                                 l4714 023C  
                                               l4706 021D                                                 l4650 017D  
                                               l4642 0161                                                 l4634 0149  
                                               l4618 0106                                                 l4626 0129  
                                               l4570 0068                                                 l5290 0F4E  
                                               l5282 0F27                                                 l5370 0517  
                                               l5354 04EE                                                 l5346 0DD0  
                                               l5338 0DB6                                                 l5442 0C41  
                                               l5434 0C2C                                                 l5274 0E2E  
                                               l5266 0E1D                                                 l5258 0E02  
                                               l4810 05D9                                                 l4802 05B8  
                                               l5450 0E3F                                                 l5098 0ED8  
                                               l5194 06ED                                                 l5178 0D1D  
                                               l5418 0AFF                                                 l5530 0410  
                                               l5522 03F4                                                 l5514 03E4  
                                               l4468 07C0                                                 l4556 0FED  
                                               l4548 0F8F                                                 l5428 0951  
                                               l4388 0A06                                                 l4396 0916  
                                               l4492 065F                                                 l4484 063D  
                                               l4740 027E                                                 l4732 025A  
                                               l4724 024D                                                 l4716 023F  
                                               l4708 0220                                                 l4660 01AE  
                                               l4652 0187                                                 l4636 015A  
                                               l4628 0131                                                 l4580 007E  
                                               l4572 006A                                                 l4564 005F  
                                               l5292 0F62                                                 l5284 0F3C  
                                               l5372 051E                                                 l5364 0503  
                                               l5356 04F0                                                 l5348 0DD6  
                                               l5444 0C48                                                 l5436 0C2D  
                                               l5276 0E33                                                 l5268 0E1E  
                                               l4820 05FE                                                 l4804 05BE  
                                               l5460 0E68                                                 l5452 0E4D  
                                               l5196 06F2                                                 l5188 06CA  
                                               l4900 0D5A                                                 l5540 043D  
                                               l5532 041F                                                 l5524 03F9  
                                               l5516 03E5                                                 l4398 0912  
                                               l4494 0664                                                 l4486 0648  
                                               l4478 062F                                                 l4742 0283  
                                               l4734 0261                                                 l4654 0191  
                                               l4582 008A                                                 l4590 00AB  
                                               l4574 006F                                                 l4566 0066  
                                               l4750 0BD2                                                 l5390 0540  
                                               l5382 0532                                                 l5366 050B  
                                               l5358 04F2                                                 l5438 0C2E  
                                               l4830 0622                                                 l4822 060F  
                                               l4814 05E3                                                 l4806 05C5  
                                               l5470 0E7A                                                 l5462 0E6E  
                                               l5454 0E5C                                                 l5446 0E38  
                                               l5198 0706                                                 l4902 0D6A  
                                               l5550 0464                                                 l5542 0445  
                                               l5534 0425                                                 l5526 03FE  
                                               l5518 03E7                                                 l4496 066A  
                                               l4488 064B                                                 l4744 0289  
                                               l4736 0264                                                 l4680 01DA  
                                               l4672 01C5                                                 l4648 0179  
                                               l4592 00B1                                                 l4584 008F  
                                               l4576 0075                                                 l5296 0F64  
                                               l5288 0F3E                                                 l4752 0BD9  
                                               l4760 0BED                                                 l4920 0C58  
                                               l5392 0543                                                 l5384 053A  
                                               l5368 0512                                                 l4832 0626  
                                               l4824 0613                                                 l4816 05F4  
                                               l4808 05CF                                                 l5472 0E86  
                                               l5464 0E70                                                 l5480 0E99  
                                               l5456 0E5E                                                 l5448 0E3A  
                                               l4840 0B12                                                 l4912 0A93  
                                               l5560 049C                                                 l5552 0480  
                                               l5544 0448                                                 l5536 042B  
                                               l5528 0403                                                 l4834 0A53  
                                               l5490 0B58                                                 l4498 0673  
                                               l4746 0290                                                 l4738 0267  
                                               l4674 01D3                                                 l4666 01BC  
                                               l4658 019C                                                 l4594 00BC  
                                               l4586 009A                                                 l4578 0078  
                                               l5298 0F77                                                 l4754 0BDF  
                                               l4930 0C7B                                                 l4922 0C5E  
                                               l5378 0525                                                 l4826 0618  
                                               l5482 0E9F                                                 l5474 0E8B  
                                               l5466 0E72                                                 l5458 0E64  
                                               l4770 0985                                                 l4762 0930  
                                               l4850 0B2D                                                 l4842 0B14  
                                               l4914 0A9D                                                 l4906 0A87  
                                               l5570 04D4                                                 l5562 04A8  
                                               l5554 0482                                                 l5546 044D  
                                               l5538 043A                                                 l4836 0A59  
                                               l5492 0B5E                                                 l4692 0202  
                                               l4596 00C2                                                 l4588 00A0  
                                               l4756 0BE3                                                 l4924 0C72  
                                               l5396 0559                                                 l4764 091E  
                                               l4828 061E                                                 l5484 0EA3  
                                               l5476 0E8D                                                 l5468 0E74  
                                               l4772 098B                                                 l4780 09A3  
                                               l4844 0B19                                                 l4860 0B4B  
                                               l4908 0A91                                                 l5572 04D7  
                                               l5564 04AE                                                 l5556 048B  
                                               l5548 045E                                                 l4838 0A5D  
                                               l5494 0B6B                                                 l5486 0979  
                                               l4694 0206                                                 l4686 01E1  
                                               l4598 00CE                                                 l4758 0BE9  
                                               l4918 0C52                                                 l4950 02A2  
                                               l4942 0294                                                 l5398 0560  
                                               l4766 0924                                                 l4790 0597  
                                               l5478 0E93                                                 l4774 0991  
                                               l4782 09A9                                                 l4846 0B22  
                                               l4862 0B4C                                                 l4854 0B32  
                                               l4870 0A9F                                                 l5574 04D9  
                                               l5566 04CA                                                 l5558 0490  
                                               l5496 0B71                                                 l5488 0B54  
                                               l4936 0C81                                                 l4928 0C74  
                                               l4960 02BC                                                 l4952 02A5  
                                               l4944 029A                                                 l4768 092A  
                                               l4776 0997                                                 l4784 09AF  
                                               l4848 0B27                                                 l4856 0B35  
                                               l4872 0AA5                                                 l4880 0D21  
                                               l5576 04DB                                                 l5568 04CE  
                                               l4786 0963                                                 l4938 0C8D  
                                               l4970 02CC                                                 l4962 02C0  
                                               l4954 02AC                                                 l4794 059E  
                                               l4778 099D                                                 l4866 0A38  
                                               l4858 0B3C                                                 l4874 0AA9  
                                               l4890 0D3A                                                 l4882 0D27  
                                               l4972 02DA                                                 l4964 02C5  
                                               l4956 02B3                                                 l4948 029C  
                                               l4796 05A4                                                 l4788 0595  
                                               l4876 0AB2                                                 l4892 0D3E  
                                               l4884 0D33                                                 l4974 02DF  
                                               l4958 02B5                                                 l4798 05AE  
                                               l5598 06FE                                                 l4894 0D42  
                                               l4976 02F3                                                 l4984 0316  
                                               l4896 0D4B                                                 l4888 0D36  
                                               l4994 0323                                                 l4986 0317  
                                               l4978 0312                                                 l4898 0D54  
                                               l4996 032C                                                 l4988 031C  
                                               l4998 0330                                                 STR_1 1076  
                                               _LATA 0018                                                 _LATB 0019  
                                               _LATC 001A                                                 u4000 07C6  
                                               _LATD 001B                                                 u4001 07C5  
                                               _LATE 001C                                                 u4010 07CC  
                                               u4011 07CB                                                 u4100 06B5  
                                               u4020 063A                                                 u4101 06B4  
                                               u4021 0639                                                 u4110 06BD  
                                               u4030 0648                                                 u4111 06BC  
                                               u4031 0647                                                 u4120 0CAB  
                                               u4040 0653                                                 u4200 0131  
                                               u5000 07E0                                                 u4121 0CAA  
                                               u4041 0652                                                 u4201 0130  
                                               u5001 07DF                                                 u4130 0CBB  
                                               u4050 066A                                                 u4210 0160  
                                               u5010 07EF                                                 u4131 0CBA  
                                               u4051 0669                                                 u4211 015F  
                                               u5011 07EE                                                 u4140 0CC1  
                                               u4060 0672                                                 u4300 01E0  
                                               u4220 0178                                                 u5100 0E29  
                                               u5020 0DDE                                                 u4141 0CC0  
                                               u4061 0671                                                 u4301 01DF  
                                               u4221 0177                                                 u5101 0E28  
                                               u5021 0DDD                                                 u4150 0FB7  
                                               u4070 067B                                                 u4310 0201  
                                               u4230 0187                                                 u5110 0E2E  
                                               u5030 0DE9                                                 u4151 0FB6  
                                               u4071 067A                                                 u4311 0200  
                                               u4231 0186                                                 u5015 07EB  
                                               u5111 0E2D                                                 u5031 0DE8  
                                               u4160 0FED                                                 u4080 069A  
                                               u4320 0210                                                 u4240 0191  
                                               u5120 0F3C                                                 u5200 0DA8  
                                               u5040 0DFA                                                 u4400 098B  
                                               u4161 0FEC                                                 u4081 0699  
                                               u4321 020F                                                 u4241 0190  
                                               u5121 0F3B                                                 u5201 0DA7  
                                               u5041 0DF9                                                 u4401 098A  
                                               u4170 0FF3                                                 u4090 06A7  
                                               u4330 021C                                                 u4250 019B  
                                               u5130 0F62                                                 u5210 0DAE  
                                               u4410 0997                                                 u4171 0FF2  
                                               u4091 06A6                                                 u4331 021B  
                                               u4315 01FD                                                 u4251 019A  
                                               u5131 0F61                                                 u5211 0DAD  
                                               u4411 0996                                                 u4340 023C  
                                               u4260 01AE                                                 u4180 0066  
                                               u5140 0F77                                                 u5300 0560  
                                               u5220 0DB5                                                 u5060 0E0A  
                                               u4420 09A3                                                 u4500 0B19  
                                               u4341 023B                                                 u4261 01AD  
                                               u4181 0065                                                 u5141 0F76  
                                               u5301 055F                                                 u5221 0DB4  
                                               u5061 0E09                                                 u4421 09A2  
                                               u4501 0B18                                                 u4350 0249  
                                               u4270 01BB                                                 u4190 0075  
                                               u5150 0F7D                                                 u5310 0579  
                                               u5230 0DD0                                                 u4430 09AF  
                                               u4351 0248                                                 u4271 01BA  
                                               u4191 0074                                                 u5151 0F7C  
                                               u5311 0578                                                 u5231 0DCF  
                                               u5055 0DFE                                                 u4431 09AE  
                                               u3800 09E8                                                 u4360 0256  
                                               u4280 01C4                                                 u5160 0F83  
                                               u5320 0580                                                 u5240 0501  
                                               u5080 0E19                                                 u4440 059D  
                                               u5400 0E9F                                                 u4600 0D4B  
                                               u3801 09E7                                                 u4361 0255  
                                               u4281 01C3                                                 u5161 0F82  
                                               u5321 057F                                                 u5241 0500  
                                               u5081 0E18                                                 u4441 059C  
                                               u5401 0E9E                                                 u4601 0D4A  
                                               u3810 09ED                                                 u4370 0261  
                                               u4290 01D9                                                 u5330 0591  
                                               u5250 0517                                                 u5170 0D93  
                                               u4450 05B7                                                 u5410 0EA3  
                                               u4530 0B2D                                                 u4610 0D54  
                                               u3811 09EC                                                 u4371 0260  
                                               u4291 01D8                                                 u5331 0590  
                                               u5251 0516                                                 u5171 0D92  
                                               u5075 0E0B                                                 u4451 05B6  
                                               u5411 0EA2                                                 u4531 0B2C  
                                               u4515 0B1E                                                 u4611 0D53  
                                               u3820 0B84                                                 u5420 0B71  
                                               u3900 0BB6                                                 u4380 0289  
                                               u4700 02AA                                                 u5260 0524  
                                               u5180 0D9B                                                 u4460 05E2  
                                               u4540 0B3C                                                 u4620 0D5A  
                                               u5340 0B04                                                 u5500 0464  
                                               u3821 0B83                                                 u5421 0B70  
                                               u3901 0BB5                                                 u4381 0288  
                                               u4701 02A8                                                 u5261 0523  
                                               u5181 0D9A                                                 u5085 0E15  
                                               u4461 05E1                                                 u4525 0B23  
                                               u4541 0B3B                                                 u4621 0D59  
                                               u5341 0B03                                                 u5501 0463  
                                               u3830 0B8C                                                 u3910 0BC0  
                                               u4390 0BF9                                                 u4710 02AB  
                                               u5270 0531                                                 u5190 0DA0  
                                               u4470 05FD                                                 u5350 0E64  
                                               u4550 0B4B                                                 u4630 0D6A  
                                               u5510 0480                                                 u3831 0B8B  
                                               u3911 0BBF                                                 u4391 0BF8  
                                               u5271 0530                                                 u5191 0D9F  
                                               u5095 0E1F                                                 u4471 05FC  
                                               u5351 0E63                                                 u4551 0B4A  
                                               u4631 0D69                                                 u5511 047F  
                                               u3840 0B96                                                 u3920 0BC8  
                                               u4800 0349                                                 u4720 02B1  
                                               u5280 053F                                                 u4480 062C  
                                               u5360 0E6E                                                 u4560 0A49  
                                               u4640 0A91                                                 u5520 0489  
                                               u3841 0B95                                                 u3921 0BC7  
                                               u4801 0348                                                 u4721 02AF  
                                               u5281 053E                                                 u4481 062B  
                                               u5361 0E6D                                                 u4561 0A47  
                                               u4641 0A90                                                 u5521 0487  
                                               u3930 09FA                                                 u3850 0B9E  
                                               u4490 0A59                                                 u4810 034E  
                                               u4730 02B2                                                 u5290 0558  
                                               u5370 0E7A                                                 u4570 0A4A  
                                               u4650 0A9D                                                 u5530 048A  
                                               u3931 09F9                                                 u3851 0B9D  
                                               u4491 0A58                                                 u4811 034D  
                                               u5291 0557                                                 u5371 0E79  
                                               u4651 0A9C                                                 u3860 094E  
                                               u3940 075D                                                 u4660 0C72  
                                               u4820 035B                                                 u4740 02C5  
                                               u5380 0E8B                                                 u4580 0AB2  
                                               u4900 0CFB                                                 u5540 0490  
                                               u5460 03FE                                                 u3861 094D  
                                               u3941 075C                                                 u4661 0C71  
                                               u4821 035A                                                 u4741 02C4  
                                               u5381 0E8A                                                 u4581 0AB1  
                                               u4901 0CFA                                                 u5541 048F  
                                               u5461 03FD                                                 u3950 0780  
                                               u3870 0A06                                                 u4670 0C7B  
                                               u4830 0363                                                 u4750 02CB  
                                               u5390 0E93                                                 u4590 0D33  
                                               u4910 0D14                                                 u5550 049C  
                                               u5470 042B                                                 u3951 077F  
                                               u3871 0A05                                                 u4671 0C7A  
                                               u4831 0361                                                 u4751 02CA  
                                               u5295 0554                                                 u5391 0E92  
                                               u4591 0D32                                                 u4911 0D13  
                                               u5551 049B                                                 u5471 042A  
                                               u5607 0418                                                 u3960 07A9  
                                               u3880 0A0B                                                 u4680 0C80  
                                               u4840 0364                                                 u4760 02F3  
                                               u4920 0D1D                                                 u5560 04AE  
                                               u5480 044D                                                 u3961 07A8  
                                               u3881 0A0A                                                 u4681 0C7F  
                                               u4761 02F2                                                 u4921 0D1C  
                                               u5561 04AD                                                 u5481 044C  
                                               u5617 0431                                                 u3970 07B1  
                                               u3890 0BAE                                                 u4850 036E  
                                               u4770 031C                                                 u4690 029A  
                                               u4930 06D4                                                 u5570 04D4  
                                               u5490 0459                                                 u3971 07B0  
                                               u3891 0BAD                                                 u4851 036D  
                                               u4771 031B                                                 u4691 0299  
                                               u4931 06D3                                                 u5627 04E1  
                                               u5571 04D3                                                 u5491 0458  
                                               u3980 07B7                                                 u4860 0383  
                                               u4780 0322                                                 u4940 06E8  
                                               u3981 07B6                                                 u4861 0382  
                                               u4781 0321                                                 u4765 02EF  
                                               u5637 0E80                                                 u4941 06E7  
                                               u3990 07C0                                                 u4870 03A1  
                                               u4790 0342                                                 u4950 0738  
                                               u3991 07BF                                                 u5647 0F16  
                                               u4871 03A0                                                 u4791 0341  
                                               u4951 0737                                                 u4880 03C0  
                                               u4960 073E                                                 u5657 0691  
                                               u4881 03BF                                                 u4865 037F  
                                               u4961 073D                                                 u4970 0A82  
                                               u4890 0CDB                                                 u5667 0B64  
                                               u4875 039D                                                 u4795 033E  
                                               u4971 0A80                                                 u4891 0CDA  
                                               u5587 03EE                                                 u4980 0A83  
                                               u5677 076D                                                 u4885 03BC  
                                               u5597 0409                                                 u4994 07DB  
                        parse_ndef_text_record@idLen 0038                                                 _WPUA 1E8D  
                                               _WPUB 1E97                                                 _WPUC 1EA1  
                                               _WPUD 1EAB                                                 _WPUE 1EB5  
                        parse_ndef_text_record@hasId 0035                                        _EUSART1_Write 0906  
                                      _EUSART2_Write 0916                      pn532_send_and_capture@packetLen 0020  
                                               _atoi 06BF                                                 _isOn 0079  
                                               _main 03E0                                       ?_DFPlayer_Init 0070  
                                      ?_EUSART1_Read 0070                                        ?_EUSART2_Read 0070  
                                               fsr0h 0005                                                 fsr1h 0007  
                                               indf0 0000                                                 fsr0l 0004  
                                               indf1 0001                                                 fsr1l 0006  
                                     ?_DFPlayer_Stop 0070                                                 btemp 007E  
                        _INT_DefaultInterruptHandler 0000                           __end_of_PN532_ReadNdefText 0593  
                                               start 0014                      __end_of_INT_SetInterruptHandler 0936  
                   pn532_send_and_capture@bufferSize 0022                             DFPlayer_SetVolume@volume 0046  
                                       main@isNewTag 014E                                        encoder_isr@ab 0073  
                                              ?_atoi 0024                                                ?_main 0070  
                                    __end_of___awdiv 0E38                                      ___awdiv@divisor 0020  
                                              _IOCAF 1E93                                                _IOCBF 1E9D  
                                              _IOCCF 1EA7                                                _IOCAN 1E92  
                                              _IOCEF 1EBB                                                _IOCAP 1E91  
                                              _IOCBN 1E9C                                                _IOCBP 1E9B  
                                              _IOCCN 1EA6                                                _IOCCP 1EA5  
                                              _IOCEN 1EBA                                                _IOCEP 1EB9  
                                              i1l222 0012                                                i1l402 09E1  
                                              i1l408 08F5                                                i1l382 09C3  
                                              i1l392 09D2                                                i1l378 0A37  
                                              i1l388 08F4                                                i1l901 0C24  
                                              i1l398 08F6                                                i1l904 0901  
                                    ___awdiv@counter 0024                                                _OSCEN 0211  
                                              _UART1 1030                                                _UART2 1000  
                                              _TRISA 0012                                                _TRISB 0013  
                                              _TRISC 0014                                                _TRISD 0015  
                                              _TRISE 0016         __end_of_EUSART1_FramingErrorCallbackRegister 0991  
             ??_EUSART1_FramingErrorCallbackRegister 0076                ?_EUSART1_FramingErrorCallbackRegister 0074  
               _EUSART1_FramingErrorCallbackRegister 0985                              __end_of_PIN_MANAGER_IOC 0A38  
                                    __end_of_isdigit 0A51                                                atoi@n 002A  
                                              atoi@s 002C                                _DFPlayer_AdjustVolume 07D0  
                                              main@i 014F                                      __end_of_isspace 0B54  
                                     ?_EUSART1_Write 0074                                       ?_EUSART2_Write 0074  
                                              pclath 000A                    parse_ndef_text_record@shortRecord 0034  
                  pn532_send_and_capture@idleCounter 0029                                       ??_EUSART1_Read 0074  
                                     ??_EUSART2_Read 0074                                _EUSART1_AutoBaudQuery 0000  
                                              status 0003                                                wtemp0 007E  
                                    __end_of_strncmp 0D79                __end_of_POWER_DefaultInterruptHandler 08F5  
                      _POWER_DefaultInterruptHandler 08F4                           ?_POWER_SetInterruptHandler 0074  
                                    __initialization 0016                  __end_of_dfplayer_uart_clear_overrun 0951  
                        _dfplayer_uart_clear_overrun 0949                                         __end_of_atoi 074F  
                         __end_of_EUSART1_Initialize 0AF3                                         __end_of_main 04EB  
                        ?_INTERRUPT_InterruptManager 0070                              _DFPlayer_FadeOutAndStop 0B54  
                                             ??_atoi 0026                                               ??_main 0057  
                      ??_dfplayer_uart_clear_overrun 0074                             pn532_transact@withWakeup 002F  
       __end_of_EUSART2_OverrunErrorCallbackRegister 09B5               ??_EUSART2_OverrunErrorCallbackRegister 0076  
              ?_EUSART2_OverrunErrorCallbackRegister 0074                 _EUSART2_OverrunErrorCallbackRegister 09A9  
                        DFPlayer_SendCommand@command 003D                                    pn532_transact@cmd 00DD  
                                  pn532_transact@len 00E4                                    pn532_transact@lcs 00D7  
                                  pn532_transact@out 0030  EUSART2_OverrunErrorCallbackRegister@callbackHandler 0074  
EUSART2_FramingErrorCallbackRegister@callbackHandler 0074  EUSART1_OverrunErrorCallbackRegister@callbackHandler 0074  
EUSART1_FramingErrorCallbackRegister@callbackHandler 0074                                    pn532_transact@sum 00E1  
                    dfplayer_wait_for_ack@timeout_us 0020                                    ??_ntag_read4pages 0076  
                         __end_of_EUSART2_Initialize 0AD6                              ?_pn532_send_and_capture 0020  
                                             _ACTCON 0214                                     ___awdiv@dividend 0022  
                              _EUSART1_IsTxReady$893 0074                                               _ANSELA 1E8C  
                                             _ANSELB 1E96                                               _ANSELC 1EA0  
                                             _ANSELD 1EAA                                               _ANSELE 1EB4  
                         ?_VOL_A_SetInterruptHandler 0074                                               _RC1REG 060C  
                                             _RC2REG 0616                                               _RB3PPS 1D97  
                                             _RC1STA 0610                                               _RB4PPS 1D98  
                                    ??_DFPlayer_Init 0076                                               _RC2STA 061A  
                                             _RD1PPS 1DA5                          pn532_send_and_capture@count 002C  
                                             _ODCONA 1E8E                                               _ODCONB 1E98  
                                             _ODCONC 1EA2                                               _ODCOND 1EAC  
                                             _ODCONE 1EB6                                               i1l4130 0A24  
                                             i1l4132 0A27                                               i1l4134 0A2C  
                                             i1l4136 0A2F                                               i1l4128 0A1F  
                                             i1l3530 0C22                                               i1l4138 0A34  
                                             i1l4234 0006                                               i1l3532 08FE  
                                             i1l4236 000B                                               i1l3526 0BFA  
                                             i1l4238 000F                                               i1l3528 0C10  
                                             i1l3860 09C1                                               i1l3862 09C4  
                                             i1l3870 09DA                                               i1l3856 09B5  
                                             i1l3864 09CB                                               i1l3872 09DF  
                                             i1l3858 09BC                                               i1l3866 09D0  
                                             i1l3868 09D3                                               u302_20 09BC  
                                             u302_21 09BB                                               u303_20 09CB  
                                             u303_21 09CA                                               u304_20 09DA  
                                             u304_21 09D9                                               _INLVLA 1E90  
                                             _INLVLB 1E9A                                               _INLVLC 1EA4  
                                             _INLVLD 1EAE                                               _INLVLE 1EB8  
                      __end_of_dfplayer_wait_for_ack 07D0                             ??_parse_ndef_text_record 002C  
                                    ??_DFPlayer_Stop 0076                                               u350_20 0A24  
                                             u350_21 0A23                                               u262_25 0C09  
                                             u351_20 0A2C                                               u351_21 0A2B  
                                             u352_20 0A34                                               u352_21 0A33  
                                             u365_20 000B                                               u365_21 000A  
                                             u366_20 000F                                               u366_21 000E  
                                             _OSCFRQ 0213                                               _RX1PPS 1E41  
           pn532_send_and_capture@firstByteTimeoutMs 0023                                               _RX2PPS 1E43  
                                             _TX1REG 060D                                               _TX2REG 0617  
                                             _TX1STA 0611                                               _TX2STA 061B  
                                  __end_of_POWER_ISR 09C4                    __end_of_POWER_SetInterruptHandler 0924  
                                             ___wmul 0B12                                            ??___awdiv 0074  
                                             _memcmp 0C8F                                               _memcpy 0BD0  
                                             _memset 0593                                     ___awdiv@quotient 0026  
                        _EUSART2_FramingErrorHandler 005D                                   ntag_read4pages@rsp 0038  
                                  ?_CLOCK_Initialize 0070                                               _strchr 0A85  
                       PN532_ReadNdefText@valueStart 0122                                               _strlen 0A9F  
                   parse_ndef_text_record@payloadLen 003E                                               _strstr 0CD3  
                                       __pdataCOMMON 0079                                    __end_of_VOL_A_ISR 09D3  
                                          ??_isdigit 0020                                    __end_of_VOL_B_ISR 09E2  
                            pn532_send_and_capture@i 002B                                   ??_CLOCK_Initialize 0074  
                                _powerButtonCallback 0059                                            ??_isspace 0020  
                     __end_of_pn532_send_and_capture 06BF         __end_of_EUSART1_OverrunErrorCallbackRegister 099D  
             ??_EUSART1_OverrunErrorCallbackRegister 0076                ?_EUSART1_OverrunErrorCallbackRegister 0074  
               _EUSART1_OverrunErrorCallbackRegister 0991                             ?_PN532_ReadPassiveTarget 0037  
                             ?_DFPlayer_AdjustVolume 0070                                      ??_EUSART1_Write 0075  
                             pn532_transact@dcsIndex 00DA                                      ??_EUSART2_Write 0075  
          VOL_B_SetInterruptHandler@InterruptHandler 0074            VOL_A_SetInterruptHandler@InterruptHandler 0074  
          POWER_SetInterruptHandler@InterruptHandler 0074              INT_SetInterruptHandler@InterruptHandler 0074  
             pn532_send_and_capture@firstByteCounter 0026                                     ?_PIN_MANAGER_IOC 0070  
                                          ??_strncmp 0074                    __end_of_VOL_A_SetInterruptHandler 092A  
                                  _SYSTEM_Initialize 0A0F                              __end_of__initialization 0059  
                                       ??_PN532_Init 0037                                   ?_SYSTEM_Initialize 0070  
                                      __end_of_UART1 1060                                        __end_of_UART2 1030  
                             pn532_transact@paramLen 002E                                       __pcstackCOMMON 0070  
                          ??_DFPlayer_FadeOutAndStop 0047                                         __pidataBANK0 08FB  
                                       __pidataBANK1 08F8                                         __pidataBANK2 091A  
                                ??_SYSTEM_Initialize 0076                       ?_POWER_DefaultInterruptHandler 0070  
                                 _RotaryEncoder_Init 0C25                      ??_VOL_A_DefaultInterruptHandler 0070  
                               __end_of_EUSART1_Read 0BA6                           PN532_ReadPassiveTarget@uid 0053  
                         PN532_ReadPassiveTarget@rsp 0039                                 __end_of_EUSART2_Read 0BD0  
        __end_of_EUSART2_DefaultFramingErrorCallback 08F8                ??_EUSART2_DefaultFramingErrorCallback 0074  
               ?_EUSART2_DefaultFramingErrorCallback 0070                  _EUSART2_DefaultFramingErrorCallback 08F7  
                                    pn532_transact@i 00DE                                  ?_RotaryEncoder_Init 0020  
                                 __end_of_PN532_Init 0F87                                       _pn532_transact 005D  
                          __end_of_SYSTEM_Initialize 0A1F                                        _currentVolume 006D  
                                         __pbssBANK0 0059                                           __pbssBANK2 0155  
                                         __pbssBANK3 01A0                                 pn532_transact@buffer 00A0  
                               pn532_transact@packet 00C0                                 pn532_transact@params 002D  
                               pn532_transact@outLen 0032                                 pn532_transact@outMax 0031  
                               ??_RotaryEncoder_Init 0022                                           __pmaintext 03E0  
                                            ?___wmul 0020                               _VOL_A_InterruptHandler 00E9  
                                  _powerPressLatched 0069                                           __pintentry 0004  
                                            ?_memcmp 0020                                              ?_memcpy 0020  
                                            ?_memset 0020                                     _EUSART1_IsTxDone 0902  
                                 _PN532_ReadNdefText 04EB                                              ?_strchr 0074  
                                            ?_strlen 0074                       DFPlayer_SendCommand@waitForAck 0036  
                                            ?_strstr 0028                                     _EUSART1_ErrorGet 0000  
                    __end_of_PN532_ReadPassiveTarget 0DD8                         pn532_send_and_capture@buffer 0021  
                                   _EUSART2_IsTxDone 0912                         pn532_send_and_capture@packet 0025  
                             __end_of_pn532_transact 0292                              DFPlayer_SendCommand@low 0041  
                                            _SP1BRGH 060F                                              _SP1BRGL 060E  
                                            _SP2BRGH 0619                                              _SP2BRGL 0618  
                                   _EUSART2_ErrorGet 0000                                              _OSCCON2 020E  
                                            _OSCCON3 020F                                  ?_PN532_ReadNdefText 0051  
                                            _OSCSTAT 0210                                              _OSCTUNE 0212  
                                            _SLRCONA 1E8F                                              _SLRCONB 1E99  
                                            _SLRCONC 1EA3                                              _SLRCOND 1EAD  
                                            _SLRCONE 1EB7                                       main@initResult 0153  
                       pn532_transact@postambleIndex 00D8                        parse_ndef_text_record@langLen 003D  
                      parse_ndef_text_record@payload 003A                           _parse_ndef_text_record$175 0039  
                        DFPlayer_AdjustVolume@volume 0049                                  _dfplayer_uart_write 09F1  
                              _EUSART2_AutoBaudQuery 0000                                 _EUSART1_Deinitialize 0000  
                      parse_ndef_text_record@textLen 0040                        parse_ndef_text_record@outSize 002B  
                             _EUSART1_TransmitEnable 0000                                   __end_of_QUAD_TABLE 1070  
                                         _lastUidLen 0158                        parse_ndef_text_record@typeLen 003C  
                               ??_PN532_ReadNdefText 0052                          ??_POWER_SetInterruptHandler 0076  
                                            ___awdiv 0DD8                           __end_of_DFPlayer_PlayTrack 0985  
                                    _ntag_read4pages 0C50                               _parse_ndef_text_record 0292  
                         __end_of_DFPlayer_SetVolume 0A6B                                              __ptext1 0AF3  
                                            __ptext2 0CD3                                              __ptext3 0D1F  
                                            __ptext4 0A9F                                              __ptext5 0A85  
                                            __ptext6 06BF                                              __ptext7 0B32  
                                            __ptext8 0A38                                              __ptext9 0B12  
                               ?_dfplayer_uart_write 0070                __end_of_VOL_A_DefaultInterruptHandler 08F7  
                      _VOL_A_DefaultInterruptHandler 08F6                                              _lastUid 0159  
                                            _isdigit 0A38          __end_of_EUSART2_DefaultOverrunErrorCallback 090E  
              ??_EUSART2_DefaultOverrunErrorCallback 0074                 ?_EUSART2_DefaultOverrunErrorCallback 0070  
                _EUSART2_DefaultOverrunErrorCallback 090A                                      ?_pn532_transact 002D  
                                 _EUSART1_Initialize 0AD6                             ??_PIN_MANAGER_Initialize 0076  
                                            _isspace 0B32                                            _IOCAFbits 1E93  
                            _INT_SetInterruptHandler 0930                                            _IOCCFbits 1EA7  
                                            atoi@neg 0028                                  ntag_read4pages@page 004C  
                                ntag_read4pages@rlen 0050                                              clrloop0 0937  
                                            main@uid 0147                                              _strncmp 0D1F  
                               end_of_initialization 0059                          ??_VOL_A_SetInterruptHandler 0076  
                                ?_EUSART1_Initialize 0070                                              memcmp@l 0026  
                                            memcmp@n 0024                                              memcmp@r 0028  
                                            memcpy@d 0027                                              memcpy@n 0022  
                                            memcpy@s 0025                                              init_ram 093C  
                                            memset@c 0020                                              memset@k 0025  
                                            memset@n 0022                                              memset@s 0027  
                        _EUSART1_OverrunErrorHandler 0061                                              initloop 093D  
                           RotaryEncoder_Tasks@delta 004D                                   _EUSART2_Initialize 0ABA  
                          parse_ndef_text_record@idx 0043                            parse_ndef_text_record@rec 0042  
                           RotaryEncoder_Tasks@steps 004F                            parse_ndef_text_record@tnf 0033  
                          parse_ndef_text_record@out 002A                                    __end_of_power_isr 0902  
                      PN532_ReadPassiveTarget@params 0051                        PN532_ReadPassiveTarget@uidLen 0037  
                    PN532_ReadPassiveTarget@nfcidLen 0056                                 ??_EUSART1_Initialize 0076  
                                            strchr@c 0074                                              strchr@s 0020  
                            pn532_transact@dataStart 00E3                              _on_power_button_pressed 0A6B  
                                ?_EUSART2_Initialize 0070                           _dfplayer_wait_for_ack$1447 0032  
                                            strlen@a 0021                                              strlen@s 0074  
                                          _POWER_ISR 09B5                                ??_dfplayer_uart_write 0075  
                                            strstr@h 002E                                              strstr@n 0028  
                                          _PORTAbits 000C                                            _PORTCbits 000E  
                            ??_DFPlayer_AdjustVolume 0047                                            _TRISAbits 0012  
                          _POWER_SetInterruptHandler 091E                                            _VOL_A_ISR 09C4  
                                          _VOL_B_ISR 09D3                               _VOL_B_InterruptHandler 00E7  
                                EUSART1_Write@txData 0074                         DFPlayer_SetVolume@waitForAck 0043  
                         ?_VOL_B_SetInterruptHandler 0074                              pn532_transact@frameSize 00D5  
                               ??_EUSART2_Initialize 0076                                __end_of_DFPlayer_Init 0959  
                            pn532_transact@packetLen 00E6                                __end_of_DFPlayer_Stop 096E  
                                       _EUSART1_Read 0B7C                                         _EUSART2_Read 0BA6  
                              _dfplayer_wait_for_ack 074F                                        ??_encoder_isr 0070  
                                         main@uidLen 0154                                 _EUSART2_Deinitialize 0000  
                             PN532_ReadNdefText@have 0126                              __end_of_ntag_read4pages 0C8F  
                             PN532_ReadNdefText@page 0123                               PN532_ReadNdefText@type 0121  
                       __end_of_INTERRUPT_Initialize 0979                            _VOL_A_SetInterruptHandler 0924  
                                     __end_of___wmul 0B32                                        __pidataCOMMON 0003  
                                         ?_POWER_ISR 0070                                  _RotaryEncoder_Tasks 0E38  
                                     __end_of_memcmp 0CD3                                       __end_of_memcpy 0BFA  
                                     __end_of_memset 062D                            ??_INT_SetInterruptHandler 0076  
                                     __end_of_strchr 0A9F                                       __end_of_strlen 0ABA  
                                     __end_of_strstr 0D1F                                  start_initialization 0016  
                            DFPlayer_PlayTrack@track 0043                      ??_POWER_DefaultInterruptHandler 0070  
                     ?_VOL_A_DefaultInterruptHandler 0070                                           ?_VOL_A_ISR 0070  
                                         ?_VOL_B_ISR 0070                          PN532_ReadPassiveTarget@rlen 0054  
                              __end_of_EUSART1_Write 090A                                __end_of_EUSART2_Write 091A  
                  __end_of_VOL_B_SetInterruptHandler 0930                             __end_of_EUSART1_IsTxDone 0906  
                               ?_RotaryEncoder_Tasks 0070                                      _encoderRawDelta 0076  
                           __end_of_EUSART2_IsTxDone 0916                            ??_on_power_button_pressed 0076  
                                           ??___wmul 0074                                  __end_of_encoder_isr 0C25  
                                        __pdataBANK0 006B                                          __pdataBANK1 00ED  
                                        __pdataBANK2 0160                                             ??_memcmp 0074  
                                           ??_memcpy 0074                                             ??_memset 0074  
                                         memset@dest 0024                      ??_VOL_B_DefaultInterruptHandler 0070  
                              pn532_transact@dataLen 00D9                                             ??_strchr 0076  
                                           ??_strlen 0020                                             ??_strstr 002A  
                       __end_of_DFPlayer_SendCommand 1000                                          __pbssCOMMON 0076  
                                          ___latbits 0003                                        __pcstackBANK0 0020  
                                      __pcstackBANK1 00A0                                        __pcstackBANK2 0120  
             RotaryEncoder_Init@onPowerButtonPressed 0020                                  EUSART2_Write@txData 0074  
                              ??_RotaryEncoder_Tasks 004B                                  pn532_transact@i_131 00DC  
                                pn532_transact@i_135 00E0                               ?_dfplayer_wait_for_ack 0020  
                                pn532_transact@count 00E2                                            __pnvBANK1 00E7  
                           ?_DFPlayer_FadeOutAndStop 0070                                  pn532_transact@start 00E5  
                                   ?_ntag_read4pages 0037                                            _main$1409 0150  
                             _PIN_MANAGER_Initialize 0EA5                              ?_parse_ndef_text_record 0029  
                       ?_dfplayer_uart_clear_overrun 0070                                     encoder_isr@index 0072  
                                           ?___awdiv 0020                                     ??_pn532_transact 0033  
                                        ??_POWER_ISR 0070                             ??_pn532_send_and_capture 0075  
                       ??_INTERRUPT_InterruptManager 0074                         parse_ndef_text_record@header 003B  
                         DFPlayer_AdjustVolume@delta 0048                         parse_ndef_text_record@isText 0036  
                                           _BAUD1CON 0612                                             _BAUD2CON 061C  
                       parse_ndef_text_record@recLen 0029                                             ?_isdigit 0074  
                         __end_of_parse_track_number 0B12                                    _EUSART1_IsRxReady 0942  
                       parse_ndef_text_record@status 0037                                             ?_isspace 0074  
                                  _EUSART1_IsTxReady 09E2                      __end_of_on_power_button_pressed 0A85  
                                 _DFPlayer_PlayTrack 0979                                   ?_EUSART1_IsRxReady 0070  
                                        ??_VOL_A_ISR 0074                                          ??_VOL_B_ISR 0074  
                                 ?_EUSART1_IsTxReady 0070                                             ?_strncmp 0020  
                                 _DFPlayer_SetVolume 0A51                                 _INTERRUPT_Initialize 096E  
                       PN532_ReadPassiveTarget@F8516 006B                                    _EUSART2_IsRxReady 07FB  
                          pn532_transact@paramOutLen 00DF                                    _EUSART2_IsTxReady 0A00  
                                   _CLOCK_Initialize 0959                                  ?_DFPlayer_PlayTrack 0043  
                                     ___wmul@product 0074                                             _LATAbits 0018  
                                ??_EUSART1_IsRxReady 0074                                   ?_EUSART2_IsRxReady 0070  
                                ??_EUSART1_IsTxReady 0074                                   ?_EUSART2_IsTxReady 0070  
                                          clear_ram0 0936                   DFPlayer_FadeOutAndStop@startVolume 0049  
                                           _PIE0bits 0096                             DFPlayer_SendCommand@high 0040  
                            _PN532_ReadPassiveTarget 0D79                            pn532_transact@expectedAck 1070  
                                ?_DFPlayer_SetVolume 0043                                          _encoder_isr 0BFA  
                     __end_of_parse_ndef_text_record 03E0                                             _PIR0bits 008C  
                                           _PIR3bits 008F                           dfplayer_wait_for_ack@frame 0028  
                         dfplayer_wait_for_ack@count 0033                                  ??_EUSART2_IsRxReady 0074  
                                ??_EUSART2_IsTxReady 0074                                    ??_PIN_MANAGER_IOC 0074  
                                          _power_isr 08FE                                 ??_DFPlayer_PlayTrack 0076  
                              ntag_read4pages@params 004D                                    ___wmul@multiplier 0020  
                          __end_of_EUSART1_IsRxReady 0949                            __end_of_EUSART1_IsTxReady 09F1  
                               ??_DFPlayer_SetVolume 0044                                             _WPUAbits 1E8D  
                                           _WPUCbits 1EA1                                PN532_ReadNdefText@buf 01A0  
                              PN532_ReadNdefText@len 0124                                            main@track 0151  
              __end_of_VOL_B_DefaultInterruptHandler 08F6                        _VOL_B_DefaultInterruptHandler 08F5  
                              PN532_ReadNdefText@pos 0125                                PN532_ReadNdefText@out 0120  
                      __end_of_DFPlayer_AdjustVolume 07FB                                         _isspace$2089 0022  
                          __end_of_EUSART2_IsRxReady 0800                            __end_of_EUSART2_IsTxReady 0A0F  
                              ?_INTERRUPT_Initialize 0070                      __end_of_DFPlayer_FadeOutAndStop 0B7C  
                                _EUSART1_AutoBaudSet 0000                          ??_VOL_B_SetInterruptHandler 0076  
                        _EUSART2_OverrunErrorHandler 005B                              _EUSART1_TransmitDisable 0000  
                                          memcpy@tmp 0024                                 _DFPlayer_SendCommand 0F87  
                        __end_of_dfplayer_uart_write 0A00                                           ?_power_isr 0070  
                                   PN532_Init@samcfg 004C          __end_of_EUSART1_DefaultFramingErrorCallback 0003  
              ??_EUSART1_DefaultFramingErrorCallback 0074                 ?_EUSART1_DefaultFramingErrorCallback 0070  
                _EUSART1_DefaultFramingErrorCallback 0002                            PN532_ReadNdefText@outSize 0051  
                             _POWER_InterruptHandler 00EB                            pn532_transact@responseSum 00DB  
                                           __ptext10 0A0F                                             __ptext11 0EA5  
                                           __ptext20 0959                                             __ptext12 096E  
                                           __ptext21 0E38                                             __ptext13 0930  
                                           __ptext30 0D79                                             __ptext22 0A6B  
                                           __ptext14 0ABA                                             __ptext31 04EB  
                                           __ptext23 0593                                             __ptext15 09A9  
                                           __ptext40 0A00                                             __ptext32 0292  
                                           __ptext24 0DD8                                             __ptext16 099D  
                                           __ptext41 0912                                             __ptext33 0C50  
                                           __ptext25 07D0                                             __ptext17 0AD6  
                                           __ptext50 074F                                             __ptext42 07FB  
                                           __ptext34 0BD0                                             __ptext26 0C25  
                                           __ptext18 0991                                             __ptext51 0949  
                                           __ptext43 0C8F                                             __ptext35 0F12  
                                           __ptext27 092A                                             __ptext19 0985  
                                           __ptext60 09E2                                             __ptext52 0B7C  
                                           __ptext44 0979                                             __ptext36 005D  
                                           __ptext28 0924                                             __ptext61 0902  
                                           __ptext53 090E                                             __ptext45 0951  
                                           __ptext37 062D                                             __ptext29 091E  
                                           __ptext70 08F4                                             __ptext54 090A  
                                           __ptext46 0B54                                             __ptext38 0916  
                                           __ptext71 08FE                                             __ptext63 0A1F  
                                           __ptext55 0002                                             __ptext47 0963  
                                           __ptext39 0BA6                                             __ptext64 09D3  
                                           __ptext56 08F7                                             __ptext48 0A51  
                                           __ptext65 08F6                                             __ptext57 0942  
                                           __ptext49 0F87                                             __ptext66 0BFA  
                                           __ptext58 09F1                                             __ptext67 08F5  
                                           __ptext59 0906                                             __ptext68 09C4  
                                           __ptext69 09B5                                  _EUSART2_AutoBaudSet 0000  
                          ??_PN532_ReadPassiveTarget 0038                                    ?_EUSART1_IsTxDone 0070  
                               ntag_read4pages@F8525 0155                                           _PN532_Init 0F12  
                                 ??_EUSART1_IsTxDone 0074                                    ?_EUSART2_IsTxDone 0070  
                      DFPlayer_SendCommand@parameter 0034                                ?_DFPlayer_SendCommand 0034  
                                         _RC1STAbits 0610                                           _RC2STAbits 061A  
                                 ??_EUSART2_IsTxDone 0074                              _EUSART2_TransmitDisable 0000  
                                           int$flags 007E                                 ntag_read4pages@out16 0037  
                          _VOL_B_SetInterruptHandler 092A                   __end_of_INTERRUPT_InterruptManager 0014  
                         _INTERRUPT_InterruptManager 0004                                             main@text 0127  
                        _EUSART1_FramingErrorHandler 0063                                      PN532_Init@F8511 0160  
                                    PN532_Init@F8509 00ED                               _EUSART2_IsTxReady$1251 0074  
                             parse_track_number@text 0031                                        _encoderLastAB 0078  
                                         _INTCONbits 000B                                             memcmp@vl 0020  
                                           memcmp@vr 0022                                             memcpy@d1 0028  
                                           memcpy@s1 0020                                 _INT_InterruptHandler 0067  
                                           isdigit@c 0074                               ??_INTERRUPT_Initialize 0076  
                       DFPlayer_SendCommand@checksum 003E                         DFPlayer_SendCommand@feedback 0042  
                            ??_dfplayer_wait_for_ack 0024                                      PN532_Init@rfcfg 0048  
                                           intlevel1 0000                       ?_VOL_B_DefaultInterruptHandler 0070  
                             _pn532_send_and_capture 062D                                             isspace@c 0074  
                            ?_PIN_MANAGER_Initialize 0070               pn532_send_and_capture@receivedAnything 0028  
                                          strncmp@_l 0024                                            strncmp@_r 0020  
                             _EUSART2_TransmitEnable 0000                             ?_INT_SetInterruptHandler 0074  
                              parse_track_number@sep 0032                                          ??_power_isr 0070  
                                 _eusart1RxLastError 0065                             __end_of_CLOCK_Initialize 0963  
                                      __pstringtext1 1000                                        __pstringtext2 1030  
                                      __pstringtext3 1060                                        __pstringtext4 1070  
                                      __pstringtext5 1076                                        __pstringtext6 0000  
                                         _QUAD_TABLE 1060                                       PN532_Init@rlen 004F  
                                           strncmp@l 0027                                             strncmp@n 0022  
                                           strncmp@r 0025          __end_of_EUSART1_DefaultOverrunErrorCallback 0912  
              ??_EUSART1_DefaultOverrunErrorCallback 0074                 ?_EUSART1_DefaultOverrunErrorCallback 0070  
                _EUSART1_DefaultOverrunErrorCallback 090E                          __end_of_RotaryEncoder_Tasks 0EA5  
                            dfplayer_uart_write@data 0075                                             strstr@nl 002C  
                                         _TX1STAbits 0611                                           _TX2STAbits 061B  
                                      PN532_Init@rsp 0038                       __end_of_PIN_MANAGER_Initialize 0F12  
                         __end_of_RotaryEncoder_Init 0C50                                   _eusart2RxLastError 005F  
                                    _PIN_MANAGER_IOC 0A1F                                   _parse_track_number 0AF3  
                                        ?_PN532_Init 0070                                        _DFPlayer_Init 0951  
                           ?_on_power_button_pressed 0070                               ??_DFPlayer_SendCommand 0037  
                                      _DFPlayer_Stop 0963                                         ?_encoder_isr 0070  
